SUB_ICB_LOCATION_CODE,SUB_ICB_LOCATION_ONS_CODE,SUB_ICB_LOCATION_NAME,ICB_ONS_CODE,ICB_NAME,REGION_ONS_CODE,REGION_NAME,APPOINTMENT_MONTH,APPT_STATUS,HCP_TYPE,APPT_MODE,TIME_BETWEEN_BOOK_AND_APPT,COUNT_OF_APPOINTMENTS
71E,E38000238,NHS Lincolnshire ICB - 71E,E54000013,NHS Lincolnshire Integrated Care Board,E40000011,Midlands,OCT2021,Attended,GP,Face-to-Face,1 Day,6035
71E,E38000238,NHS Lincolnshire ICB - 71E,E54000013,NHS Lincolnshire Integrated Care Board,E40000011,Midlands,OCT2021,Attended,GP,Face-to-Face,15  to 21 Days,2341
71E,E38000238,NHS Lincolnshire ICB - 71E,E54000013,NHS Lincolnshire Integrated Care Board,E40000011,Midlands,OCT2021,Attended,GP,Face-to-Face,2 to 7 Days,10606
71E,E38000238,NHS Lincolnshire ICB - 71E,E54000013,NHS Lincolnshire Integrated Care Board,E40000011,Midlands,OCT2021,Attended,GP,Face-to-Face,22  to 28 Days,1279
71E,E38000238,NHS Lincolnshire ICB - 71E,E54000013,NHS Lincolnshire Integrated Care Board,E40000011,Midlands,OCT2021,Attended,GP,Face-to-Face,8  to 14 Days,6137
71E,E38000238,NHS Lincolnshire ICB - 71E,E54000013,NHS Lincolnshire Integrated Care Board,E40000011,Midlands,OCT2021,Attended,GP,Face-to-Face,More than 28 Days,3232
71E,E38000238,NHS Lincolnshire ICB - 71E,E54000013,NHS Lincolnshire Integrated Care Board,E40000011,Midlands,OCT2021,Attended,GP,Face-to-Face,Same Day,46166
71E,E38000238,NHS Lincolnshire ICB - 71E,E54000013,NHS Lincolnshire Integrated Care Board,E40000011,Midlands,OCT2021,Attended,GP,Face-to-Face,Unknown / Data Quality,8
71E,E38000238,NHS Lincolnshire ICB - 71E,E54000013,NHS Lincolnshire Integrated Care Board,E40000011,Midlands,OCT2021,Attended,GP,Home Visit,1 Day,21
71E,E38000238,NHS Lincolnshire ICB - 71E,E54000013,NHS Lincolnshire Integrated Care Board,E40000011,Midlands,OCT2021,Attended,GP,Home Visit,15  to 21 Days,2
71E,E38000238,NHS Lincolnshire ICB - 71E,E54000013,NHS Lincolnshire Integrated Care Board,E40000011,Midlands,OCT2021,Attended,GP,Home Visit,2 to 7 Days,18
71E,E38000238,NHS Lincolnshire ICB - 71E,E54000013,NHS Lincolnshire Integrated Care Board,E40000011,Midlands,OCT2021,Attended,GP,Home Visit,8  to 14 Days,2
71E,E38000238,NHS Lincolnshire ICB - 71E,E54000013,NHS Lincolnshire Integrated Care Board,E40000011,Midlands,OCT2021,Attended,GP,Home Visit,Same Day,129
71E,E38000238,NHS Lincolnshire ICB - 71E,E54000013,NHS Lincolnshire Integrated Care Board,E40000011,Midlands,OCT2021,Attended,GP,Home Visit,Unknown / Data Quality,1
71E,E38000238,NHS Lincolnshire ICB - 71E,E54000013,NHS Lincolnshire Integrated Care Board,E40000011,Midlands,OCT2021,Attended,GP,Telephone,1 Day,4625
71E,E38000238,NHS Lincolnshire ICB - 71E,E54000013,NHS Lincolnshire Integrated Care Board,E40000011,Midlands,OCT2021,Attended,GP,Telephone,15  to 21 Days,1094
71E,E38000238,NHS Lincolnshire ICB - 71E,E54000013,NHS Lincolnshire Integrated Care Board,E40000011,Midlands,OCT2021,Attended,GP,Telephone,2 to 7 Days,7696
71E,E38000238,NHS Lincolnshire ICB - 71E,E54000013,NHS Lincolnshire Integrated Care Board,E40000011,Midlands,OCT2021,Attended,GP,Telephone,22  to 28 Days,350
71E,E38000238,NHS Lincolnshire ICB - 71E,E54000013,NHS Lincolnshire Integrated Care Board,E40000011,Midlands,OCT2021,Attended,GP,Telephone,8  to 14 Days,3243
71E,E38000238,NHS Lincolnshire ICB - 71E,E54000013,NHS Lincolnshire Integrated Care Board,E40000011,Midlands,OCT2021,Attended,GP,Telephone,More than 28 Days,113
71E,E38000238,NHS Lincolnshire ICB - 71E,E54000013,NHS Lincolnshire Integrated Care Board,E40000011,Midlands,OCT2021,Attended,GP,Telephone,Same Day,47484
71E,E38000238,NHS Lincolnshire ICB - 71E,E54000013,NHS Lincolnshire Integrated Care Board,E40000011,Midlands,OCT2021,Attended,GP,Telephone,Unknown / Data Quality,19
71E,E38000238,NHS Lincolnshire ICB - 71E,E54000013,NHS Lincolnshire Integrated Care Board,E40000011,Midlands,OCT2021,Attended,GP,Video/Online,1 Day,60
71E,E38000238,NHS Lincolnshire ICB - 71E,E54000013,NHS Lincolnshire Integrated Care Board,E40000011,Midlands,OCT2021,Attended,GP,Video/Online,15  to 21 Days,5
71E,E38000238,NHS Lincolnshire ICB - 71E,E54000013,NHS Lincolnshire Integrated Care Board,E40000011,Midlands,OCT2021,Attended,GP,Video/Online,2 to 7 Days,15
71E,E38000238,NHS Lincolnshire ICB - 71E,E54000013,NHS Lincolnshire Integrated Care Board,E40000011,Midlands,OCT2021,Attended,GP,Video/Online,22  to 28 Days,2
71E,E38000238,NHS Lincolnshire ICB - 71E,E54000013,NHS Lincolnshire Integrated Care Board,E40000011,Midlands,OCT2021,Attended,GP,Video/Online,8  to 14 Days,1
71E,E38000238,NHS Lincolnshire ICB - 71E,E54000013,NHS Lincolnshire Integrated Care Board,E40000011,Midlands,OCT2021,Attended,GP,Video/Online,More than 28 Days,3
71E,E38000238,NHS Lincolnshire ICB - 71E,E54000013,NHS Lincolnshire Integrated Care Board,E40000011,Midlands,OCT2021,Attended,GP,Video/Online,Same Day,392
71E,E38000238,NHS Lincolnshire ICB - 71E,E54000013,NHS Lincolnshire Integrated Care Board,E40000011,Midlands,OCT2021,Attended,Other Practice staff,Face-to-Face,1 Day,12759
71E,E38000238,NHS Lincolnshire ICB - 71E,E54000013,NHS Lincolnshire Integrated Care Board,E40000011,Midlands,OCT2021,Attended,Other Practice staff,Face-to-Face,15  to 21 Days,20898
71E,E38000238,NHS Lincolnshire ICB - 71E,E54000013,NHS Lincolnshire Integrated Care Board,E40000011,Midlands,OCT2021,Attended,Other Practice staff,Face-to-Face,2 to 7 Days,48353
71E,E38000238,NHS Lincolnshire ICB - 71E,E54000013,NHS Lincolnshire Integrated Care Board,E40000011,Midlands,OCT2021,Attended,Other Practice staff,Face-to-Face,22  to 28 Days,14684
71E,E38000238,NHS Lincolnshire ICB - 71E,E54000013,NHS Lincolnshire Integrated Care Board,E40000011,Midlands,OCT2021,Attended,Other Practice staff,Face-to-Face,8  to 14 Days,39058
71E,E38000238,NHS Lincolnshire ICB - 71E,E54000013,NHS Lincolnshire Integrated Care Board,E40000011,Midlands,OCT2021,Attended,Other Practice staff,Face-to-Face,More than 28 Days,19194
71E,E38000238,NHS Lincolnshire ICB - 71E,E54000013,NHS Lincolnshire Integrated Care Board,E40000011,Midlands,OCT2021,Attended,Other Practice staff,Face-to-Face,Same Day,53347
71E,E38000238,NHS Lincolnshire ICB - 71E,E54000013,NHS Lincolnshire Integrated Care Board,E40000011,Midlands,OCT2021,Attended,Other Practice staff,Face-to-Face,Unknown / Data Quality,71
71E,E38000238,NHS Lincolnshire ICB - 71E,E54000013,NHS Lincolnshire Integrated Care Board,E40000011,Midlands,OCT2021,Attended,Other Practice staff,Home Visit,1 Day,174
71E,E38000238,NHS Lincolnshire ICB - 71E,E54000013,NHS Lincolnshire Integrated Care Board,E40000011,Midlands,OCT2021,Attended,Other Practice staff,Home Visit,15  to 21 Days,75
71E,E38000238,NHS Lincolnshire ICB - 71E,E54000013,NHS Lincolnshire Integrated Care Board,E40000011,Midlands,OCT2021,Attended,Other Practice staff,Home Visit,2 to 7 Days,622
71E,E38000238,NHS Lincolnshire ICB - 71E,E54000013,NHS Lincolnshire Integrated Care Board,E40000011,Midlands,OCT2021,Attended,Other Practice staff,Home Visit,22  to 28 Days,64
71E,E38000238,NHS Lincolnshire ICB - 71E,E54000013,NHS Lincolnshire Integrated Care Board,E40000011,Midlands,OCT2021,Attended,Other Practice staff,Home Visit,8  to 14 Days,286
71E,E38000238,NHS Lincolnshire ICB - 71E,E54000013,NHS Lincolnshire Integrated Care Board,E40000011,Midlands,OCT2021,Attended,Other Practice staff,Home Visit,More than 28 Days,92
71E,E38000238,NHS Lincolnshire ICB - 71E,E54000013,NHS Lincolnshire Integrated Care Board,E40000011,Midlands,OCT2021,Attended,Other Practice staff,Home Visit,Same Day,191
71E,E38000238,NHS Lincolnshire ICB - 71E,E54000013,NHS Lincolnshire Integrated Care Board,E40000011,Midlands,OCT2021,Attended,Other Practice staff,Telephone,1 Day,2620
71E,E38000238,NHS Lincolnshire ICB - 71E,E54000013,NHS Lincolnshire Integrated Care Board,E40000011,Midlands,OCT2021,Attended,Other Practice staff,Telephone,15  to 21 Days,1335
71E,E38000238,NHS Lincolnshire ICB - 71E,E54000013,NHS Lincolnshire Integrated Care Board,E40000011,Midlands,OCT2021,Attended,Other Practice staff,Telephone,2 to 7 Days,5495
71E,E38000238,NHS Lincolnshire ICB - 71E,E54000013,NHS Lincolnshire Integrated Care Board,E40000011,Midlands,OCT2021,Attended,Other Practice staff,Telephone,22  to 28 Days,785
71E,E38000238,NHS Lincolnshire ICB - 71E,E54000013,NHS Lincolnshire Integrated Care Board,E40000011,Midlands,OCT2021,Attended,Other Practice staff,Telephone,8  to 14 Days,2836
71E,E38000238,NHS Lincolnshire ICB - 71E,E54000013,NHS Lincolnshire Integrated Care Board,E40000011,Midlands,OCT2021,Attended,Other Practice staff,Telephone,More than 28 Days,528
71E,E38000238,NHS Lincolnshire ICB - 71E,E54000013,NHS Lincolnshire Integrated Care Board,E40000011,Midlands,OCT2021,Attended,Other Practice staff,Telephone,Same Day,26256
71E,E38000238,NHS Lincolnshire ICB - 71E,E54000013,NHS Lincolnshire Integrated Care Board,E40000011,Midlands,OCT2021,Attended,Other Practice staff,Telephone,Unknown / Data Quality,12
71E,E38000238,NHS Lincolnshire ICB - 71E,E54000013,NHS Lincolnshire Integrated Care Board,E40000011,Midlands,OCT2021,Attended,Other Practice staff,Video/Online,1 Day,178
71E,E38000238,NHS Lincolnshire ICB - 71E,E54000013,NHS Lincolnshire Integrated Care Board,E40000011,Midlands,OCT2021,Attended,Other Practice staff,Video/Online,15  to 21 Days,220
71E,E38000238,NHS Lincolnshire ICB - 71E,E54000013,NHS Lincolnshire Integrated Care Board,E40000011,Midlands,OCT2021,Attended,Other Practice staff,Video/Online,2 to 7 Days,540
71E,E38000238,NHS Lincolnshire ICB - 71E,E54000013,NHS Lincolnshire Integrated Care Board,E40000011,Midlands,OCT2021,Attended,Other Practice staff,Video/Online,22  to 28 Days,160
71E,E38000238,NHS Lincolnshire ICB - 71E,E54000013,NHS Lincolnshire Integrated Care Board,E40000011,Midlands,OCT2021,Attended,Other Practice staff,Video/Online,8  to 14 Days,343
71E,E38000238,NHS Lincolnshire ICB - 71E,E54000013,NHS Lincolnshire Integrated Care Board,E40000011,Midlands,OCT2021,Attended,Other Practice staff,Video/Online,More than 28 Days,2251
71E,E38000238,NHS Lincolnshire ICB - 71E,E54000013,NHS Lincolnshire Integrated Care Board,E40000011,Midlands,OCT2021,Attended,Other Practice staff,Video/Online,Same Day,198
71E,E38000238,NHS Lincolnshire ICB - 71E,E54000013,NHS Lincolnshire Integrated Care Board,E40000011,Midlands,OCT2021,Attended,Unknown,Unknown,1 Day,1538
71E,E38000238,NHS Lincolnshire ICB - 71E,E54000013,NHS Lincolnshire Integrated Care Board,E40000011,Midlands,OCT2021,Attended,Unknown,Unknown,15  to 21 Days,1287
71E,E38000238,NHS Lincolnshire ICB - 71E,E54000013,NHS Lincolnshire Integrated Care Board,E40000011,Midlands,OCT2021,Attended,Unknown,Unknown,2 to 7 Days,4243
71E,E38000238,NHS Lincolnshire ICB - 71E,E54000013,NHS Lincolnshire Integrated Care Board,E40000011,Midlands,OCT2021,Attended,Unknown,Unknown,22  to 28 Days,649
71E,E38000238,NHS Lincolnshire ICB - 71E,E54000013,NHS Lincolnshire Integrated Care Board,E40000011,Midlands,OCT2021,Attended,Unknown,Unknown,8  to 14 Days,2803
71E,E38000238,NHS Lincolnshire ICB - 71E,E54000013,NHS Lincolnshire Integrated Care Board,E40000011,Midlands,OCT2021,Attended,Unknown,Unknown,More than 28 Days,1402
71E,E38000238,NHS Lincolnshire ICB - 71E,E54000013,NHS Lincolnshire Integrated Care Board,E40000011,Midlands,OCT2021,Attended,Unknown,Unknown,Same Day,9129
71E,E38000238,NHS Lincolnshire ICB - 71E,E54000013,NHS Lincolnshire Integrated Care Board,E40000011,Midlands,OCT2021,Attended,Unknown,Unknown,Unknown / Data Quality,6
71E,E38000238,NHS Lincolnshire ICB - 71E,E54000013,NHS Lincolnshire Integrated Care Board,E40000011,Midlands,OCT2021,DNA,GP,Face-to-Face,1 Day,157
71E,E38000238,NHS Lincolnshire ICB - 71E,E54000013,NHS Lincolnshire Integrated Care Board,E40000011,Midlands,OCT2021,DNA,GP,Face-to-Face,15  to 21 Days,142
71E,E38000238,NHS Lincolnshire ICB - 71E,E54000013,NHS Lincolnshire Integrated Care Board,E40000011,Midlands,OCT2021,DNA,GP,Face-to-Face,2 to 7 Days,399
71E,E38000238,NHS Lincolnshire ICB - 71E,E54000013,NHS Lincolnshire Integrated Care Board,E40000011,Midlands,OCT2021,DNA,GP,Face-to-Face,22  to 28 Days,111
71E,E38000238,NHS Lincolnshire ICB - 71E,E54000013,NHS Lincolnshire Integrated Care Board,E40000011,Midlands,OCT2021,DNA,GP,Face-to-Face,8  to 14 Days,349
71E,E38000238,NHS Lincolnshire ICB - 71E,E54000013,NHS Lincolnshire Integrated Care Board,E40000011,Midlands,OCT2021,DNA,GP,Face-to-Face,More than 28 Days,234
71E,E38000238,NHS Lincolnshire ICB - 71E,E54000013,NHS Lincolnshire Integrated Care Board,E40000011,Midlands,OCT2021,DNA,GP,Face-to-Face,Same Day,495
71E,E38000238,NHS Lincolnshire ICB - 71E,E54000013,NHS Lincolnshire Integrated Care Board,E40000011,Midlands,OCT2021,DNA,GP,Home Visit,Same Day,2
71E,E38000238,NHS Lincolnshire ICB - 71E,E54000013,NHS Lincolnshire Integrated Care Board,E40000011,Midlands,OCT2021,DNA,GP,Telephone,1 Day,40
71E,E38000238,NHS Lincolnshire ICB - 71E,E54000013,NHS Lincolnshire Integrated Care Board,E40000011,Midlands,OCT2021,DNA,GP,Telephone,15  to 21 Days,13
71E,E38000238,NHS Lincolnshire ICB - 71E,E54000013,NHS Lincolnshire Integrated Care Board,E40000011,Midlands,OCT2021,DNA,GP,Telephone,2 to 7 Days,52
71E,E38000238,NHS Lincolnshire ICB - 71E,E54000013,NHS Lincolnshire Integrated Care Board,E40000011,Midlands,OCT2021,DNA,GP,Telephone,22  to 28 Days,4
71E,E38000238,NHS Lincolnshire ICB - 71E,E54000013,NHS Lincolnshire Integrated Care Board,E40000011,Midlands,OCT2021,DNA,GP,Telephone,8  to 14 Days,32
71E,E38000238,NHS Lincolnshire ICB - 71E,E54000013,NHS Lincolnshire Integrated Care Board,E40000011,Midlands,OCT2021,DNA,GP,Telephone,More than 28 Days,1
71E,E38000238,NHS Lincolnshire ICB - 71E,E54000013,NHS Lincolnshire Integrated Care Board,E40000011,Midlands,OCT2021,DNA,GP,Telephone,Same Day,265
71E,E38000238,NHS Lincolnshire ICB - 71E,E54000013,NHS Lincolnshire Integrated Care Board,E40000011,Midlands,OCT2021,DNA,GP,Video/Online,15  to 21 Days,1
71E,E38000238,NHS Lincolnshire ICB - 71E,E54000013,NHS Lincolnshire Integrated Care Board,E40000011,Midlands,OCT2021,DNA,GP,Video/Online,22  to 28 Days,2
71E,E38000238,NHS Lincolnshire ICB - 71E,E54000013,NHS Lincolnshire Integrated Care Board,E40000011,Midlands,OCT2021,DNA,GP,Video/Online,More than 28 Days,1
71E,E38000238,NHS Lincolnshire ICB - 71E,E54000013,NHS Lincolnshire Integrated Care Board,E40000011,Midlands,OCT2021,DNA,GP,Video/Online,Same Day,2
71E,E38000238,NHS Lincolnshire ICB - 71E,E54000013,NHS Lincolnshire Integrated Care Board,E40000011,Midlands,OCT2021,DNA,Other Practice staff,Face-to-Face,1 Day,605
71E,E38000238,NHS Lincolnshire ICB - 71E,E54000013,NHS Lincolnshire Integrated Care Board,E40000011,Midlands,OCT2021,DNA,Other Practice staff,Face-to-Face,15  to 21 Days,1621
71E,E38000238,NHS Lincolnshire ICB - 71E,E54000013,NHS Lincolnshire Integrated Care Board,E40000011,Midlands,OCT2021,DNA,Other Practice staff,Face-to-Face,2 to 7 Days,3021
71E,E38000238,NHS Lincolnshire ICB - 71E,E54000013,NHS Lincolnshire Integrated Care Board,E40000011,Midlands,OCT2021,DNA,Other Practice staff,Face-to-Face,22  to 28 Days,1438
71E,E38000238,NHS Lincolnshire ICB - 71E,E54000013,NHS Lincolnshire Integrated Care Board,E40000011,Midlands,OCT2021,DNA,Other Practice staff,Face-to-Face,8  to 14 Days,3033
71E,E38000238,NHS Lincolnshire ICB - 71E,E54000013,NHS Lincolnshire Integrated Care Board,E40000011,Midlands,OCT2021,DNA,Other Practice staff,Face-to-Face,More than 28 Days,1486
71E,E38000238,NHS Lincolnshire ICB - 71E,E54000013,NHS Lincolnshire Integrated Care Board,E40000011,Midlands,OCT2021,DNA,Other Practice staff,Face-to-Face,Same Day,1116
71E,E38000238,NHS Lincolnshire ICB - 71E,E54000013,NHS Lincolnshire Integrated Care Board,E40000011,Midlands,OCT2021,DNA,Other Practice staff,Face-to-Face,Unknown / Data Quality,2
71E,E38000238,NHS Lincolnshire ICB - 71E,E54000013,NHS Lincolnshire Integrated Care Board,E40000011,Midlands,OCT2021,DNA,Other Practice staff,Home Visit,1 Day,1
71E,E38000238,NHS Lincolnshire ICB - 71E,E54000013,NHS Lincolnshire Integrated Care Board,E40000011,Midlands,OCT2021,DNA,Other Practice staff,Home Visit,15  to 21 Days,1
71E,E38000238,NHS Lincolnshire ICB - 71E,E54000013,NHS Lincolnshire Integrated Care Board,E40000011,Midlands,OCT2021,DNA,Other Practice staff,Home Visit,2 to 7 Days,14
71E,E38000238,NHS Lincolnshire ICB - 71E,E54000013,NHS Lincolnshire Integrated Care Board,E40000011,Midlands,OCT2021,DNA,Other Practice staff,Home Visit,22  to 28 Days,2
71E,E38000238,NHS Lincolnshire ICB - 71E,E54000013,NHS Lincolnshire Integrated Care Board,E40000011,Midlands,OCT2021,DNA,Other Practice staff,Home Visit,8  to 14 Days,5
71E,E38000238,NHS Lincolnshire ICB - 71E,E54000013,NHS Lincolnshire Integrated Care Board,E40000011,Midlands,OCT2021,DNA,Other Practice staff,Home Visit,More than 28 Days,4
71E,E38000238,NHS Lincolnshire ICB - 71E,E54000013,NHS Lincolnshire Integrated Care Board,E40000011,Midlands,OCT2021,DNA,Other Practice staff,Home Visit,Same Day,2
71E,E38000238,NHS Lincolnshire ICB - 71E,E54000013,NHS Lincolnshire Integrated Care Board,E40000011,Midlands,OCT2021,DNA,Other Practice staff,Telephone,1 Day,33
71E,E38000238,NHS Lincolnshire ICB - 71E,E54000013,NHS Lincolnshire Integrated Care Board,E40000011,Midlands,OCT2021,DNA,Other Practice staff,Telephone,15  to 21 Days,69
71E,E38000238,NHS Lincolnshire ICB - 71E,E54000013,NHS Lincolnshire Integrated Care Board,E40000011,Midlands,OCT2021,DNA,Other Practice staff,Telephone,2 to 7 Days,118
71E,E38000238,NHS Lincolnshire ICB - 71E,E54000013,NHS Lincolnshire Integrated Care Board,E40000011,Midlands,OCT2021,DNA,Other Practice staff,Telephone,22  to 28 Days,41
71E,E38000238,NHS Lincolnshire ICB - 71E,E54000013,NHS Lincolnshire Integrated Care Board,E40000011,Midlands,OCT2021,DNA,Other Practice staff,Telephone,8  to 14 Days,108
71E,E38000238,NHS Lincolnshire ICB - 71E,E54000013,NHS Lincolnshire Integrated Care Board,E40000011,Midlands,OCT2021,DNA,Other Practice staff,Telephone,More than 28 Days,49
71E,E38000238,NHS Lincolnshire ICB - 71E,E54000013,NHS Lincolnshire Integrated Care Board,E40000011,Midlands,OCT2021,DNA,Other Practice staff,Telephone,Same Day,218
71E,E38000238,NHS Lincolnshire ICB - 71E,E54000013,NHS Lincolnshire Integrated Care Board,E40000011,Midlands,OCT2021,DNA,Other Practice staff,Video/Online,1 Day,13
71E,E38000238,NHS Lincolnshire ICB - 71E,E54000013,NHS Lincolnshire Integrated Care Board,E40000011,Midlands,OCT2021,DNA,Other Practice staff,Video/Online,15  to 21 Days,12
71E,E38000238,NHS Lincolnshire ICB - 71E,E54000013,NHS Lincolnshire Integrated Care Board,E40000011,Midlands,OCT2021,DNA,Other Practice staff,Video/Online,2 to 7 Days,12
71E,E38000238,NHS Lincolnshire ICB - 71E,E54000013,NHS Lincolnshire Integrated Care Board,E40000011,Midlands,OCT2021,DNA,Other Practice staff,Video/Online,22  to 28 Days,3
71E,E38000238,NHS Lincolnshire ICB - 71E,E54000013,NHS Lincolnshire Integrated Care Board,E40000011,Midlands,OCT2021,DNA,Other Practice staff,Video/Online,8  to 14 Days,9
71E,E38000238,NHS Lincolnshire ICB - 71E,E54000013,NHS Lincolnshire Integrated Care Board,E40000011,Midlands,OCT2021,DNA,Other Practice staff,Video/Online,More than 28 Days,41
71E,E38000238,NHS Lincolnshire ICB - 71E,E54000013,NHS Lincolnshire Integrated Care Board,E40000011,Midlands,OCT2021,DNA,Unknown,Unknown,1 Day,50
71E,E38000238,NHS Lincolnshire ICB - 71E,E54000013,NHS Lincolnshire Integrated Care Board,E40000011,Midlands,OCT2021,DNA,Unknown,Unknown,15  to 21 Days,74
71E,E38000238,NHS Lincolnshire ICB - 71E,E54000013,NHS Lincolnshire Integrated Care Board,E40000011,Midlands,OCT2021,DNA,Unknown,Unknown,2 to 7 Days,191
71E,E38000238,NHS Lincolnshire ICB - 71E,E54000013,NHS Lincolnshire Integrated Care Board,E40000011,Midlands,OCT2021,DNA,Unknown,Unknown,22  to 28 Days,63
71E,E38000238,NHS Lincolnshire ICB - 71E,E54000013,NHS Lincolnshire Integrated Care Board,E40000011,Midlands,OCT2021,DNA,Unknown,Unknown,8  to 14 Days,200
71E,E38000238,NHS Lincolnshire ICB - 71E,E54000013,NHS Lincolnshire Integrated Care Board,E40000011,Midlands,OCT2021,DNA,Unknown,Unknown,More than 28 Days,99
71E,E38000238,NHS Lincolnshire ICB - 71E,E54000013,NHS Lincolnshire Integrated Care Board,E40000011,Midlands,OCT2021,DNA,Unknown,Unknown,Same Day,76
71E,E38000238,NHS Lincolnshire ICB - 71E,E54000013,NHS Lincolnshire Integrated Care Board,E40000011,Midlands,OCT2021,Unknown,GP,Face-to-Face,1 Day,130
71E,E38000238,NHS Lincolnshire ICB - 71E,E54000013,NHS Lincolnshire Integrated Care Board,E40000011,Midlands,OCT2021,Unknown,GP,Face-to-Face,15  to 21 Days,282
71E,E38000238,NHS Lincolnshire ICB - 71E,E54000013,NHS Lincolnshire Integrated Care Board,E40000011,Midlands,OCT2021,Unknown,GP,Face-to-Face,2 to 7 Days,535
71E,E38000238,NHS Lincolnshire ICB - 71E,E54000013,NHS Lincolnshire Integrated Care Board,E40000011,Midlands,OCT2021,Unknown,GP,Face-to-Face,22  to 28 Days,172
71E,E38000238,NHS Lincolnshire ICB - 71E,E54000013,NHS Lincolnshire Integrated Care Board,E40000011,Midlands,OCT2021,Unknown,GP,Face-to-Face,8  to 14 Days,756
71E,E38000238,NHS Lincolnshire ICB - 71E,E54000013,NHS Lincolnshire Integrated Care Board,E40000011,Midlands,OCT2021,Unknown,GP,Face-to-Face,More than 28 Days,1520
71E,E38000238,NHS Lincolnshire ICB - 71E,E54000013,NHS Lincolnshire Integrated Care Board,E40000011,Midlands,OCT2021,Unknown,GP,Face-to-Face,Same Day,341
71E,E38000238,NHS Lincolnshire ICB - 71E,E54000013,NHS Lincolnshire Integrated Care Board,E40000011,Midlands,OCT2021,Unknown,GP,Face-to-Face,Unknown / Data Quality,5
71E,E38000238,NHS Lincolnshire ICB - 71E,E54000013,NHS Lincolnshire Integrated Care Board,E40000011,Midlands,OCT2021,Unknown,GP,Home Visit,More than 28 Days,7
71E,E38000238,NHS Lincolnshire ICB - 71E,E54000013,NHS Lincolnshire Integrated Care Board,E40000011,Midlands,OCT2021,Unknown,GP,Home Visit,Same Day,4
71E,E38000238,NHS Lincolnshire ICB - 71E,E54000013,NHS Lincolnshire Integrated Care Board,E40000011,Midlands,OCT2021,Unknown,GP,Telephone,1 Day,91
71E,E38000238,NHS Lincolnshire ICB - 71E,E54000013,NHS Lincolnshire Integrated Care Board,E40000011,Midlands,OCT2021,Unknown,GP,Telephone,15  to 21 Days,78
71E,E38000238,NHS Lincolnshire ICB - 71E,E54000013,NHS Lincolnshire Integrated Care Board,E40000011,Midlands,OCT2021,Unknown,GP,Telephone,2 to 7 Days,425
71E,E38000238,NHS Lincolnshire ICB - 71E,E54000013,NHS Lincolnshire Integrated Care Board,E40000011,Midlands,OCT2021,Unknown,GP,Telephone,22  to 28 Days,35
71E,E38000238,NHS Lincolnshire ICB - 71E,E54000013,NHS Lincolnshire Integrated Care Board,E40000011,Midlands,OCT2021,Unknown,GP,Telephone,8  to 14 Days,247
71E,E38000238,NHS Lincolnshire ICB - 71E,E54000013,NHS Lincolnshire Integrated Care Board,E40000011,Midlands,OCT2021,Unknown,GP,Telephone,More than 28 Days,20
71E,E38000238,NHS Lincolnshire ICB - 71E,E54000013,NHS Lincolnshire Integrated Care Board,E40000011,Midlands,OCT2021,Unknown,GP,Telephone,Same Day,325
71E,E38000238,NHS Lincolnshire ICB - 71E,E54000013,NHS Lincolnshire Integrated Care Board,E40000011,Midlands,OCT2021,Unknown,GP,Video/Online,1 Day,1
71E,E38000238,NHS Lincolnshire ICB - 71E,E54000013,NHS Lincolnshire Integrated Care Board,E40000011,Midlands,OCT2021,Unknown,GP,Video/Online,More than 28 Days,1
71E,E38000238,NHS Lincolnshire ICB - 71E,E54000013,NHS Lincolnshire Integrated Care Board,E40000011,Midlands,OCT2021,Unknown,GP,Video/Online,Same Day,4
71E,E38000238,NHS Lincolnshire ICB - 71E,E54000013,NHS Lincolnshire Integrated Care Board,E40000011,Midlands,OCT2021,Unknown,Other Practice staff,Face-to-Face,1 Day,224
71E,E38000238,NHS Lincolnshire ICB - 71E,E54000013,NHS Lincolnshire Integrated Care Board,E40000011,Midlands,OCT2021,Unknown,Other Practice staff,Face-to-Face,15  to 21 Days,1369
71E,E38000238,NHS Lincolnshire ICB - 71E,E54000013,NHS Lincolnshire Integrated Care Board,E40000011,Midlands,OCT2021,Unknown,Other Practice staff,Face-to-Face,2 to 7 Days,1558
71E,E38000238,NHS Lincolnshire ICB - 71E,E54000013,NHS Lincolnshire Integrated Care Board,E40000011,Midlands,OCT2021,Unknown,Other Practice staff,Face-to-Face,22  to 28 Days,978
71E,E38000238,NHS Lincolnshire ICB - 71E,E54000013,NHS Lincolnshire Integrated Care Board,E40000011,Midlands,OCT2021,Unknown,Other Practice staff,Face-to-Face,8  to 14 Days,2641
71E,E38000238,NHS Lincolnshire ICB - 71E,E54000013,NHS Lincolnshire Integrated Care Board,E40000011,Midlands,OCT2021,Unknown,Other Practice staff,Face-to-Face,More than 28 Days,5549
71E,E38000238,NHS Lincolnshire ICB - 71E,E54000013,NHS Lincolnshire Integrated Care Board,E40000011,Midlands,OCT2021,Unknown,Other Practice staff,Face-to-Face,Same Day,1148
71E,E38000238,NHS Lincolnshire ICB - 71E,E54000013,NHS Lincolnshire Integrated Care Board,E40000011,Midlands,OCT2021,Unknown,Other Practice staff,Face-to-Face,Unknown / Data Quality,13
71E,E38000238,NHS Lincolnshire ICB - 71E,E54000013,NHS Lincolnshire Integrated Care Board,E40000011,Midlands,OCT2021,Unknown,Other Practice staff,Home Visit,1 Day,5
71E,E38000238,NHS Lincolnshire ICB - 71E,E54000013,NHS Lincolnshire Integrated Care Board,E40000011,Midlands,OCT2021,Unknown,Other Practice staff,Home Visit,15  to 21 Days,6
71E,E38000238,NHS Lincolnshire ICB - 71E,E54000013,NHS Lincolnshire Integrated Care Board,E40000011,Midlands,OCT2021,Unknown,Other Practice staff,Home Visit,2 to 7 Days,54
71E,E38000238,NHS Lincolnshire ICB - 71E,E54000013,NHS Lincolnshire Integrated Care Board,E40000011,Midlands,OCT2021,Unknown,Other Practice staff,Home Visit,22  to 28 Days,14
71E,E38000238,NHS Lincolnshire ICB - 71E,E54000013,NHS Lincolnshire Integrated Care Board,E40000011,Midlands,OCT2021,Unknown,Other Practice staff,Home Visit,8  to 14 Days,23
71E,E38000238,NHS Lincolnshire ICB - 71E,E54000013,NHS Lincolnshire Integrated Care Board,E40000011,Midlands,OCT2021,Unknown,Other Practice staff,Home Visit,More than 28 Days,19
71E,E38000238,NHS Lincolnshire ICB - 71E,E54000013,NHS Lincolnshire Integrated Care Board,E40000011,Midlands,OCT2021,Unknown,Other Practice staff,Home Visit,Same Day,9
71E,E38000238,NHS Lincolnshire ICB - 71E,E54000013,NHS Lincolnshire Integrated Care Board,E40000011,Midlands,OCT2021,Unknown,Other Practice staff,Telephone,1 Day,137
71E,E38000238,NHS Lincolnshire ICB - 71E,E54000013,NHS Lincolnshire Integrated Care Board,E40000011,Midlands,OCT2021,Unknown,Other Practice staff,Telephone,15  to 21 Days,136
71E,E38000238,NHS Lincolnshire ICB - 71E,E54000013,NHS Lincolnshire Integrated Care Board,E40000011,Midlands,OCT2021,Unknown,Other Practice staff,Telephone,2 to 7 Days,330
71E,E38000238,NHS Lincolnshire ICB - 71E,E54000013,NHS Lincolnshire Integrated Care Board,E40000011,Midlands,OCT2021,Unknown,Other Practice staff,Telephone,22  to 28 Days,90
71E,E38000238,NHS Lincolnshire ICB - 71E,E54000013,NHS Lincolnshire Integrated Care Board,E40000011,Midlands,OCT2021,Unknown,Other Practice staff,Telephone,8  to 14 Days,238
71E,E38000238,NHS Lincolnshire ICB - 71E,E54000013,NHS Lincolnshire Integrated Care Board,E40000011,Midlands,OCT2021,Unknown,Other Practice staff,Telephone,More than 28 Days,82
71E,E38000238,NHS Lincolnshire ICB - 71E,E54000013,NHS Lincolnshire Integrated Care Board,E40000011,Midlands,OCT2021,Unknown,Other Practice staff,Telephone,Same Day,509
71E,E38000238,NHS Lincolnshire ICB - 71E,E54000013,NHS Lincolnshire Integrated Care Board,E40000011,Midlands,OCT2021,Unknown,Other Practice staff,Telephone,Unknown / Data Quality,2
71E,E38000238,NHS Lincolnshire ICB - 71E,E54000013,NHS Lincolnshire Integrated Care Board,E40000011,Midlands,OCT2021,Unknown,Other Practice staff,Video/Online,1 Day,88
71E,E38000238,NHS Lincolnshire ICB - 71E,E54000013,NHS Lincolnshire Integrated Care Board,E40000011,Midlands,OCT2021,Unknown,Other Practice staff,Video/Online,15  to 21 Days,10
71E,E38000238,NHS Lincolnshire ICB - 71E,E54000013,NHS Lincolnshire Integrated Care Board,E40000011,Midlands,OCT2021,Unknown,Other Practice staff,Video/Online,2 to 7 Days,381
71E,E38000238,NHS Lincolnshire ICB - 71E,E54000013,NHS Lincolnshire Integrated Care Board,E40000011,Midlands,OCT2021,Unknown,Other Practice staff,Video/Online,22  to 28 Days,3
71E,E38000238,NHS Lincolnshire ICB - 71E,E54000013,NHS Lincolnshire Integrated Care Board,E40000011,Midlands,OCT2021,Unknown,Other Practice staff,Video/Online,8  to 14 Days,439
71E,E38000238,NHS Lincolnshire ICB - 71E,E54000013,NHS Lincolnshire Integrated Care Board,E40000011,Midlands,OCT2021,Unknown,Other Practice staff,Video/Online,More than 28 Days,12
71E,E38000238,NHS Lincolnshire ICB - 71E,E54000013,NHS Lincolnshire Integrated Care Board,E40000011,Midlands,OCT2021,Unknown,Other Practice staff,Video/Online,Same Day,51
71E,E38000238,NHS Lincolnshire ICB - 71E,E54000013,NHS Lincolnshire Integrated Care Board,E40000011,Midlands,OCT2021,Unknown,Unknown,Unknown,1 Day,68
71E,E38000238,NHS Lincolnshire ICB - 71E,E54000013,NHS Lincolnshire Integrated Care Board,E40000011,Midlands,OCT2021,Unknown,Unknown,Unknown,15  to 21 Days,213
71E,E38000238,NHS Lincolnshire ICB - 71E,E54000013,NHS Lincolnshire Integrated Care Board,E40000011,Midlands,OCT2021,Unknown,Unknown,Unknown,2 to 7 Days,295
71E,E38000238,NHS Lincolnshire ICB - 71E,E54000013,NHS Lincolnshire Integrated Care Board,E40000011,Midlands,OCT2021,Unknown,Unknown,Unknown,22  to 28 Days,180
71E,E38000238,NHS Lincolnshire ICB - 71E,E54000013,NHS Lincolnshire Integrated Care Board,E40000011,Midlands,OCT2021,Unknown,Unknown,Unknown,8  to 14 Days,312
71E,E38000238,NHS Lincolnshire ICB - 71E,E54000013,NHS Lincolnshire Integrated Care Board,E40000011,Midlands,OCT2021,Unknown,Unknown,Unknown,More than 28 Days,662
71E,E38000238,NHS Lincolnshire ICB - 71E,E54000013,NHS Lincolnshire Integrated Care Board,E40000011,Midlands,OCT2021,Unknown,Unknown,Unknown,Same Day,105
71E,E38000238,NHS Lincolnshire ICB - 71E,E54000013,NHS Lincolnshire Integrated Care Board,E40000011,Midlands,OCT2021,Unknown,Unknown,Unknown,Unknown / Data Quality,7
71E,E38000238,NHS Lincolnshire ICB - 71E,E54000013,NHS Lincolnshire Integrated Care Board,E40000011,Midlands,NOV2021,Attended,GP,Face-to-Face,1 Day,6233
71E,E38000238,NHS Lincolnshire ICB - 71E,E54000013,NHS Lincolnshire Integrated Care Board,E40000011,Midlands,NOV2021,Attended,GP,Face-to-Face,15  to 21 Days,2702
71E,E38000238,NHS Lincolnshire ICB - 71E,E54000013,NHS Lincolnshire Integrated Care Board,E40000011,Midlands,NOV2021,Attended,GP,Face-to-Face,2 to 7 Days,10388
71E,E38000238,NHS Lincolnshire ICB - 71E,E54000013,NHS Lincolnshire Integrated Care Board,E40000011,Midlands,NOV2021,Attended,GP,Face-to-Face,22  to 28 Days,1426
71E,E38000238,NHS Lincolnshire ICB - 71E,E54000013,NHS Lincolnshire Integrated Care Board,E40000011,Midlands,NOV2021,Attended,GP,Face-to-Face,8  to 14 Days,5809
71E,E38000238,NHS Lincolnshire ICB - 71E,E54000013,NHS Lincolnshire Integrated Care Board,E40000011,Midlands,NOV2021,Attended,GP,Face-to-Face,More than 28 Days,1444
71E,E38000238,NHS Lincolnshire ICB - 71E,E54000013,NHS Lincolnshire Integrated Care Board,E40000011,Midlands,NOV2021,Attended,GP,Face-to-Face,Same Day,46263
71E,E38000238,NHS Lincolnshire ICB - 71E,E54000013,NHS Lincolnshire Integrated Care Board,E40000011,Midlands,NOV2021,Attended,GP,Face-to-Face,Unknown / Data Quality,4
71E,E38000238,NHS Lincolnshire ICB - 71E,E54000013,NHS Lincolnshire Integrated Care Board,E40000011,Midlands,NOV2021,Attended,GP,Home Visit,1 Day,23
71E,E38000238,NHS Lincolnshire ICB - 71E,E54000013,NHS Lincolnshire Integrated Care Board,E40000011,Midlands,NOV2021,Attended,GP,Home Visit,2 to 7 Days,12
71E,E38000238,NHS Lincolnshire ICB - 71E,E54000013,NHS Lincolnshire Integrated Care Board,E40000011,Midlands,NOV2021,Attended,GP,Home Visit,8  to 14 Days,2
71E,E38000238,NHS Lincolnshire ICB - 71E,E54000013,NHS Lincolnshire Integrated Care Board,E40000011,Midlands,NOV2021,Attended,GP,Home Visit,Same Day,122
71E,E38000238,NHS Lincolnshire ICB - 71E,E54000013,NHS Lincolnshire Integrated Care Board,E40000011,Midlands,NOV2021,Attended,GP,Telephone,1 Day,4407
71E,E38000238,NHS Lincolnshire ICB - 71E,E54000013,NHS Lincolnshire Integrated Care Board,E40000011,Midlands,NOV2021,Attended,GP,Telephone,15  to 21 Days,1727
71E,E38000238,NHS Lincolnshire ICB - 71E,E54000013,NHS Lincolnshire Integrated Care Board,E40000011,Midlands,NOV2021,Attended,GP,Telephone,2 to 7 Days,8066
71E,E38000238,NHS Lincolnshire ICB - 71E,E54000013,NHS Lincolnshire Integrated Care Board,E40000011,Midlands,NOV2021,Attended,GP,Telephone,22  to 28 Days,535
71E,E38000238,NHS Lincolnshire ICB - 71E,E54000013,NHS Lincolnshire Integrated Care Board,E40000011,Midlands,NOV2021,Attended,GP,Telephone,8  to 14 Days,4298
71E,E38000238,NHS Lincolnshire ICB - 71E,E54000013,NHS Lincolnshire Integrated Care Board,E40000011,Midlands,NOV2021,Attended,GP,Telephone,More than 28 Days,154
71E,E38000238,NHS Lincolnshire ICB - 71E,E54000013,NHS Lincolnshire Integrated Care Board,E40000011,Midlands,NOV2021,Attended,GP,Telephone,Same Day,49828
71E,E38000238,NHS Lincolnshire ICB - 71E,E54000013,NHS Lincolnshire Integrated Care Board,E40000011,Midlands,NOV2021,Attended,GP,Telephone,Unknown / Data Quality,37
71E,E38000238,NHS Lincolnshire ICB - 71E,E54000013,NHS Lincolnshire Integrated Care Board,E40000011,Midlands,NOV2021,Attended,GP,Video/Online,1 Day,73
71E,E38000238,NHS Lincolnshire ICB - 71E,E54000013,NHS Lincolnshire Integrated Care Board,E40000011,Midlands,NOV2021,Attended,GP,Video/Online,15  to 21 Days,9
71E,E38000238,NHS Lincolnshire ICB - 71E,E54000013,NHS Lincolnshire Integrated Care Board,E40000011,Midlands,NOV2021,Attended,GP,Video/Online,2 to 7 Days,15
71E,E38000238,NHS Lincolnshire ICB - 71E,E54000013,NHS Lincolnshire Integrated Care Board,E40000011,Midlands,NOV2021,Attended,GP,Video/Online,22  to 28 Days,6
71E,E38000238,NHS Lincolnshire ICB - 71E,E54000013,NHS Lincolnshire Integrated Care Board,E40000011,Midlands,NOV2021,Attended,GP,Video/Online,8  to 14 Days,6
71E,E38000238,NHS Lincolnshire ICB - 71E,E54000013,NHS Lincolnshire Integrated Care Board,E40000011,Midlands,NOV2021,Attended,GP,Video/Online,Same Day,484
71E,E38000238,NHS Lincolnshire ICB - 71E,E54000013,NHS Lincolnshire Integrated Care Board,E40000011,Midlands,NOV2021,Attended,GP,Video/Online,Unknown / Data Quality,5
71E,E38000238,NHS Lincolnshire ICB - 71E,E54000013,NHS Lincolnshire Integrated Care Board,E40000011,Midlands,NOV2021,Attended,Other Practice staff,Face-to-Face,1 Day,11001
71E,E38000238,NHS Lincolnshire ICB - 71E,E54000013,NHS Lincolnshire Integrated Care Board,E40000011,Midlands,NOV2021,Attended,Other Practice staff,Face-to-Face,15  to 21 Days,24693
71E,E38000238,NHS Lincolnshire ICB - 71E,E54000013,NHS Lincolnshire Integrated Care Board,E40000011,Midlands,NOV2021,Attended,Other Practice staff,Face-to-Face,2 to 7 Days,42755
71E,E38000238,NHS Lincolnshire ICB - 71E,E54000013,NHS Lincolnshire Integrated Care Board,E40000011,Midlands,NOV2021,Attended,Other Practice staff,Face-to-Face,22  to 28 Days,15742
71E,E38000238,NHS Lincolnshire ICB - 71E,E54000013,NHS Lincolnshire Integrated Care Board,E40000011,Midlands,NOV2021,Attended,Other Practice staff,Face-to-Face,8  to 14 Days,37754
71E,E38000238,NHS Lincolnshire ICB - 71E,E54000013,NHS Lincolnshire Integrated Care Board,E40000011,Midlands,NOV2021,Attended,Other Practice staff,Face-to-Face,More than 28 Days,12595
71E,E38000238,NHS Lincolnshire ICB - 71E,E54000013,NHS Lincolnshire Integrated Care Board,E40000011,Midlands,NOV2021,Attended,Other Practice staff,Face-to-Face,Same Day,46383
71E,E38000238,NHS Lincolnshire ICB - 71E,E54000013,NHS Lincolnshire Integrated Care Board,E40000011,Midlands,NOV2021,Attended,Other Practice staff,Face-to-Face,Unknown / Data Quality,89
71E,E38000238,NHS Lincolnshire ICB - 71E,E54000013,NHS Lincolnshire Integrated Care Board,E40000011,Midlands,NOV2021,Attended,Other Practice staff,Home Visit,1 Day,152
71E,E38000238,NHS Lincolnshire ICB - 71E,E54000013,NHS Lincolnshire Integrated Care Board,E40000011,Midlands,NOV2021,Attended,Other Practice staff,Home Visit,15  to 21 Days,109
71E,E38000238,NHS Lincolnshire ICB - 71E,E54000013,NHS Lincolnshire Integrated Care Board,E40000011,Midlands,NOV2021,Attended,Other Practice staff,Home Visit,2 to 7 Days,742
71E,E38000238,NHS Lincolnshire ICB - 71E,E54000013,NHS Lincolnshire Integrated Care Board,E40000011,Midlands,NOV2021,Attended,Other Practice staff,Home Visit,22  to 28 Days,79
71E,E38000238,NHS Lincolnshire ICB - 71E,E54000013,NHS Lincolnshire Integrated Care Board,E40000011,Midlands,NOV2021,Attended,Other Practice staff,Home Visit,8  to 14 Days,381
71E,E38000238,NHS Lincolnshire ICB - 71E,E54000013,NHS Lincolnshire Integrated Care Board,E40000011,Midlands,NOV2021,Attended,Other Practice staff,Home Visit,More than 28 Days,104
71E,E38000238,NHS Lincolnshire ICB - 71E,E54000013,NHS Lincolnshire Integrated Care Board,E40000011,Midlands,NOV2021,Attended,Other Practice staff,Home Visit,Same Day,245
71E,E38000238,NHS Lincolnshire ICB - 71E,E54000013,NHS Lincolnshire Integrated Care Board,E40000011,Midlands,NOV2021,Attended,Other Practice staff,Home Visit,Unknown / Data Quality,109
71E,E38000238,NHS Lincolnshire ICB - 71E,E54000013,NHS Lincolnshire Integrated Care Board,E40000011,Midlands,NOV2021,Attended,Other Practice staff,Telephone,1 Day,2541
71E,E38000238,NHS Lincolnshire ICB - 71E,E54000013,NHS Lincolnshire Integrated Care Board,E40000011,Midlands,NOV2021,Attended,Other Practice staff,Telephone,15  to 21 Days,1681
71E,E38000238,NHS Lincolnshire ICB - 71E,E54000013,NHS Lincolnshire Integrated Care Board,E40000011,Midlands,NOV2021,Attended,Other Practice staff,Telephone,2 to 7 Days,5595
71E,E38000238,NHS Lincolnshire ICB - 71E,E54000013,NHS Lincolnshire Integrated Care Board,E40000011,Midlands,NOV2021,Attended,Other Practice staff,Telephone,22  to 28 Days,1146
71E,E38000238,NHS Lincolnshire ICB - 71E,E54000013,NHS Lincolnshire Integrated Care Board,E40000011,Midlands,NOV2021,Attended,Other Practice staff,Telephone,8  to 14 Days,3448
71E,E38000238,NHS Lincolnshire ICB - 71E,E54000013,NHS Lincolnshire Integrated Care Board,E40000011,Midlands,NOV2021,Attended,Other Practice staff,Telephone,More than 28 Days,528
71E,E38000238,NHS Lincolnshire ICB - 71E,E54000013,NHS Lincolnshire Integrated Care Board,E40000011,Midlands,NOV2021,Attended,Other Practice staff,Telephone,Same Day,28178
71E,E38000238,NHS Lincolnshire ICB - 71E,E54000013,NHS Lincolnshire Integrated Care Board,E40000011,Midlands,NOV2021,Attended,Other Practice staff,Telephone,Unknown / Data Quality,12
71E,E38000238,NHS Lincolnshire ICB - 71E,E54000013,NHS Lincolnshire Integrated Care Board,E40000011,Midlands,NOV2021,Attended,Other Practice staff,Unknown,8  to 14 Days,2
71E,E38000238,NHS Lincolnshire ICB - 71E,E54000013,NHS Lincolnshire Integrated Care Board,E40000011,Midlands,NOV2021,Attended,Other Practice staff,Video/Online,1 Day,79
71E,E38000238,NHS Lincolnshire ICB - 71E,E54000013,NHS Lincolnshire Integrated Care Board,E40000011,Midlands,NOV2021,Attended,Other Practice staff,Video/Online,15  to 21 Days,259
71E,E38000238,NHS Lincolnshire ICB - 71E,E54000013,NHS Lincolnshire Integrated Care Board,E40000011,Midlands,NOV2021,Attended,Other Practice staff,Video/Online,2 to 7 Days,171
71E,E38000238,NHS Lincolnshire ICB - 71E,E54000013,NHS Lincolnshire Integrated Care Board,E40000011,Midlands,NOV2021,Attended,Other Practice staff,Video/Online,22  to 28 Days,204
71E,E38000238,NHS Lincolnshire ICB - 71E,E54000013,NHS Lincolnshire Integrated Care Board,E40000011,Midlands,NOV2021,Attended,Other Practice staff,Video/Online,8  to 14 Days,181
71E,E38000238,NHS Lincolnshire ICB - 71E,E54000013,NHS Lincolnshire Integrated Care Board,E40000011,Midlands,NOV2021,Attended,Other Practice staff,Video/Online,More than 28 Days,10
71E,E38000238,NHS Lincolnshire ICB - 71E,E54000013,NHS Lincolnshire Integrated Care Board,E40000011,Midlands,NOV2021,Attended,Other Practice staff,Video/Online,Same Day,237
71E,E38000238,NHS Lincolnshire ICB - 71E,E54000013,NHS Lincolnshire Integrated Care Board,E40000011,Midlands,NOV2021,Attended,Unknown,Unknown,1 Day,1311
71E,E38000238,NHS Lincolnshire ICB - 71E,E54000013,NHS Lincolnshire Integrated Care Board,E40000011,Midlands,NOV2021,Attended,Unknown,Unknown,15  to 21 Days,1359
71E,E38000238,NHS Lincolnshire ICB - 71E,E54000013,NHS Lincolnshire Integrated Care Board,E40000011,Midlands,NOV2021,Attended,Unknown,Unknown,2 to 7 Days,3834
71E,E38000238,NHS Lincolnshire ICB - 71E,E54000013,NHS Lincolnshire Integrated Care Board,E40000011,Midlands,NOV2021,Attended,Unknown,Unknown,22  to 28 Days,1063
71E,E38000238,NHS Lincolnshire ICB - 71E,E54000013,NHS Lincolnshire Integrated Care Board,E40000011,Midlands,NOV2021,Attended,Unknown,Unknown,8  to 14 Days,2268
71E,E38000238,NHS Lincolnshire ICB - 71E,E54000013,NHS Lincolnshire Integrated Care Board,E40000011,Midlands,NOV2021,Attended,Unknown,Unknown,More than 28 Days,999
71E,E38000238,NHS Lincolnshire ICB - 71E,E54000013,NHS Lincolnshire Integrated Care Board,E40000011,Midlands,NOV2021,Attended,Unknown,Unknown,Same Day,8851
71E,E38000238,NHS Lincolnshire ICB - 71E,E54000013,NHS Lincolnshire Integrated Care Board,E40000011,Midlands,NOV2021,Attended,Unknown,Unknown,Unknown / Data Quality,19
71E,E38000238,NHS Lincolnshire ICB - 71E,E54000013,NHS Lincolnshire Integrated Care Board,E40000011,Midlands,NOV2021,DNA,GP,Face-to-Face,1 Day,143
71E,E38000238,NHS Lincolnshire ICB - 71E,E54000013,NHS Lincolnshire Integrated Care Board,E40000011,Midlands,NOV2021,DNA,GP,Face-to-Face,15  to 21 Days,175
71E,E38000238,NHS Lincolnshire ICB - 71E,E54000013,NHS Lincolnshire Integrated Care Board,E40000011,Midlands,NOV2021,DNA,GP,Face-to-Face,2 to 7 Days,372
71E,E38000238,NHS Lincolnshire ICB - 71E,E54000013,NHS Lincolnshire Integrated Care Board,E40000011,Midlands,NOV2021,DNA,GP,Face-to-Face,22  to 28 Days,90
71E,E38000238,NHS Lincolnshire ICB - 71E,E54000013,NHS Lincolnshire Integrated Care Board,E40000011,Midlands,NOV2021,DNA,GP,Face-to-Face,8  to 14 Days,271
71E,E38000238,NHS Lincolnshire ICB - 71E,E54000013,NHS Lincolnshire Integrated Care Board,E40000011,Midlands,NOV2021,DNA,GP,Face-to-Face,More than 28 Days,141
71E,E38000238,NHS Lincolnshire ICB - 71E,E54000013,NHS Lincolnshire Integrated Care Board,E40000011,Midlands,NOV2021,DNA,GP,Face-to-Face,Same Day,408
71E,E38000238,NHS Lincolnshire ICB - 71E,E54000013,NHS Lincolnshire Integrated Care Board,E40000011,Midlands,NOV2021,DNA,GP,Home Visit,1 Day,1
71E,E38000238,NHS Lincolnshire ICB - 71E,E54000013,NHS Lincolnshire Integrated Care Board,E40000011,Midlands,NOV2021,DNA,GP,Telephone,1 Day,36
71E,E38000238,NHS Lincolnshire ICB - 71E,E54000013,NHS Lincolnshire Integrated Care Board,E40000011,Midlands,NOV2021,DNA,GP,Telephone,15  to 21 Days,10
71E,E38000238,NHS Lincolnshire ICB - 71E,E54000013,NHS Lincolnshire Integrated Care Board,E40000011,Midlands,NOV2021,DNA,GP,Telephone,2 to 7 Days,52
71E,E38000238,NHS Lincolnshire ICB - 71E,E54000013,NHS Lincolnshire Integrated Care Board,E40000011,Midlands,NOV2021,DNA,GP,Telephone,22  to 28 Days,6
71E,E38000238,NHS Lincolnshire ICB - 71E,E54000013,NHS Lincolnshire Integrated Care Board,E40000011,Midlands,NOV2021,DNA,GP,Telephone,8  to 14 Days,37
71E,E38000238,NHS Lincolnshire ICB - 71E,E54000013,NHS Lincolnshire Integrated Care Board,E40000011,Midlands,NOV2021,DNA,GP,Telephone,More than 28 Days,1
71E,E38000238,NHS Lincolnshire ICB - 71E,E54000013,NHS Lincolnshire Integrated Care Board,E40000011,Midlands,NOV2021,DNA,GP,Telephone,Same Day,255
71E,E38000238,NHS Lincolnshire ICB - 71E,E54000013,NHS Lincolnshire Integrated Care Board,E40000011,Midlands,NOV2021,DNA,GP,Video/Online,1 Day,2
71E,E38000238,NHS Lincolnshire ICB - 71E,E54000013,NHS Lincolnshire Integrated Care Board,E40000011,Midlands,NOV2021,DNA,GP,Video/Online,Same Day,7
71E,E38000238,NHS Lincolnshire ICB - 71E,E54000013,NHS Lincolnshire Integrated Care Board,E40000011,Midlands,NOV2021,DNA,Other Practice staff,Face-to-Face,1 Day,534
71E,E38000238,NHS Lincolnshire ICB - 71E,E54000013,NHS Lincolnshire Integrated Care Board,E40000011,Midlands,NOV2021,DNA,Other Practice staff,Face-to-Face,15  to 21 Days,2137
71E,E38000238,NHS Lincolnshire ICB - 71E,E54000013,NHS Lincolnshire Integrated Care Board,E40000011,Midlands,NOV2021,DNA,Other Practice staff,Face-to-Face,2 to 7 Days,2671
71E,E38000238,NHS Lincolnshire ICB - 71E,E54000013,NHS Lincolnshire Integrated Care Board,E40000011,Midlands,NOV2021,DNA,Other Practice staff,Face-to-Face,22  to 28 Days,1364
71E,E38000238,NHS Lincolnshire ICB - 71E,E54000013,NHS Lincolnshire Integrated Care Board,E40000011,Midlands,NOV2021,DNA,Other Practice staff,Face-to-Face,8  to 14 Days,2921
71E,E38000238,NHS Lincolnshire ICB - 71E,E54000013,NHS Lincolnshire Integrated Care Board,E40000011,Midlands,NOV2021,DNA,Other Practice staff,Face-to-Face,More than 28 Days,1731
71E,E38000238,NHS Lincolnshire ICB - 71E,E54000013,NHS Lincolnshire Integrated Care Board,E40000011,Midlands,NOV2021,DNA,Other Practice staff,Face-to-Face,Same Day,885
71E,E38000238,NHS Lincolnshire ICB - 71E,E54000013,NHS Lincolnshire Integrated Care Board,E40000011,Midlands,NOV2021,DNA,Other Practice staff,Home Visit,1 Day,17
71E,E38000238,NHS Lincolnshire ICB - 71E,E54000013,NHS Lincolnshire Integrated Care Board,E40000011,Midlands,NOV2021,DNA,Other Practice staff,Home Visit,15  to 21 Days,4
71E,E38000238,NHS Lincolnshire ICB - 71E,E54000013,NHS Lincolnshire Integrated Care Board,E40000011,Midlands,NOV2021,DNA,Other Practice staff,Home Visit,2 to 7 Days,7
71E,E38000238,NHS Lincolnshire ICB - 71E,E54000013,NHS Lincolnshire Integrated Care Board,E40000011,Midlands,NOV2021,DNA,Other Practice staff,Home Visit,22  to 28 Days,4
71E,E38000238,NHS Lincolnshire ICB - 71E,E54000013,NHS Lincolnshire Integrated Care Board,E40000011,Midlands,NOV2021,DNA,Other Practice staff,Home Visit,8  to 14 Days,7
71E,E38000238,NHS Lincolnshire ICB - 71E,E54000013,NHS Lincolnshire Integrated Care Board,E40000011,Midlands,NOV2021,DNA,Other Practice staff,Home Visit,More than 28 Days,2
71E,E38000238,NHS Lincolnshire ICB - 71E,E54000013,NHS Lincolnshire Integrated Care Board,E40000011,Midlands,NOV2021,DNA,Other Practice staff,Home Visit,Same Day,2
71E,E38000238,NHS Lincolnshire ICB - 71E,E54000013,NHS Lincolnshire Integrated Care Board,E40000011,Midlands,NOV2021,DNA,Other Practice staff,Telephone,1 Day,41
71E,E38000238,NHS Lincolnshire ICB - 71E,E54000013,NHS Lincolnshire Integrated Care Board,E40000011,Midlands,NOV2021,DNA,Other Practice staff,Telephone,15  to 21 Days,63
71E,E38000238,NHS Lincolnshire ICB - 71E,E54000013,NHS Lincolnshire Integrated Care Board,E40000011,Midlands,NOV2021,DNA,Other Practice staff,Telephone,2 to 7 Days,133
71E,E38000238,NHS Lincolnshire ICB - 71E,E54000013,NHS Lincolnshire Integrated Care Board,E40000011,Midlands,NOV2021,DNA,Other Practice staff,Telephone,22  to 28 Days,58
71E,E38000238,NHS Lincolnshire ICB - 71E,E54000013,NHS Lincolnshire Integrated Care Board,E40000011,Midlands,NOV2021,DNA,Other Practice staff,Telephone,8  to 14 Days,94
71E,E38000238,NHS Lincolnshire ICB - 71E,E54000013,NHS Lincolnshire Integrated Care Board,E40000011,Midlands,NOV2021,DNA,Other Practice staff,Telephone,More than 28 Days,38
71E,E38000238,NHS Lincolnshire ICB - 71E,E54000013,NHS Lincolnshire Integrated Care Board,E40000011,Midlands,NOV2021,DNA,Other Practice staff,Telephone,Same Day,253
71E,E38000238,NHS Lincolnshire ICB - 71E,E54000013,NHS Lincolnshire Integrated Care Board,E40000011,Midlands,NOV2021,DNA,Other Practice staff,Video/Online,1 Day,4
71E,E38000238,NHS Lincolnshire ICB - 71E,E54000013,NHS Lincolnshire Integrated Care Board,E40000011,Midlands,NOV2021,DNA,Other Practice staff,Video/Online,15  to 21 Days,24
71E,E38000238,NHS Lincolnshire ICB - 71E,E54000013,NHS Lincolnshire Integrated Care Board,E40000011,Midlands,NOV2021,DNA,Other Practice staff,Video/Online,2 to 7 Days,10
71E,E38000238,NHS Lincolnshire ICB - 71E,E54000013,NHS Lincolnshire Integrated Care Board,E40000011,Midlands,NOV2021,DNA,Other Practice staff,Video/Online,22  to 28 Days,7
71E,E38000238,NHS Lincolnshire ICB - 71E,E54000013,NHS Lincolnshire Integrated Care Board,E40000011,Midlands,NOV2021,DNA,Other Practice staff,Video/Online,8  to 14 Days,15
71E,E38000238,NHS Lincolnshire ICB - 71E,E54000013,NHS Lincolnshire Integrated Care Board,E40000011,Midlands,NOV2021,DNA,Other Practice staff,Video/Online,More than 28 Days,1
71E,E38000238,NHS Lincolnshire ICB - 71E,E54000013,NHS Lincolnshire Integrated Care Board,E40000011,Midlands,NOV2021,DNA,Other Practice staff,Video/Online,Same Day,6
71E,E38000238,NHS Lincolnshire ICB - 71E,E54000013,NHS Lincolnshire Integrated Care Board,E40000011,Midlands,NOV2021,DNA,Unknown,Unknown,1 Day,43
71E,E38000238,NHS Lincolnshire ICB - 71E,E54000013,NHS Lincolnshire Integrated Care Board,E40000011,Midlands,NOV2021,DNA,Unknown,Unknown,15  to 21 Days,93
71E,E38000238,NHS Lincolnshire ICB - 71E,E54000013,NHS Lincolnshire Integrated Care Board,E40000011,Midlands,NOV2021,DNA,Unknown,Unknown,2 to 7 Days,204
71E,E38000238,NHS Lincolnshire ICB - 71E,E54000013,NHS Lincolnshire Integrated Care Board,E40000011,Midlands,NOV2021,DNA,Unknown,Unknown,22  to 28 Days,81
71E,E38000238,NHS Lincolnshire ICB - 71E,E54000013,NHS Lincolnshire Integrated Care Board,E40000011,Midlands,NOV2021,DNA,Unknown,Unknown,8  to 14 Days,139
71E,E38000238,NHS Lincolnshire ICB - 71E,E54000013,NHS Lincolnshire Integrated Care Board,E40000011,Midlands,NOV2021,DNA,Unknown,Unknown,More than 28 Days,116
71E,E38000238,NHS Lincolnshire ICB - 71E,E54000013,NHS Lincolnshire Integrated Care Board,E40000011,Midlands,NOV2021,DNA,Unknown,Unknown,Same Day,70
71E,E38000238,NHS Lincolnshire ICB - 71E,E54000013,NHS Lincolnshire Integrated Care Board,E40000011,Midlands,NOV2021,Unknown,GP,Face-to-Face,1 Day,116
71E,E38000238,NHS Lincolnshire ICB - 71E,E54000013,NHS Lincolnshire Integrated Care Board,E40000011,Midlands,NOV2021,Unknown,GP,Face-to-Face,15  to 21 Days,242
71E,E38000238,NHS Lincolnshire ICB - 71E,E54000013,NHS Lincolnshire Integrated Care Board,E40000011,Midlands,NOV2021,Unknown,GP,Face-to-Face,2 to 7 Days,336
71E,E38000238,NHS Lincolnshire ICB - 71E,E54000013,NHS Lincolnshire Integrated Care Board,E40000011,Midlands,NOV2021,Unknown,GP,Face-to-Face,22  to 28 Days,172
71E,E38000238,NHS Lincolnshire ICB - 71E,E54000013,NHS Lincolnshire Integrated Care Board,E40000011,Midlands,NOV2021,Unknown,GP,Face-to-Face,8  to 14 Days,314
71E,E38000238,NHS Lincolnshire ICB - 71E,E54000013,NHS Lincolnshire Integrated Care Board,E40000011,Midlands,NOV2021,Unknown,GP,Face-to-Face,More than 28 Days,151
71E,E38000238,NHS Lincolnshire ICB - 71E,E54000013,NHS Lincolnshire Integrated Care Board,E40000011,Midlands,NOV2021,Unknown,GP,Face-to-Face,Same Day,404
71E,E38000238,NHS Lincolnshire ICB - 71E,E54000013,NHS Lincolnshire Integrated Care Board,E40000011,Midlands,NOV2021,Unknown,GP,Face-to-Face,Unknown / Data Quality,2
71E,E38000238,NHS Lincolnshire ICB - 71E,E54000013,NHS Lincolnshire Integrated Care Board,E40000011,Midlands,NOV2021,Unknown,GP,Home Visit,1 Day,2
71E,E38000238,NHS Lincolnshire ICB - 71E,E54000013,NHS Lincolnshire Integrated Care Board,E40000011,Midlands,NOV2021,Unknown,GP,Home Visit,2 to 7 Days,1
71E,E38000238,NHS Lincolnshire ICB - 71E,E54000013,NHS Lincolnshire Integrated Care Board,E40000011,Midlands,NOV2021,Unknown,GP,Home Visit,22  to 28 Days,1
71E,E38000238,NHS Lincolnshire ICB - 71E,E54000013,NHS Lincolnshire Integrated Care Board,E40000011,Midlands,NOV2021,Unknown,GP,Home Visit,More than 28 Days,2
71E,E38000238,NHS Lincolnshire ICB - 71E,E54000013,NHS Lincolnshire Integrated Care Board,E40000011,Midlands,NOV2021,Unknown,GP,Home Visit,Same Day,7
71E,E38000238,NHS Lincolnshire ICB - 71E,E54000013,NHS Lincolnshire Integrated Care Board,E40000011,Midlands,NOV2021,Unknown,GP,Telephone,1 Day,91
71E,E38000238,NHS Lincolnshire ICB - 71E,E54000013,NHS Lincolnshire Integrated Care Board,E40000011,Midlands,NOV2021,Unknown,GP,Telephone,15  to 21 Days,142
71E,E38000238,NHS Lincolnshire ICB - 71E,E54000013,NHS Lincolnshire Integrated Care Board,E40000011,Midlands,NOV2021,Unknown,GP,Telephone,2 to 7 Days,258
71E,E38000238,NHS Lincolnshire ICB - 71E,E54000013,NHS Lincolnshire Integrated Care Board,E40000011,Midlands,NOV2021,Unknown,GP,Telephone,22  to 28 Days,54
71E,E38000238,NHS Lincolnshire ICB - 71E,E54000013,NHS Lincolnshire Integrated Care Board,E40000011,Midlands,NOV2021,Unknown,GP,Telephone,8  to 14 Days,210
71E,E38000238,NHS Lincolnshire ICB - 71E,E54000013,NHS Lincolnshire Integrated Care Board,E40000011,Midlands,NOV2021,Unknown,GP,Telephone,More than 28 Days,69
71E,E38000238,NHS Lincolnshire ICB - 71E,E54000013,NHS Lincolnshire Integrated Care Board,E40000011,Midlands,NOV2021,Unknown,GP,Telephone,Same Day,291
71E,E38000238,NHS Lincolnshire ICB - 71E,E54000013,NHS Lincolnshire Integrated Care Board,E40000011,Midlands,NOV2021,Unknown,GP,Video/Online,15  to 21 Days,1
71E,E38000238,NHS Lincolnshire ICB - 71E,E54000013,NHS Lincolnshire Integrated Care Board,E40000011,Midlands,NOV2021,Unknown,GP,Video/Online,2 to 7 Days,2
71E,E38000238,NHS Lincolnshire ICB - 71E,E54000013,NHS Lincolnshire Integrated Care Board,E40000011,Midlands,NOV2021,Unknown,GP,Video/Online,Same Day,4
71E,E38000238,NHS Lincolnshire ICB - 71E,E54000013,NHS Lincolnshire Integrated Care Board,E40000011,Midlands,NOV2021,Unknown,Other Practice staff,Face-to-Face,1 Day,234
71E,E38000238,NHS Lincolnshire ICB - 71E,E54000013,NHS Lincolnshire Integrated Care Board,E40000011,Midlands,NOV2021,Unknown,Other Practice staff,Face-to-Face,15  to 21 Days,1903
71E,E38000238,NHS Lincolnshire ICB - 71E,E54000013,NHS Lincolnshire Integrated Care Board,E40000011,Midlands,NOV2021,Unknown,Other Practice staff,Face-to-Face,2 to 7 Days,1470
71E,E38000238,NHS Lincolnshire ICB - 71E,E54000013,NHS Lincolnshire Integrated Care Board,E40000011,Midlands,NOV2021,Unknown,Other Practice staff,Face-to-Face,22  to 28 Days,1428
71E,E38000238,NHS Lincolnshire ICB - 71E,E54000013,NHS Lincolnshire Integrated Care Board,E40000011,Midlands,NOV2021,Unknown,Other Practice staff,Face-to-Face,8  to 14 Days,1919
71E,E38000238,NHS Lincolnshire ICB - 71E,E54000013,NHS Lincolnshire Integrated Care Board,E40000011,Midlands,NOV2021,Unknown,Other Practice staff,Face-to-Face,More than 28 Days,1817
71E,E38000238,NHS Lincolnshire ICB - 71E,E54000013,NHS Lincolnshire Integrated Care Board,E40000011,Midlands,NOV2021,Unknown,Other Practice staff,Face-to-Face,Same Day,1062
71E,E38000238,NHS Lincolnshire ICB - 71E,E54000013,NHS Lincolnshire Integrated Care Board,E40000011,Midlands,NOV2021,Unknown,Other Practice staff,Face-to-Face,Unknown / Data Quality,12
71E,E38000238,NHS Lincolnshire ICB - 71E,E54000013,NHS Lincolnshire Integrated Care Board,E40000011,Midlands,NOV2021,Unknown,Other Practice staff,Home Visit,1 Day,10
71E,E38000238,NHS Lincolnshire ICB - 71E,E54000013,NHS Lincolnshire Integrated Care Board,E40000011,Midlands,NOV2021,Unknown,Other Practice staff,Home Visit,15  to 21 Days,9
71E,E38000238,NHS Lincolnshire ICB - 71E,E54000013,NHS Lincolnshire Integrated Care Board,E40000011,Midlands,NOV2021,Unknown,Other Practice staff,Home Visit,2 to 7 Days,139
71E,E38000238,NHS Lincolnshire ICB - 71E,E54000013,NHS Lincolnshire Integrated Care Board,E40000011,Midlands,NOV2021,Unknown,Other Practice staff,Home Visit,22  to 28 Days,12
71E,E38000238,NHS Lincolnshire ICB - 71E,E54000013,NHS Lincolnshire Integrated Care Board,E40000011,Midlands,NOV2021,Unknown,Other Practice staff,Home Visit,8  to 14 Days,42
71E,E38000238,NHS Lincolnshire ICB - 71E,E54000013,NHS Lincolnshire Integrated Care Board,E40000011,Midlands,NOV2021,Unknown,Other Practice staff,Home Visit,More than 28 Days,18
71E,E38000238,NHS Lincolnshire ICB - 71E,E54000013,NHS Lincolnshire Integrated Care Board,E40000011,Midlands,NOV2021,Unknown,Other Practice staff,Home Visit,Same Day,17
71E,E38000238,NHS Lincolnshire ICB - 71E,E54000013,NHS Lincolnshire Integrated Care Board,E40000011,Midlands,NOV2021,Unknown,Other Practice staff,Telephone,1 Day,105
71E,E38000238,NHS Lincolnshire ICB - 71E,E54000013,NHS Lincolnshire Integrated Care Board,E40000011,Midlands,NOV2021,Unknown,Other Practice staff,Telephone,15  to 21 Days,160
71E,E38000238,NHS Lincolnshire ICB - 71E,E54000013,NHS Lincolnshire Integrated Care Board,E40000011,Midlands,NOV2021,Unknown,Other Practice staff,Telephone,2 to 7 Days,352
71E,E38000238,NHS Lincolnshire ICB - 71E,E54000013,NHS Lincolnshire Integrated Care Board,E40000011,Midlands,NOV2021,Unknown,Other Practice staff,Telephone,22  to 28 Days,98
71E,E38000238,NHS Lincolnshire ICB - 71E,E54000013,NHS Lincolnshire Integrated Care Board,E40000011,Midlands,NOV2021,Unknown,Other Practice staff,Telephone,8  to 14 Days,252
71E,E38000238,NHS Lincolnshire ICB - 71E,E54000013,NHS Lincolnshire Integrated Care Board,E40000011,Midlands,NOV2021,Unknown,Other Practice staff,Telephone,More than 28 Days,62
71E,E38000238,NHS Lincolnshire ICB - 71E,E54000013,NHS Lincolnshire Integrated Care Board,E40000011,Midlands,NOV2021,Unknown,Other Practice staff,Telephone,Same Day,353
71E,E38000238,NHS Lincolnshire ICB - 71E,E54000013,NHS Lincolnshire Integrated Care Board,E40000011,Midlands,NOV2021,Unknown,Other Practice staff,Video/Online,1 Day,2
71E,E38000238,NHS Lincolnshire ICB - 71E,E54000013,NHS Lincolnshire Integrated Care Board,E40000011,Midlands,NOV2021,Unknown,Other Practice staff,Video/Online,15  to 21 Days,91
71E,E38000238,NHS Lincolnshire ICB - 71E,E54000013,NHS Lincolnshire Integrated Care Board,E40000011,Midlands,NOV2021,Unknown,Other Practice staff,Video/Online,2 to 7 Days,5
71E,E38000238,NHS Lincolnshire ICB - 71E,E54000013,NHS Lincolnshire Integrated Care Board,E40000011,Midlands,NOV2021,Unknown,Other Practice staff,Video/Online,8  to 14 Days,4
71E,E38000238,NHS Lincolnshire ICB - 71E,E54000013,NHS Lincolnshire Integrated Care Board,E40000011,Midlands,NOV2021,Unknown,Other Practice staff,Video/Online,More than 28 Days,4
71E,E38000238,NHS Lincolnshire ICB - 71E,E54000013,NHS Lincolnshire Integrated Care Board,E40000011,Midlands,NOV2021,Unknown,Other Practice staff,Video/Online,Same Day,6
71E,E38000238,NHS Lincolnshire ICB - 71E,E54000013,NHS Lincolnshire Integrated Care Board,E40000011,Midlands,NOV2021,Unknown,Unknown,Unknown,1 Day,40
71E,E38000238,NHS Lincolnshire ICB - 71E,E54000013,NHS Lincolnshire Integrated Care Board,E40000011,Midlands,NOV2021,Unknown,Unknown,Unknown,15  to 21 Days,261
71E,E38000238,NHS Lincolnshire ICB - 71E,E54000013,NHS Lincolnshire Integrated Care Board,E40000011,Midlands,NOV2021,Unknown,Unknown,Unknown,2 to 7 Days,321
71E,E38000238,NHS Lincolnshire ICB - 71E,E54000013,NHS Lincolnshire Integrated Care Board,E40000011,Midlands,NOV2021,Unknown,Unknown,Unknown,22  to 28 Days,155
71E,E38000238,NHS Lincolnshire ICB - 71E,E54000013,NHS Lincolnshire Integrated Care Board,E40000011,Midlands,NOV2021,Unknown,Unknown,Unknown,8  to 14 Days,392
71E,E38000238,NHS Lincolnshire ICB - 71E,E54000013,NHS Lincolnshire Integrated Care Board,E40000011,Midlands,NOV2021,Unknown,Unknown,Unknown,More than 28 Days,227
71E,E38000238,NHS Lincolnshire ICB - 71E,E54000013,NHS Lincolnshire Integrated Care Board,E40000011,Midlands,NOV2021,Unknown,Unknown,Unknown,Same Day,95
71E,E38000238,NHS Lincolnshire ICB - 71E,E54000013,NHS Lincolnshire Integrated Care Board,E40000011,Midlands,DEC2021,Attended,GP,Face-to-Face,1 Day,5900
71E,E38000238,NHS Lincolnshire ICB - 71E,E54000013,NHS Lincolnshire Integrated Care Board,E40000011,Midlands,DEC2021,Attended,GP,Face-to-Face,15  to 21 Days,1897
71E,E38000238,NHS Lincolnshire ICB - 71E,E54000013,NHS Lincolnshire Integrated Care Board,E40000011,Midlands,DEC2021,Attended,GP,Face-to-Face,2 to 7 Days,9244
71E,E38000238,NHS Lincolnshire ICB - 71E,E54000013,NHS Lincolnshire Integrated Care Board,E40000011,Midlands,DEC2021,Attended,GP,Face-to-Face,22  to 28 Days,1042
71E,E38000238,NHS Lincolnshire ICB - 71E,E54000013,NHS Lincolnshire Integrated Care Board,E40000011,Midlands,DEC2021,Attended,GP,Face-to-Face,8  to 14 Days,4299
71E,E38000238,NHS Lincolnshire ICB - 71E,E54000013,NHS Lincolnshire Integrated Care Board,E40000011,Midlands,DEC2021,Attended,GP,Face-to-Face,More than 28 Days,761
71E,E38000238,NHS Lincolnshire ICB - 71E,E54000013,NHS Lincolnshire Integrated Care Board,E40000011,Midlands,DEC2021,Attended,GP,Face-to-Face,Same Day,42469
71E,E38000238,NHS Lincolnshire ICB - 71E,E54000013,NHS Lincolnshire Integrated Care Board,E40000011,Midlands,DEC2021,Attended,GP,Face-to-Face,Unknown / Data Quality,28
71E,E38000238,NHS Lincolnshire ICB - 71E,E54000013,NHS Lincolnshire Integrated Care Board,E40000011,Midlands,DEC2021,Attended,GP,Home Visit,1 Day,22
71E,E38000238,NHS Lincolnshire ICB - 71E,E54000013,NHS Lincolnshire Integrated Care Board,E40000011,Midlands,DEC2021,Attended,GP,Home Visit,15  to 21 Days,1
71E,E38000238,NHS Lincolnshire ICB - 71E,E54000013,NHS Lincolnshire Integrated Care Board,E40000011,Midlands,DEC2021,Attended,GP,Home Visit,2 to 7 Days,25
71E,E38000238,NHS Lincolnshire ICB - 71E,E54000013,NHS Lincolnshire Integrated Care Board,E40000011,Midlands,DEC2021,Attended,GP,Home Visit,Same Day,136
71E,E38000238,NHS Lincolnshire ICB - 71E,E54000013,NHS Lincolnshire Integrated Care Board,E40000011,Midlands,DEC2021,Attended,GP,Telephone,1 Day,4086
71E,E38000238,NHS Lincolnshire ICB - 71E,E54000013,NHS Lincolnshire Integrated Care Board,E40000011,Midlands,DEC2021,Attended,GP,Telephone,15  to 21 Days,1350
71E,E38000238,NHS Lincolnshire ICB - 71E,E54000013,NHS Lincolnshire Integrated Care Board,E40000011,Midlands,DEC2021,Attended,GP,Telephone,2 to 7 Days,6680
71E,E38000238,NHS Lincolnshire ICB - 71E,E54000013,NHS Lincolnshire Integrated Care Board,E40000011,Midlands,DEC2021,Attended,GP,Telephone,22  to 28 Days,568
71E,E38000238,NHS Lincolnshire ICB - 71E,E54000013,NHS Lincolnshire Integrated Care Board,E40000011,Midlands,DEC2021,Attended,GP,Telephone,8  to 14 Days,3763
71E,E38000238,NHS Lincolnshire ICB - 71E,E54000013,NHS Lincolnshire Integrated Care Board,E40000011,Midlands,DEC2021,Attended,GP,Telephone,More than 28 Days,206
71E,E38000238,NHS Lincolnshire ICB - 71E,E54000013,NHS Lincolnshire Integrated Care Board,E40000011,Midlands,DEC2021,Attended,GP,Telephone,Same Day,44972
71E,E38000238,NHS Lincolnshire ICB - 71E,E54000013,NHS Lincolnshire Integrated Care Board,E40000011,Midlands,DEC2021,Attended,GP,Telephone,Unknown / Data Quality,8
71E,E38000238,NHS Lincolnshire ICB - 71E,E54000013,NHS Lincolnshire Integrated Care Board,E40000011,Midlands,DEC2021,Attended,GP,Video/Online,1 Day,98
71E,E38000238,NHS Lincolnshire ICB - 71E,E54000013,NHS Lincolnshire Integrated Care Board,E40000011,Midlands,DEC2021,Attended,GP,Video/Online,2 to 7 Days,103
71E,E38000238,NHS Lincolnshire ICB - 71E,E54000013,NHS Lincolnshire Integrated Care Board,E40000011,Midlands,DEC2021,Attended,GP,Video/Online,8  to 14 Days,3
71E,E38000238,NHS Lincolnshire ICB - 71E,E54000013,NHS Lincolnshire Integrated Care Board,E40000011,Midlands,DEC2021,Attended,GP,Video/Online,Same Day,431
71E,E38000238,NHS Lincolnshire ICB - 71E,E54000013,NHS Lincolnshire Integrated Care Board,E40000011,Midlands,DEC2021,Attended,Other Practice staff,Face-to-Face,1 Day,9958
71E,E38000238,NHS Lincolnshire ICB - 71E,E54000013,NHS Lincolnshire Integrated Care Board,E40000011,Midlands,DEC2021,Attended,Other Practice staff,Face-to-Face,15  to 21 Days,18138
71E,E38000238,NHS Lincolnshire ICB - 71E,E54000013,NHS Lincolnshire Integrated Care Board,E40000011,Midlands,DEC2021,Attended,Other Practice staff,Face-to-Face,2 to 7 Days,31764
71E,E38000238,NHS Lincolnshire ICB - 71E,E54000013,NHS Lincolnshire Integrated Care Board,E40000011,Midlands,DEC2021,Attended,Other Practice staff,Face-to-Face,22  to 28 Days,12470
71E,E38000238,NHS Lincolnshire ICB - 71E,E54000013,NHS Lincolnshire Integrated Care Board,E40000011,Midlands,DEC2021,Attended,Other Practice staff,Face-to-Face,8  to 14 Days,29229
71E,E38000238,NHS Lincolnshire ICB - 71E,E54000013,NHS Lincolnshire Integrated Care Board,E40000011,Midlands,DEC2021,Attended,Other Practice staff,Face-to-Face,More than 28 Days,10275
71E,E38000238,NHS Lincolnshire ICB - 71E,E54000013,NHS Lincolnshire Integrated Care Board,E40000011,Midlands,DEC2021,Attended,Other Practice staff,Face-to-Face,Same Day,40445
71E,E38000238,NHS Lincolnshire ICB - 71E,E54000013,NHS Lincolnshire Integrated Care Board,E40000011,Midlands,DEC2021,Attended,Other Practice staff,Face-to-Face,Unknown / Data Quality,85
71E,E38000238,NHS Lincolnshire ICB - 71E,E54000013,NHS Lincolnshire Integrated Care Board,E40000011,Midlands,DEC2021,Attended,Other Practice staff,Home Visit,1 Day,161
71E,E38000238,NHS Lincolnshire ICB - 71E,E54000013,NHS Lincolnshire Integrated Care Board,E40000011,Midlands,DEC2021,Attended,Other Practice staff,Home Visit,15  to 21 Days,155
71E,E38000238,NHS Lincolnshire ICB - 71E,E54000013,NHS Lincolnshire Integrated Care Board,E40000011,Midlands,DEC2021,Attended,Other Practice staff,Home Visit,2 to 7 Days,600
71E,E38000238,NHS Lincolnshire ICB - 71E,E54000013,NHS Lincolnshire Integrated Care Board,E40000011,Midlands,DEC2021,Attended,Other Practice staff,Home Visit,22  to 28 Days,104
71E,E38000238,NHS Lincolnshire ICB - 71E,E54000013,NHS Lincolnshire Integrated Care Board,E40000011,Midlands,DEC2021,Attended,Other Practice staff,Home Visit,8  to 14 Days,342
71E,E38000238,NHS Lincolnshire ICB - 71E,E54000013,NHS Lincolnshire Integrated Care Board,E40000011,Midlands,DEC2021,Attended,Other Practice staff,Home Visit,More than 28 Days,91
71E,E38000238,NHS Lincolnshire ICB - 71E,E54000013,NHS Lincolnshire Integrated Care Board,E40000011,Midlands,DEC2021,Attended,Other Practice staff,Home Visit,Same Day,187
71E,E38000238,NHS Lincolnshire ICB - 71E,E54000013,NHS Lincolnshire Integrated Care Board,E40000011,Midlands,DEC2021,Attended,Other Practice staff,Home Visit,Unknown / Data Quality,1
71E,E38000238,NHS Lincolnshire ICB - 71E,E54000013,NHS Lincolnshire Integrated Care Board,E40000011,Midlands,DEC2021,Attended,Other Practice staff,Telephone,1 Day,2461
71E,E38000238,NHS Lincolnshire ICB - 71E,E54000013,NHS Lincolnshire Integrated Care Board,E40000011,Midlands,DEC2021,Attended,Other Practice staff,Telephone,15  to 21 Days,1495
71E,E38000238,NHS Lincolnshire ICB - 71E,E54000013,NHS Lincolnshire Integrated Care Board,E40000011,Midlands,DEC2021,Attended,Other Practice staff,Telephone,2 to 7 Days,4758
71E,E38000238,NHS Lincolnshire ICB - 71E,E54000013,NHS Lincolnshire Integrated Care Board,E40000011,Midlands,DEC2021,Attended,Other Practice staff,Telephone,22  to 28 Days,1362
71E,E38000238,NHS Lincolnshire ICB - 71E,E54000013,NHS Lincolnshire Integrated Care Board,E40000011,Midlands,DEC2021,Attended,Other Practice staff,Telephone,8  to 14 Days,2151
71E,E38000238,NHS Lincolnshire ICB - 71E,E54000013,NHS Lincolnshire Integrated Care Board,E40000011,Midlands,DEC2021,Attended,Other Practice staff,Telephone,More than 28 Days,658
71E,E38000238,NHS Lincolnshire ICB - 71E,E54000013,NHS Lincolnshire Integrated Care Board,E40000011,Midlands,DEC2021,Attended,Other Practice staff,Telephone,Same Day,27044
71E,E38000238,NHS Lincolnshire ICB - 71E,E54000013,NHS Lincolnshire Integrated Care Board,E40000011,Midlands,DEC2021,Attended,Other Practice staff,Telephone,Unknown / Data Quality,19
71E,E38000238,NHS Lincolnshire ICB - 71E,E54000013,NHS Lincolnshire Integrated Care Board,E40000011,Midlands,DEC2021,Attended,Other Practice staff,Video/Online,1 Day,22
71E,E38000238,NHS Lincolnshire ICB - 71E,E54000013,NHS Lincolnshire Integrated Care Board,E40000011,Midlands,DEC2021,Attended,Other Practice staff,Video/Online,15  to 21 Days,33
71E,E38000238,NHS Lincolnshire ICB - 71E,E54000013,NHS Lincolnshire Integrated Care Board,E40000011,Midlands,DEC2021,Attended,Other Practice staff,Video/Online,2 to 7 Days,102
71E,E38000238,NHS Lincolnshire ICB - 71E,E54000013,NHS Lincolnshire Integrated Care Board,E40000011,Midlands,DEC2021,Attended,Other Practice staff,Video/Online,22  to 28 Days,15
71E,E38000238,NHS Lincolnshire ICB - 71E,E54000013,NHS Lincolnshire Integrated Care Board,E40000011,Midlands,DEC2021,Attended,Other Practice staff,Video/Online,8  to 14 Days,74
71E,E38000238,NHS Lincolnshire ICB - 71E,E54000013,NHS Lincolnshire Integrated Care Board,E40000011,Midlands,DEC2021,Attended,Other Practice staff,Video/Online,More than 28 Days,40
71E,E38000238,NHS Lincolnshire ICB - 71E,E54000013,NHS Lincolnshire Integrated Care Board,E40000011,Midlands,DEC2021,Attended,Other Practice staff,Video/Online,Same Day,251
71E,E38000238,NHS Lincolnshire ICB - 71E,E54000013,NHS Lincolnshire Integrated Care Board,E40000011,Midlands,DEC2021,Attended,Unknown,Unknown,1 Day,1234
71E,E38000238,NHS Lincolnshire ICB - 71E,E54000013,NHS Lincolnshire Integrated Care Board,E40000011,Midlands,DEC2021,Attended,Unknown,Unknown,15  to 21 Days,750
71E,E38000238,NHS Lincolnshire ICB - 71E,E54000013,NHS Lincolnshire Integrated Care Board,E40000011,Midlands,DEC2021,Attended,Unknown,Unknown,2 to 7 Days,2993
71E,E38000238,NHS Lincolnshire ICB - 71E,E54000013,NHS Lincolnshire Integrated Care Board,E40000011,Midlands,DEC2021,Attended,Unknown,Unknown,22  to 28 Days,767
71E,E38000238,NHS Lincolnshire ICB - 71E,E54000013,NHS Lincolnshire Integrated Care Board,E40000011,Midlands,DEC2021,Attended,Unknown,Unknown,8  to 14 Days,1765
71E,E38000238,NHS Lincolnshire ICB - 71E,E54000013,NHS Lincolnshire Integrated Care Board,E40000011,Midlands,DEC2021,Attended,Unknown,Unknown,More than 28 Days,606
71E,E38000238,NHS Lincolnshire ICB - 71E,E54000013,NHS Lincolnshire Integrated Care Board,E40000011,Midlands,DEC2021,Attended,Unknown,Unknown,Same Day,8048
71E,E38000238,NHS Lincolnshire ICB - 71E,E54000013,NHS Lincolnshire Integrated Care Board,E40000011,Midlands,DEC2021,Attended,Unknown,Unknown,Unknown / Data Quality,1
71E,E38000238,NHS Lincolnshire ICB - 71E,E54000013,NHS Lincolnshire Integrated Care Board,E40000011,Midlands,DEC2021,DNA,GP,Face-to-Face,1 Day,143
71E,E38000238,NHS Lincolnshire ICB - 71E,E54000013,NHS Lincolnshire Integrated Care Board,E40000011,Midlands,DEC2021,DNA,GP,Face-to-Face,15  to 21 Days,145
71E,E38000238,NHS Lincolnshire ICB - 71E,E54000013,NHS Lincolnshire Integrated Care Board,E40000011,Midlands,DEC2021,DNA,GP,Face-to-Face,2 to 7 Days,369
71E,E38000238,NHS Lincolnshire ICB - 71E,E54000013,NHS Lincolnshire Integrated Care Board,E40000011,Midlands,DEC2021,DNA,GP,Face-to-Face,22  to 28 Days,89
71E,E38000238,NHS Lincolnshire ICB - 71E,E54000013,NHS Lincolnshire Integrated Care Board,E40000011,Midlands,DEC2021,DNA,GP,Face-to-Face,8  to 14 Days,251
71E,E38000238,NHS Lincolnshire ICB - 71E,E54000013,NHS Lincolnshire Integrated Care Board,E40000011,Midlands,DEC2021,DNA,GP,Face-to-Face,More than 28 Days,85
71E,E38000238,NHS Lincolnshire ICB - 71E,E54000013,NHS Lincolnshire Integrated Care Board,E40000011,Midlands,DEC2021,DNA,GP,Face-to-Face,Same Day,356
71E,E38000238,NHS Lincolnshire ICB - 71E,E54000013,NHS Lincolnshire Integrated Care Board,E40000011,Midlands,DEC2021,DNA,GP,Face-to-Face,Unknown / Data Quality,1
71E,E38000238,NHS Lincolnshire ICB - 71E,E54000013,NHS Lincolnshire Integrated Care Board,E40000011,Midlands,DEC2021,DNA,GP,Home Visit,Same Day,1
71E,E38000238,NHS Lincolnshire ICB - 71E,E54000013,NHS Lincolnshire Integrated Care Board,E40000011,Midlands,DEC2021,DNA,GP,Telephone,1 Day,29
71E,E38000238,NHS Lincolnshire ICB - 71E,E54000013,NHS Lincolnshire Integrated Care Board,E40000011,Midlands,DEC2021,DNA,GP,Telephone,15  to 21 Days,16
71E,E38000238,NHS Lincolnshire ICB - 71E,E54000013,NHS Lincolnshire Integrated Care Board,E40000011,Midlands,DEC2021,DNA,GP,Telephone,2 to 7 Days,44
71E,E38000238,NHS Lincolnshire ICB - 71E,E54000013,NHS Lincolnshire Integrated Care Board,E40000011,Midlands,DEC2021,DNA,GP,Telephone,22  to 28 Days,10
71E,E38000238,NHS Lincolnshire ICB - 71E,E54000013,NHS Lincolnshire Integrated Care Board,E40000011,Midlands,DEC2021,DNA,GP,Telephone,8  to 14 Days,39
71E,E38000238,NHS Lincolnshire ICB - 71E,E54000013,NHS Lincolnshire Integrated Care Board,E40000011,Midlands,DEC2021,DNA,GP,Telephone,More than 28 Days,2
71E,E38000238,NHS Lincolnshire ICB - 71E,E54000013,NHS Lincolnshire Integrated Care Board,E40000011,Midlands,DEC2021,DNA,GP,Telephone,Same Day,267
71E,E38000238,NHS Lincolnshire ICB - 71E,E54000013,NHS Lincolnshire Integrated Care Board,E40000011,Midlands,DEC2021,DNA,GP,Video/Online,1 Day,2
71E,E38000238,NHS Lincolnshire ICB - 71E,E54000013,NHS Lincolnshire Integrated Care Board,E40000011,Midlands,DEC2021,DNA,GP,Video/Online,2 to 7 Days,19
71E,E38000238,NHS Lincolnshire ICB - 71E,E54000013,NHS Lincolnshire Integrated Care Board,E40000011,Midlands,DEC2021,DNA,GP,Video/Online,Same Day,5
71E,E38000238,NHS Lincolnshire ICB - 71E,E54000013,NHS Lincolnshire Integrated Care Board,E40000011,Midlands,DEC2021,DNA,Other Practice staff,Face-to-Face,1 Day,563
71E,E38000238,NHS Lincolnshire ICB - 71E,E54000013,NHS Lincolnshire Integrated Care Board,E40000011,Midlands,DEC2021,DNA,Other Practice staff,Face-to-Face,15  to 21 Days,1844
71E,E38000238,NHS Lincolnshire ICB - 71E,E54000013,NHS Lincolnshire Integrated Care Board,E40000011,Midlands,DEC2021,DNA,Other Practice staff,Face-to-Face,2 to 7 Days,2644
71E,E38000238,NHS Lincolnshire ICB - 71E,E54000013,NHS Lincolnshire Integrated Care Board,E40000011,Midlands,DEC2021,DNA,Other Practice staff,Face-to-Face,22  to 28 Days,1325
71E,E38000238,NHS Lincolnshire ICB - 71E,E54000013,NHS Lincolnshire Integrated Care Board,E40000011,Midlands,DEC2021,DNA,Other Practice staff,Face-to-Face,8  to 14 Days,3037
71E,E38000238,NHS Lincolnshire ICB - 71E,E54000013,NHS Lincolnshire Integrated Care Board,E40000011,Midlands,DEC2021,DNA,Other Practice staff,Face-to-Face,More than 28 Days,1321
71E,E38000238,NHS Lincolnshire ICB - 71E,E54000013,NHS Lincolnshire Integrated Care Board,E40000011,Midlands,DEC2021,DNA,Other Practice staff,Face-to-Face,Same Day,1340
71E,E38000238,NHS Lincolnshire ICB - 71E,E54000013,NHS Lincolnshire Integrated Care Board,E40000011,Midlands,DEC2021,DNA,Other Practice staff,Face-to-Face,Unknown / Data Quality,1
71E,E38000238,NHS Lincolnshire ICB - 71E,E54000013,NHS Lincolnshire Integrated Care Board,E40000011,Midlands,DEC2021,DNA,Other Practice staff,Home Visit,1 Day,7
71E,E38000238,NHS Lincolnshire ICB - 71E,E54000013,NHS Lincolnshire Integrated Care Board,E40000011,Midlands,DEC2021,DNA,Other Practice staff,Home Visit,2 to 7 Days,3
71E,E38000238,NHS Lincolnshire ICB - 71E,E54000013,NHS Lincolnshire Integrated Care Board,E40000011,Midlands,DEC2021,DNA,Other Practice staff,Home Visit,22  to 28 Days,1
71E,E38000238,NHS Lincolnshire ICB - 71E,E54000013,NHS Lincolnshire Integrated Care Board,E40000011,Midlands,DEC2021,DNA,Other Practice staff,Home Visit,8  to 14 Days,3
71E,E38000238,NHS Lincolnshire ICB - 71E,E54000013,NHS Lincolnshire Integrated Care Board,E40000011,Midlands,DEC2021,DNA,Other Practice staff,Home Visit,Same Day,5
71E,E38000238,NHS Lincolnshire ICB - 71E,E54000013,NHS Lincolnshire Integrated Care Board,E40000011,Midlands,DEC2021,DNA,Other Practice staff,Telephone,1 Day,42
71E,E38000238,NHS Lincolnshire ICB - 71E,E54000013,NHS Lincolnshire Integrated Care Board,E40000011,Midlands,DEC2021,DNA,Other Practice staff,Telephone,15  to 21 Days,56
71E,E38000238,NHS Lincolnshire ICB - 71E,E54000013,NHS Lincolnshire Integrated Care Board,E40000011,Midlands,DEC2021,DNA,Other Practice staff,Telephone,2 to 7 Days,124
71E,E38000238,NHS Lincolnshire ICB - 71E,E54000013,NHS Lincolnshire Integrated Care Board,E40000011,Midlands,DEC2021,DNA,Other Practice staff,Telephone,22  to 28 Days,85
71E,E38000238,NHS Lincolnshire ICB - 71E,E54000013,NHS Lincolnshire Integrated Care Board,E40000011,Midlands,DEC2021,DNA,Other Practice staff,Telephone,8  to 14 Days,76
71E,E38000238,NHS Lincolnshire ICB - 71E,E54000013,NHS Lincolnshire Integrated Care Board,E40000011,Midlands,DEC2021,DNA,Other Practice staff,Telephone,More than 28 Days,60
71E,E38000238,NHS Lincolnshire ICB - 71E,E54000013,NHS Lincolnshire Integrated Care Board,E40000011,Midlands,DEC2021,DNA,Other Practice staff,Telephone,Same Day,202
71E,E38000238,NHS Lincolnshire ICB - 71E,E54000013,NHS Lincolnshire Integrated Care Board,E40000011,Midlands,DEC2021,DNA,Other Practice staff,Video/Online,1 Day,3
71E,E38000238,NHS Lincolnshire ICB - 71E,E54000013,NHS Lincolnshire Integrated Care Board,E40000011,Midlands,DEC2021,DNA,Other Practice staff,Video/Online,15  to 21 Days,3
71E,E38000238,NHS Lincolnshire ICB - 71E,E54000013,NHS Lincolnshire Integrated Care Board,E40000011,Midlands,DEC2021,DNA,Other Practice staff,Video/Online,2 to 7 Days,4
71E,E38000238,NHS Lincolnshire ICB - 71E,E54000013,NHS Lincolnshire Integrated Care Board,E40000011,Midlands,DEC2021,DNA,Other Practice staff,Video/Online,22  to 28 Days,1
71E,E38000238,NHS Lincolnshire ICB - 71E,E54000013,NHS Lincolnshire Integrated Care Board,E40000011,Midlands,DEC2021,DNA,Other Practice staff,Video/Online,8  to 14 Days,9
71E,E38000238,NHS Lincolnshire ICB - 71E,E54000013,NHS Lincolnshire Integrated Care Board,E40000011,Midlands,DEC2021,DNA,Other Practice staff,Video/Online,Same Day,2
71E,E38000238,NHS Lincolnshire ICB - 71E,E54000013,NHS Lincolnshire Integrated Care Board,E40000011,Midlands,DEC2021,DNA,Unknown,Unknown,1 Day,52
71E,E38000238,NHS Lincolnshire ICB - 71E,E54000013,NHS Lincolnshire Integrated Care Board,E40000011,Midlands,DEC2021,DNA,Unknown,Unknown,15  to 21 Days,61
71E,E38000238,NHS Lincolnshire ICB - 71E,E54000013,NHS Lincolnshire Integrated Care Board,E40000011,Midlands,DEC2021,DNA,Unknown,Unknown,2 to 7 Days,177
71E,E38000238,NHS Lincolnshire ICB - 71E,E54000013,NHS Lincolnshire Integrated Care Board,E40000011,Midlands,DEC2021,DNA,Unknown,Unknown,22  to 28 Days,47
71E,E38000238,NHS Lincolnshire ICB - 71E,E54000013,NHS Lincolnshire Integrated Care Board,E40000011,Midlands,DEC2021,DNA,Unknown,Unknown,8  to 14 Days,137
71E,E38000238,NHS Lincolnshire ICB - 71E,E54000013,NHS Lincolnshire Integrated Care Board,E40000011,Midlands,DEC2021,DNA,Unknown,Unknown,More than 28 Days,38
71E,E38000238,NHS Lincolnshire ICB - 71E,E54000013,NHS Lincolnshire Integrated Care Board,E40000011,Midlands,DEC2021,DNA,Unknown,Unknown,Same Day,73
71E,E38000238,NHS Lincolnshire ICB - 71E,E54000013,NHS Lincolnshire Integrated Care Board,E40000011,Midlands,DEC2021,Unknown,GP,Face-to-Face,1 Day,73
71E,E38000238,NHS Lincolnshire ICB - 71E,E54000013,NHS Lincolnshire Integrated Care Board,E40000011,Midlands,DEC2021,Unknown,GP,Face-to-Face,15  to 21 Days,217
71E,E38000238,NHS Lincolnshire ICB - 71E,E54000013,NHS Lincolnshire Integrated Care Board,E40000011,Midlands,DEC2021,Unknown,GP,Face-to-Face,2 to 7 Days,359
71E,E38000238,NHS Lincolnshire ICB - 71E,E54000013,NHS Lincolnshire Integrated Care Board,E40000011,Midlands,DEC2021,Unknown,GP,Face-to-Face,22  to 28 Days,122
71E,E38000238,NHS Lincolnshire ICB - 71E,E54000013,NHS Lincolnshire Integrated Care Board,E40000011,Midlands,DEC2021,Unknown,GP,Face-to-Face,8  to 14 Days,348
71E,E38000238,NHS Lincolnshire ICB - 71E,E54000013,NHS Lincolnshire Integrated Care Board,E40000011,Midlands,DEC2021,Unknown,GP,Face-to-Face,More than 28 Days,173
71E,E38000238,NHS Lincolnshire ICB - 71E,E54000013,NHS Lincolnshire Integrated Care Board,E40000011,Midlands,DEC2021,Unknown,GP,Face-to-Face,Same Day,252
71E,E38000238,NHS Lincolnshire ICB - 71E,E54000013,NHS Lincolnshire Integrated Care Board,E40000011,Midlands,DEC2021,Unknown,GP,Face-to-Face,Unknown / Data Quality,2
71E,E38000238,NHS Lincolnshire ICB - 71E,E54000013,NHS Lincolnshire Integrated Care Board,E40000011,Midlands,DEC2021,Unknown,GP,Home Visit,15  to 21 Days,1
71E,E38000238,NHS Lincolnshire ICB - 71E,E54000013,NHS Lincolnshire Integrated Care Board,E40000011,Midlands,DEC2021,Unknown,GP,Home Visit,2 to 7 Days,2
71E,E38000238,NHS Lincolnshire ICB - 71E,E54000013,NHS Lincolnshire Integrated Care Board,E40000011,Midlands,DEC2021,Unknown,GP,Home Visit,22  to 28 Days,1
71E,E38000238,NHS Lincolnshire ICB - 71E,E54000013,NHS Lincolnshire Integrated Care Board,E40000011,Midlands,DEC2021,Unknown,GP,Home Visit,8  to 14 Days,3
71E,E38000238,NHS Lincolnshire ICB - 71E,E54000013,NHS Lincolnshire Integrated Care Board,E40000011,Midlands,DEC2021,Unknown,GP,Home Visit,More than 28 Days,3
71E,E38000238,NHS Lincolnshire ICB - 71E,E54000013,NHS Lincolnshire Integrated Care Board,E40000011,Midlands,DEC2021,Unknown,GP,Telephone,1 Day,84
71E,E38000238,NHS Lincolnshire ICB - 71E,E54000013,NHS Lincolnshire Integrated Care Board,E40000011,Midlands,DEC2021,Unknown,GP,Telephone,15  to 21 Days,77
71E,E38000238,NHS Lincolnshire ICB - 71E,E54000013,NHS Lincolnshire Integrated Care Board,E40000011,Midlands,DEC2021,Unknown,GP,Telephone,2 to 7 Days,228
71E,E38000238,NHS Lincolnshire ICB - 71E,E54000013,NHS Lincolnshire Integrated Care Board,E40000011,Midlands,DEC2021,Unknown,GP,Telephone,22  to 28 Days,51
71E,E38000238,NHS Lincolnshire ICB - 71E,E54000013,NHS Lincolnshire Integrated Care Board,E40000011,Midlands,DEC2021,Unknown,GP,Telephone,8  to 14 Days,271
71E,E38000238,NHS Lincolnshire ICB - 71E,E54000013,NHS Lincolnshire Integrated Care Board,E40000011,Midlands,DEC2021,Unknown,GP,Telephone,More than 28 Days,51
71E,E38000238,NHS Lincolnshire ICB - 71E,E54000013,NHS Lincolnshire Integrated Care Board,E40000011,Midlands,DEC2021,Unknown,GP,Telephone,Same Day,363
71E,E38000238,NHS Lincolnshire ICB - 71E,E54000013,NHS Lincolnshire Integrated Care Board,E40000011,Midlands,DEC2021,Unknown,GP,Telephone,Unknown / Data Quality,2
71E,E38000238,NHS Lincolnshire ICB - 71E,E54000013,NHS Lincolnshire Integrated Care Board,E40000011,Midlands,DEC2021,Unknown,GP,Video/Online,2 to 7 Days,2
71E,E38000238,NHS Lincolnshire ICB - 71E,E54000013,NHS Lincolnshire Integrated Care Board,E40000011,Midlands,DEC2021,Unknown,GP,Video/Online,8  to 14 Days,1
71E,E38000238,NHS Lincolnshire ICB - 71E,E54000013,NHS Lincolnshire Integrated Care Board,E40000011,Midlands,DEC2021,Unknown,GP,Video/Online,Same Day,4
71E,E38000238,NHS Lincolnshire ICB - 71E,E54000013,NHS Lincolnshire Integrated Care Board,E40000011,Midlands,DEC2021,Unknown,Other Practice staff,Face-to-Face,1 Day,196
71E,E38000238,NHS Lincolnshire ICB - 71E,E54000013,NHS Lincolnshire Integrated Care Board,E40000011,Midlands,DEC2021,Unknown,Other Practice staff,Face-to-Face,15  to 21 Days,1384
71E,E38000238,NHS Lincolnshire ICB - 71E,E54000013,NHS Lincolnshire Integrated Care Board,E40000011,Midlands,DEC2021,Unknown,Other Practice staff,Face-to-Face,2 to 7 Days,1623
71E,E38000238,NHS Lincolnshire ICB - 71E,E54000013,NHS Lincolnshire Integrated Care Board,E40000011,Midlands,DEC2021,Unknown,Other Practice staff,Face-to-Face,22  to 28 Days,1199
71E,E38000238,NHS Lincolnshire ICB - 71E,E54000013,NHS Lincolnshire Integrated Care Board,E40000011,Midlands,DEC2021,Unknown,Other Practice staff,Face-to-Face,8  to 14 Days,1990
71E,E38000238,NHS Lincolnshire ICB - 71E,E54000013,NHS Lincolnshire Integrated Care Board,E40000011,Midlands,DEC2021,Unknown,Other Practice staff,Face-to-Face,More than 28 Days,1610
71E,E38000238,NHS Lincolnshire ICB - 71E,E54000013,NHS Lincolnshire Integrated Care Board,E40000011,Midlands,DEC2021,Unknown,Other Practice staff,Face-to-Face,Same Day,1092
71E,E38000238,NHS Lincolnshire ICB - 71E,E54000013,NHS Lincolnshire Integrated Care Board,E40000011,Midlands,DEC2021,Unknown,Other Practice staff,Face-to-Face,Unknown / Data Quality,14
71E,E38000238,NHS Lincolnshire ICB - 71E,E54000013,NHS Lincolnshire Integrated Care Board,E40000011,Midlands,DEC2021,Unknown,Other Practice staff,Home Visit,1 Day,20
71E,E38000238,NHS Lincolnshire ICB - 71E,E54000013,NHS Lincolnshire Integrated Care Board,E40000011,Midlands,DEC2021,Unknown,Other Practice staff,Home Visit,15  to 21 Days,7
71E,E38000238,NHS Lincolnshire ICB - 71E,E54000013,NHS Lincolnshire Integrated Care Board,E40000011,Midlands,DEC2021,Unknown,Other Practice staff,Home Visit,2 to 7 Days,58
71E,E38000238,NHS Lincolnshire ICB - 71E,E54000013,NHS Lincolnshire Integrated Care Board,E40000011,Midlands,DEC2021,Unknown,Other Practice staff,Home Visit,22  to 28 Days,24
71E,E38000238,NHS Lincolnshire ICB - 71E,E54000013,NHS Lincolnshire Integrated Care Board,E40000011,Midlands,DEC2021,Unknown,Other Practice staff,Home Visit,8  to 14 Days,61
71E,E38000238,NHS Lincolnshire ICB - 71E,E54000013,NHS Lincolnshire Integrated Care Board,E40000011,Midlands,DEC2021,Unknown,Other Practice staff,Home Visit,More than 28 Days,13
71E,E38000238,NHS Lincolnshire ICB - 71E,E54000013,NHS Lincolnshire Integrated Care Board,E40000011,Midlands,DEC2021,Unknown,Other Practice staff,Home Visit,Same Day,11
71E,E38000238,NHS Lincolnshire ICB - 71E,E54000013,NHS Lincolnshire Integrated Care Board,E40000011,Midlands,DEC2021,Unknown,Other Practice staff,Telephone,1 Day,110
71E,E38000238,NHS Lincolnshire ICB - 71E,E54000013,NHS Lincolnshire Integrated Care Board,E40000011,Midlands,DEC2021,Unknown,Other Practice staff,Telephone,15  to 21 Days,155
71E,E38000238,NHS Lincolnshire ICB - 71E,E54000013,NHS Lincolnshire Integrated Care Board,E40000011,Midlands,DEC2021,Unknown,Other Practice staff,Telephone,2 to 7 Days,237
71E,E38000238,NHS Lincolnshire ICB - 71E,E54000013,NHS Lincolnshire Integrated Care Board,E40000011,Midlands,DEC2021,Unknown,Other Practice staff,Telephone,22  to 28 Days,136
71E,E38000238,NHS Lincolnshire ICB - 71E,E54000013,NHS Lincolnshire Integrated Care Board,E40000011,Midlands,DEC2021,Unknown,Other Practice staff,Telephone,8  to 14 Days,205
71E,E38000238,NHS Lincolnshire ICB - 71E,E54000013,NHS Lincolnshire Integrated Care Board,E40000011,Midlands,DEC2021,Unknown,Other Practice staff,Telephone,More than 28 Days,90
71E,E38000238,NHS Lincolnshire ICB - 71E,E54000013,NHS Lincolnshire Integrated Care Board,E40000011,Midlands,DEC2021,Unknown,Other Practice staff,Telephone,Same Day,343
71E,E38000238,NHS Lincolnshire ICB - 71E,E54000013,NHS Lincolnshire Integrated Care Board,E40000011,Midlands,DEC2021,Unknown,Other Practice staff,Telephone,Unknown / Data Quality,3
71E,E38000238,NHS Lincolnshire ICB - 71E,E54000013,NHS Lincolnshire Integrated Care Board,E40000011,Midlands,DEC2021,Unknown,Other Practice staff,Video/Online,15  to 21 Days,2
71E,E38000238,NHS Lincolnshire ICB - 71E,E54000013,NHS Lincolnshire Integrated Care Board,E40000011,Midlands,DEC2021,Unknown,Other Practice staff,Video/Online,2 to 7 Days,1
71E,E38000238,NHS Lincolnshire ICB - 71E,E54000013,NHS Lincolnshire Integrated Care Board,E40000011,Midlands,DEC2021,Unknown,Other Practice staff,Video/Online,8  to 14 Days,3
71E,E38000238,NHS Lincolnshire ICB - 71E,E54000013,NHS Lincolnshire Integrated Care Board,E40000011,Midlands,DEC2021,Unknown,Other Practice staff,Video/Online,More than 28 Days,1
71E,E38000238,NHS Lincolnshire ICB - 71E,E54000013,NHS Lincolnshire Integrated Care Board,E40000011,Midlands,DEC2021,Unknown,Other Practice staff,Video/Online,Same Day,1
71E,E38000238,NHS Lincolnshire ICB - 71E,E54000013,NHS Lincolnshire Integrated Care Board,E40000011,Midlands,DEC2021,Unknown,Unknown,Unknown,1 Day,28
71E,E38000238,NHS Lincolnshire ICB - 71E,E54000013,NHS Lincolnshire Integrated Care Board,E40000011,Midlands,DEC2021,Unknown,Unknown,Unknown,15  to 21 Days,209
71E,E38000238,NHS Lincolnshire ICB - 71E,E54000013,NHS Lincolnshire Integrated Care Board,E40000011,Midlands,DEC2021,Unknown,Unknown,Unknown,2 to 7 Days,211
71E,E38000238,NHS Lincolnshire ICB - 71E,E54000013,NHS Lincolnshire Integrated Care Board,E40000011,Midlands,DEC2021,Unknown,Unknown,Unknown,22  to 28 Days,140
71E,E38000238,NHS Lincolnshire ICB - 71E,E54000013,NHS Lincolnshire Integrated Care Board,E40000011,Midlands,DEC2021,Unknown,Unknown,Unknown,8  to 14 Days,294
71E,E38000238,NHS Lincolnshire ICB - 71E,E54000013,NHS Lincolnshire Integrated Care Board,E40000011,Midlands,DEC2021,Unknown,Unknown,Unknown,More than 28 Days,161
71E,E38000238,NHS Lincolnshire ICB - 71E,E54000013,NHS Lincolnshire Integrated Care Board,E40000011,Midlands,DEC2021,Unknown,Unknown,Unknown,Same Day,72
71E,E38000238,NHS Lincolnshire ICB - 71E,E54000013,NHS Lincolnshire Integrated Care Board,E40000011,Midlands,JAN2022,Attended,GP,Face-to-Face,1 Day,5504
71E,E38000238,NHS Lincolnshire ICB - 71E,E54000013,NHS Lincolnshire Integrated Care Board,E40000011,Midlands,JAN2022,Attended,GP,Face-to-Face,15  to 21 Days,1505
71E,E38000238,NHS Lincolnshire ICB - 71E,E54000013,NHS Lincolnshire Integrated Care Board,E40000011,Midlands,JAN2022,Attended,GP,Face-to-Face,2 to 7 Days,9183
71E,E38000238,NHS Lincolnshire ICB - 71E,E54000013,NHS Lincolnshire Integrated Care Board,E40000011,Midlands,JAN2022,Attended,GP,Face-to-Face,22  to 28 Days,917
71E,E38000238,NHS Lincolnshire ICB - 71E,E54000013,NHS Lincolnshire Integrated Care Board,E40000011,Midlands,JAN2022,Attended,GP,Face-to-Face,8  to 14 Days,3914
71E,E38000238,NHS Lincolnshire ICB - 71E,E54000013,NHS Lincolnshire Integrated Care Board,E40000011,Midlands,JAN2022,Attended,GP,Face-to-Face,More than 28 Days,843
71E,E38000238,NHS Lincolnshire ICB - 71E,E54000013,NHS Lincolnshire Integrated Care Board,E40000011,Midlands,JAN2022,Attended,GP,Face-to-Face,Same Day,43399
71E,E38000238,NHS Lincolnshire ICB - 71E,E54000013,NHS Lincolnshire Integrated Care Board,E40000011,Midlands,JAN2022,Attended,GP,Face-to-Face,Unknown / Data Quality,50
71E,E38000238,NHS Lincolnshire ICB - 71E,E54000013,NHS Lincolnshire Integrated Care Board,E40000011,Midlands,JAN2022,Attended,GP,Home Visit,1 Day,16
71E,E38000238,NHS Lincolnshire ICB - 71E,E54000013,NHS Lincolnshire Integrated Care Board,E40000011,Midlands,JAN2022,Attended,GP,Home Visit,15  to 21 Days,6
71E,E38000238,NHS Lincolnshire ICB - 71E,E54000013,NHS Lincolnshire Integrated Care Board,E40000011,Midlands,JAN2022,Attended,GP,Home Visit,2 to 7 Days,21
71E,E38000238,NHS Lincolnshire ICB - 71E,E54000013,NHS Lincolnshire Integrated Care Board,E40000011,Midlands,JAN2022,Attended,GP,Home Visit,8  to 14 Days,2
71E,E38000238,NHS Lincolnshire ICB - 71E,E54000013,NHS Lincolnshire Integrated Care Board,E40000011,Midlands,JAN2022,Attended,GP,Home Visit,Same Day,124
71E,E38000238,NHS Lincolnshire ICB - 71E,E54000013,NHS Lincolnshire Integrated Care Board,E40000011,Midlands,JAN2022,Attended,GP,Telephone,1 Day,4050
71E,E38000238,NHS Lincolnshire ICB - 71E,E54000013,NHS Lincolnshire Integrated Care Board,E40000011,Midlands,JAN2022,Attended,GP,Telephone,15  to 21 Days,1031
71E,E38000238,NHS Lincolnshire ICB - 71E,E54000013,NHS Lincolnshire Integrated Care Board,E40000011,Midlands,JAN2022,Attended,GP,Telephone,2 to 7 Days,8988
71E,E38000238,NHS Lincolnshire ICB - 71E,E54000013,NHS Lincolnshire Integrated Care Board,E40000011,Midlands,JAN2022,Attended,GP,Telephone,22  to 28 Days,405
71E,E38000238,NHS Lincolnshire ICB - 71E,E54000013,NHS Lincolnshire Integrated Care Board,E40000011,Midlands,JAN2022,Attended,GP,Telephone,8  to 14 Days,3314
71E,E38000238,NHS Lincolnshire ICB - 71E,E54000013,NHS Lincolnshire Integrated Care Board,E40000011,Midlands,JAN2022,Attended,GP,Telephone,More than 28 Days,312
71E,E38000238,NHS Lincolnshire ICB - 71E,E54000013,NHS Lincolnshire Integrated Care Board,E40000011,Midlands,JAN2022,Attended,GP,Telephone,Same Day,46565
71E,E38000238,NHS Lincolnshire ICB - 71E,E54000013,NHS Lincolnshire Integrated Care Board,E40000011,Midlands,JAN2022,Attended,GP,Telephone,Unknown / Data Quality,6
71E,E38000238,NHS Lincolnshire ICB - 71E,E54000013,NHS Lincolnshire Integrated Care Board,E40000011,Midlands,JAN2022,Attended,GP,Video/Online,1 Day,84
71E,E38000238,NHS Lincolnshire ICB - 71E,E54000013,NHS Lincolnshire Integrated Care Board,E40000011,Midlands,JAN2022,Attended,GP,Video/Online,2 to 7 Days,17
71E,E38000238,NHS Lincolnshire ICB - 71E,E54000013,NHS Lincolnshire Integrated Care Board,E40000011,Midlands,JAN2022,Attended,GP,Video/Online,8  to 14 Days,1
71E,E38000238,NHS Lincolnshire ICB - 71E,E54000013,NHS Lincolnshire Integrated Care Board,E40000011,Midlands,JAN2022,Attended,GP,Video/Online,Same Day,521
71E,E38000238,NHS Lincolnshire ICB - 71E,E54000013,NHS Lincolnshire Integrated Care Board,E40000011,Midlands,JAN2022,Attended,GP,Video/Online,Unknown / Data Quality,2
71E,E38000238,NHS Lincolnshire ICB - 71E,E54000013,NHS Lincolnshire Integrated Care Board,E40000011,Midlands,JAN2022,Attended,Other Practice staff,Face-to-Face,1 Day,10847
71E,E38000238,NHS Lincolnshire ICB - 71E,E54000013,NHS Lincolnshire Integrated Care Board,E40000011,Midlands,JAN2022,Attended,Other Practice staff,Face-to-Face,15  to 21 Days,12531
71E,E38000238,NHS Lincolnshire ICB - 71E,E54000013,NHS Lincolnshire Integrated Care Board,E40000011,Midlands,JAN2022,Attended,Other Practice staff,Face-to-Face,2 to 7 Days,40288
71E,E38000238,NHS Lincolnshire ICB - 71E,E54000013,NHS Lincolnshire Integrated Care Board,E40000011,Midlands,JAN2022,Attended,Other Practice staff,Face-to-Face,22  to 28 Days,8367
71E,E38000238,NHS Lincolnshire ICB - 71E,E54000013,NHS Lincolnshire Integrated Care Board,E40000011,Midlands,JAN2022,Attended,Other Practice staff,Face-to-Face,8  to 14 Days,24469
71E,E38000238,NHS Lincolnshire ICB - 71E,E54000013,NHS Lincolnshire Integrated Care Board,E40000011,Midlands,JAN2022,Attended,Other Practice staff,Face-to-Face,More than 28 Days,10729
71E,E38000238,NHS Lincolnshire ICB - 71E,E54000013,NHS Lincolnshire Integrated Care Board,E40000011,Midlands,JAN2022,Attended,Other Practice staff,Face-to-Face,Same Day,42114
71E,E38000238,NHS Lincolnshire ICB - 71E,E54000013,NHS Lincolnshire Integrated Care Board,E40000011,Midlands,JAN2022,Attended,Other Practice staff,Face-to-Face,Unknown / Data Quality,48
71E,E38000238,NHS Lincolnshire ICB - 71E,E54000013,NHS Lincolnshire Integrated Care Board,E40000011,Midlands,JAN2022,Attended,Other Practice staff,Home Visit,1 Day,131
71E,E38000238,NHS Lincolnshire ICB - 71E,E54000013,NHS Lincolnshire Integrated Care Board,E40000011,Midlands,JAN2022,Attended,Other Practice staff,Home Visit,15  to 21 Days,120
71E,E38000238,NHS Lincolnshire ICB - 71E,E54000013,NHS Lincolnshire Integrated Care Board,E40000011,Midlands,JAN2022,Attended,Other Practice staff,Home Visit,2 to 7 Days,637
71E,E38000238,NHS Lincolnshire ICB - 71E,E54000013,NHS Lincolnshire Integrated Care Board,E40000011,Midlands,JAN2022,Attended,Other Practice staff,Home Visit,22  to 28 Days,79
71E,E38000238,NHS Lincolnshire ICB - 71E,E54000013,NHS Lincolnshire Integrated Care Board,E40000011,Midlands,JAN2022,Attended,Other Practice staff,Home Visit,8  to 14 Days,257
71E,E38000238,NHS Lincolnshire ICB - 71E,E54000013,NHS Lincolnshire Integrated Care Board,E40000011,Midlands,JAN2022,Attended,Other Practice staff,Home Visit,More than 28 Days,77
71E,E38000238,NHS Lincolnshire ICB - 71E,E54000013,NHS Lincolnshire Integrated Care Board,E40000011,Midlands,JAN2022,Attended,Other Practice staff,Home Visit,Same Day,226
71E,E38000238,NHS Lincolnshire ICB - 71E,E54000013,NHS Lincolnshire Integrated Care Board,E40000011,Midlands,JAN2022,Attended,Other Practice staff,Home Visit,Unknown / Data Quality,3
71E,E38000238,NHS Lincolnshire ICB - 71E,E54000013,NHS Lincolnshire Integrated Care Board,E40000011,Midlands,JAN2022,Attended,Other Practice staff,Telephone,1 Day,2685
71E,E38000238,NHS Lincolnshire ICB - 71E,E54000013,NHS Lincolnshire Integrated Care Board,E40000011,Midlands,JAN2022,Attended,Other Practice staff,Telephone,15  to 21 Days,1010
71E,E38000238,NHS Lincolnshire ICB - 71E,E54000013,NHS Lincolnshire Integrated Care Board,E40000011,Midlands,JAN2022,Attended,Other Practice staff,Telephone,2 to 7 Days,5547
71E,E38000238,NHS Lincolnshire ICB - 71E,E54000013,NHS Lincolnshire Integrated Care Board,E40000011,Midlands,JAN2022,Attended,Other Practice staff,Telephone,22  to 28 Days,977
71E,E38000238,NHS Lincolnshire ICB - 71E,E54000013,NHS Lincolnshire Integrated Care Board,E40000011,Midlands,JAN2022,Attended,Other Practice staff,Telephone,8  to 14 Days,2074
71E,E38000238,NHS Lincolnshire ICB - 71E,E54000013,NHS Lincolnshire Integrated Care Board,E40000011,Midlands,JAN2022,Attended,Other Practice staff,Telephone,More than 28 Days,1031
71E,E38000238,NHS Lincolnshire ICB - 71E,E54000013,NHS Lincolnshire Integrated Care Board,E40000011,Midlands,JAN2022,Attended,Other Practice staff,Telephone,Same Day,25710
71E,E38000238,NHS Lincolnshire ICB - 71E,E54000013,NHS Lincolnshire Integrated Care Board,E40000011,Midlands,JAN2022,Attended,Other Practice staff,Telephone,Unknown / Data Quality,41
71E,E38000238,NHS Lincolnshire ICB - 71E,E54000013,NHS Lincolnshire Integrated Care Board,E40000011,Midlands,JAN2022,Attended,Other Practice staff,Video/Online,1 Day,23
71E,E38000238,NHS Lincolnshire ICB - 71E,E54000013,NHS Lincolnshire Integrated Care Board,E40000011,Midlands,JAN2022,Attended,Other Practice staff,Video/Online,15  to 21 Days,17
71E,E38000238,NHS Lincolnshire ICB - 71E,E54000013,NHS Lincolnshire Integrated Care Board,E40000011,Midlands,JAN2022,Attended,Other Practice staff,Video/Online,2 to 7 Days,62
71E,E38000238,NHS Lincolnshire ICB - 71E,E54000013,NHS Lincolnshire Integrated Care Board,E40000011,Midlands,JAN2022,Attended,Other Practice staff,Video/Online,22  to 28 Days,8
71E,E38000238,NHS Lincolnshire ICB - 71E,E54000013,NHS Lincolnshire Integrated Care Board,E40000011,Midlands,JAN2022,Attended,Other Practice staff,Video/Online,8  to 14 Days,47
71E,E38000238,NHS Lincolnshire ICB - 71E,E54000013,NHS Lincolnshire Integrated Care Board,E40000011,Midlands,JAN2022,Attended,Other Practice staff,Video/Online,More than 28 Days,10
71E,E38000238,NHS Lincolnshire ICB - 71E,E54000013,NHS Lincolnshire Integrated Care Board,E40000011,Midlands,JAN2022,Attended,Other Practice staff,Video/Online,Same Day,415
71E,E38000238,NHS Lincolnshire ICB - 71E,E54000013,NHS Lincolnshire Integrated Care Board,E40000011,Midlands,JAN2022,Attended,Unknown,Unknown,1 Day,991
71E,E38000238,NHS Lincolnshire ICB - 71E,E54000013,NHS Lincolnshire Integrated Care Board,E40000011,Midlands,JAN2022,Attended,Unknown,Unknown,15  to 21 Days,435
71E,E38000238,NHS Lincolnshire ICB - 71E,E54000013,NHS Lincolnshire Integrated Care Board,E40000011,Midlands,JAN2022,Attended,Unknown,Unknown,2 to 7 Days,2140
71E,E38000238,NHS Lincolnshire ICB - 71E,E54000013,NHS Lincolnshire Integrated Care Board,E40000011,Midlands,JAN2022,Attended,Unknown,Unknown,22  to 28 Days,222
71E,E38000238,NHS Lincolnshire ICB - 71E,E54000013,NHS Lincolnshire Integrated Care Board,E40000011,Midlands,JAN2022,Attended,Unknown,Unknown,8  to 14 Days,666
71E,E38000238,NHS Lincolnshire ICB - 71E,E54000013,NHS Lincolnshire Integrated Care Board,E40000011,Midlands,JAN2022,Attended,Unknown,Unknown,More than 28 Days,189
71E,E38000238,NHS Lincolnshire ICB - 71E,E54000013,NHS Lincolnshire Integrated Care Board,E40000011,Midlands,JAN2022,Attended,Unknown,Unknown,Same Day,6902
71E,E38000238,NHS Lincolnshire ICB - 71E,E54000013,NHS Lincolnshire Integrated Care Board,E40000011,Midlands,JAN2022,Attended,Unknown,Unknown,Unknown / Data Quality,8
71E,E38000238,NHS Lincolnshire ICB - 71E,E54000013,NHS Lincolnshire Integrated Care Board,E40000011,Midlands,JAN2022,DNA,GP,Face-to-Face,1 Day,145
71E,E38000238,NHS Lincolnshire ICB - 71E,E54000013,NHS Lincolnshire Integrated Care Board,E40000011,Midlands,JAN2022,DNA,GP,Face-to-Face,15  to 21 Days,121
71E,E38000238,NHS Lincolnshire ICB - 71E,E54000013,NHS Lincolnshire Integrated Care Board,E40000011,Midlands,JAN2022,DNA,GP,Face-to-Face,2 to 7 Days,399
71E,E38000238,NHS Lincolnshire ICB - 71E,E54000013,NHS Lincolnshire Integrated Care Board,E40000011,Midlands,JAN2022,DNA,GP,Face-to-Face,22  to 28 Days,43
71E,E38000238,NHS Lincolnshire ICB - 71E,E54000013,NHS Lincolnshire Integrated Care Board,E40000011,Midlands,JAN2022,DNA,GP,Face-to-Face,8  to 14 Days,175
71E,E38000238,NHS Lincolnshire ICB - 71E,E54000013,NHS Lincolnshire Integrated Care Board,E40000011,Midlands,JAN2022,DNA,GP,Face-to-Face,More than 28 Days,66
71E,E38000238,NHS Lincolnshire ICB - 71E,E54000013,NHS Lincolnshire Integrated Care Board,E40000011,Midlands,JAN2022,DNA,GP,Face-to-Face,Same Day,387
71E,E38000238,NHS Lincolnshire ICB - 71E,E54000013,NHS Lincolnshire Integrated Care Board,E40000011,Midlands,JAN2022,DNA,GP,Telephone,1 Day,35
71E,E38000238,NHS Lincolnshire ICB - 71E,E54000013,NHS Lincolnshire Integrated Care Board,E40000011,Midlands,JAN2022,DNA,GP,Telephone,15  to 21 Days,4
71E,E38000238,NHS Lincolnshire ICB - 71E,E54000013,NHS Lincolnshire Integrated Care Board,E40000011,Midlands,JAN2022,DNA,GP,Telephone,2 to 7 Days,64
71E,E38000238,NHS Lincolnshire ICB - 71E,E54000013,NHS Lincolnshire Integrated Care Board,E40000011,Midlands,JAN2022,DNA,GP,Telephone,22  to 28 Days,4
71E,E38000238,NHS Lincolnshire ICB - 71E,E54000013,NHS Lincolnshire Integrated Care Board,E40000011,Midlands,JAN2022,DNA,GP,Telephone,8  to 14 Days,29
71E,E38000238,NHS Lincolnshire ICB - 71E,E54000013,NHS Lincolnshire Integrated Care Board,E40000011,Midlands,JAN2022,DNA,GP,Telephone,More than 28 Days,1
71E,E38000238,NHS Lincolnshire ICB - 71E,E54000013,NHS Lincolnshire Integrated Care Board,E40000011,Midlands,JAN2022,DNA,GP,Telephone,Same Day,290
71E,E38000238,NHS Lincolnshire ICB - 71E,E54000013,NHS Lincolnshire Integrated Care Board,E40000011,Midlands,JAN2022,DNA,GP,Video/Online,1 Day,7
71E,E38000238,NHS Lincolnshire ICB - 71E,E54000013,NHS Lincolnshire Integrated Care Board,E40000011,Midlands,JAN2022,DNA,GP,Video/Online,2 to 7 Days,1
71E,E38000238,NHS Lincolnshire ICB - 71E,E54000013,NHS Lincolnshire Integrated Care Board,E40000011,Midlands,JAN2022,DNA,GP,Video/Online,Same Day,11
71E,E38000238,NHS Lincolnshire ICB - 71E,E54000013,NHS Lincolnshire Integrated Care Board,E40000011,Midlands,JAN2022,DNA,Other Practice staff,Face-to-Face,1 Day,556
71E,E38000238,NHS Lincolnshire ICB - 71E,E54000013,NHS Lincolnshire Integrated Care Board,E40000011,Midlands,JAN2022,DNA,Other Practice staff,Face-to-Face,15  to 21 Days,1257
71E,E38000238,NHS Lincolnshire ICB - 71E,E54000013,NHS Lincolnshire Integrated Care Board,E40000011,Midlands,JAN2022,DNA,Other Practice staff,Face-to-Face,2 to 7 Days,2742
71E,E38000238,NHS Lincolnshire ICB - 71E,E54000013,NHS Lincolnshire Integrated Care Board,E40000011,Midlands,JAN2022,DNA,Other Practice staff,Face-to-Face,22  to 28 Days,908
71E,E38000238,NHS Lincolnshire ICB - 71E,E54000013,NHS Lincolnshire Integrated Care Board,E40000011,Midlands,JAN2022,DNA,Other Practice staff,Face-to-Face,8  to 14 Days,2158
71E,E38000238,NHS Lincolnshire ICB - 71E,E54000013,NHS Lincolnshire Integrated Care Board,E40000011,Midlands,JAN2022,DNA,Other Practice staff,Face-to-Face,More than 28 Days,1334
71E,E38000238,NHS Lincolnshire ICB - 71E,E54000013,NHS Lincolnshire Integrated Care Board,E40000011,Midlands,JAN2022,DNA,Other Practice staff,Face-to-Face,Same Day,1012
71E,E38000238,NHS Lincolnshire ICB - 71E,E54000013,NHS Lincolnshire Integrated Care Board,E40000011,Midlands,JAN2022,DNA,Other Practice staff,Home Visit,1 Day,2
71E,E38000238,NHS Lincolnshire ICB - 71E,E54000013,NHS Lincolnshire Integrated Care Board,E40000011,Midlands,JAN2022,DNA,Other Practice staff,Home Visit,15  to 21 Days,1
71E,E38000238,NHS Lincolnshire ICB - 71E,E54000013,NHS Lincolnshire Integrated Care Board,E40000011,Midlands,JAN2022,DNA,Other Practice staff,Home Visit,2 to 7 Days,9
71E,E38000238,NHS Lincolnshire ICB - 71E,E54000013,NHS Lincolnshire Integrated Care Board,E40000011,Midlands,JAN2022,DNA,Other Practice staff,Home Visit,22  to 28 Days,3
71E,E38000238,NHS Lincolnshire ICB - 71E,E54000013,NHS Lincolnshire Integrated Care Board,E40000011,Midlands,JAN2022,DNA,Other Practice staff,Home Visit,8  to 14 Days,4
71E,E38000238,NHS Lincolnshire ICB - 71E,E54000013,NHS Lincolnshire Integrated Care Board,E40000011,Midlands,JAN2022,DNA,Other Practice staff,Home Visit,More than 28 Days,13
71E,E38000238,NHS Lincolnshire ICB - 71E,E54000013,NHS Lincolnshire Integrated Care Board,E40000011,Midlands,JAN2022,DNA,Other Practice staff,Home Visit,Same Day,4
71E,E38000238,NHS Lincolnshire ICB - 71E,E54000013,NHS Lincolnshire Integrated Care Board,E40000011,Midlands,JAN2022,DNA,Other Practice staff,Telephone,1 Day,44
71E,E38000238,NHS Lincolnshire ICB - 71E,E54000013,NHS Lincolnshire Integrated Care Board,E40000011,Midlands,JAN2022,DNA,Other Practice staff,Telephone,15  to 21 Days,30
71E,E38000238,NHS Lincolnshire ICB - 71E,E54000013,NHS Lincolnshire Integrated Care Board,E40000011,Midlands,JAN2022,DNA,Other Practice staff,Telephone,2 to 7 Days,140
71E,E38000238,NHS Lincolnshire ICB - 71E,E54000013,NHS Lincolnshire Integrated Care Board,E40000011,Midlands,JAN2022,DNA,Other Practice staff,Telephone,22  to 28 Days,41
71E,E38000238,NHS Lincolnshire ICB - 71E,E54000013,NHS Lincolnshire Integrated Care Board,E40000011,Midlands,JAN2022,DNA,Other Practice staff,Telephone,8  to 14 Days,70
71E,E38000238,NHS Lincolnshire ICB - 71E,E54000013,NHS Lincolnshire Integrated Care Board,E40000011,Midlands,JAN2022,DNA,Other Practice staff,Telephone,More than 28 Days,59
71E,E38000238,NHS Lincolnshire ICB - 71E,E54000013,NHS Lincolnshire Integrated Care Board,E40000011,Midlands,JAN2022,DNA,Other Practice staff,Telephone,Same Day,256
71E,E38000238,NHS Lincolnshire ICB - 71E,E54000013,NHS Lincolnshire Integrated Care Board,E40000011,Midlands,JAN2022,DNA,Other Practice staff,Video/Online,1 Day,1
71E,E38000238,NHS Lincolnshire ICB - 71E,E54000013,NHS Lincolnshire Integrated Care Board,E40000011,Midlands,JAN2022,DNA,Other Practice staff,Video/Online,15  to 21 Days,1
71E,E38000238,NHS Lincolnshire ICB - 71E,E54000013,NHS Lincolnshire Integrated Care Board,E40000011,Midlands,JAN2022,DNA,Other Practice staff,Video/Online,2 to 7 Days,3
71E,E38000238,NHS Lincolnshire ICB - 71E,E54000013,NHS Lincolnshire Integrated Care Board,E40000011,Midlands,JAN2022,DNA,Other Practice staff,Video/Online,8  to 14 Days,7
71E,E38000238,NHS Lincolnshire ICB - 71E,E54000013,NHS Lincolnshire Integrated Care Board,E40000011,Midlands,JAN2022,DNA,Other Practice staff,Video/Online,Same Day,2
71E,E38000238,NHS Lincolnshire ICB - 71E,E54000013,NHS Lincolnshire Integrated Care Board,E40000011,Midlands,JAN2022,DNA,Unknown,Unknown,1 Day,33
71E,E38000238,NHS Lincolnshire ICB - 71E,E54000013,NHS Lincolnshire Integrated Care Board,E40000011,Midlands,JAN2022,DNA,Unknown,Unknown,15  to 21 Days,48
71E,E38000238,NHS Lincolnshire ICB - 71E,E54000013,NHS Lincolnshire Integrated Care Board,E40000011,Midlands,JAN2022,DNA,Unknown,Unknown,2 to 7 Days,98
71E,E38000238,NHS Lincolnshire ICB - 71E,E54000013,NHS Lincolnshire Integrated Care Board,E40000011,Midlands,JAN2022,DNA,Unknown,Unknown,22  to 28 Days,35
71E,E38000238,NHS Lincolnshire ICB - 71E,E54000013,NHS Lincolnshire Integrated Care Board,E40000011,Midlands,JAN2022,DNA,Unknown,Unknown,8  to 14 Days,64
71E,E38000238,NHS Lincolnshire ICB - 71E,E54000013,NHS Lincolnshire Integrated Care Board,E40000011,Midlands,JAN2022,DNA,Unknown,Unknown,More than 28 Days,32
71E,E38000238,NHS Lincolnshire ICB - 71E,E54000013,NHS Lincolnshire Integrated Care Board,E40000011,Midlands,JAN2022,DNA,Unknown,Unknown,Same Day,67
71E,E38000238,NHS Lincolnshire ICB - 71E,E54000013,NHS Lincolnshire Integrated Care Board,E40000011,Midlands,JAN2022,Unknown,GP,Face-to-Face,1 Day,74
71E,E38000238,NHS Lincolnshire ICB - 71E,E54000013,NHS Lincolnshire Integrated Care Board,E40000011,Midlands,JAN2022,Unknown,GP,Face-to-Face,15  to 21 Days,128
71E,E38000238,NHS Lincolnshire ICB - 71E,E54000013,NHS Lincolnshire Integrated Care Board,E40000011,Midlands,JAN2022,Unknown,GP,Face-to-Face,2 to 7 Days,287
71E,E38000238,NHS Lincolnshire ICB - 71E,E54000013,NHS Lincolnshire Integrated Care Board,E40000011,Midlands,JAN2022,Unknown,GP,Face-to-Face,22  to 28 Days,76
71E,E38000238,NHS Lincolnshire ICB - 71E,E54000013,NHS Lincolnshire Integrated Care Board,E40000011,Midlands,JAN2022,Unknown,GP,Face-to-Face,8  to 14 Days,313
71E,E38000238,NHS Lincolnshire ICB - 71E,E54000013,NHS Lincolnshire Integrated Care Board,E40000011,Midlands,JAN2022,Unknown,GP,Face-to-Face,More than 28 Days,127
71E,E38000238,NHS Lincolnshire ICB - 71E,E54000013,NHS Lincolnshire Integrated Care Board,E40000011,Midlands,JAN2022,Unknown,GP,Face-to-Face,Same Day,241
71E,E38000238,NHS Lincolnshire ICB - 71E,E54000013,NHS Lincolnshire Integrated Care Board,E40000011,Midlands,JAN2022,Unknown,GP,Face-to-Face,Unknown / Data Quality,3
71E,E38000238,NHS Lincolnshire ICB - 71E,E54000013,NHS Lincolnshire Integrated Care Board,E40000011,Midlands,JAN2022,Unknown,GP,Home Visit,15  to 21 Days,2
71E,E38000238,NHS Lincolnshire ICB - 71E,E54000013,NHS Lincolnshire Integrated Care Board,E40000011,Midlands,JAN2022,Unknown,GP,Home Visit,2 to 7 Days,5
71E,E38000238,NHS Lincolnshire ICB - 71E,E54000013,NHS Lincolnshire Integrated Care Board,E40000011,Midlands,JAN2022,Unknown,GP,Home Visit,8  to 14 Days,1
71E,E38000238,NHS Lincolnshire ICB - 71E,E54000013,NHS Lincolnshire Integrated Care Board,E40000011,Midlands,JAN2022,Unknown,GP,Telephone,1 Day,104
71E,E38000238,NHS Lincolnshire ICB - 71E,E54000013,NHS Lincolnshire Integrated Care Board,E40000011,Midlands,JAN2022,Unknown,GP,Telephone,15  to 21 Days,62
71E,E38000238,NHS Lincolnshire ICB - 71E,E54000013,NHS Lincolnshire Integrated Care Board,E40000011,Midlands,JAN2022,Unknown,GP,Telephone,2 to 7 Days,342
71E,E38000238,NHS Lincolnshire ICB - 71E,E54000013,NHS Lincolnshire Integrated Care Board,E40000011,Midlands,JAN2022,Unknown,GP,Telephone,22  to 28 Days,46
71E,E38000238,NHS Lincolnshire ICB - 71E,E54000013,NHS Lincolnshire Integrated Care Board,E40000011,Midlands,JAN2022,Unknown,GP,Telephone,8  to 14 Days,170
71E,E38000238,NHS Lincolnshire ICB - 71E,E54000013,NHS Lincolnshire Integrated Care Board,E40000011,Midlands,JAN2022,Unknown,GP,Telephone,More than 28 Days,33
71E,E38000238,NHS Lincolnshire ICB - 71E,E54000013,NHS Lincolnshire Integrated Care Board,E40000011,Midlands,JAN2022,Unknown,GP,Telephone,Same Day,338
71E,E38000238,NHS Lincolnshire ICB - 71E,E54000013,NHS Lincolnshire Integrated Care Board,E40000011,Midlands,JAN2022,Unknown,GP,Telephone,Unknown / Data Quality,1
71E,E38000238,NHS Lincolnshire ICB - 71E,E54000013,NHS Lincolnshire Integrated Care Board,E40000011,Midlands,JAN2022,Unknown,GP,Video/Online,1 Day,1
71E,E38000238,NHS Lincolnshire ICB - 71E,E54000013,NHS Lincolnshire Integrated Care Board,E40000011,Midlands,JAN2022,Unknown,GP,Video/Online,Same Day,10
71E,E38000238,NHS Lincolnshire ICB - 71E,E54000013,NHS Lincolnshire Integrated Care Board,E40000011,Midlands,JAN2022,Unknown,Other Practice staff,Face-to-Face,1 Day,234
71E,E38000238,NHS Lincolnshire ICB - 71E,E54000013,NHS Lincolnshire Integrated Care Board,E40000011,Midlands,JAN2022,Unknown,Other Practice staff,Face-to-Face,15  to 21 Days,1022
71E,E38000238,NHS Lincolnshire ICB - 71E,E54000013,NHS Lincolnshire Integrated Care Board,E40000011,Midlands,JAN2022,Unknown,Other Practice staff,Face-to-Face,2 to 7 Days,1457
71E,E38000238,NHS Lincolnshire ICB - 71E,E54000013,NHS Lincolnshire Integrated Care Board,E40000011,Midlands,JAN2022,Unknown,Other Practice staff,Face-to-Face,22  to 28 Days,899
71E,E38000238,NHS Lincolnshire ICB - 71E,E54000013,NHS Lincolnshire Integrated Care Board,E40000011,Midlands,JAN2022,Unknown,Other Practice staff,Face-to-Face,8  to 14 Days,1588
71E,E38000238,NHS Lincolnshire ICB - 71E,E54000013,NHS Lincolnshire Integrated Care Board,E40000011,Midlands,JAN2022,Unknown,Other Practice staff,Face-to-Face,More than 28 Days,1368
71E,E38000238,NHS Lincolnshire ICB - 71E,E54000013,NHS Lincolnshire Integrated Care Board,E40000011,Midlands,JAN2022,Unknown,Other Practice staff,Face-to-Face,Same Day,695
71E,E38000238,NHS Lincolnshire ICB - 71E,E54000013,NHS Lincolnshire Integrated Care Board,E40000011,Midlands,JAN2022,Unknown,Other Practice staff,Face-to-Face,Unknown / Data Quality,10
71E,E38000238,NHS Lincolnshire ICB - 71E,E54000013,NHS Lincolnshire Integrated Care Board,E40000011,Midlands,JAN2022,Unknown,Other Practice staff,Home Visit,1 Day,10
71E,E38000238,NHS Lincolnshire ICB - 71E,E54000013,NHS Lincolnshire Integrated Care Board,E40000011,Midlands,JAN2022,Unknown,Other Practice staff,Home Visit,15  to 21 Days,23
71E,E38000238,NHS Lincolnshire ICB - 71E,E54000013,NHS Lincolnshire Integrated Care Board,E40000011,Midlands,JAN2022,Unknown,Other Practice staff,Home Visit,2 to 7 Days,25
71E,E38000238,NHS Lincolnshire ICB - 71E,E54000013,NHS Lincolnshire Integrated Care Board,E40000011,Midlands,JAN2022,Unknown,Other Practice staff,Home Visit,22  to 28 Days,12
71E,E38000238,NHS Lincolnshire ICB - 71E,E54000013,NHS Lincolnshire Integrated Care Board,E40000011,Midlands,JAN2022,Unknown,Other Practice staff,Home Visit,8  to 14 Days,37
71E,E38000238,NHS Lincolnshire ICB - 71E,E54000013,NHS Lincolnshire Integrated Care Board,E40000011,Midlands,JAN2022,Unknown,Other Practice staff,Home Visit,More than 28 Days,19
71E,E38000238,NHS Lincolnshire ICB - 71E,E54000013,NHS Lincolnshire Integrated Care Board,E40000011,Midlands,JAN2022,Unknown,Other Practice staff,Home Visit,Same Day,13
71E,E38000238,NHS Lincolnshire ICB - 71E,E54000013,NHS Lincolnshire Integrated Care Board,E40000011,Midlands,JAN2022,Unknown,Other Practice staff,Telephone,1 Day,89
71E,E38000238,NHS Lincolnshire ICB - 71E,E54000013,NHS Lincolnshire Integrated Care Board,E40000011,Midlands,JAN2022,Unknown,Other Practice staff,Telephone,15  to 21 Days,106
71E,E38000238,NHS Lincolnshire ICB - 71E,E54000013,NHS Lincolnshire Integrated Care Board,E40000011,Midlands,JAN2022,Unknown,Other Practice staff,Telephone,2 to 7 Days,372
71E,E38000238,NHS Lincolnshire ICB - 71E,E54000013,NHS Lincolnshire Integrated Care Board,E40000011,Midlands,JAN2022,Unknown,Other Practice staff,Telephone,22  to 28 Days,79
71E,E38000238,NHS Lincolnshire ICB - 71E,E54000013,NHS Lincolnshire Integrated Care Board,E40000011,Midlands,JAN2022,Unknown,Other Practice staff,Telephone,8  to 14 Days,180
71E,E38000238,NHS Lincolnshire ICB - 71E,E54000013,NHS Lincolnshire Integrated Care Board,E40000011,Midlands,JAN2022,Unknown,Other Practice staff,Telephone,More than 28 Days,133
71E,E38000238,NHS Lincolnshire ICB - 71E,E54000013,NHS Lincolnshire Integrated Care Board,E40000011,Midlands,JAN2022,Unknown,Other Practice staff,Telephone,Same Day,355
71E,E38000238,NHS Lincolnshire ICB - 71E,E54000013,NHS Lincolnshire Integrated Care Board,E40000011,Midlands,JAN2022,Unknown,Other Practice staff,Video/Online,15  to 21 Days,1
71E,E38000238,NHS Lincolnshire ICB - 71E,E54000013,NHS Lincolnshire Integrated Care Board,E40000011,Midlands,JAN2022,Unknown,Other Practice staff,Video/Online,2 to 7 Days,2
71E,E38000238,NHS Lincolnshire ICB - 71E,E54000013,NHS Lincolnshire Integrated Care Board,E40000011,Midlands,JAN2022,Unknown,Other Practice staff,Video/Online,8  to 14 Days,2
71E,E38000238,NHS Lincolnshire ICB - 71E,E54000013,NHS Lincolnshire Integrated Care Board,E40000011,Midlands,JAN2022,Unknown,Other Practice staff,Video/Online,More than 28 Days,1
71E,E38000238,NHS Lincolnshire ICB - 71E,E54000013,NHS Lincolnshire Integrated Care Board,E40000011,Midlands,JAN2022,Unknown,Other Practice staff,Video/Online,Same Day,1
71E,E38000238,NHS Lincolnshire ICB - 71E,E54000013,NHS Lincolnshire Integrated Care Board,E40000011,Midlands,JAN2022,Unknown,Unknown,Unknown,1 Day,32
71E,E38000238,NHS Lincolnshire ICB - 71E,E54000013,NHS Lincolnshire Integrated Care Board,E40000011,Midlands,JAN2022,Unknown,Unknown,Unknown,15  to 21 Days,130
71E,E38000238,NHS Lincolnshire ICB - 71E,E54000013,NHS Lincolnshire Integrated Care Board,E40000011,Midlands,JAN2022,Unknown,Unknown,Unknown,2 to 7 Days,179
71E,E38000238,NHS Lincolnshire ICB - 71E,E54000013,NHS Lincolnshire Integrated Care Board,E40000011,Midlands,JAN2022,Unknown,Unknown,Unknown,22  to 28 Days,97
71E,E38000238,NHS Lincolnshire ICB - 71E,E54000013,NHS Lincolnshire Integrated Care Board,E40000011,Midlands,JAN2022,Unknown,Unknown,Unknown,8  to 14 Days,190
71E,E38000238,NHS Lincolnshire ICB - 71E,E54000013,NHS Lincolnshire Integrated Care Board,E40000011,Midlands,JAN2022,Unknown,Unknown,Unknown,More than 28 Days,112
71E,E38000238,NHS Lincolnshire ICB - 71E,E54000013,NHS Lincolnshire Integrated Care Board,E40000011,Midlands,JAN2022,Unknown,Unknown,Unknown,Same Day,42
71E,E38000238,NHS Lincolnshire ICB - 71E,E54000013,NHS Lincolnshire Integrated Care Board,E40000011,Midlands,FEB2022,Attended,GP,Face-to-Face,1 Day,5639
71E,E38000238,NHS Lincolnshire ICB - 71E,E54000013,NHS Lincolnshire Integrated Care Board,E40000011,Midlands,FEB2022,Attended,GP,Face-to-Face,15  to 21 Days,1805
71E,E38000238,NHS Lincolnshire ICB - 71E,E54000013,NHS Lincolnshire Integrated Care Board,E40000011,Midlands,FEB2022,Attended,GP,Face-to-Face,2 to 7 Days,9061
71E,E38000238,NHS Lincolnshire ICB - 71E,E54000013,NHS Lincolnshire Integrated Care Board,E40000011,Midlands,FEB2022,Attended,GP,Face-to-Face,22  to 28 Days,822
71E,E38000238,NHS Lincolnshire ICB - 71E,E54000013,NHS Lincolnshire Integrated Care Board,E40000011,Midlands,FEB2022,Attended,GP,Face-to-Face,8  to 14 Days,4728
71E,E38000238,NHS Lincolnshire ICB - 71E,E54000013,NHS Lincolnshire Integrated Care Board,E40000011,Midlands,FEB2022,Attended,GP,Face-to-Face,More than 28 Days,520
71E,E38000238,NHS Lincolnshire ICB - 71E,E54000013,NHS Lincolnshire Integrated Care Board,E40000011,Midlands,FEB2022,Attended,GP,Face-to-Face,Same Day,45551
71E,E38000238,NHS Lincolnshire ICB - 71E,E54000013,NHS Lincolnshire Integrated Care Board,E40000011,Midlands,FEB2022,Attended,GP,Face-to-Face,Unknown / Data Quality,43
71E,E38000238,NHS Lincolnshire ICB - 71E,E54000013,NHS Lincolnshire Integrated Care Board,E40000011,Midlands,FEB2022,Attended,GP,Home Visit,1 Day,32
71E,E38000238,NHS Lincolnshire ICB - 71E,E54000013,NHS Lincolnshire Integrated Care Board,E40000011,Midlands,FEB2022,Attended,GP,Home Visit,2 to 7 Days,10
71E,E38000238,NHS Lincolnshire ICB - 71E,E54000013,NHS Lincolnshire Integrated Care Board,E40000011,Midlands,FEB2022,Attended,GP,Home Visit,8  to 14 Days,5
71E,E38000238,NHS Lincolnshire ICB - 71E,E54000013,NHS Lincolnshire Integrated Care Board,E40000011,Midlands,FEB2022,Attended,GP,Home Visit,Same Day,143
71E,E38000238,NHS Lincolnshire ICB - 71E,E54000013,NHS Lincolnshire Integrated Care Board,E40000011,Midlands,FEB2022,Attended,GP,Home Visit,Unknown / Data Quality,1
71E,E38000238,NHS Lincolnshire ICB - 71E,E54000013,NHS Lincolnshire Integrated Care Board,E40000011,Midlands,FEB2022,Attended,GP,Telephone,1 Day,4013
71E,E38000238,NHS Lincolnshire ICB - 71E,E54000013,NHS Lincolnshire Integrated Care Board,E40000011,Midlands,FEB2022,Attended,GP,Telephone,15  to 21 Days,1377
71E,E38000238,NHS Lincolnshire ICB - 71E,E54000013,NHS Lincolnshire Integrated Care Board,E40000011,Midlands,FEB2022,Attended,GP,Telephone,2 to 7 Days,7124
71E,E38000238,NHS Lincolnshire ICB - 71E,E54000013,NHS Lincolnshire Integrated Care Board,E40000011,Midlands,FEB2022,Attended,GP,Telephone,22  to 28 Days,480
71E,E38000238,NHS Lincolnshire ICB - 71E,E54000013,NHS Lincolnshire Integrated Care Board,E40000011,Midlands,FEB2022,Attended,GP,Telephone,8  to 14 Days,4329
71E,E38000238,NHS Lincolnshire ICB - 71E,E54000013,NHS Lincolnshire Integrated Care Board,E40000011,Midlands,FEB2022,Attended,GP,Telephone,More than 28 Days,144
71E,E38000238,NHS Lincolnshire ICB - 71E,E54000013,NHS Lincolnshire Integrated Care Board,E40000011,Midlands,FEB2022,Attended,GP,Telephone,Same Day,44866
71E,E38000238,NHS Lincolnshire ICB - 71E,E54000013,NHS Lincolnshire Integrated Care Board,E40000011,Midlands,FEB2022,Attended,GP,Telephone,Unknown / Data Quality,10
71E,E38000238,NHS Lincolnshire ICB - 71E,E54000013,NHS Lincolnshire Integrated Care Board,E40000011,Midlands,FEB2022,Attended,GP,Video/Online,1 Day,89
71E,E38000238,NHS Lincolnshire ICB - 71E,E54000013,NHS Lincolnshire Integrated Care Board,E40000011,Midlands,FEB2022,Attended,GP,Video/Online,2 to 7 Days,20
71E,E38000238,NHS Lincolnshire ICB - 71E,E54000013,NHS Lincolnshire Integrated Care Board,E40000011,Midlands,FEB2022,Attended,GP,Video/Online,8  to 14 Days,8
71E,E38000238,NHS Lincolnshire ICB - 71E,E54000013,NHS Lincolnshire Integrated Care Board,E40000011,Midlands,FEB2022,Attended,GP,Video/Online,Same Day,437
71E,E38000238,NHS Lincolnshire ICB - 71E,E54000013,NHS Lincolnshire Integrated Care Board,E40000011,Midlands,FEB2022,Attended,GP,Video/Online,Unknown / Data Quality,5
71E,E38000238,NHS Lincolnshire ICB - 71E,E54000013,NHS Lincolnshire Integrated Care Board,E40000011,Midlands,FEB2022,Attended,Other Practice staff,Face-to-Face,1 Day,9953
71E,E38000238,NHS Lincolnshire ICB - 71E,E54000013,NHS Lincolnshire Integrated Care Board,E40000011,Midlands,FEB2022,Attended,Other Practice staff,Face-to-Face,15  to 21 Days,15356
71E,E38000238,NHS Lincolnshire ICB - 71E,E54000013,NHS Lincolnshire Integrated Care Board,E40000011,Midlands,FEB2022,Attended,Other Practice staff,Face-to-Face,2 to 7 Days,36635
71E,E38000238,NHS Lincolnshire ICB - 71E,E54000013,NHS Lincolnshire Integrated Care Board,E40000011,Midlands,FEB2022,Attended,Other Practice staff,Face-to-Face,22  to 28 Days,9077
71E,E38000238,NHS Lincolnshire ICB - 71E,E54000013,NHS Lincolnshire Integrated Care Board,E40000011,Midlands,FEB2022,Attended,Other Practice staff,Face-to-Face,8  to 14 Days,30422
71E,E38000238,NHS Lincolnshire ICB - 71E,E54000013,NHS Lincolnshire Integrated Care Board,E40000011,Midlands,FEB2022,Attended,Other Practice staff,Face-to-Face,More than 28 Days,7360
71E,E38000238,NHS Lincolnshire ICB - 71E,E54000013,NHS Lincolnshire Integrated Care Board,E40000011,Midlands,FEB2022,Attended,Other Practice staff,Face-to-Face,Same Day,41744
71E,E38000238,NHS Lincolnshire ICB - 71E,E54000013,NHS Lincolnshire Integrated Care Board,E40000011,Midlands,FEB2022,Attended,Other Practice staff,Face-to-Face,Unknown / Data Quality,60
71E,E38000238,NHS Lincolnshire ICB - 71E,E54000013,NHS Lincolnshire Integrated Care Board,E40000011,Midlands,FEB2022,Attended,Other Practice staff,Home Visit,1 Day,125
71E,E38000238,NHS Lincolnshire ICB - 71E,E54000013,NHS Lincolnshire Integrated Care Board,E40000011,Midlands,FEB2022,Attended,Other Practice staff,Home Visit,15  to 21 Days,132
71E,E38000238,NHS Lincolnshire ICB - 71E,E54000013,NHS Lincolnshire Integrated Care Board,E40000011,Midlands,FEB2022,Attended,Other Practice staff,Home Visit,2 to 7 Days,577
71E,E38000238,NHS Lincolnshire ICB - 71E,E54000013,NHS Lincolnshire Integrated Care Board,E40000011,Midlands,FEB2022,Attended,Other Practice staff,Home Visit,22  to 28 Days,95
71E,E38000238,NHS Lincolnshire ICB - 71E,E54000013,NHS Lincolnshire Integrated Care Board,E40000011,Midlands,FEB2022,Attended,Other Practice staff,Home Visit,8  to 14 Days,292
71E,E38000238,NHS Lincolnshire ICB - 71E,E54000013,NHS Lincolnshire Integrated Care Board,E40000011,Midlands,FEB2022,Attended,Other Practice staff,Home Visit,More than 28 Days,74
71E,E38000238,NHS Lincolnshire ICB - 71E,E54000013,NHS Lincolnshire Integrated Care Board,E40000011,Midlands,FEB2022,Attended,Other Practice staff,Home Visit,Same Day,259
71E,E38000238,NHS Lincolnshire ICB - 71E,E54000013,NHS Lincolnshire Integrated Care Board,E40000011,Midlands,FEB2022,Attended,Other Practice staff,Home Visit,Unknown / Data Quality,2
71E,E38000238,NHS Lincolnshire ICB - 71E,E54000013,NHS Lincolnshire Integrated Care Board,E40000011,Midlands,FEB2022,Attended,Other Practice staff,Telephone,1 Day,2490
71E,E38000238,NHS Lincolnshire ICB - 71E,E54000013,NHS Lincolnshire Integrated Care Board,E40000011,Midlands,FEB2022,Attended,Other Practice staff,Telephone,15  to 21 Days,1275
71E,E38000238,NHS Lincolnshire ICB - 71E,E54000013,NHS Lincolnshire Integrated Care Board,E40000011,Midlands,FEB2022,Attended,Other Practice staff,Telephone,2 to 7 Days,5915
71E,E38000238,NHS Lincolnshire ICB - 71E,E54000013,NHS Lincolnshire Integrated Care Board,E40000011,Midlands,FEB2022,Attended,Other Practice staff,Telephone,22  to 28 Days,775
71E,E38000238,NHS Lincolnshire ICB - 71E,E54000013,NHS Lincolnshire Integrated Care Board,E40000011,Midlands,FEB2022,Attended,Other Practice staff,Telephone,8  to 14 Days,2810
71E,E38000238,NHS Lincolnshire ICB - 71E,E54000013,NHS Lincolnshire Integrated Care Board,E40000011,Midlands,FEB2022,Attended,Other Practice staff,Telephone,More than 28 Days,410
71E,E38000238,NHS Lincolnshire ICB - 71E,E54000013,NHS Lincolnshire Integrated Care Board,E40000011,Midlands,FEB2022,Attended,Other Practice staff,Telephone,Same Day,25348
71E,E38000238,NHS Lincolnshire ICB - 71E,E54000013,NHS Lincolnshire Integrated Care Board,E40000011,Midlands,FEB2022,Attended,Other Practice staff,Telephone,Unknown / Data Quality,14
71E,E38000238,NHS Lincolnshire ICB - 71E,E54000013,NHS Lincolnshire Integrated Care Board,E40000011,Midlands,FEB2022,Attended,Other Practice staff,Video/Online,1 Day,20
71E,E38000238,NHS Lincolnshire ICB - 71E,E54000013,NHS Lincolnshire Integrated Care Board,E40000011,Midlands,FEB2022,Attended,Other Practice staff,Video/Online,15  to 21 Days,51
71E,E38000238,NHS Lincolnshire ICB - 71E,E54000013,NHS Lincolnshire Integrated Care Board,E40000011,Midlands,FEB2022,Attended,Other Practice staff,Video/Online,2 to 7 Days,36
71E,E38000238,NHS Lincolnshire ICB - 71E,E54000013,NHS Lincolnshire Integrated Care Board,E40000011,Midlands,FEB2022,Attended,Other Practice staff,Video/Online,22  to 28 Days,11
71E,E38000238,NHS Lincolnshire ICB - 71E,E54000013,NHS Lincolnshire Integrated Care Board,E40000011,Midlands,FEB2022,Attended,Other Practice staff,Video/Online,8  to 14 Days,58
71E,E38000238,NHS Lincolnshire ICB - 71E,E54000013,NHS Lincolnshire Integrated Care Board,E40000011,Midlands,FEB2022,Attended,Other Practice staff,Video/Online,More than 28 Days,9
71E,E38000238,NHS Lincolnshire ICB - 71E,E54000013,NHS Lincolnshire Integrated Care Board,E40000011,Midlands,FEB2022,Attended,Other Practice staff,Video/Online,Same Day,372
71E,E38000238,NHS Lincolnshire ICB - 71E,E54000013,NHS Lincolnshire Integrated Care Board,E40000011,Midlands,FEB2022,Attended,Unknown,Unknown,1 Day,1095
71E,E38000238,NHS Lincolnshire ICB - 71E,E54000013,NHS Lincolnshire Integrated Care Board,E40000011,Midlands,FEB2022,Attended,Unknown,Unknown,15  to 21 Days,421
71E,E38000238,NHS Lincolnshire ICB - 71E,E54000013,NHS Lincolnshire Integrated Care Board,E40000011,Midlands,FEB2022,Attended,Unknown,Unknown,2 to 7 Days,2317
71E,E38000238,NHS Lincolnshire ICB - 71E,E54000013,NHS Lincolnshire Integrated Care Board,E40000011,Midlands,FEB2022,Attended,Unknown,Unknown,22  to 28 Days,188
71E,E38000238,NHS Lincolnshire ICB - 71E,E54000013,NHS Lincolnshire Integrated Care Board,E40000011,Midlands,FEB2022,Attended,Unknown,Unknown,8  to 14 Days,989
71E,E38000238,NHS Lincolnshire ICB - 71E,E54000013,NHS Lincolnshire Integrated Care Board,E40000011,Midlands,FEB2022,Attended,Unknown,Unknown,More than 28 Days,138
71E,E38000238,NHS Lincolnshire ICB - 71E,E54000013,NHS Lincolnshire Integrated Care Board,E40000011,Midlands,FEB2022,Attended,Unknown,Unknown,Same Day,7307
71E,E38000238,NHS Lincolnshire ICB - 71E,E54000013,NHS Lincolnshire Integrated Care Board,E40000011,Midlands,FEB2022,Attended,Unknown,Unknown,Unknown / Data Quality,14
71E,E38000238,NHS Lincolnshire ICB - 71E,E54000013,NHS Lincolnshire Integrated Care Board,E40000011,Midlands,FEB2022,DNA,GP,Face-to-Face,1 Day,146
71E,E38000238,NHS Lincolnshire ICB - 71E,E54000013,NHS Lincolnshire Integrated Care Board,E40000011,Midlands,FEB2022,DNA,GP,Face-to-Face,15  to 21 Days,167
71E,E38000238,NHS Lincolnshire ICB - 71E,E54000013,NHS Lincolnshire Integrated Care Board,E40000011,Midlands,FEB2022,DNA,GP,Face-to-Face,2 to 7 Days,451
71E,E38000238,NHS Lincolnshire ICB - 71E,E54000013,NHS Lincolnshire Integrated Care Board,E40000011,Midlands,FEB2022,DNA,GP,Face-to-Face,22  to 28 Days,71
71E,E38000238,NHS Lincolnshire ICB - 71E,E54000013,NHS Lincolnshire Integrated Care Board,E40000011,Midlands,FEB2022,DNA,GP,Face-to-Face,8  to 14 Days,299
71E,E38000238,NHS Lincolnshire ICB - 71E,E54000013,NHS Lincolnshire Integrated Care Board,E40000011,Midlands,FEB2022,DNA,GP,Face-to-Face,More than 28 Days,44
71E,E38000238,NHS Lincolnshire ICB - 71E,E54000013,NHS Lincolnshire Integrated Care Board,E40000011,Midlands,FEB2022,DNA,GP,Face-to-Face,Same Day,392
71E,E38000238,NHS Lincolnshire ICB - 71E,E54000013,NHS Lincolnshire Integrated Care Board,E40000011,Midlands,FEB2022,DNA,GP,Home Visit,1 Day,1
71E,E38000238,NHS Lincolnshire ICB - 71E,E54000013,NHS Lincolnshire Integrated Care Board,E40000011,Midlands,FEB2022,DNA,GP,Home Visit,Same Day,3
71E,E38000238,NHS Lincolnshire ICB - 71E,E54000013,NHS Lincolnshire Integrated Care Board,E40000011,Midlands,FEB2022,DNA,GP,Telephone,1 Day,37
71E,E38000238,NHS Lincolnshire ICB - 71E,E54000013,NHS Lincolnshire Integrated Care Board,E40000011,Midlands,FEB2022,DNA,GP,Telephone,15  to 21 Days,11
71E,E38000238,NHS Lincolnshire ICB - 71E,E54000013,NHS Lincolnshire Integrated Care Board,E40000011,Midlands,FEB2022,DNA,GP,Telephone,2 to 7 Days,73
71E,E38000238,NHS Lincolnshire ICB - 71E,E54000013,NHS Lincolnshire Integrated Care Board,E40000011,Midlands,FEB2022,DNA,GP,Telephone,22  to 28 Days,14
71E,E38000238,NHS Lincolnshire ICB - 71E,E54000013,NHS Lincolnshire Integrated Care Board,E40000011,Midlands,FEB2022,DNA,GP,Telephone,8  to 14 Days,31
71E,E38000238,NHS Lincolnshire ICB - 71E,E54000013,NHS Lincolnshire Integrated Care Board,E40000011,Midlands,FEB2022,DNA,GP,Telephone,Same Day,278
71E,E38000238,NHS Lincolnshire ICB - 71E,E54000013,NHS Lincolnshire Integrated Care Board,E40000011,Midlands,FEB2022,DNA,GP,Video/Online,1 Day,8
71E,E38000238,NHS Lincolnshire ICB - 71E,E54000013,NHS Lincolnshire Integrated Care Board,E40000011,Midlands,FEB2022,DNA,GP,Video/Online,2 to 7 Days,2
71E,E38000238,NHS Lincolnshire ICB - 71E,E54000013,NHS Lincolnshire Integrated Care Board,E40000011,Midlands,FEB2022,DNA,GP,Video/Online,8  to 14 Days,1
71E,E38000238,NHS Lincolnshire ICB - 71E,E54000013,NHS Lincolnshire Integrated Care Board,E40000011,Midlands,FEB2022,DNA,GP,Video/Online,Same Day,6
71E,E38000238,NHS Lincolnshire ICB - 71E,E54000013,NHS Lincolnshire Integrated Care Board,E40000011,Midlands,FEB2022,DNA,Other Practice staff,Face-to-Face,1 Day,437
71E,E38000238,NHS Lincolnshire ICB - 71E,E54000013,NHS Lincolnshire Integrated Care Board,E40000011,Midlands,FEB2022,DNA,Other Practice staff,Face-to-Face,15  to 21 Days,1423
71E,E38000238,NHS Lincolnshire ICB - 71E,E54000013,NHS Lincolnshire Integrated Care Board,E40000011,Midlands,FEB2022,DNA,Other Practice staff,Face-to-Face,2 to 7 Days,2525
71E,E38000238,NHS Lincolnshire ICB - 71E,E54000013,NHS Lincolnshire Integrated Care Board,E40000011,Midlands,FEB2022,DNA,Other Practice staff,Face-to-Face,22  to 28 Days,895
71E,E38000238,NHS Lincolnshire ICB - 71E,E54000013,NHS Lincolnshire Integrated Care Board,E40000011,Midlands,FEB2022,DNA,Other Practice staff,Face-to-Face,8  to 14 Days,2519
71E,E38000238,NHS Lincolnshire ICB - 71E,E54000013,NHS Lincolnshire Integrated Care Board,E40000011,Midlands,FEB2022,DNA,Other Practice staff,Face-to-Face,More than 28 Days,767
71E,E38000238,NHS Lincolnshire ICB - 71E,E54000013,NHS Lincolnshire Integrated Care Board,E40000011,Midlands,FEB2022,DNA,Other Practice staff,Face-to-Face,Same Day,844
71E,E38000238,NHS Lincolnshire ICB - 71E,E54000013,NHS Lincolnshire Integrated Care Board,E40000011,Midlands,FEB2022,DNA,Other Practice staff,Home Visit,1 Day,1
71E,E38000238,NHS Lincolnshire ICB - 71E,E54000013,NHS Lincolnshire Integrated Care Board,E40000011,Midlands,FEB2022,DNA,Other Practice staff,Home Visit,15  to 21 Days,2
71E,E38000238,NHS Lincolnshire ICB - 71E,E54000013,NHS Lincolnshire Integrated Care Board,E40000011,Midlands,FEB2022,DNA,Other Practice staff,Home Visit,2 to 7 Days,6
71E,E38000238,NHS Lincolnshire ICB - 71E,E54000013,NHS Lincolnshire Integrated Care Board,E40000011,Midlands,FEB2022,DNA,Other Practice staff,Home Visit,22  to 28 Days,1
71E,E38000238,NHS Lincolnshire ICB - 71E,E54000013,NHS Lincolnshire Integrated Care Board,E40000011,Midlands,FEB2022,DNA,Other Practice staff,Home Visit,8  to 14 Days,2
71E,E38000238,NHS Lincolnshire ICB - 71E,E54000013,NHS Lincolnshire Integrated Care Board,E40000011,Midlands,FEB2022,DNA,Other Practice staff,Home Visit,More than 28 Days,1
71E,E38000238,NHS Lincolnshire ICB - 71E,E54000013,NHS Lincolnshire Integrated Care Board,E40000011,Midlands,FEB2022,DNA,Other Practice staff,Home Visit,Same Day,2
71E,E38000238,NHS Lincolnshire ICB - 71E,E54000013,NHS Lincolnshire Integrated Care Board,E40000011,Midlands,FEB2022,DNA,Other Practice staff,Telephone,1 Day,44
71E,E38000238,NHS Lincolnshire ICB - 71E,E54000013,NHS Lincolnshire Integrated Care Board,E40000011,Midlands,FEB2022,DNA,Other Practice staff,Telephone,15  to 21 Days,46
71E,E38000238,NHS Lincolnshire ICB - 71E,E54000013,NHS Lincolnshire Integrated Care Board,E40000011,Midlands,FEB2022,DNA,Other Practice staff,Telephone,2 to 7 Days,125
71E,E38000238,NHS Lincolnshire ICB - 71E,E54000013,NHS Lincolnshire Integrated Care Board,E40000011,Midlands,FEB2022,DNA,Other Practice staff,Telephone,22  to 28 Days,28
71E,E38000238,NHS Lincolnshire ICB - 71E,E54000013,NHS Lincolnshire Integrated Care Board,E40000011,Midlands,FEB2022,DNA,Other Practice staff,Telephone,8  to 14 Days,93
71E,E38000238,NHS Lincolnshire ICB - 71E,E54000013,NHS Lincolnshire Integrated Care Board,E40000011,Midlands,FEB2022,DNA,Other Practice staff,Telephone,More than 28 Days,18
71E,E38000238,NHS Lincolnshire ICB - 71E,E54000013,NHS Lincolnshire Integrated Care Board,E40000011,Midlands,FEB2022,DNA,Other Practice staff,Telephone,Same Day,217
71E,E38000238,NHS Lincolnshire ICB - 71E,E54000013,NHS Lincolnshire Integrated Care Board,E40000011,Midlands,FEB2022,DNA,Other Practice staff,Video/Online,15  to 21 Days,5
71E,E38000238,NHS Lincolnshire ICB - 71E,E54000013,NHS Lincolnshire Integrated Care Board,E40000011,Midlands,FEB2022,DNA,Other Practice staff,Video/Online,2 to 7 Days,5
71E,E38000238,NHS Lincolnshire ICB - 71E,E54000013,NHS Lincolnshire Integrated Care Board,E40000011,Midlands,FEB2022,DNA,Other Practice staff,Video/Online,22  to 28 Days,3
71E,E38000238,NHS Lincolnshire ICB - 71E,E54000013,NHS Lincolnshire Integrated Care Board,E40000011,Midlands,FEB2022,DNA,Other Practice staff,Video/Online,8  to 14 Days,7
71E,E38000238,NHS Lincolnshire ICB - 71E,E54000013,NHS Lincolnshire Integrated Care Board,E40000011,Midlands,FEB2022,DNA,Other Practice staff,Video/Online,Same Day,8
71E,E38000238,NHS Lincolnshire ICB - 71E,E54000013,NHS Lincolnshire Integrated Care Board,E40000011,Midlands,FEB2022,DNA,Unknown,Unknown,1 Day,41
71E,E38000238,NHS Lincolnshire ICB - 71E,E54000013,NHS Lincolnshire Integrated Care Board,E40000011,Midlands,FEB2022,DNA,Unknown,Unknown,15  to 21 Days,28
71E,E38000238,NHS Lincolnshire ICB - 71E,E54000013,NHS Lincolnshire Integrated Care Board,E40000011,Midlands,FEB2022,DNA,Unknown,Unknown,2 to 7 Days,107
71E,E38000238,NHS Lincolnshire ICB - 71E,E54000013,NHS Lincolnshire Integrated Care Board,E40000011,Midlands,FEB2022,DNA,Unknown,Unknown,22  to 28 Days,12
71E,E38000238,NHS Lincolnshire ICB - 71E,E54000013,NHS Lincolnshire Integrated Care Board,E40000011,Midlands,FEB2022,DNA,Unknown,Unknown,8  to 14 Days,83
71E,E38000238,NHS Lincolnshire ICB - 71E,E54000013,NHS Lincolnshire Integrated Care Board,E40000011,Midlands,FEB2022,DNA,Unknown,Unknown,More than 28 Days,11
71E,E38000238,NHS Lincolnshire ICB - 71E,E54000013,NHS Lincolnshire Integrated Care Board,E40000011,Midlands,FEB2022,DNA,Unknown,Unknown,Same Day,53
71E,E38000238,NHS Lincolnshire ICB - 71E,E54000013,NHS Lincolnshire Integrated Care Board,E40000011,Midlands,FEB2022,Unknown,GP,Face-to-Face,1 Day,65
71E,E38000238,NHS Lincolnshire ICB - 71E,E54000013,NHS Lincolnshire Integrated Care Board,E40000011,Midlands,FEB2022,Unknown,GP,Face-to-Face,15  to 21 Days,201
71E,E38000238,NHS Lincolnshire ICB - 71E,E54000013,NHS Lincolnshire Integrated Care Board,E40000011,Midlands,FEB2022,Unknown,GP,Face-to-Face,2 to 7 Days,336
71E,E38000238,NHS Lincolnshire ICB - 71E,E54000013,NHS Lincolnshire Integrated Care Board,E40000011,Midlands,FEB2022,Unknown,GP,Face-to-Face,22  to 28 Days,82
71E,E38000238,NHS Lincolnshire ICB - 71E,E54000013,NHS Lincolnshire Integrated Care Board,E40000011,Midlands,FEB2022,Unknown,GP,Face-to-Face,8  to 14 Days,363
71E,E38000238,NHS Lincolnshire ICB - 71E,E54000013,NHS Lincolnshire Integrated Care Board,E40000011,Midlands,FEB2022,Unknown,GP,Face-to-Face,More than 28 Days,131
71E,E38000238,NHS Lincolnshire ICB - 71E,E54000013,NHS Lincolnshire Integrated Care Board,E40000011,Midlands,FEB2022,Unknown,GP,Face-to-Face,Same Day,275
71E,E38000238,NHS Lincolnshire ICB - 71E,E54000013,NHS Lincolnshire Integrated Care Board,E40000011,Midlands,FEB2022,Unknown,GP,Face-to-Face,Unknown / Data Quality,3
71E,E38000238,NHS Lincolnshire ICB - 71E,E54000013,NHS Lincolnshire Integrated Care Board,E40000011,Midlands,FEB2022,Unknown,GP,Home Visit,2 to 7 Days,3
71E,E38000238,NHS Lincolnshire ICB - 71E,E54000013,NHS Lincolnshire Integrated Care Board,E40000011,Midlands,FEB2022,Unknown,GP,Home Visit,Same Day,6
71E,E38000238,NHS Lincolnshire ICB - 71E,E54000013,NHS Lincolnshire Integrated Care Board,E40000011,Midlands,FEB2022,Unknown,GP,Telephone,1 Day,73
71E,E38000238,NHS Lincolnshire ICB - 71E,E54000013,NHS Lincolnshire Integrated Care Board,E40000011,Midlands,FEB2022,Unknown,GP,Telephone,15  to 21 Days,88
71E,E38000238,NHS Lincolnshire ICB - 71E,E54000013,NHS Lincolnshire Integrated Care Board,E40000011,Midlands,FEB2022,Unknown,GP,Telephone,2 to 7 Days,215
71E,E38000238,NHS Lincolnshire ICB - 71E,E54000013,NHS Lincolnshire Integrated Care Board,E40000011,Midlands,FEB2022,Unknown,GP,Telephone,22  to 28 Days,54
71E,E38000238,NHS Lincolnshire ICB - 71E,E54000013,NHS Lincolnshire Integrated Care Board,E40000011,Midlands,FEB2022,Unknown,GP,Telephone,8  to 14 Days,165
71E,E38000238,NHS Lincolnshire ICB - 71E,E54000013,NHS Lincolnshire Integrated Care Board,E40000011,Midlands,FEB2022,Unknown,GP,Telephone,More than 28 Days,22
71E,E38000238,NHS Lincolnshire ICB - 71E,E54000013,NHS Lincolnshire Integrated Care Board,E40000011,Midlands,FEB2022,Unknown,GP,Telephone,Same Day,305
71E,E38000238,NHS Lincolnshire ICB - 71E,E54000013,NHS Lincolnshire Integrated Care Board,E40000011,Midlands,FEB2022,Unknown,GP,Telephone,Unknown / Data Quality,1
71E,E38000238,NHS Lincolnshire ICB - 71E,E54000013,NHS Lincolnshire Integrated Care Board,E40000011,Midlands,FEB2022,Unknown,GP,Video/Online,2 to 7 Days,2
71E,E38000238,NHS Lincolnshire ICB - 71E,E54000013,NHS Lincolnshire Integrated Care Board,E40000011,Midlands,FEB2022,Unknown,GP,Video/Online,Same Day,4
71E,E38000238,NHS Lincolnshire ICB - 71E,E54000013,NHS Lincolnshire Integrated Care Board,E40000011,Midlands,FEB2022,Unknown,GP,Video/Online,Unknown / Data Quality,1
71E,E38000238,NHS Lincolnshire ICB - 71E,E54000013,NHS Lincolnshire Integrated Care Board,E40000011,Midlands,FEB2022,Unknown,Other Practice staff,Face-to-Face,1 Day,224
71E,E38000238,NHS Lincolnshire ICB - 71E,E54000013,NHS Lincolnshire Integrated Care Board,E40000011,Midlands,FEB2022,Unknown,Other Practice staff,Face-to-Face,15  to 21 Days,1068
71E,E38000238,NHS Lincolnshire ICB - 71E,E54000013,NHS Lincolnshire Integrated Care Board,E40000011,Midlands,FEB2022,Unknown,Other Practice staff,Face-to-Face,2 to 7 Days,1290
71E,E38000238,NHS Lincolnshire ICB - 71E,E54000013,NHS Lincolnshire Integrated Care Board,E40000011,Midlands,FEB2022,Unknown,Other Practice staff,Face-to-Face,22  to 28 Days,789
71E,E38000238,NHS Lincolnshire ICB - 71E,E54000013,NHS Lincolnshire Integrated Care Board,E40000011,Midlands,FEB2022,Unknown,Other Practice staff,Face-to-Face,8  to 14 Days,1494
71E,E38000238,NHS Lincolnshire ICB - 71E,E54000013,NHS Lincolnshire Integrated Care Board,E40000011,Midlands,FEB2022,Unknown,Other Practice staff,Face-to-Face,More than 28 Days,1011
71E,E38000238,NHS Lincolnshire ICB - 71E,E54000013,NHS Lincolnshire Integrated Care Board,E40000011,Midlands,FEB2022,Unknown,Other Practice staff,Face-to-Face,Same Day,686
71E,E38000238,NHS Lincolnshire ICB - 71E,E54000013,NHS Lincolnshire Integrated Care Board,E40000011,Midlands,FEB2022,Unknown,Other Practice staff,Face-to-Face,Unknown / Data Quality,3
71E,E38000238,NHS Lincolnshire ICB - 71E,E54000013,NHS Lincolnshire Integrated Care Board,E40000011,Midlands,FEB2022,Unknown,Other Practice staff,Home Visit,1 Day,11
71E,E38000238,NHS Lincolnshire ICB - 71E,E54000013,NHS Lincolnshire Integrated Care Board,E40000011,Midlands,FEB2022,Unknown,Other Practice staff,Home Visit,15  to 21 Days,22
71E,E38000238,NHS Lincolnshire ICB - 71E,E54000013,NHS Lincolnshire Integrated Care Board,E40000011,Midlands,FEB2022,Unknown,Other Practice staff,Home Visit,2 to 7 Days,39
71E,E38000238,NHS Lincolnshire ICB - 71E,E54000013,NHS Lincolnshire Integrated Care Board,E40000011,Midlands,FEB2022,Unknown,Other Practice staff,Home Visit,22  to 28 Days,14
71E,E38000238,NHS Lincolnshire ICB - 71E,E54000013,NHS Lincolnshire Integrated Care Board,E40000011,Midlands,FEB2022,Unknown,Other Practice staff,Home Visit,8  to 14 Days,28
71E,E38000238,NHS Lincolnshire ICB - 71E,E54000013,NHS Lincolnshire Integrated Care Board,E40000011,Midlands,FEB2022,Unknown,Other Practice staff,Home Visit,More than 28 Days,6
71E,E38000238,NHS Lincolnshire ICB - 71E,E54000013,NHS Lincolnshire Integrated Care Board,E40000011,Midlands,FEB2022,Unknown,Other Practice staff,Home Visit,Same Day,7
71E,E38000238,NHS Lincolnshire ICB - 71E,E54000013,NHS Lincolnshire Integrated Care Board,E40000011,Midlands,FEB2022,Unknown,Other Practice staff,Home Visit,Unknown / Data Quality,1
71E,E38000238,NHS Lincolnshire ICB - 71E,E54000013,NHS Lincolnshire Integrated Care Board,E40000011,Midlands,FEB2022,Unknown,Other Practice staff,Telephone,1 Day,116
71E,E38000238,NHS Lincolnshire ICB - 71E,E54000013,NHS Lincolnshire Integrated Care Board,E40000011,Midlands,FEB2022,Unknown,Other Practice staff,Telephone,15  to 21 Days,79
71E,E38000238,NHS Lincolnshire ICB - 71E,E54000013,NHS Lincolnshire Integrated Care Board,E40000011,Midlands,FEB2022,Unknown,Other Practice staff,Telephone,2 to 7 Days,247
71E,E38000238,NHS Lincolnshire ICB - 71E,E54000013,NHS Lincolnshire Integrated Care Board,E40000011,Midlands,FEB2022,Unknown,Other Practice staff,Telephone,22  to 28 Days,55
71E,E38000238,NHS Lincolnshire ICB - 71E,E54000013,NHS Lincolnshire Integrated Care Board,E40000011,Midlands,FEB2022,Unknown,Other Practice staff,Telephone,8  to 14 Days,210
71E,E38000238,NHS Lincolnshire ICB - 71E,E54000013,NHS Lincolnshire Integrated Care Board,E40000011,Midlands,FEB2022,Unknown,Other Practice staff,Telephone,More than 28 Days,65
71E,E38000238,NHS Lincolnshire ICB - 71E,E54000013,NHS Lincolnshire Integrated Care Board,E40000011,Midlands,FEB2022,Unknown,Other Practice staff,Telephone,Same Day,340
71E,E38000238,NHS Lincolnshire ICB - 71E,E54000013,NHS Lincolnshire Integrated Care Board,E40000011,Midlands,FEB2022,Unknown,Other Practice staff,Video/Online,15  to 21 Days,3
71E,E38000238,NHS Lincolnshire ICB - 71E,E54000013,NHS Lincolnshire Integrated Care Board,E40000011,Midlands,FEB2022,Unknown,Other Practice staff,Video/Online,2 to 7 Days,1
71E,E38000238,NHS Lincolnshire ICB - 71E,E54000013,NHS Lincolnshire Integrated Care Board,E40000011,Midlands,FEB2022,Unknown,Other Practice staff,Video/Online,22  to 28 Days,1
71E,E38000238,NHS Lincolnshire ICB - 71E,E54000013,NHS Lincolnshire Integrated Care Board,E40000011,Midlands,FEB2022,Unknown,Other Practice staff,Video/Online,8  to 14 Days,1
71E,E38000238,NHS Lincolnshire ICB - 71E,E54000013,NHS Lincolnshire Integrated Care Board,E40000011,Midlands,FEB2022,Unknown,Other Practice staff,Video/Online,Same Day,1
71E,E38000238,NHS Lincolnshire ICB - 71E,E54000013,NHS Lincolnshire Integrated Care Board,E40000011,Midlands,FEB2022,Unknown,Unknown,Unknown,1 Day,24
71E,E38000238,NHS Lincolnshire ICB - 71E,E54000013,NHS Lincolnshire Integrated Care Board,E40000011,Midlands,FEB2022,Unknown,Unknown,Unknown,15  to 21 Days,93
71E,E38000238,NHS Lincolnshire ICB - 71E,E54000013,NHS Lincolnshire Integrated Care Board,E40000011,Midlands,FEB2022,Unknown,Unknown,Unknown,2 to 7 Days,141
71E,E38000238,NHS Lincolnshire ICB - 71E,E54000013,NHS Lincolnshire Integrated Care Board,E40000011,Midlands,FEB2022,Unknown,Unknown,Unknown,22  to 28 Days,73
71E,E38000238,NHS Lincolnshire ICB - 71E,E54000013,NHS Lincolnshire Integrated Care Board,E40000011,Midlands,FEB2022,Unknown,Unknown,Unknown,8  to 14 Days,170
71E,E38000238,NHS Lincolnshire ICB - 71E,E54000013,NHS Lincolnshire Integrated Care Board,E40000011,Midlands,FEB2022,Unknown,Unknown,Unknown,More than 28 Days,108
71E,E38000238,NHS Lincolnshire ICB - 71E,E54000013,NHS Lincolnshire Integrated Care Board,E40000011,Midlands,FEB2022,Unknown,Unknown,Unknown,Same Day,44
71E,E38000238,NHS Lincolnshire ICB - 71E,E54000013,NHS Lincolnshire Integrated Care Board,E40000011,Midlands,FEB2022,Unknown,Unknown,Unknown,Unknown / Data Quality,1
71E,E38000238,NHS Lincolnshire ICB - 71E,E54000013,NHS Lincolnshire Integrated Care Board,E40000011,Midlands,MAR2022,Attended,GP,Face-to-Face,1 Day,6769
71E,E38000238,NHS Lincolnshire ICB - 71E,E54000013,NHS Lincolnshire Integrated Care Board,E40000011,Midlands,MAR2022,Attended,GP,Face-to-Face,15  to 21 Days,2444
71E,E38000238,NHS Lincolnshire ICB - 71E,E54000013,NHS Lincolnshire Integrated Care Board,E40000011,Midlands,MAR2022,Attended,GP,Face-to-Face,2 to 7 Days,10288
71E,E38000238,NHS Lincolnshire ICB - 71E,E54000013,NHS Lincolnshire Integrated Care Board,E40000011,Midlands,MAR2022,Attended,GP,Face-to-Face,22  to 28 Days,1290
71E,E38000238,NHS Lincolnshire ICB - 71E,E54000013,NHS Lincolnshire Integrated Care Board,E40000011,Midlands,MAR2022,Attended,GP,Face-to-Face,8  to 14 Days,5990
71E,E38000238,NHS Lincolnshire ICB - 71E,E54000013,NHS Lincolnshire Integrated Care Board,E40000011,Midlands,MAR2022,Attended,GP,Face-to-Face,More than 28 Days,808
71E,E38000238,NHS Lincolnshire ICB - 71E,E54000013,NHS Lincolnshire Integrated Care Board,E40000011,Midlands,MAR2022,Attended,GP,Face-to-Face,Same Day,55231
71E,E38000238,NHS Lincolnshire ICB - 71E,E54000013,NHS Lincolnshire Integrated Care Board,E40000011,Midlands,MAR2022,Attended,GP,Face-to-Face,Unknown / Data Quality,17
71E,E38000238,NHS Lincolnshire ICB - 71E,E54000013,NHS Lincolnshire Integrated Care Board,E40000011,Midlands,MAR2022,Attended,GP,Home Visit,1 Day,16
71E,E38000238,NHS Lincolnshire ICB - 71E,E54000013,NHS Lincolnshire Integrated Care Board,E40000011,Midlands,MAR2022,Attended,GP,Home Visit,2 to 7 Days,10
71E,E38000238,NHS Lincolnshire ICB - 71E,E54000013,NHS Lincolnshire Integrated Care Board,E40000011,Midlands,MAR2022,Attended,GP,Home Visit,Same Day,139
71E,E38000238,NHS Lincolnshire ICB - 71E,E54000013,NHS Lincolnshire Integrated Care Board,E40000011,Midlands,MAR2022,Attended,GP,Home Visit,Unknown / Data Quality,6
71E,E38000238,NHS Lincolnshire ICB - 71E,E54000013,NHS Lincolnshire Integrated Care Board,E40000011,Midlands,MAR2022,Attended,GP,Telephone,1 Day,4417
71E,E38000238,NHS Lincolnshire ICB - 71E,E54000013,NHS Lincolnshire Integrated Care Board,E40000011,Midlands,MAR2022,Attended,GP,Telephone,15  to 21 Days,1930
71E,E38000238,NHS Lincolnshire ICB - 71E,E54000013,NHS Lincolnshire Integrated Care Board,E40000011,Midlands,MAR2022,Attended,GP,Telephone,2 to 7 Days,7556
71E,E38000238,NHS Lincolnshire ICB - 71E,E54000013,NHS Lincolnshire Integrated Care Board,E40000011,Midlands,MAR2022,Attended,GP,Telephone,22  to 28 Days,667
71E,E38000238,NHS Lincolnshire ICB - 71E,E54000013,NHS Lincolnshire Integrated Care Board,E40000011,Midlands,MAR2022,Attended,GP,Telephone,8  to 14 Days,5254
71E,E38000238,NHS Lincolnshire ICB - 71E,E54000013,NHS Lincolnshire Integrated Care Board,E40000011,Midlands,MAR2022,Attended,GP,Telephone,More than 28 Days,218
71E,E38000238,NHS Lincolnshire ICB - 71E,E54000013,NHS Lincolnshire Integrated Care Board,E40000011,Midlands,MAR2022,Attended,GP,Telephone,Same Day,49234
71E,E38000238,NHS Lincolnshire ICB - 71E,E54000013,NHS Lincolnshire Integrated Care Board,E40000011,Midlands,MAR2022,Attended,GP,Telephone,Unknown / Data Quality,6
71E,E38000238,NHS Lincolnshire ICB - 71E,E54000013,NHS Lincolnshire Integrated Care Board,E40000011,Midlands,MAR2022,Attended,GP,Unknown,2 to 7 Days,1
71E,E38000238,NHS Lincolnshire ICB - 71E,E54000013,NHS Lincolnshire Integrated Care Board,E40000011,Midlands,MAR2022,Attended,GP,Unknown,Same Day,10
71E,E38000238,NHS Lincolnshire ICB - 71E,E54000013,NHS Lincolnshire Integrated Care Board,E40000011,Midlands,MAR2022,Attended,GP,Video/Online,1 Day,126
71E,E38000238,NHS Lincolnshire ICB - 71E,E54000013,NHS Lincolnshire Integrated Care Board,E40000011,Midlands,MAR2022,Attended,GP,Video/Online,15  to 21 Days,1
71E,E38000238,NHS Lincolnshire ICB - 71E,E54000013,NHS Lincolnshire Integrated Care Board,E40000011,Midlands,MAR2022,Attended,GP,Video/Online,2 to 7 Days,33
71E,E38000238,NHS Lincolnshire ICB - 71E,E54000013,NHS Lincolnshire Integrated Care Board,E40000011,Midlands,MAR2022,Attended,GP,Video/Online,8  to 14 Days,3
71E,E38000238,NHS Lincolnshire ICB - 71E,E54000013,NHS Lincolnshire Integrated Care Board,E40000011,Midlands,MAR2022,Attended,GP,Video/Online,Same Day,428
71E,E38000238,NHS Lincolnshire ICB - 71E,E54000013,NHS Lincolnshire Integrated Care Board,E40000011,Midlands,MAR2022,Attended,Other Practice staff,Face-to-Face,1 Day,12321
71E,E38000238,NHS Lincolnshire ICB - 71E,E54000013,NHS Lincolnshire Integrated Care Board,E40000011,Midlands,MAR2022,Attended,Other Practice staff,Face-to-Face,15  to 21 Days,18057
71E,E38000238,NHS Lincolnshire ICB - 71E,E54000013,NHS Lincolnshire Integrated Care Board,E40000011,Midlands,MAR2022,Attended,Other Practice staff,Face-to-Face,2 to 7 Days,41108
71E,E38000238,NHS Lincolnshire ICB - 71E,E54000013,NHS Lincolnshire Integrated Care Board,E40000011,Midlands,MAR2022,Attended,Other Practice staff,Face-to-Face,22  to 28 Days,12238
71E,E38000238,NHS Lincolnshire ICB - 71E,E54000013,NHS Lincolnshire Integrated Care Board,E40000011,Midlands,MAR2022,Attended,Other Practice staff,Face-to-Face,8  to 14 Days,32693
71E,E38000238,NHS Lincolnshire ICB - 71E,E54000013,NHS Lincolnshire Integrated Care Board,E40000011,Midlands,MAR2022,Attended,Other Practice staff,Face-to-Face,More than 28 Days,9452
71E,E38000238,NHS Lincolnshire ICB - 71E,E54000013,NHS Lincolnshire Integrated Care Board,E40000011,Midlands,MAR2022,Attended,Other Practice staff,Face-to-Face,Same Day,51547
71E,E38000238,NHS Lincolnshire ICB - 71E,E54000013,NHS Lincolnshire Integrated Care Board,E40000011,Midlands,MAR2022,Attended,Other Practice staff,Face-to-Face,Unknown / Data Quality,117
71E,E38000238,NHS Lincolnshire ICB - 71E,E54000013,NHS Lincolnshire Integrated Care Board,E40000011,Midlands,MAR2022,Attended,Other Practice staff,Home Visit,1 Day,149
71E,E38000238,NHS Lincolnshire ICB - 71E,E54000013,NHS Lincolnshire Integrated Care Board,E40000011,Midlands,MAR2022,Attended,Other Practice staff,Home Visit,15  to 21 Days,134
71E,E38000238,NHS Lincolnshire ICB - 71E,E54000013,NHS Lincolnshire Integrated Care Board,E40000011,Midlands,MAR2022,Attended,Other Practice staff,Home Visit,2 to 7 Days,692
71E,E38000238,NHS Lincolnshire ICB - 71E,E54000013,NHS Lincolnshire Integrated Care Board,E40000011,Midlands,MAR2022,Attended,Other Practice staff,Home Visit,22  to 28 Days,107
71E,E38000238,NHS Lincolnshire ICB - 71E,E54000013,NHS Lincolnshire Integrated Care Board,E40000011,Midlands,MAR2022,Attended,Other Practice staff,Home Visit,8  to 14 Days,340
71E,E38000238,NHS Lincolnshire ICB - 71E,E54000013,NHS Lincolnshire Integrated Care Board,E40000011,Midlands,MAR2022,Attended,Other Practice staff,Home Visit,More than 28 Days,100
71E,E38000238,NHS Lincolnshire ICB - 71E,E54000013,NHS Lincolnshire Integrated Care Board,E40000011,Midlands,MAR2022,Attended,Other Practice staff,Home Visit,Same Day,435
71E,E38000238,NHS Lincolnshire ICB - 71E,E54000013,NHS Lincolnshire Integrated Care Board,E40000011,Midlands,MAR2022,Attended,Other Practice staff,Home Visit,Unknown / Data Quality,1
71E,E38000238,NHS Lincolnshire ICB - 71E,E54000013,NHS Lincolnshire Integrated Care Board,E40000011,Midlands,MAR2022,Attended,Other Practice staff,Telephone,1 Day,2819
71E,E38000238,NHS Lincolnshire ICB - 71E,E54000013,NHS Lincolnshire Integrated Care Board,E40000011,Midlands,MAR2022,Attended,Other Practice staff,Telephone,15  to 21 Days,1605
71E,E38000238,NHS Lincolnshire ICB - 71E,E54000013,NHS Lincolnshire Integrated Care Board,E40000011,Midlands,MAR2022,Attended,Other Practice staff,Telephone,2 to 7 Days,5925
71E,E38000238,NHS Lincolnshire ICB - 71E,E54000013,NHS Lincolnshire Integrated Care Board,E40000011,Midlands,MAR2022,Attended,Other Practice staff,Telephone,22  to 28 Days,1158
71E,E38000238,NHS Lincolnshire ICB - 71E,E54000013,NHS Lincolnshire Integrated Care Board,E40000011,Midlands,MAR2022,Attended,Other Practice staff,Telephone,8  to 14 Days,3230
71E,E38000238,NHS Lincolnshire ICB - 71E,E54000013,NHS Lincolnshire Integrated Care Board,E40000011,Midlands,MAR2022,Attended,Other Practice staff,Telephone,More than 28 Days,519
71E,E38000238,NHS Lincolnshire ICB - 71E,E54000013,NHS Lincolnshire Integrated Care Board,E40000011,Midlands,MAR2022,Attended,Other Practice staff,Telephone,Same Day,29701
71E,E38000238,NHS Lincolnshire ICB - 71E,E54000013,NHS Lincolnshire Integrated Care Board,E40000011,Midlands,MAR2022,Attended,Other Practice staff,Telephone,Unknown / Data Quality,23
71E,E38000238,NHS Lincolnshire ICB - 71E,E54000013,NHS Lincolnshire Integrated Care Board,E40000011,Midlands,MAR2022,Attended,Other Practice staff,Video/Online,1 Day,42
71E,E38000238,NHS Lincolnshire ICB - 71E,E54000013,NHS Lincolnshire Integrated Care Board,E40000011,Midlands,MAR2022,Attended,Other Practice staff,Video/Online,15  to 21 Days,60
71E,E38000238,NHS Lincolnshire ICB - 71E,E54000013,NHS Lincolnshire Integrated Care Board,E40000011,Midlands,MAR2022,Attended,Other Practice staff,Video/Online,2 to 7 Days,31
71E,E38000238,NHS Lincolnshire ICB - 71E,E54000013,NHS Lincolnshire Integrated Care Board,E40000011,Midlands,MAR2022,Attended,Other Practice staff,Video/Online,22  to 28 Days,29
71E,E38000238,NHS Lincolnshire ICB - 71E,E54000013,NHS Lincolnshire Integrated Care Board,E40000011,Midlands,MAR2022,Attended,Other Practice staff,Video/Online,8  to 14 Days,52
71E,E38000238,NHS Lincolnshire ICB - 71E,E54000013,NHS Lincolnshire Integrated Care Board,E40000011,Midlands,MAR2022,Attended,Other Practice staff,Video/Online,More than 28 Days,18
71E,E38000238,NHS Lincolnshire ICB - 71E,E54000013,NHS Lincolnshire Integrated Care Board,E40000011,Midlands,MAR2022,Attended,Other Practice staff,Video/Online,Same Day,667
71E,E38000238,NHS Lincolnshire ICB - 71E,E54000013,NHS Lincolnshire Integrated Care Board,E40000011,Midlands,MAR2022,Attended,Unknown,Unknown,1 Day,1240
71E,E38000238,NHS Lincolnshire ICB - 71E,E54000013,NHS Lincolnshire Integrated Care Board,E40000011,Midlands,MAR2022,Attended,Unknown,Unknown,15  to 21 Days,613
71E,E38000238,NHS Lincolnshire ICB - 71E,E54000013,NHS Lincolnshire Integrated Care Board,E40000011,Midlands,MAR2022,Attended,Unknown,Unknown,2 to 7 Days,2512
71E,E38000238,NHS Lincolnshire ICB - 71E,E54000013,NHS Lincolnshire Integrated Care Board,E40000011,Midlands,MAR2022,Attended,Unknown,Unknown,22  to 28 Days,221
71E,E38000238,NHS Lincolnshire ICB - 71E,E54000013,NHS Lincolnshire Integrated Care Board,E40000011,Midlands,MAR2022,Attended,Unknown,Unknown,8  to 14 Days,1264
71E,E38000238,NHS Lincolnshire ICB - 71E,E54000013,NHS Lincolnshire Integrated Care Board,E40000011,Midlands,MAR2022,Attended,Unknown,Unknown,More than 28 Days,189
71E,E38000238,NHS Lincolnshire ICB - 71E,E54000013,NHS Lincolnshire Integrated Care Board,E40000011,Midlands,MAR2022,Attended,Unknown,Unknown,Same Day,9117
71E,E38000238,NHS Lincolnshire ICB - 71E,E54000013,NHS Lincolnshire Integrated Care Board,E40000011,Midlands,MAR2022,Attended,Unknown,Unknown,Unknown / Data Quality,24
71E,E38000238,NHS Lincolnshire ICB - 71E,E54000013,NHS Lincolnshire Integrated Care Board,E40000011,Midlands,MAR2022,DNA,GP,Face-to-Face,1 Day,201
71E,E38000238,NHS Lincolnshire ICB - 71E,E54000013,NHS Lincolnshire Integrated Care Board,E40000011,Midlands,MAR2022,DNA,GP,Face-to-Face,15  to 21 Days,148
71E,E38000238,NHS Lincolnshire ICB - 71E,E54000013,NHS Lincolnshire Integrated Care Board,E40000011,Midlands,MAR2022,DNA,GP,Face-to-Face,2 to 7 Days,453
71E,E38000238,NHS Lincolnshire ICB - 71E,E54000013,NHS Lincolnshire Integrated Care Board,E40000011,Midlands,MAR2022,DNA,GP,Face-to-Face,22  to 28 Days,124
71E,E38000238,NHS Lincolnshire ICB - 71E,E54000013,NHS Lincolnshire Integrated Care Board,E40000011,Midlands,MAR2022,DNA,GP,Face-to-Face,8  to 14 Days,318
71E,E38000238,NHS Lincolnshire ICB - 71E,E54000013,NHS Lincolnshire Integrated Care Board,E40000011,Midlands,MAR2022,DNA,GP,Face-to-Face,More than 28 Days,90
71E,E38000238,NHS Lincolnshire ICB - 71E,E54000013,NHS Lincolnshire Integrated Care Board,E40000011,Midlands,MAR2022,DNA,GP,Face-to-Face,Same Day,516
71E,E38000238,NHS Lincolnshire ICB - 71E,E54000013,NHS Lincolnshire Integrated Care Board,E40000011,Midlands,MAR2022,DNA,GP,Home Visit,1 Day,1
71E,E38000238,NHS Lincolnshire ICB - 71E,E54000013,NHS Lincolnshire Integrated Care Board,E40000011,Midlands,MAR2022,DNA,GP,Home Visit,2 to 7 Days,2
71E,E38000238,NHS Lincolnshire ICB - 71E,E54000013,NHS Lincolnshire Integrated Care Board,E40000011,Midlands,MAR2022,DNA,GP,Home Visit,Same Day,7
71E,E38000238,NHS Lincolnshire ICB - 71E,E54000013,NHS Lincolnshire Integrated Care Board,E40000011,Midlands,MAR2022,DNA,GP,Telephone,1 Day,36
71E,E38000238,NHS Lincolnshire ICB - 71E,E54000013,NHS Lincolnshire Integrated Care Board,E40000011,Midlands,MAR2022,DNA,GP,Telephone,15  to 21 Days,21
71E,E38000238,NHS Lincolnshire ICB - 71E,E54000013,NHS Lincolnshire Integrated Care Board,E40000011,Midlands,MAR2022,DNA,GP,Telephone,2 to 7 Days,70
71E,E38000238,NHS Lincolnshire ICB - 71E,E54000013,NHS Lincolnshire Integrated Care Board,E40000011,Midlands,MAR2022,DNA,GP,Telephone,22  to 28 Days,16
71E,E38000238,NHS Lincolnshire ICB - 71E,E54000013,NHS Lincolnshire Integrated Care Board,E40000011,Midlands,MAR2022,DNA,GP,Telephone,8  to 14 Days,41
71E,E38000238,NHS Lincolnshire ICB - 71E,E54000013,NHS Lincolnshire Integrated Care Board,E40000011,Midlands,MAR2022,DNA,GP,Telephone,More than 28 Days,4
71E,E38000238,NHS Lincolnshire ICB - 71E,E54000013,NHS Lincolnshire Integrated Care Board,E40000011,Midlands,MAR2022,DNA,GP,Telephone,Same Day,295
71E,E38000238,NHS Lincolnshire ICB - 71E,E54000013,NHS Lincolnshire Integrated Care Board,E40000011,Midlands,MAR2022,DNA,GP,Video/Online,1 Day,9
71E,E38000238,NHS Lincolnshire ICB - 71E,E54000013,NHS Lincolnshire Integrated Care Board,E40000011,Midlands,MAR2022,DNA,GP,Video/Online,15  to 21 Days,1
71E,E38000238,NHS Lincolnshire ICB - 71E,E54000013,NHS Lincolnshire Integrated Care Board,E40000011,Midlands,MAR2022,DNA,GP,Video/Online,Same Day,17
71E,E38000238,NHS Lincolnshire ICB - 71E,E54000013,NHS Lincolnshire Integrated Care Board,E40000011,Midlands,MAR2022,DNA,Other Practice staff,Face-to-Face,1 Day,651
71E,E38000238,NHS Lincolnshire ICB - 71E,E54000013,NHS Lincolnshire Integrated Care Board,E40000011,Midlands,MAR2022,DNA,Other Practice staff,Face-to-Face,15  to 21 Days,1754
71E,E38000238,NHS Lincolnshire ICB - 71E,E54000013,NHS Lincolnshire Integrated Care Board,E40000011,Midlands,MAR2022,DNA,Other Practice staff,Face-to-Face,2 to 7 Days,2803
71E,E38000238,NHS Lincolnshire ICB - 71E,E54000013,NHS Lincolnshire Integrated Care Board,E40000011,Midlands,MAR2022,DNA,Other Practice staff,Face-to-Face,22  to 28 Days,1275
71E,E38000238,NHS Lincolnshire ICB - 71E,E54000013,NHS Lincolnshire Integrated Care Board,E40000011,Midlands,MAR2022,DNA,Other Practice staff,Face-to-Face,8  to 14 Days,2930
71E,E38000238,NHS Lincolnshire ICB - 71E,E54000013,NHS Lincolnshire Integrated Care Board,E40000011,Midlands,MAR2022,DNA,Other Practice staff,Face-to-Face,More than 28 Days,1238
71E,E38000238,NHS Lincolnshire ICB - 71E,E54000013,NHS Lincolnshire Integrated Care Board,E40000011,Midlands,MAR2022,DNA,Other Practice staff,Face-to-Face,Same Day,1072
71E,E38000238,NHS Lincolnshire ICB - 71E,E54000013,NHS Lincolnshire Integrated Care Board,E40000011,Midlands,MAR2022,DNA,Other Practice staff,Face-to-Face,Unknown / Data Quality,2
71E,E38000238,NHS Lincolnshire ICB - 71E,E54000013,NHS Lincolnshire Integrated Care Board,E40000011,Midlands,MAR2022,DNA,Other Practice staff,Home Visit,1 Day,1
71E,E38000238,NHS Lincolnshire ICB - 71E,E54000013,NHS Lincolnshire Integrated Care Board,E40000011,Midlands,MAR2022,DNA,Other Practice staff,Home Visit,15  to 21 Days,2
71E,E38000238,NHS Lincolnshire ICB - 71E,E54000013,NHS Lincolnshire Integrated Care Board,E40000011,Midlands,MAR2022,DNA,Other Practice staff,Home Visit,2 to 7 Days,9
71E,E38000238,NHS Lincolnshire ICB - 71E,E54000013,NHS Lincolnshire Integrated Care Board,E40000011,Midlands,MAR2022,DNA,Other Practice staff,Home Visit,22  to 28 Days,2
71E,E38000238,NHS Lincolnshire ICB - 71E,E54000013,NHS Lincolnshire Integrated Care Board,E40000011,Midlands,MAR2022,DNA,Other Practice staff,Home Visit,8  to 14 Days,7
71E,E38000238,NHS Lincolnshire ICB - 71E,E54000013,NHS Lincolnshire Integrated Care Board,E40000011,Midlands,MAR2022,DNA,Other Practice staff,Home Visit,More than 28 Days,1
71E,E38000238,NHS Lincolnshire ICB - 71E,E54000013,NHS Lincolnshire Integrated Care Board,E40000011,Midlands,MAR2022,DNA,Other Practice staff,Home Visit,Same Day,8
71E,E38000238,NHS Lincolnshire ICB - 71E,E54000013,NHS Lincolnshire Integrated Care Board,E40000011,Midlands,MAR2022,DNA,Other Practice staff,Telephone,1 Day,44
71E,E38000238,NHS Lincolnshire ICB - 71E,E54000013,NHS Lincolnshire Integrated Care Board,E40000011,Midlands,MAR2022,DNA,Other Practice staff,Telephone,15  to 21 Days,71
71E,E38000238,NHS Lincolnshire ICB - 71E,E54000013,NHS Lincolnshire Integrated Care Board,E40000011,Midlands,MAR2022,DNA,Other Practice staff,Telephone,2 to 7 Days,156
71E,E38000238,NHS Lincolnshire ICB - 71E,E54000013,NHS Lincolnshire Integrated Care Board,E40000011,Midlands,MAR2022,DNA,Other Practice staff,Telephone,22  to 28 Days,79
71E,E38000238,NHS Lincolnshire ICB - 71E,E54000013,NHS Lincolnshire Integrated Care Board,E40000011,Midlands,MAR2022,DNA,Other Practice staff,Telephone,8  to 14 Days,126
71E,E38000238,NHS Lincolnshire ICB - 71E,E54000013,NHS Lincolnshire Integrated Care Board,E40000011,Midlands,MAR2022,DNA,Other Practice staff,Telephone,More than 28 Days,18
71E,E38000238,NHS Lincolnshire ICB - 71E,E54000013,NHS Lincolnshire Integrated Care Board,E40000011,Midlands,MAR2022,DNA,Other Practice staff,Telephone,Same Day,285
71E,E38000238,NHS Lincolnshire ICB - 71E,E54000013,NHS Lincolnshire Integrated Care Board,E40000011,Midlands,MAR2022,DNA,Other Practice staff,Video/Online,1 Day,1
71E,E38000238,NHS Lincolnshire ICB - 71E,E54000013,NHS Lincolnshire Integrated Care Board,E40000011,Midlands,MAR2022,DNA,Other Practice staff,Video/Online,15  to 21 Days,4
71E,E38000238,NHS Lincolnshire ICB - 71E,E54000013,NHS Lincolnshire Integrated Care Board,E40000011,Midlands,MAR2022,DNA,Other Practice staff,Video/Online,2 to 7 Days,2
71E,E38000238,NHS Lincolnshire ICB - 71E,E54000013,NHS Lincolnshire Integrated Care Board,E40000011,Midlands,MAR2022,DNA,Other Practice staff,Video/Online,22  to 28 Days,1
71E,E38000238,NHS Lincolnshire ICB - 71E,E54000013,NHS Lincolnshire Integrated Care Board,E40000011,Midlands,MAR2022,DNA,Other Practice staff,Video/Online,8  to 14 Days,6
71E,E38000238,NHS Lincolnshire ICB - 71E,E54000013,NHS Lincolnshire Integrated Care Board,E40000011,Midlands,MAR2022,DNA,Other Practice staff,Video/Online,More than 28 Days,2
71E,E38000238,NHS Lincolnshire ICB - 71E,E54000013,NHS Lincolnshire Integrated Care Board,E40000011,Midlands,MAR2022,DNA,Other Practice staff,Video/Online,Same Day,2
71E,E38000238,NHS Lincolnshire ICB - 71E,E54000013,NHS Lincolnshire Integrated Care Board,E40000011,Midlands,MAR2022,DNA,Unknown,Unknown,1 Day,34
71E,E38000238,NHS Lincolnshire ICB - 71E,E54000013,NHS Lincolnshire Integrated Care Board,E40000011,Midlands,MAR2022,DNA,Unknown,Unknown,15  to 21 Days,40
71E,E38000238,NHS Lincolnshire ICB - 71E,E54000013,NHS Lincolnshire Integrated Care Board,E40000011,Midlands,MAR2022,DNA,Unknown,Unknown,2 to 7 Days,102
71E,E38000238,NHS Lincolnshire ICB - 71E,E54000013,NHS Lincolnshire Integrated Care Board,E40000011,Midlands,MAR2022,DNA,Unknown,Unknown,22  to 28 Days,15
71E,E38000238,NHS Lincolnshire ICB - 71E,E54000013,NHS Lincolnshire Integrated Care Board,E40000011,Midlands,MAR2022,DNA,Unknown,Unknown,8  to 14 Days,91
71E,E38000238,NHS Lincolnshire ICB - 71E,E54000013,NHS Lincolnshire Integrated Care Board,E40000011,Midlands,MAR2022,DNA,Unknown,Unknown,More than 28 Days,20
71E,E38000238,NHS Lincolnshire ICB - 71E,E54000013,NHS Lincolnshire Integrated Care Board,E40000011,Midlands,MAR2022,DNA,Unknown,Unknown,Same Day,57
71E,E38000238,NHS Lincolnshire ICB - 71E,E54000013,NHS Lincolnshire Integrated Care Board,E40000011,Midlands,MAR2022,DNA,Unknown,Unknown,Unknown / Data Quality,1
71E,E38000238,NHS Lincolnshire ICB - 71E,E54000013,NHS Lincolnshire Integrated Care Board,E40000011,Midlands,MAR2022,Unknown,GP,Face-to-Face,1 Day,126
71E,E38000238,NHS Lincolnshire ICB - 71E,E54000013,NHS Lincolnshire Integrated Care Board,E40000011,Midlands,MAR2022,Unknown,GP,Face-to-Face,15  to 21 Days,201
71E,E38000238,NHS Lincolnshire ICB - 71E,E54000013,NHS Lincolnshire Integrated Care Board,E40000011,Midlands,MAR2022,Unknown,GP,Face-to-Face,2 to 7 Days,369
71E,E38000238,NHS Lincolnshire ICB - 71E,E54000013,NHS Lincolnshire Integrated Care Board,E40000011,Midlands,MAR2022,Unknown,GP,Face-to-Face,22  to 28 Days,113
71E,E38000238,NHS Lincolnshire ICB - 71E,E54000013,NHS Lincolnshire Integrated Care Board,E40000011,Midlands,MAR2022,Unknown,GP,Face-to-Face,8  to 14 Days,495
71E,E38000238,NHS Lincolnshire ICB - 71E,E54000013,NHS Lincolnshire Integrated Care Board,E40000011,Midlands,MAR2022,Unknown,GP,Face-to-Face,More than 28 Days,160
71E,E38000238,NHS Lincolnshire ICB - 71E,E54000013,NHS Lincolnshire Integrated Care Board,E40000011,Midlands,MAR2022,Unknown,GP,Face-to-Face,Same Day,271
71E,E38000238,NHS Lincolnshire ICB - 71E,E54000013,NHS Lincolnshire Integrated Care Board,E40000011,Midlands,MAR2022,Unknown,GP,Face-to-Face,Unknown / Data Quality,4
71E,E38000238,NHS Lincolnshire ICB - 71E,E54000013,NHS Lincolnshire Integrated Care Board,E40000011,Midlands,MAR2022,Unknown,GP,Home Visit,1 Day,2
71E,E38000238,NHS Lincolnshire ICB - 71E,E54000013,NHS Lincolnshire Integrated Care Board,E40000011,Midlands,MAR2022,Unknown,GP,Home Visit,2 to 7 Days,1
71E,E38000238,NHS Lincolnshire ICB - 71E,E54000013,NHS Lincolnshire Integrated Care Board,E40000011,Midlands,MAR2022,Unknown,GP,Home Visit,Same Day,5
71E,E38000238,NHS Lincolnshire ICB - 71E,E54000013,NHS Lincolnshire Integrated Care Board,E40000011,Midlands,MAR2022,Unknown,GP,Home Visit,Unknown / Data Quality,2
71E,E38000238,NHS Lincolnshire ICB - 71E,E54000013,NHS Lincolnshire Integrated Care Board,E40000011,Midlands,MAR2022,Unknown,GP,Telephone,1 Day,196
71E,E38000238,NHS Lincolnshire ICB - 71E,E54000013,NHS Lincolnshire Integrated Care Board,E40000011,Midlands,MAR2022,Unknown,GP,Telephone,15  to 21 Days,189
71E,E38000238,NHS Lincolnshire ICB - 71E,E54000013,NHS Lincolnshire Integrated Care Board,E40000011,Midlands,MAR2022,Unknown,GP,Telephone,2 to 7 Days,315
71E,E38000238,NHS Lincolnshire ICB - 71E,E54000013,NHS Lincolnshire Integrated Care Board,E40000011,Midlands,MAR2022,Unknown,GP,Telephone,22  to 28 Days,52
71E,E38000238,NHS Lincolnshire ICB - 71E,E54000013,NHS Lincolnshire Integrated Care Board,E40000011,Midlands,MAR2022,Unknown,GP,Telephone,8  to 14 Days,311
71E,E38000238,NHS Lincolnshire ICB - 71E,E54000013,NHS Lincolnshire Integrated Care Board,E40000011,Midlands,MAR2022,Unknown,GP,Telephone,More than 28 Days,38
71E,E38000238,NHS Lincolnshire ICB - 71E,E54000013,NHS Lincolnshire Integrated Care Board,E40000011,Midlands,MAR2022,Unknown,GP,Telephone,Same Day,352
71E,E38000238,NHS Lincolnshire ICB - 71E,E54000013,NHS Lincolnshire Integrated Care Board,E40000011,Midlands,MAR2022,Unknown,GP,Telephone,Unknown / Data Quality,2
71E,E38000238,NHS Lincolnshire ICB - 71E,E54000013,NHS Lincolnshire Integrated Care Board,E40000011,Midlands,MAR2022,Unknown,GP,Video/Online,Same Day,1
71E,E38000238,NHS Lincolnshire ICB - 71E,E54000013,NHS Lincolnshire Integrated Care Board,E40000011,Midlands,MAR2022,Unknown,Other Practice staff,Face-to-Face,1 Day,317
71E,E38000238,NHS Lincolnshire ICB - 71E,E54000013,NHS Lincolnshire Integrated Care Board,E40000011,Midlands,MAR2022,Unknown,Other Practice staff,Face-to-Face,15  to 21 Days,1341
71E,E38000238,NHS Lincolnshire ICB - 71E,E54000013,NHS Lincolnshire Integrated Care Board,E40000011,Midlands,MAR2022,Unknown,Other Practice staff,Face-to-Face,2 to 7 Days,1428
71E,E38000238,NHS Lincolnshire ICB - 71E,E54000013,NHS Lincolnshire Integrated Care Board,E40000011,Midlands,MAR2022,Unknown,Other Practice staff,Face-to-Face,22  to 28 Days,1100
71E,E38000238,NHS Lincolnshire ICB - 71E,E54000013,NHS Lincolnshire Integrated Care Board,E40000011,Midlands,MAR2022,Unknown,Other Practice staff,Face-to-Face,8  to 14 Days,1954
71E,E38000238,NHS Lincolnshire ICB - 71E,E54000013,NHS Lincolnshire Integrated Care Board,E40000011,Midlands,MAR2022,Unknown,Other Practice staff,Face-to-Face,More than 28 Days,1681
71E,E38000238,NHS Lincolnshire ICB - 71E,E54000013,NHS Lincolnshire Integrated Care Board,E40000011,Midlands,MAR2022,Unknown,Other Practice staff,Face-to-Face,Same Day,861
71E,E38000238,NHS Lincolnshire ICB - 71E,E54000013,NHS Lincolnshire Integrated Care Board,E40000011,Midlands,MAR2022,Unknown,Other Practice staff,Face-to-Face,Unknown / Data Quality,7
71E,E38000238,NHS Lincolnshire ICB - 71E,E54000013,NHS Lincolnshire Integrated Care Board,E40000011,Midlands,MAR2022,Unknown,Other Practice staff,Home Visit,1 Day,2
71E,E38000238,NHS Lincolnshire ICB - 71E,E54000013,NHS Lincolnshire Integrated Care Board,E40000011,Midlands,MAR2022,Unknown,Other Practice staff,Home Visit,15  to 21 Days,16
71E,E38000238,NHS Lincolnshire ICB - 71E,E54000013,NHS Lincolnshire Integrated Care Board,E40000011,Midlands,MAR2022,Unknown,Other Practice staff,Home Visit,2 to 7 Days,25
71E,E38000238,NHS Lincolnshire ICB - 71E,E54000013,NHS Lincolnshire Integrated Care Board,E40000011,Midlands,MAR2022,Unknown,Other Practice staff,Home Visit,22  to 28 Days,12
71E,E38000238,NHS Lincolnshire ICB - 71E,E54000013,NHS Lincolnshire Integrated Care Board,E40000011,Midlands,MAR2022,Unknown,Other Practice staff,Home Visit,8  to 14 Days,33
71E,E38000238,NHS Lincolnshire ICB - 71E,E54000013,NHS Lincolnshire Integrated Care Board,E40000011,Midlands,MAR2022,Unknown,Other Practice staff,Home Visit,More than 28 Days,15
71E,E38000238,NHS Lincolnshire ICB - 71E,E54000013,NHS Lincolnshire Integrated Care Board,E40000011,Midlands,MAR2022,Unknown,Other Practice staff,Home Visit,Same Day,9
71E,E38000238,NHS Lincolnshire ICB - 71E,E54000013,NHS Lincolnshire Integrated Care Board,E40000011,Midlands,MAR2022,Unknown,Other Practice staff,Home Visit,Unknown / Data Quality,1
71E,E38000238,NHS Lincolnshire ICB - 71E,E54000013,NHS Lincolnshire Integrated Care Board,E40000011,Midlands,MAR2022,Unknown,Other Practice staff,Telephone,1 Day,142
71E,E38000238,NHS Lincolnshire ICB - 71E,E54000013,NHS Lincolnshire Integrated Care Board,E40000011,Midlands,MAR2022,Unknown,Other Practice staff,Telephone,15  to 21 Days,216
71E,E38000238,NHS Lincolnshire ICB - 71E,E54000013,NHS Lincolnshire Integrated Care Board,E40000011,Midlands,MAR2022,Unknown,Other Practice staff,Telephone,2 to 7 Days,311
71E,E38000238,NHS Lincolnshire ICB - 71E,E54000013,NHS Lincolnshire Integrated Care Board,E40000011,Midlands,MAR2022,Unknown,Other Practice staff,Telephone,22  to 28 Days,186
71E,E38000238,NHS Lincolnshire ICB - 71E,E54000013,NHS Lincolnshire Integrated Care Board,E40000011,Midlands,MAR2022,Unknown,Other Practice staff,Telephone,8  to 14 Days,318
71E,E38000238,NHS Lincolnshire ICB - 71E,E54000013,NHS Lincolnshire Integrated Care Board,E40000011,Midlands,MAR2022,Unknown,Other Practice staff,Telephone,More than 28 Days,121
71E,E38000238,NHS Lincolnshire ICB - 71E,E54000013,NHS Lincolnshire Integrated Care Board,E40000011,Midlands,MAR2022,Unknown,Other Practice staff,Telephone,Same Day,382
71E,E38000238,NHS Lincolnshire ICB - 71E,E54000013,NHS Lincolnshire Integrated Care Board,E40000011,Midlands,MAR2022,Unknown,Other Practice staff,Telephone,Unknown / Data Quality,5
71E,E38000238,NHS Lincolnshire ICB - 71E,E54000013,NHS Lincolnshire Integrated Care Board,E40000011,Midlands,MAR2022,Unknown,Other Practice staff,Video/Online,15  to 21 Days,9
71E,E38000238,NHS Lincolnshire ICB - 71E,E54000013,NHS Lincolnshire Integrated Care Board,E40000011,Midlands,MAR2022,Unknown,Other Practice staff,Video/Online,22  to 28 Days,1
71E,E38000238,NHS Lincolnshire ICB - 71E,E54000013,NHS Lincolnshire Integrated Care Board,E40000011,Midlands,MAR2022,Unknown,Other Practice staff,Video/Online,8  to 14 Days,4
71E,E38000238,NHS Lincolnshire ICB - 71E,E54000013,NHS Lincolnshire Integrated Care Board,E40000011,Midlands,MAR2022,Unknown,Other Practice staff,Video/Online,More than 28 Days,5
71E,E38000238,NHS Lincolnshire ICB - 71E,E54000013,NHS Lincolnshire Integrated Care Board,E40000011,Midlands,MAR2022,Unknown,Other Practice staff,Video/Online,Same Day,2
71E,E38000238,NHS Lincolnshire ICB - 71E,E54000013,NHS Lincolnshire Integrated Care Board,E40000011,Midlands,MAR2022,Unknown,Other Practice staff,Video/Online,Unknown / Data Quality,1
71E,E38000238,NHS Lincolnshire ICB - 71E,E54000013,NHS Lincolnshire Integrated Care Board,E40000011,Midlands,MAR2022,Unknown,Unknown,Unknown,1 Day,35
71E,E38000238,NHS Lincolnshire ICB - 71E,E54000013,NHS Lincolnshire Integrated Care Board,E40000011,Midlands,MAR2022,Unknown,Unknown,Unknown,15  to 21 Days,166
71E,E38000238,NHS Lincolnshire ICB - 71E,E54000013,NHS Lincolnshire Integrated Care Board,E40000011,Midlands,MAR2022,Unknown,Unknown,Unknown,2 to 7 Days,252
71E,E38000238,NHS Lincolnshire ICB - 71E,E54000013,NHS Lincolnshire Integrated Care Board,E40000011,Midlands,MAR2022,Unknown,Unknown,Unknown,22  to 28 Days,118
71E,E38000238,NHS Lincolnshire ICB - 71E,E54000013,NHS Lincolnshire Integrated Care Board,E40000011,Midlands,MAR2022,Unknown,Unknown,Unknown,8  to 14 Days,294
71E,E38000238,NHS Lincolnshire ICB - 71E,E54000013,NHS Lincolnshire Integrated Care Board,E40000011,Midlands,MAR2022,Unknown,Unknown,Unknown,More than 28 Days,78
71E,E38000238,NHS Lincolnshire ICB - 71E,E54000013,NHS Lincolnshire Integrated Care Board,E40000011,Midlands,MAR2022,Unknown,Unknown,Unknown,Same Day,59
71E,E38000238,NHS Lincolnshire ICB - 71E,E54000013,NHS Lincolnshire Integrated Care Board,E40000011,Midlands,MAR2022,Unknown,Unknown,Unknown,Unknown / Data Quality,4
71E,E38000238,NHS Lincolnshire ICB - 71E,E54000013,NHS Lincolnshire Integrated Care Board,E40000011,Midlands,APR2022,Attended,GP,Face-to-Face,1 Day,5153
71E,E38000238,NHS Lincolnshire ICB - 71E,E54000013,NHS Lincolnshire Integrated Care Board,E40000011,Midlands,APR2022,Attended,GP,Face-to-Face,15  to 21 Days,2421
71E,E38000238,NHS Lincolnshire ICB - 71E,E54000013,NHS Lincolnshire Integrated Care Board,E40000011,Midlands,APR2022,Attended,GP,Face-to-Face,2 to 7 Days,7044
71E,E38000238,NHS Lincolnshire ICB - 71E,E54000013,NHS Lincolnshire Integrated Care Board,E40000011,Midlands,APR2022,Attended,GP,Face-to-Face,22  to 28 Days,1193
71E,E38000238,NHS Lincolnshire ICB - 71E,E54000013,NHS Lincolnshire Integrated Care Board,E40000011,Midlands,APR2022,Attended,GP,Face-to-Face,8  to 14 Days,4067
71E,E38000238,NHS Lincolnshire ICB - 71E,E54000013,NHS Lincolnshire Integrated Care Board,E40000011,Midlands,APR2022,Attended,GP,Face-to-Face,More than 28 Days,782
71E,E38000238,NHS Lincolnshire ICB - 71E,E54000013,NHS Lincolnshire Integrated Care Board,E40000011,Midlands,APR2022,Attended,GP,Face-to-Face,Same Day,43365
71E,E38000238,NHS Lincolnshire ICB - 71E,E54000013,NHS Lincolnshire Integrated Care Board,E40000011,Midlands,APR2022,Attended,GP,Face-to-Face,Unknown / Data Quality,69
71E,E38000238,NHS Lincolnshire ICB - 71E,E54000013,NHS Lincolnshire Integrated Care Board,E40000011,Midlands,APR2022,Attended,GP,Home Visit,1 Day,14
71E,E38000238,NHS Lincolnshire ICB - 71E,E54000013,NHS Lincolnshire Integrated Care Board,E40000011,Midlands,APR2022,Attended,GP,Home Visit,2 to 7 Days,15
71E,E38000238,NHS Lincolnshire ICB - 71E,E54000013,NHS Lincolnshire Integrated Care Board,E40000011,Midlands,APR2022,Attended,GP,Home Visit,22  to 28 Days,1
71E,E38000238,NHS Lincolnshire ICB - 71E,E54000013,NHS Lincolnshire Integrated Care Board,E40000011,Midlands,APR2022,Attended,GP,Home Visit,8  to 14 Days,1
71E,E38000238,NHS Lincolnshire ICB - 71E,E54000013,NHS Lincolnshire Integrated Care Board,E40000011,Midlands,APR2022,Attended,GP,Home Visit,Same Day,112
71E,E38000238,NHS Lincolnshire ICB - 71E,E54000013,NHS Lincolnshire Integrated Care Board,E40000011,Midlands,APR2022,Attended,GP,Telephone,1 Day,2871
71E,E38000238,NHS Lincolnshire ICB - 71E,E54000013,NHS Lincolnshire Integrated Care Board,E40000011,Midlands,APR2022,Attended,GP,Telephone,15  to 21 Days,1555
71E,E38000238,NHS Lincolnshire ICB - 71E,E54000013,NHS Lincolnshire Integrated Care Board,E40000011,Midlands,APR2022,Attended,GP,Telephone,2 to 7 Days,4624
71E,E38000238,NHS Lincolnshire ICB - 71E,E54000013,NHS Lincolnshire Integrated Care Board,E40000011,Midlands,APR2022,Attended,GP,Telephone,22  to 28 Days,652
71E,E38000238,NHS Lincolnshire ICB - 71E,E54000013,NHS Lincolnshire Integrated Care Board,E40000011,Midlands,APR2022,Attended,GP,Telephone,8  to 14 Days,3316
71E,E38000238,NHS Lincolnshire ICB - 71E,E54000013,NHS Lincolnshire Integrated Care Board,E40000011,Midlands,APR2022,Attended,GP,Telephone,More than 28 Days,236
71E,E38000238,NHS Lincolnshire ICB - 71E,E54000013,NHS Lincolnshire Integrated Care Board,E40000011,Midlands,APR2022,Attended,GP,Telephone,Same Day,38981
71E,E38000238,NHS Lincolnshire ICB - 71E,E54000013,NHS Lincolnshire Integrated Care Board,E40000011,Midlands,APR2022,Attended,GP,Telephone,Unknown / Data Quality,7
71E,E38000238,NHS Lincolnshire ICB - 71E,E54000013,NHS Lincolnshire Integrated Care Board,E40000011,Midlands,APR2022,Attended,GP,Video/Online,1 Day,91
71E,E38000238,NHS Lincolnshire ICB - 71E,E54000013,NHS Lincolnshire Integrated Care Board,E40000011,Midlands,APR2022,Attended,GP,Video/Online,15  to 21 Days,10
71E,E38000238,NHS Lincolnshire ICB - 71E,E54000013,NHS Lincolnshire Integrated Care Board,E40000011,Midlands,APR2022,Attended,GP,Video/Online,2 to 7 Days,36
71E,E38000238,NHS Lincolnshire ICB - 71E,E54000013,NHS Lincolnshire Integrated Care Board,E40000011,Midlands,APR2022,Attended,GP,Video/Online,22  to 28 Days,1
71E,E38000238,NHS Lincolnshire ICB - 71E,E54000013,NHS Lincolnshire Integrated Care Board,E40000011,Midlands,APR2022,Attended,GP,Video/Online,8  to 14 Days,5
71E,E38000238,NHS Lincolnshire ICB - 71E,E54000013,NHS Lincolnshire Integrated Care Board,E40000011,Midlands,APR2022,Attended,GP,Video/Online,Same Day,427
71E,E38000238,NHS Lincolnshire ICB - 71E,E54000013,NHS Lincolnshire Integrated Care Board,E40000011,Midlands,APR2022,Attended,GP,Video/Online,Unknown / Data Quality,5
71E,E38000238,NHS Lincolnshire ICB - 71E,E54000013,NHS Lincolnshire Integrated Care Board,E40000011,Midlands,APR2022,Attended,Other Practice staff,Face-to-Face,1 Day,10086
71E,E38000238,NHS Lincolnshire ICB - 71E,E54000013,NHS Lincolnshire Integrated Care Board,E40000011,Midlands,APR2022,Attended,Other Practice staff,Face-to-Face,15  to 21 Days,16998
71E,E38000238,NHS Lincolnshire ICB - 71E,E54000013,NHS Lincolnshire Integrated Care Board,E40000011,Midlands,APR2022,Attended,Other Practice staff,Face-to-Face,2 to 7 Days,31232
71E,E38000238,NHS Lincolnshire ICB - 71E,E54000013,NHS Lincolnshire Integrated Care Board,E40000011,Midlands,APR2022,Attended,Other Practice staff,Face-to-Face,22  to 28 Days,9970
71E,E38000238,NHS Lincolnshire ICB - 71E,E54000013,NHS Lincolnshire Integrated Care Board,E40000011,Midlands,APR2022,Attended,Other Practice staff,Face-to-Face,8  to 14 Days,25807
71E,E38000238,NHS Lincolnshire ICB - 71E,E54000013,NHS Lincolnshire Integrated Care Board,E40000011,Midlands,APR2022,Attended,Other Practice staff,Face-to-Face,More than 28 Days,9699
71E,E38000238,NHS Lincolnshire ICB - 71E,E54000013,NHS Lincolnshire Integrated Care Board,E40000011,Midlands,APR2022,Attended,Other Practice staff,Face-to-Face,Same Day,44578
71E,E38000238,NHS Lincolnshire ICB - 71E,E54000013,NHS Lincolnshire Integrated Care Board,E40000011,Midlands,APR2022,Attended,Other Practice staff,Face-to-Face,Unknown / Data Quality,14
71E,E38000238,NHS Lincolnshire ICB - 71E,E54000013,NHS Lincolnshire Integrated Care Board,E40000011,Midlands,APR2022,Attended,Other Practice staff,Home Visit,1 Day,171
71E,E38000238,NHS Lincolnshire ICB - 71E,E54000013,NHS Lincolnshire Integrated Care Board,E40000011,Midlands,APR2022,Attended,Other Practice staff,Home Visit,15  to 21 Days,132
71E,E38000238,NHS Lincolnshire ICB - 71E,E54000013,NHS Lincolnshire Integrated Care Board,E40000011,Midlands,APR2022,Attended,Other Practice staff,Home Visit,2 to 7 Days,526
71E,E38000238,NHS Lincolnshire ICB - 71E,E54000013,NHS Lincolnshire Integrated Care Board,E40000011,Midlands,APR2022,Attended,Other Practice staff,Home Visit,22  to 28 Days,78
71E,E38000238,NHS Lincolnshire ICB - 71E,E54000013,NHS Lincolnshire Integrated Care Board,E40000011,Midlands,APR2022,Attended,Other Practice staff,Home Visit,8  to 14 Days,311
71E,E38000238,NHS Lincolnshire ICB - 71E,E54000013,NHS Lincolnshire Integrated Care Board,E40000011,Midlands,APR2022,Attended,Other Practice staff,Home Visit,More than 28 Days,100
71E,E38000238,NHS Lincolnshire ICB - 71E,E54000013,NHS Lincolnshire Integrated Care Board,E40000011,Midlands,APR2022,Attended,Other Practice staff,Home Visit,Same Day,328
71E,E38000238,NHS Lincolnshire ICB - 71E,E54000013,NHS Lincolnshire Integrated Care Board,E40000011,Midlands,APR2022,Attended,Other Practice staff,Home Visit,Unknown / Data Quality,2
71E,E38000238,NHS Lincolnshire ICB - 71E,E54000013,NHS Lincolnshire Integrated Care Board,E40000011,Midlands,APR2022,Attended,Other Practice staff,Telephone,1 Day,2644
71E,E38000238,NHS Lincolnshire ICB - 71E,E54000013,NHS Lincolnshire Integrated Care Board,E40000011,Midlands,APR2022,Attended,Other Practice staff,Telephone,15  to 21 Days,1273
71E,E38000238,NHS Lincolnshire ICB - 71E,E54000013,NHS Lincolnshire Integrated Care Board,E40000011,Midlands,APR2022,Attended,Other Practice staff,Telephone,2 to 7 Days,4421
71E,E38000238,NHS Lincolnshire ICB - 71E,E54000013,NHS Lincolnshire Integrated Care Board,E40000011,Midlands,APR2022,Attended,Other Practice staff,Telephone,22  to 28 Days,945
71E,E38000238,NHS Lincolnshire ICB - 71E,E54000013,NHS Lincolnshire Integrated Care Board,E40000011,Midlands,APR2022,Attended,Other Practice staff,Telephone,8  to 14 Days,2636
71E,E38000238,NHS Lincolnshire ICB - 71E,E54000013,NHS Lincolnshire Integrated Care Board,E40000011,Midlands,APR2022,Attended,Other Practice staff,Telephone,More than 28 Days,990
71E,E38000238,NHS Lincolnshire ICB - 71E,E54000013,NHS Lincolnshire Integrated Care Board,E40000011,Midlands,APR2022,Attended,Other Practice staff,Telephone,Same Day,26668
71E,E38000238,NHS Lincolnshire ICB - 71E,E54000013,NHS Lincolnshire Integrated Care Board,E40000011,Midlands,APR2022,Attended,Other Practice staff,Telephone,Unknown / Data Quality,37
71E,E38000238,NHS Lincolnshire ICB - 71E,E54000013,NHS Lincolnshire Integrated Care Board,E40000011,Midlands,APR2022,Attended,Other Practice staff,Video/Online,1 Day,20
71E,E38000238,NHS Lincolnshire ICB - 71E,E54000013,NHS Lincolnshire Integrated Care Board,E40000011,Midlands,APR2022,Attended,Other Practice staff,Video/Online,15  to 21 Days,24
71E,E38000238,NHS Lincolnshire ICB - 71E,E54000013,NHS Lincolnshire Integrated Care Board,E40000011,Midlands,APR2022,Attended,Other Practice staff,Video/Online,2 to 7 Days,22
71E,E38000238,NHS Lincolnshire ICB - 71E,E54000013,NHS Lincolnshire Integrated Care Board,E40000011,Midlands,APR2022,Attended,Other Practice staff,Video/Online,22  to 28 Days,27
71E,E38000238,NHS Lincolnshire ICB - 71E,E54000013,NHS Lincolnshire Integrated Care Board,E40000011,Midlands,APR2022,Attended,Other Practice staff,Video/Online,8  to 14 Days,42
71E,E38000238,NHS Lincolnshire ICB - 71E,E54000013,NHS Lincolnshire Integrated Care Board,E40000011,Midlands,APR2022,Attended,Other Practice staff,Video/Online,More than 28 Days,37
71E,E38000238,NHS Lincolnshire ICB - 71E,E54000013,NHS Lincolnshire Integrated Care Board,E40000011,Midlands,APR2022,Attended,Other Practice staff,Video/Online,Same Day,593
71E,E38000238,NHS Lincolnshire ICB - 71E,E54000013,NHS Lincolnshire Integrated Care Board,E40000011,Midlands,APR2022,Attended,Unknown,Unknown,1 Day,1084
71E,E38000238,NHS Lincolnshire ICB - 71E,E54000013,NHS Lincolnshire Integrated Care Board,E40000011,Midlands,APR2022,Attended,Unknown,Unknown,15  to 21 Days,625
71E,E38000238,NHS Lincolnshire ICB - 71E,E54000013,NHS Lincolnshire Integrated Care Board,E40000011,Midlands,APR2022,Attended,Unknown,Unknown,2 to 7 Days,2076
71E,E38000238,NHS Lincolnshire ICB - 71E,E54000013,NHS Lincolnshire Integrated Care Board,E40000011,Midlands,APR2022,Attended,Unknown,Unknown,22  to 28 Days,321
71E,E38000238,NHS Lincolnshire ICB - 71E,E54000013,NHS Lincolnshire Integrated Care Board,E40000011,Midlands,APR2022,Attended,Unknown,Unknown,8  to 14 Days,1153
71E,E38000238,NHS Lincolnshire ICB - 71E,E54000013,NHS Lincolnshire Integrated Care Board,E40000011,Midlands,APR2022,Attended,Unknown,Unknown,More than 28 Days,191
71E,E38000238,NHS Lincolnshire ICB - 71E,E54000013,NHS Lincolnshire Integrated Care Board,E40000011,Midlands,APR2022,Attended,Unknown,Unknown,Same Day,8131
71E,E38000238,NHS Lincolnshire ICB - 71E,E54000013,NHS Lincolnshire Integrated Care Board,E40000011,Midlands,APR2022,Attended,Unknown,Unknown,Unknown / Data Quality,9
71E,E38000238,NHS Lincolnshire ICB - 71E,E54000013,NHS Lincolnshire Integrated Care Board,E40000011,Midlands,APR2022,DNA,GP,Face-to-Face,1 Day,127
71E,E38000238,NHS Lincolnshire ICB - 71E,E54000013,NHS Lincolnshire Integrated Care Board,E40000011,Midlands,APR2022,DNA,GP,Face-to-Face,15  to 21 Days,121
71E,E38000238,NHS Lincolnshire ICB - 71E,E54000013,NHS Lincolnshire Integrated Care Board,E40000011,Midlands,APR2022,DNA,GP,Face-to-Face,2 to 7 Days,267
71E,E38000238,NHS Lincolnshire ICB - 71E,E54000013,NHS Lincolnshire Integrated Care Board,E40000011,Midlands,APR2022,DNA,GP,Face-to-Face,22  to 28 Days,81
71E,E38000238,NHS Lincolnshire ICB - 71E,E54000013,NHS Lincolnshire Integrated Care Board,E40000011,Midlands,APR2022,DNA,GP,Face-to-Face,8  to 14 Days,201
71E,E38000238,NHS Lincolnshire ICB - 71E,E54000013,NHS Lincolnshire Integrated Care Board,E40000011,Midlands,APR2022,DNA,GP,Face-to-Face,More than 28 Days,63
71E,E38000238,NHS Lincolnshire ICB - 71E,E54000013,NHS Lincolnshire Integrated Care Board,E40000011,Midlands,APR2022,DNA,GP,Face-to-Face,Same Day,414
71E,E38000238,NHS Lincolnshire ICB - 71E,E54000013,NHS Lincolnshire Integrated Care Board,E40000011,Midlands,APR2022,DNA,GP,Telephone,1 Day,23
71E,E38000238,NHS Lincolnshire ICB - 71E,E54000013,NHS Lincolnshire Integrated Care Board,E40000011,Midlands,APR2022,DNA,GP,Telephone,15  to 21 Days,13
71E,E38000238,NHS Lincolnshire ICB - 71E,E54000013,NHS Lincolnshire Integrated Care Board,E40000011,Midlands,APR2022,DNA,GP,Telephone,2 to 7 Days,52
71E,E38000238,NHS Lincolnshire ICB - 71E,E54000013,NHS Lincolnshire Integrated Care Board,E40000011,Midlands,APR2022,DNA,GP,Telephone,22  to 28 Days,8
71E,E38000238,NHS Lincolnshire ICB - 71E,E54000013,NHS Lincolnshire Integrated Care Board,E40000011,Midlands,APR2022,DNA,GP,Telephone,8  to 14 Days,17
71E,E38000238,NHS Lincolnshire ICB - 71E,E54000013,NHS Lincolnshire Integrated Care Board,E40000011,Midlands,APR2022,DNA,GP,Telephone,More than 28 Days,3
71E,E38000238,NHS Lincolnshire ICB - 71E,E54000013,NHS Lincolnshire Integrated Care Board,E40000011,Midlands,APR2022,DNA,GP,Telephone,Same Day,278
71E,E38000238,NHS Lincolnshire ICB - 71E,E54000013,NHS Lincolnshire Integrated Care Board,E40000011,Midlands,APR2022,DNA,GP,Video/Online,1 Day,3
71E,E38000238,NHS Lincolnshire ICB - 71E,E54000013,NHS Lincolnshire Integrated Care Board,E40000011,Midlands,APR2022,DNA,GP,Video/Online,8  to 14 Days,1
71E,E38000238,NHS Lincolnshire ICB - 71E,E54000013,NHS Lincolnshire Integrated Care Board,E40000011,Midlands,APR2022,DNA,GP,Video/Online,Same Day,7
71E,E38000238,NHS Lincolnshire ICB - 71E,E54000013,NHS Lincolnshire Integrated Care Board,E40000011,Midlands,APR2022,DNA,Other Practice staff,Face-to-Face,1 Day,547
71E,E38000238,NHS Lincolnshire ICB - 71E,E54000013,NHS Lincolnshire Integrated Care Board,E40000011,Midlands,APR2022,DNA,Other Practice staff,Face-to-Face,15  to 21 Days,1581
71E,E38000238,NHS Lincolnshire ICB - 71E,E54000013,NHS Lincolnshire Integrated Care Board,E40000011,Midlands,APR2022,DNA,Other Practice staff,Face-to-Face,2 to 7 Days,2082
71E,E38000238,NHS Lincolnshire ICB - 71E,E54000013,NHS Lincolnshire Integrated Care Board,E40000011,Midlands,APR2022,DNA,Other Practice staff,Face-to-Face,22  to 28 Days,1034
71E,E38000238,NHS Lincolnshire ICB - 71E,E54000013,NHS Lincolnshire Integrated Care Board,E40000011,Midlands,APR2022,DNA,Other Practice staff,Face-to-Face,8  to 14 Days,2296
71E,E38000238,NHS Lincolnshire ICB - 71E,E54000013,NHS Lincolnshire Integrated Care Board,E40000011,Midlands,APR2022,DNA,Other Practice staff,Face-to-Face,More than 28 Days,1317
71E,E38000238,NHS Lincolnshire ICB - 71E,E54000013,NHS Lincolnshire Integrated Care Board,E40000011,Midlands,APR2022,DNA,Other Practice staff,Face-to-Face,Same Day,1176
71E,E38000238,NHS Lincolnshire ICB - 71E,E54000013,NHS Lincolnshire Integrated Care Board,E40000011,Midlands,APR2022,DNA,Other Practice staff,Home Visit,1 Day,2
71E,E38000238,NHS Lincolnshire ICB - 71E,E54000013,NHS Lincolnshire Integrated Care Board,E40000011,Midlands,APR2022,DNA,Other Practice staff,Home Visit,15  to 21 Days,2
71E,E38000238,NHS Lincolnshire ICB - 71E,E54000013,NHS Lincolnshire Integrated Care Board,E40000011,Midlands,APR2022,DNA,Other Practice staff,Home Visit,2 to 7 Days,9
71E,E38000238,NHS Lincolnshire ICB - 71E,E54000013,NHS Lincolnshire Integrated Care Board,E40000011,Midlands,APR2022,DNA,Other Practice staff,Home Visit,22  to 28 Days,3
71E,E38000238,NHS Lincolnshire ICB - 71E,E54000013,NHS Lincolnshire Integrated Care Board,E40000011,Midlands,APR2022,DNA,Other Practice staff,Home Visit,8  to 14 Days,2
71E,E38000238,NHS Lincolnshire ICB - 71E,E54000013,NHS Lincolnshire Integrated Care Board,E40000011,Midlands,APR2022,DNA,Other Practice staff,Home Visit,Same Day,7
71E,E38000238,NHS Lincolnshire ICB - 71E,E54000013,NHS Lincolnshire Integrated Care Board,E40000011,Midlands,APR2022,DNA,Other Practice staff,Telephone,1 Day,34
71E,E38000238,NHS Lincolnshire ICB - 71E,E54000013,NHS Lincolnshire Integrated Care Board,E40000011,Midlands,APR2022,DNA,Other Practice staff,Telephone,15  to 21 Days,50
71E,E38000238,NHS Lincolnshire ICB - 71E,E54000013,NHS Lincolnshire Integrated Care Board,E40000011,Midlands,APR2022,DNA,Other Practice staff,Telephone,2 to 7 Days,130
71E,E38000238,NHS Lincolnshire ICB - 71E,E54000013,NHS Lincolnshire Integrated Care Board,E40000011,Midlands,APR2022,DNA,Other Practice staff,Telephone,22  to 28 Days,34
71E,E38000238,NHS Lincolnshire ICB - 71E,E54000013,NHS Lincolnshire Integrated Care Board,E40000011,Midlands,APR2022,DNA,Other Practice staff,Telephone,8  to 14 Days,101
71E,E38000238,NHS Lincolnshire ICB - 71E,E54000013,NHS Lincolnshire Integrated Care Board,E40000011,Midlands,APR2022,DNA,Other Practice staff,Telephone,More than 28 Days,28
71E,E38000238,NHS Lincolnshire ICB - 71E,E54000013,NHS Lincolnshire Integrated Care Board,E40000011,Midlands,APR2022,DNA,Other Practice staff,Telephone,Same Day,244
71E,E38000238,NHS Lincolnshire ICB - 71E,E54000013,NHS Lincolnshire Integrated Care Board,E40000011,Midlands,APR2022,DNA,Other Practice staff,Unknown,More than 28 Days,1
71E,E38000238,NHS Lincolnshire ICB - 71E,E54000013,NHS Lincolnshire Integrated Care Board,E40000011,Midlands,APR2022,DNA,Other Practice staff,Video/Online,15  to 21 Days,1
71E,E38000238,NHS Lincolnshire ICB - 71E,E54000013,NHS Lincolnshire Integrated Care Board,E40000011,Midlands,APR2022,DNA,Other Practice staff,Video/Online,2 to 7 Days,3
71E,E38000238,NHS Lincolnshire ICB - 71E,E54000013,NHS Lincolnshire Integrated Care Board,E40000011,Midlands,APR2022,DNA,Other Practice staff,Video/Online,22  to 28 Days,1
71E,E38000238,NHS Lincolnshire ICB - 71E,E54000013,NHS Lincolnshire Integrated Care Board,E40000011,Midlands,APR2022,DNA,Other Practice staff,Video/Online,8  to 14 Days,5
71E,E38000238,NHS Lincolnshire ICB - 71E,E54000013,NHS Lincolnshire Integrated Care Board,E40000011,Midlands,APR2022,DNA,Unknown,Unknown,1 Day,36
71E,E38000238,NHS Lincolnshire ICB - 71E,E54000013,NHS Lincolnshire Integrated Care Board,E40000011,Midlands,APR2022,DNA,Unknown,Unknown,15  to 21 Days,39
71E,E38000238,NHS Lincolnshire ICB - 71E,E54000013,NHS Lincolnshire Integrated Care Board,E40000011,Midlands,APR2022,DNA,Unknown,Unknown,2 to 7 Days,86
71E,E38000238,NHS Lincolnshire ICB - 71E,E54000013,NHS Lincolnshire Integrated Care Board,E40000011,Midlands,APR2022,DNA,Unknown,Unknown,22  to 28 Days,11
71E,E38000238,NHS Lincolnshire ICB - 71E,E54000013,NHS Lincolnshire Integrated Care Board,E40000011,Midlands,APR2022,DNA,Unknown,Unknown,8  to 14 Days,67
71E,E38000238,NHS Lincolnshire ICB - 71E,E54000013,NHS Lincolnshire Integrated Care Board,E40000011,Midlands,APR2022,DNA,Unknown,Unknown,More than 28 Days,13
71E,E38000238,NHS Lincolnshire ICB - 71E,E54000013,NHS Lincolnshire Integrated Care Board,E40000011,Midlands,APR2022,DNA,Unknown,Unknown,Same Day,52
71E,E38000238,NHS Lincolnshire ICB - 71E,E54000013,NHS Lincolnshire Integrated Care Board,E40000011,Midlands,APR2022,Unknown,GP,Face-to-Face,1 Day,69
71E,E38000238,NHS Lincolnshire ICB - 71E,E54000013,NHS Lincolnshire Integrated Care Board,E40000011,Midlands,APR2022,Unknown,GP,Face-to-Face,15  to 21 Days,227
71E,E38000238,NHS Lincolnshire ICB - 71E,E54000013,NHS Lincolnshire Integrated Care Board,E40000011,Midlands,APR2022,Unknown,GP,Face-to-Face,2 to 7 Days,230
71E,E38000238,NHS Lincolnshire ICB - 71E,E54000013,NHS Lincolnshire Integrated Care Board,E40000011,Midlands,APR2022,Unknown,GP,Face-to-Face,22  to 28 Days,74
71E,E38000238,NHS Lincolnshire ICB - 71E,E54000013,NHS Lincolnshire Integrated Care Board,E40000011,Midlands,APR2022,Unknown,GP,Face-to-Face,8  to 14 Days,389
71E,E38000238,NHS Lincolnshire ICB - 71E,E54000013,NHS Lincolnshire Integrated Care Board,E40000011,Midlands,APR2022,Unknown,GP,Face-to-Face,More than 28 Days,119
71E,E38000238,NHS Lincolnshire ICB - 71E,E54000013,NHS Lincolnshire Integrated Care Board,E40000011,Midlands,APR2022,Unknown,GP,Face-to-Face,Same Day,234
71E,E38000238,NHS Lincolnshire ICB - 71E,E54000013,NHS Lincolnshire Integrated Care Board,E40000011,Midlands,APR2022,Unknown,GP,Home Visit,2 to 7 Days,1
71E,E38000238,NHS Lincolnshire ICB - 71E,E54000013,NHS Lincolnshire Integrated Care Board,E40000011,Midlands,APR2022,Unknown,GP,Home Visit,Same Day,3
71E,E38000238,NHS Lincolnshire ICB - 71E,E54000013,NHS Lincolnshire Integrated Care Board,E40000011,Midlands,APR2022,Unknown,GP,Telephone,1 Day,100
71E,E38000238,NHS Lincolnshire ICB - 71E,E54000013,NHS Lincolnshire Integrated Care Board,E40000011,Midlands,APR2022,Unknown,GP,Telephone,15  to 21 Days,115
71E,E38000238,NHS Lincolnshire ICB - 71E,E54000013,NHS Lincolnshire Integrated Care Board,E40000011,Midlands,APR2022,Unknown,GP,Telephone,2 to 7 Days,149
71E,E38000238,NHS Lincolnshire ICB - 71E,E54000013,NHS Lincolnshire Integrated Care Board,E40000011,Midlands,APR2022,Unknown,GP,Telephone,22  to 28 Days,91
71E,E38000238,NHS Lincolnshire ICB - 71E,E54000013,NHS Lincolnshire Integrated Care Board,E40000011,Midlands,APR2022,Unknown,GP,Telephone,8  to 14 Days,225
71E,E38000238,NHS Lincolnshire ICB - 71E,E54000013,NHS Lincolnshire Integrated Care Board,E40000011,Midlands,APR2022,Unknown,GP,Telephone,More than 28 Days,28
71E,E38000238,NHS Lincolnshire ICB - 71E,E54000013,NHS Lincolnshire Integrated Care Board,E40000011,Midlands,APR2022,Unknown,GP,Telephone,Same Day,258
71E,E38000238,NHS Lincolnshire ICB - 71E,E54000013,NHS Lincolnshire Integrated Care Board,E40000011,Midlands,APR2022,Unknown,GP,Telephone,Unknown / Data Quality,1
71E,E38000238,NHS Lincolnshire ICB - 71E,E54000013,NHS Lincolnshire Integrated Care Board,E40000011,Midlands,APR2022,Unknown,GP,Video/Online,1 Day,4
71E,E38000238,NHS Lincolnshire ICB - 71E,E54000013,NHS Lincolnshire Integrated Care Board,E40000011,Midlands,APR2022,Unknown,GP,Video/Online,Same Day,2
71E,E38000238,NHS Lincolnshire ICB - 71E,E54000013,NHS Lincolnshire Integrated Care Board,E40000011,Midlands,APR2022,Unknown,Other Practice staff,Face-to-Face,1 Day,233
71E,E38000238,NHS Lincolnshire ICB - 71E,E54000013,NHS Lincolnshire Integrated Care Board,E40000011,Midlands,APR2022,Unknown,Other Practice staff,Face-to-Face,15  to 21 Days,1321
71E,E38000238,NHS Lincolnshire ICB - 71E,E54000013,NHS Lincolnshire Integrated Care Board,E40000011,Midlands,APR2022,Unknown,Other Practice staff,Face-to-Face,2 to 7 Days,1184
71E,E38000238,NHS Lincolnshire ICB - 71E,E54000013,NHS Lincolnshire Integrated Care Board,E40000011,Midlands,APR2022,Unknown,Other Practice staff,Face-to-Face,22  to 28 Days,956
71E,E38000238,NHS Lincolnshire ICB - 71E,E54000013,NHS Lincolnshire Integrated Care Board,E40000011,Midlands,APR2022,Unknown,Other Practice staff,Face-to-Face,8  to 14 Days,1795
71E,E38000238,NHS Lincolnshire ICB - 71E,E54000013,NHS Lincolnshire Integrated Care Board,E40000011,Midlands,APR2022,Unknown,Other Practice staff,Face-to-Face,More than 28 Days,1694
71E,E38000238,NHS Lincolnshire ICB - 71E,E54000013,NHS Lincolnshire Integrated Care Board,E40000011,Midlands,APR2022,Unknown,Other Practice staff,Face-to-Face,Same Day,651
71E,E38000238,NHS Lincolnshire ICB - 71E,E54000013,NHS Lincolnshire Integrated Care Board,E40000011,Midlands,APR2022,Unknown,Other Practice staff,Face-to-Face,Unknown / Data Quality,5
71E,E38000238,NHS Lincolnshire ICB - 71E,E54000013,NHS Lincolnshire Integrated Care Board,E40000011,Midlands,APR2022,Unknown,Other Practice staff,Home Visit,1 Day,6
71E,E38000238,NHS Lincolnshire ICB - 71E,E54000013,NHS Lincolnshire Integrated Care Board,E40000011,Midlands,APR2022,Unknown,Other Practice staff,Home Visit,15  to 21 Days,18
71E,E38000238,NHS Lincolnshire ICB - 71E,E54000013,NHS Lincolnshire Integrated Care Board,E40000011,Midlands,APR2022,Unknown,Other Practice staff,Home Visit,2 to 7 Days,61
71E,E38000238,NHS Lincolnshire ICB - 71E,E54000013,NHS Lincolnshire Integrated Care Board,E40000011,Midlands,APR2022,Unknown,Other Practice staff,Home Visit,22  to 28 Days,12
71E,E38000238,NHS Lincolnshire ICB - 71E,E54000013,NHS Lincolnshire Integrated Care Board,E40000011,Midlands,APR2022,Unknown,Other Practice staff,Home Visit,8  to 14 Days,65
71E,E38000238,NHS Lincolnshire ICB - 71E,E54000013,NHS Lincolnshire Integrated Care Board,E40000011,Midlands,APR2022,Unknown,Other Practice staff,Home Visit,More than 28 Days,20
71E,E38000238,NHS Lincolnshire ICB - 71E,E54000013,NHS Lincolnshire Integrated Care Board,E40000011,Midlands,APR2022,Unknown,Other Practice staff,Home Visit,Same Day,8
71E,E38000238,NHS Lincolnshire ICB - 71E,E54000013,NHS Lincolnshire Integrated Care Board,E40000011,Midlands,APR2022,Unknown,Other Practice staff,Telephone,1 Day,66
71E,E38000238,NHS Lincolnshire ICB - 71E,E54000013,NHS Lincolnshire Integrated Care Board,E40000011,Midlands,APR2022,Unknown,Other Practice staff,Telephone,15  to 21 Days,124
71E,E38000238,NHS Lincolnshire ICB - 71E,E54000013,NHS Lincolnshire Integrated Care Board,E40000011,Midlands,APR2022,Unknown,Other Practice staff,Telephone,2 to 7 Days,183
71E,E38000238,NHS Lincolnshire ICB - 71E,E54000013,NHS Lincolnshire Integrated Care Board,E40000011,Midlands,APR2022,Unknown,Other Practice staff,Telephone,22  to 28 Days,124
71E,E38000238,NHS Lincolnshire ICB - 71E,E54000013,NHS Lincolnshire Integrated Care Board,E40000011,Midlands,APR2022,Unknown,Other Practice staff,Telephone,8  to 14 Days,143
71E,E38000238,NHS Lincolnshire ICB - 71E,E54000013,NHS Lincolnshire Integrated Care Board,E40000011,Midlands,APR2022,Unknown,Other Practice staff,Telephone,More than 28 Days,150
71E,E38000238,NHS Lincolnshire ICB - 71E,E54000013,NHS Lincolnshire Integrated Care Board,E40000011,Midlands,APR2022,Unknown,Other Practice staff,Telephone,Same Day,297
71E,E38000238,NHS Lincolnshire ICB - 71E,E54000013,NHS Lincolnshire Integrated Care Board,E40000011,Midlands,APR2022,Unknown,Other Practice staff,Telephone,Unknown / Data Quality,1
71E,E38000238,NHS Lincolnshire ICB - 71E,E54000013,NHS Lincolnshire Integrated Care Board,E40000011,Midlands,APR2022,Unknown,Other Practice staff,Video/Online,1 Day,1
71E,E38000238,NHS Lincolnshire ICB - 71E,E54000013,NHS Lincolnshire Integrated Care Board,E40000011,Midlands,APR2022,Unknown,Other Practice staff,Video/Online,15  to 21 Days,1
71E,E38000238,NHS Lincolnshire ICB - 71E,E54000013,NHS Lincolnshire Integrated Care Board,E40000011,Midlands,APR2022,Unknown,Other Practice staff,Video/Online,2 to 7 Days,1
71E,E38000238,NHS Lincolnshire ICB - 71E,E54000013,NHS Lincolnshire Integrated Care Board,E40000011,Midlands,APR2022,Unknown,Other Practice staff,Video/Online,22  to 28 Days,12
71E,E38000238,NHS Lincolnshire ICB - 71E,E54000013,NHS Lincolnshire Integrated Care Board,E40000011,Midlands,APR2022,Unknown,Other Practice staff,Video/Online,8  to 14 Days,1
71E,E38000238,NHS Lincolnshire ICB - 71E,E54000013,NHS Lincolnshire Integrated Care Board,E40000011,Midlands,APR2022,Unknown,Other Practice staff,Video/Online,More than 28 Days,3
71E,E38000238,NHS Lincolnshire ICB - 71E,E54000013,NHS Lincolnshire Integrated Care Board,E40000011,Midlands,APR2022,Unknown,Other Practice staff,Video/Online,Same Day,1
71E,E38000238,NHS Lincolnshire ICB - 71E,E54000013,NHS Lincolnshire Integrated Care Board,E40000011,Midlands,APR2022,Unknown,Unknown,Unknown,1 Day,10
71E,E38000238,NHS Lincolnshire ICB - 71E,E54000013,NHS Lincolnshire Integrated Care Board,E40000011,Midlands,APR2022,Unknown,Unknown,Unknown,15  to 21 Days,137
71E,E38000238,NHS Lincolnshire ICB - 71E,E54000013,NHS Lincolnshire Integrated Care Board,E40000011,Midlands,APR2022,Unknown,Unknown,Unknown,2 to 7 Days,141
71E,E38000238,NHS Lincolnshire ICB - 71E,E54000013,NHS Lincolnshire Integrated Care Board,E40000011,Midlands,APR2022,Unknown,Unknown,Unknown,22  to 28 Days,111
71E,E38000238,NHS Lincolnshire ICB - 71E,E54000013,NHS Lincolnshire Integrated Care Board,E40000011,Midlands,APR2022,Unknown,Unknown,Unknown,8  to 14 Days,238
71E,E38000238,NHS Lincolnshire ICB - 71E,E54000013,NHS Lincolnshire Integrated Care Board,E40000011,Midlands,APR2022,Unknown,Unknown,Unknown,More than 28 Days,132
71E,E38000238,NHS Lincolnshire ICB - 71E,E54000013,NHS Lincolnshire Integrated Care Board,E40000011,Midlands,APR2022,Unknown,Unknown,Unknown,Same Day,43
71E,E38000238,NHS Lincolnshire ICB - 71E,E54000013,NHS Lincolnshire Integrated Care Board,E40000011,Midlands,MAY2022,Attended,GP,Face-to-Face,1 Day,6701
71E,E38000238,NHS Lincolnshire ICB - 71E,E54000013,NHS Lincolnshire Integrated Care Board,E40000011,Midlands,MAY2022,Attended,GP,Face-to-Face,15  to 21 Days,2510
71E,E38000238,NHS Lincolnshire ICB - 71E,E54000013,NHS Lincolnshire Integrated Care Board,E40000011,Midlands,MAY2022,Attended,GP,Face-to-Face,2 to 7 Days,9544
71E,E38000238,NHS Lincolnshire ICB - 71E,E54000013,NHS Lincolnshire Integrated Care Board,E40000011,Midlands,MAY2022,Attended,GP,Face-to-Face,22  to 28 Days,1391
71E,E38000238,NHS Lincolnshire ICB - 71E,E54000013,NHS Lincolnshire Integrated Care Board,E40000011,Midlands,MAY2022,Attended,GP,Face-to-Face,8  to 14 Days,5160
71E,E38000238,NHS Lincolnshire ICB - 71E,E54000013,NHS Lincolnshire Integrated Care Board,E40000011,Midlands,MAY2022,Attended,GP,Face-to-Face,More than 28 Days,923
71E,E38000238,NHS Lincolnshire ICB - 71E,E54000013,NHS Lincolnshire Integrated Care Board,E40000011,Midlands,MAY2022,Attended,GP,Face-to-Face,Same Day,54501
71E,E38000238,NHS Lincolnshire ICB - 71E,E54000013,NHS Lincolnshire Integrated Care Board,E40000011,Midlands,MAY2022,Attended,GP,Face-to-Face,Unknown / Data Quality,22
71E,E38000238,NHS Lincolnshire ICB - 71E,E54000013,NHS Lincolnshire Integrated Care Board,E40000011,Midlands,MAY2022,Attended,GP,Home Visit,1 Day,22
71E,E38000238,NHS Lincolnshire ICB - 71E,E54000013,NHS Lincolnshire Integrated Care Board,E40000011,Midlands,MAY2022,Attended,GP,Home Visit,2 to 7 Days,17
71E,E38000238,NHS Lincolnshire ICB - 71E,E54000013,NHS Lincolnshire Integrated Care Board,E40000011,Midlands,MAY2022,Attended,GP,Home Visit,8  to 14 Days,1
71E,E38000238,NHS Lincolnshire ICB - 71E,E54000013,NHS Lincolnshire Integrated Care Board,E40000011,Midlands,MAY2022,Attended,GP,Home Visit,Same Day,132
71E,E38000238,NHS Lincolnshire ICB - 71E,E54000013,NHS Lincolnshire Integrated Care Board,E40000011,Midlands,MAY2022,Attended,GP,Home Visit,Unknown / Data Quality,1
71E,E38000238,NHS Lincolnshire ICB - 71E,E54000013,NHS Lincolnshire Integrated Care Board,E40000011,Midlands,MAY2022,Attended,GP,Telephone,1 Day,3451
71E,E38000238,NHS Lincolnshire ICB - 71E,E54000013,NHS Lincolnshire Integrated Care Board,E40000011,Midlands,MAY2022,Attended,GP,Telephone,15  to 21 Days,1688
71E,E38000238,NHS Lincolnshire ICB - 71E,E54000013,NHS Lincolnshire Integrated Care Board,E40000011,Midlands,MAY2022,Attended,GP,Telephone,2 to 7 Days,6280
71E,E38000238,NHS Lincolnshire ICB - 71E,E54000013,NHS Lincolnshire Integrated Care Board,E40000011,Midlands,MAY2022,Attended,GP,Telephone,22  to 28 Days,575
71E,E38000238,NHS Lincolnshire ICB - 71E,E54000013,NHS Lincolnshire Integrated Care Board,E40000011,Midlands,MAY2022,Attended,GP,Telephone,8  to 14 Days,3510
71E,E38000238,NHS Lincolnshire ICB - 71E,E54000013,NHS Lincolnshire Integrated Care Board,E40000011,Midlands,MAY2022,Attended,GP,Telephone,More than 28 Days,388
71E,E38000238,NHS Lincolnshire ICB - 71E,E54000013,NHS Lincolnshire Integrated Care Board,E40000011,Midlands,MAY2022,Attended,GP,Telephone,Same Day,41787
71E,E38000238,NHS Lincolnshire ICB - 71E,E54000013,NHS Lincolnshire Integrated Care Board,E40000011,Midlands,MAY2022,Attended,GP,Telephone,Unknown / Data Quality,20
71E,E38000238,NHS Lincolnshire ICB - 71E,E54000013,NHS Lincolnshire Integrated Care Board,E40000011,Midlands,MAY2022,Attended,GP,Unknown,15  to 21 Days,1
71E,E38000238,NHS Lincolnshire ICB - 71E,E54000013,NHS Lincolnshire Integrated Care Board,E40000011,Midlands,MAY2022,Attended,GP,Video/Online,1 Day,132
71E,E38000238,NHS Lincolnshire ICB - 71E,E54000013,NHS Lincolnshire Integrated Care Board,E40000011,Midlands,MAY2022,Attended,GP,Video/Online,2 to 7 Days,40
71E,E38000238,NHS Lincolnshire ICB - 71E,E54000013,NHS Lincolnshire Integrated Care Board,E40000011,Midlands,MAY2022,Attended,GP,Video/Online,22  to 28 Days,2
71E,E38000238,NHS Lincolnshire ICB - 71E,E54000013,NHS Lincolnshire Integrated Care Board,E40000011,Midlands,MAY2022,Attended,GP,Video/Online,8  to 14 Days,11
71E,E38000238,NHS Lincolnshire ICB - 71E,E54000013,NHS Lincolnshire Integrated Care Board,E40000011,Midlands,MAY2022,Attended,GP,Video/Online,Same Day,495
71E,E38000238,NHS Lincolnshire ICB - 71E,E54000013,NHS Lincolnshire Integrated Care Board,E40000011,Midlands,MAY2022,Attended,GP,Video/Online,Unknown / Data Quality,5
71E,E38000238,NHS Lincolnshire ICB - 71E,E54000013,NHS Lincolnshire Integrated Care Board,E40000011,Midlands,MAY2022,Attended,Other Practice staff,Face-to-Face,1 Day,10448
71E,E38000238,NHS Lincolnshire ICB - 71E,E54000013,NHS Lincolnshire Integrated Care Board,E40000011,Midlands,MAY2022,Attended,Other Practice staff,Face-to-Face,15  to 21 Days,16943
71E,E38000238,NHS Lincolnshire ICB - 71E,E54000013,NHS Lincolnshire Integrated Care Board,E40000011,Midlands,MAY2022,Attended,Other Practice staff,Face-to-Face,2 to 7 Days,37778
71E,E38000238,NHS Lincolnshire ICB - 71E,E54000013,NHS Lincolnshire Integrated Care Board,E40000011,Midlands,MAY2022,Attended,Other Practice staff,Face-to-Face,22  to 28 Days,10602
71E,E38000238,NHS Lincolnshire ICB - 71E,E54000013,NHS Lincolnshire Integrated Care Board,E40000011,Midlands,MAY2022,Attended,Other Practice staff,Face-to-Face,8  to 14 Days,34055
71E,E38000238,NHS Lincolnshire ICB - 71E,E54000013,NHS Lincolnshire Integrated Care Board,E40000011,Midlands,MAY2022,Attended,Other Practice staff,Face-to-Face,More than 28 Days,10362
71E,E38000238,NHS Lincolnshire ICB - 71E,E54000013,NHS Lincolnshire Integrated Care Board,E40000011,Midlands,MAY2022,Attended,Other Practice staff,Face-to-Face,Same Day,52223
71E,E38000238,NHS Lincolnshire ICB - 71E,E54000013,NHS Lincolnshire Integrated Care Board,E40000011,Midlands,MAY2022,Attended,Other Practice staff,Face-to-Face,Unknown / Data Quality,69
71E,E38000238,NHS Lincolnshire ICB - 71E,E54000013,NHS Lincolnshire Integrated Care Board,E40000011,Midlands,MAY2022,Attended,Other Practice staff,Home Visit,1 Day,192
71E,E38000238,NHS Lincolnshire ICB - 71E,E54000013,NHS Lincolnshire Integrated Care Board,E40000011,Midlands,MAY2022,Attended,Other Practice staff,Home Visit,15  to 21 Days,106
71E,E38000238,NHS Lincolnshire ICB - 71E,E54000013,NHS Lincolnshire Integrated Care Board,E40000011,Midlands,MAY2022,Attended,Other Practice staff,Home Visit,2 to 7 Days,682
71E,E38000238,NHS Lincolnshire ICB - 71E,E54000013,NHS Lincolnshire Integrated Care Board,E40000011,Midlands,MAY2022,Attended,Other Practice staff,Home Visit,22  to 28 Days,70
71E,E38000238,NHS Lincolnshire ICB - 71E,E54000013,NHS Lincolnshire Integrated Care Board,E40000011,Midlands,MAY2022,Attended,Other Practice staff,Home Visit,8  to 14 Days,336
71E,E38000238,NHS Lincolnshire ICB - 71E,E54000013,NHS Lincolnshire Integrated Care Board,E40000011,Midlands,MAY2022,Attended,Other Practice staff,Home Visit,More than 28 Days,84
71E,E38000238,NHS Lincolnshire ICB - 71E,E54000013,NHS Lincolnshire Integrated Care Board,E40000011,Midlands,MAY2022,Attended,Other Practice staff,Home Visit,Same Day,445
71E,E38000238,NHS Lincolnshire ICB - 71E,E54000013,NHS Lincolnshire Integrated Care Board,E40000011,Midlands,MAY2022,Attended,Other Practice staff,Home Visit,Unknown / Data Quality,3
71E,E38000238,NHS Lincolnshire ICB - 71E,E54000013,NHS Lincolnshire Integrated Care Board,E40000011,Midlands,MAY2022,Attended,Other Practice staff,Telephone,1 Day,2986
71E,E38000238,NHS Lincolnshire ICB - 71E,E54000013,NHS Lincolnshire Integrated Care Board,E40000011,Midlands,MAY2022,Attended,Other Practice staff,Telephone,15  to 21 Days,1307
71E,E38000238,NHS Lincolnshire ICB - 71E,E54000013,NHS Lincolnshire Integrated Care Board,E40000011,Midlands,MAY2022,Attended,Other Practice staff,Telephone,2 to 7 Days,5479
71E,E38000238,NHS Lincolnshire ICB - 71E,E54000013,NHS Lincolnshire Integrated Care Board,E40000011,Midlands,MAY2022,Attended,Other Practice staff,Telephone,22  to 28 Days,890
71E,E38000238,NHS Lincolnshire ICB - 71E,E54000013,NHS Lincolnshire Integrated Care Board,E40000011,Midlands,MAY2022,Attended,Other Practice staff,Telephone,8  to 14 Days,3134
71E,E38000238,NHS Lincolnshire ICB - 71E,E54000013,NHS Lincolnshire Integrated Care Board,E40000011,Midlands,MAY2022,Attended,Other Practice staff,Telephone,More than 28 Days,1073
71E,E38000238,NHS Lincolnshire ICB - 71E,E54000013,NHS Lincolnshire Integrated Care Board,E40000011,Midlands,MAY2022,Attended,Other Practice staff,Telephone,Same Day,27603
71E,E38000238,NHS Lincolnshire ICB - 71E,E54000013,NHS Lincolnshire Integrated Care Board,E40000011,Midlands,MAY2022,Attended,Other Practice staff,Telephone,Unknown / Data Quality,5
71E,E38000238,NHS Lincolnshire ICB - 71E,E54000013,NHS Lincolnshire Integrated Care Board,E40000011,Midlands,MAY2022,Attended,Other Practice staff,Video/Online,1 Day,31
71E,E38000238,NHS Lincolnshire ICB - 71E,E54000013,NHS Lincolnshire Integrated Care Board,E40000011,Midlands,MAY2022,Attended,Other Practice staff,Video/Online,15  to 21 Days,32
71E,E38000238,NHS Lincolnshire ICB - 71E,E54000013,NHS Lincolnshire Integrated Care Board,E40000011,Midlands,MAY2022,Attended,Other Practice staff,Video/Online,2 to 7 Days,74
71E,E38000238,NHS Lincolnshire ICB - 71E,E54000013,NHS Lincolnshire Integrated Care Board,E40000011,Midlands,MAY2022,Attended,Other Practice staff,Video/Online,22  to 28 Days,9
71E,E38000238,NHS Lincolnshire ICB - 71E,E54000013,NHS Lincolnshire Integrated Care Board,E40000011,Midlands,MAY2022,Attended,Other Practice staff,Video/Online,8  to 14 Days,76
71E,E38000238,NHS Lincolnshire ICB - 71E,E54000013,NHS Lincolnshire Integrated Care Board,E40000011,Midlands,MAY2022,Attended,Other Practice staff,Video/Online,More than 28 Days,17
71E,E38000238,NHS Lincolnshire ICB - 71E,E54000013,NHS Lincolnshire Integrated Care Board,E40000011,Midlands,MAY2022,Attended,Other Practice staff,Video/Online,Same Day,632
71E,E38000238,NHS Lincolnshire ICB - 71E,E54000013,NHS Lincolnshire Integrated Care Board,E40000011,Midlands,MAY2022,Attended,Unknown,Unknown,1 Day,1102
71E,E38000238,NHS Lincolnshire ICB - 71E,E54000013,NHS Lincolnshire Integrated Care Board,E40000011,Midlands,MAY2022,Attended,Unknown,Unknown,15  to 21 Days,546
71E,E38000238,NHS Lincolnshire ICB - 71E,E54000013,NHS Lincolnshire Integrated Care Board,E40000011,Midlands,MAY2022,Attended,Unknown,Unknown,2 to 7 Days,2524
71E,E38000238,NHS Lincolnshire ICB - 71E,E54000013,NHS Lincolnshire Integrated Care Board,E40000011,Midlands,MAY2022,Attended,Unknown,Unknown,22  to 28 Days,218
71E,E38000238,NHS Lincolnshire ICB - 71E,E54000013,NHS Lincolnshire Integrated Care Board,E40000011,Midlands,MAY2022,Attended,Unknown,Unknown,8  to 14 Days,1266
71E,E38000238,NHS Lincolnshire ICB - 71E,E54000013,NHS Lincolnshire Integrated Care Board,E40000011,Midlands,MAY2022,Attended,Unknown,Unknown,More than 28 Days,208
71E,E38000238,NHS Lincolnshire ICB - 71E,E54000013,NHS Lincolnshire Integrated Care Board,E40000011,Midlands,MAY2022,Attended,Unknown,Unknown,Same Day,9710
71E,E38000238,NHS Lincolnshire ICB - 71E,E54000013,NHS Lincolnshire Integrated Care Board,E40000011,Midlands,MAY2022,Attended,Unknown,Unknown,Unknown / Data Quality,32
71E,E38000238,NHS Lincolnshire ICB - 71E,E54000013,NHS Lincolnshire Integrated Care Board,E40000011,Midlands,MAY2022,DNA,GP,Face-to-Face,1 Day,173
71E,E38000238,NHS Lincolnshire ICB - 71E,E54000013,NHS Lincolnshire Integrated Care Board,E40000011,Midlands,MAY2022,DNA,GP,Face-to-Face,15  to 21 Days,134
71E,E38000238,NHS Lincolnshire ICB - 71E,E54000013,NHS Lincolnshire Integrated Care Board,E40000011,Midlands,MAY2022,DNA,GP,Face-to-Face,2 to 7 Days,397
71E,E38000238,NHS Lincolnshire ICB - 71E,E54000013,NHS Lincolnshire Integrated Care Board,E40000011,Midlands,MAY2022,DNA,GP,Face-to-Face,22  to 28 Days,75
71E,E38000238,NHS Lincolnshire ICB - 71E,E54000013,NHS Lincolnshire Integrated Care Board,E40000011,Midlands,MAY2022,DNA,GP,Face-to-Face,8  to 14 Days,262
71E,E38000238,NHS Lincolnshire ICB - 71E,E54000013,NHS Lincolnshire Integrated Care Board,E40000011,Midlands,MAY2022,DNA,GP,Face-to-Face,More than 28 Days,70
71E,E38000238,NHS Lincolnshire ICB - 71E,E54000013,NHS Lincolnshire Integrated Care Board,E40000011,Midlands,MAY2022,DNA,GP,Face-to-Face,Same Day,592
71E,E38000238,NHS Lincolnshire ICB - 71E,E54000013,NHS Lincolnshire Integrated Care Board,E40000011,Midlands,MAY2022,DNA,GP,Home Visit,15  to 21 Days,1
71E,E38000238,NHS Lincolnshire ICB - 71E,E54000013,NHS Lincolnshire Integrated Care Board,E40000011,Midlands,MAY2022,DNA,GP,Home Visit,Same Day,3
71E,E38000238,NHS Lincolnshire ICB - 71E,E54000013,NHS Lincolnshire Integrated Care Board,E40000011,Midlands,MAY2022,DNA,GP,Telephone,1 Day,27
71E,E38000238,NHS Lincolnshire ICB - 71E,E54000013,NHS Lincolnshire Integrated Care Board,E40000011,Midlands,MAY2022,DNA,GP,Telephone,15  to 21 Days,14
71E,E38000238,NHS Lincolnshire ICB - 71E,E54000013,NHS Lincolnshire Integrated Care Board,E40000011,Midlands,MAY2022,DNA,GP,Telephone,2 to 7 Days,53
71E,E38000238,NHS Lincolnshire ICB - 71E,E54000013,NHS Lincolnshire Integrated Care Board,E40000011,Midlands,MAY2022,DNA,GP,Telephone,22  to 28 Days,5
71E,E38000238,NHS Lincolnshire ICB - 71E,E54000013,NHS Lincolnshire Integrated Care Board,E40000011,Midlands,MAY2022,DNA,GP,Telephone,8  to 14 Days,40
71E,E38000238,NHS Lincolnshire ICB - 71E,E54000013,NHS Lincolnshire Integrated Care Board,E40000011,Midlands,MAY2022,DNA,GP,Telephone,More than 28 Days,3
71E,E38000238,NHS Lincolnshire ICB - 71E,E54000013,NHS Lincolnshire Integrated Care Board,E40000011,Midlands,MAY2022,DNA,GP,Telephone,Same Day,381
71E,E38000238,NHS Lincolnshire ICB - 71E,E54000013,NHS Lincolnshire Integrated Care Board,E40000011,Midlands,MAY2022,DNA,GP,Video/Online,1 Day,1
71E,E38000238,NHS Lincolnshire ICB - 71E,E54000013,NHS Lincolnshire Integrated Care Board,E40000011,Midlands,MAY2022,DNA,GP,Video/Online,Same Day,8
71E,E38000238,NHS Lincolnshire ICB - 71E,E54000013,NHS Lincolnshire Integrated Care Board,E40000011,Midlands,MAY2022,DNA,Other Practice staff,Face-to-Face,1 Day,520
71E,E38000238,NHS Lincolnshire ICB - 71E,E54000013,NHS Lincolnshire Integrated Care Board,E40000011,Midlands,MAY2022,DNA,Other Practice staff,Face-to-Face,15  to 21 Days,1521
71E,E38000238,NHS Lincolnshire ICB - 71E,E54000013,NHS Lincolnshire Integrated Care Board,E40000011,Midlands,MAY2022,DNA,Other Practice staff,Face-to-Face,2 to 7 Days,2441
71E,E38000238,NHS Lincolnshire ICB - 71E,E54000013,NHS Lincolnshire Integrated Care Board,E40000011,Midlands,MAY2022,DNA,Other Practice staff,Face-to-Face,22  to 28 Days,1066
71E,E38000238,NHS Lincolnshire ICB - 71E,E54000013,NHS Lincolnshire Integrated Care Board,E40000011,Midlands,MAY2022,DNA,Other Practice staff,Face-to-Face,8  to 14 Days,2861
71E,E38000238,NHS Lincolnshire ICB - 71E,E54000013,NHS Lincolnshire Integrated Care Board,E40000011,Midlands,MAY2022,DNA,Other Practice staff,Face-to-Face,More than 28 Days,1324
71E,E38000238,NHS Lincolnshire ICB - 71E,E54000013,NHS Lincolnshire Integrated Care Board,E40000011,Midlands,MAY2022,DNA,Other Practice staff,Face-to-Face,Same Day,1095
71E,E38000238,NHS Lincolnshire ICB - 71E,E54000013,NHS Lincolnshire Integrated Care Board,E40000011,Midlands,MAY2022,DNA,Other Practice staff,Face-to-Face,Unknown / Data Quality,1
71E,E38000238,NHS Lincolnshire ICB - 71E,E54000013,NHS Lincolnshire Integrated Care Board,E40000011,Midlands,MAY2022,DNA,Other Practice staff,Home Visit,1 Day,2
71E,E38000238,NHS Lincolnshire ICB - 71E,E54000013,NHS Lincolnshire Integrated Care Board,E40000011,Midlands,MAY2022,DNA,Other Practice staff,Home Visit,15  to 21 Days,3
71E,E38000238,NHS Lincolnshire ICB - 71E,E54000013,NHS Lincolnshire Integrated Care Board,E40000011,Midlands,MAY2022,DNA,Other Practice staff,Home Visit,2 to 7 Days,7
71E,E38000238,NHS Lincolnshire ICB - 71E,E54000013,NHS Lincolnshire Integrated Care Board,E40000011,Midlands,MAY2022,DNA,Other Practice staff,Home Visit,22  to 28 Days,1
71E,E38000238,NHS Lincolnshire ICB - 71E,E54000013,NHS Lincolnshire Integrated Care Board,E40000011,Midlands,MAY2022,DNA,Other Practice staff,Home Visit,8  to 14 Days,12
71E,E38000238,NHS Lincolnshire ICB - 71E,E54000013,NHS Lincolnshire Integrated Care Board,E40000011,Midlands,MAY2022,DNA,Other Practice staff,Home Visit,More than 28 Days,3
71E,E38000238,NHS Lincolnshire ICB - 71E,E54000013,NHS Lincolnshire Integrated Care Board,E40000011,Midlands,MAY2022,DNA,Other Practice staff,Home Visit,Same Day,16
71E,E38000238,NHS Lincolnshire ICB - 71E,E54000013,NHS Lincolnshire Integrated Care Board,E40000011,Midlands,MAY2022,DNA,Other Practice staff,Telephone,1 Day,39
71E,E38000238,NHS Lincolnshire ICB - 71E,E54000013,NHS Lincolnshire Integrated Care Board,E40000011,Midlands,MAY2022,DNA,Other Practice staff,Telephone,15  to 21 Days,48
71E,E38000238,NHS Lincolnshire ICB - 71E,E54000013,NHS Lincolnshire Integrated Care Board,E40000011,Midlands,MAY2022,DNA,Other Practice staff,Telephone,2 to 7 Days,153
71E,E38000238,NHS Lincolnshire ICB - 71E,E54000013,NHS Lincolnshire Integrated Care Board,E40000011,Midlands,MAY2022,DNA,Other Practice staff,Telephone,22  to 28 Days,25
71E,E38000238,NHS Lincolnshire ICB - 71E,E54000013,NHS Lincolnshire Integrated Care Board,E40000011,Midlands,MAY2022,DNA,Other Practice staff,Telephone,8  to 14 Days,99
71E,E38000238,NHS Lincolnshire ICB - 71E,E54000013,NHS Lincolnshire Integrated Care Board,E40000011,Midlands,MAY2022,DNA,Other Practice staff,Telephone,More than 28 Days,27
71E,E38000238,NHS Lincolnshire ICB - 71E,E54000013,NHS Lincolnshire Integrated Care Board,E40000011,Midlands,MAY2022,DNA,Other Practice staff,Telephone,Same Day,235
71E,E38000238,NHS Lincolnshire ICB - 71E,E54000013,NHS Lincolnshire Integrated Care Board,E40000011,Midlands,MAY2022,DNA,Other Practice staff,Video/Online,15  to 21 Days,2
71E,E38000238,NHS Lincolnshire ICB - 71E,E54000013,NHS Lincolnshire Integrated Care Board,E40000011,Midlands,MAY2022,DNA,Other Practice staff,Video/Online,2 to 7 Days,4
71E,E38000238,NHS Lincolnshire ICB - 71E,E54000013,NHS Lincolnshire Integrated Care Board,E40000011,Midlands,MAY2022,DNA,Other Practice staff,Video/Online,22  to 28 Days,2
71E,E38000238,NHS Lincolnshire ICB - 71E,E54000013,NHS Lincolnshire Integrated Care Board,E40000011,Midlands,MAY2022,DNA,Other Practice staff,Video/Online,8  to 14 Days,4
71E,E38000238,NHS Lincolnshire ICB - 71E,E54000013,NHS Lincolnshire Integrated Care Board,E40000011,Midlands,MAY2022,DNA,Other Practice staff,Video/Online,More than 28 Days,1
71E,E38000238,NHS Lincolnshire ICB - 71E,E54000013,NHS Lincolnshire Integrated Care Board,E40000011,Midlands,MAY2022,DNA,Other Practice staff,Video/Online,Same Day,1
71E,E38000238,NHS Lincolnshire ICB - 71E,E54000013,NHS Lincolnshire Integrated Care Board,E40000011,Midlands,MAY2022,DNA,Unknown,Unknown,1 Day,35
71E,E38000238,NHS Lincolnshire ICB - 71E,E54000013,NHS Lincolnshire Integrated Care Board,E40000011,Midlands,MAY2022,DNA,Unknown,Unknown,15  to 21 Days,42
71E,E38000238,NHS Lincolnshire ICB - 71E,E54000013,NHS Lincolnshire Integrated Care Board,E40000011,Midlands,MAY2022,DNA,Unknown,Unknown,2 to 7 Days,107
71E,E38000238,NHS Lincolnshire ICB - 71E,E54000013,NHS Lincolnshire Integrated Care Board,E40000011,Midlands,MAY2022,DNA,Unknown,Unknown,22  to 28 Days,18
71E,E38000238,NHS Lincolnshire ICB - 71E,E54000013,NHS Lincolnshire Integrated Care Board,E40000011,Midlands,MAY2022,DNA,Unknown,Unknown,8  to 14 Days,93
71E,E38000238,NHS Lincolnshire ICB - 71E,E54000013,NHS Lincolnshire Integrated Care Board,E40000011,Midlands,MAY2022,DNA,Unknown,Unknown,More than 28 Days,23
71E,E38000238,NHS Lincolnshire ICB - 71E,E54000013,NHS Lincolnshire Integrated Care Board,E40000011,Midlands,MAY2022,DNA,Unknown,Unknown,Same Day,59
71E,E38000238,NHS Lincolnshire ICB - 71E,E54000013,NHS Lincolnshire Integrated Care Board,E40000011,Midlands,MAY2022,Unknown,GP,Face-to-Face,1 Day,81
71E,E38000238,NHS Lincolnshire ICB - 71E,E54000013,NHS Lincolnshire Integrated Care Board,E40000011,Midlands,MAY2022,Unknown,GP,Face-to-Face,15  to 21 Days,195
71E,E38000238,NHS Lincolnshire ICB - 71E,E54000013,NHS Lincolnshire Integrated Care Board,E40000011,Midlands,MAY2022,Unknown,GP,Face-to-Face,2 to 7 Days,283
71E,E38000238,NHS Lincolnshire ICB - 71E,E54000013,NHS Lincolnshire Integrated Care Board,E40000011,Midlands,MAY2022,Unknown,GP,Face-to-Face,22  to 28 Days,122
71E,E38000238,NHS Lincolnshire ICB - 71E,E54000013,NHS Lincolnshire Integrated Care Board,E40000011,Midlands,MAY2022,Unknown,GP,Face-to-Face,8  to 14 Days,338
71E,E38000238,NHS Lincolnshire ICB - 71E,E54000013,NHS Lincolnshire Integrated Care Board,E40000011,Midlands,MAY2022,Unknown,GP,Face-to-Face,More than 28 Days,132
71E,E38000238,NHS Lincolnshire ICB - 71E,E54000013,NHS Lincolnshire Integrated Care Board,E40000011,Midlands,MAY2022,Unknown,GP,Face-to-Face,Same Day,337
71E,E38000238,NHS Lincolnshire ICB - 71E,E54000013,NHS Lincolnshire Integrated Care Board,E40000011,Midlands,MAY2022,Unknown,GP,Face-to-Face,Unknown / Data Quality,27
71E,E38000238,NHS Lincolnshire ICB - 71E,E54000013,NHS Lincolnshire Integrated Care Board,E40000011,Midlands,MAY2022,Unknown,GP,Home Visit,1 Day,1
71E,E38000238,NHS Lincolnshire ICB - 71E,E54000013,NHS Lincolnshire Integrated Care Board,E40000011,Midlands,MAY2022,Unknown,GP,Home Visit,15  to 21 Days,1
71E,E38000238,NHS Lincolnshire ICB - 71E,E54000013,NHS Lincolnshire Integrated Care Board,E40000011,Midlands,MAY2022,Unknown,GP,Home Visit,2 to 7 Days,1
71E,E38000238,NHS Lincolnshire ICB - 71E,E54000013,NHS Lincolnshire Integrated Care Board,E40000011,Midlands,MAY2022,Unknown,GP,Home Visit,8  to 14 Days,1
71E,E38000238,NHS Lincolnshire ICB - 71E,E54000013,NHS Lincolnshire Integrated Care Board,E40000011,Midlands,MAY2022,Unknown,GP,Home Visit,Same Day,1
71E,E38000238,NHS Lincolnshire ICB - 71E,E54000013,NHS Lincolnshire Integrated Care Board,E40000011,Midlands,MAY2022,Unknown,GP,Telephone,1 Day,94
71E,E38000238,NHS Lincolnshire ICB - 71E,E54000013,NHS Lincolnshire Integrated Care Board,E40000011,Midlands,MAY2022,Unknown,GP,Telephone,15  to 21 Days,77
71E,E38000238,NHS Lincolnshire ICB - 71E,E54000013,NHS Lincolnshire Integrated Care Board,E40000011,Midlands,MAY2022,Unknown,GP,Telephone,2 to 7 Days,306
71E,E38000238,NHS Lincolnshire ICB - 71E,E54000013,NHS Lincolnshire Integrated Care Board,E40000011,Midlands,MAY2022,Unknown,GP,Telephone,22  to 28 Days,67
71E,E38000238,NHS Lincolnshire ICB - 71E,E54000013,NHS Lincolnshire Integrated Care Board,E40000011,Midlands,MAY2022,Unknown,GP,Telephone,8  to 14 Days,221
71E,E38000238,NHS Lincolnshire ICB - 71E,E54000013,NHS Lincolnshire Integrated Care Board,E40000011,Midlands,MAY2022,Unknown,GP,Telephone,More than 28 Days,39
71E,E38000238,NHS Lincolnshire ICB - 71E,E54000013,NHS Lincolnshire Integrated Care Board,E40000011,Midlands,MAY2022,Unknown,GP,Telephone,Same Day,266
71E,E38000238,NHS Lincolnshire ICB - 71E,E54000013,NHS Lincolnshire Integrated Care Board,E40000011,Midlands,MAY2022,Unknown,GP,Video/Online,2 to 7 Days,1
71E,E38000238,NHS Lincolnshire ICB - 71E,E54000013,NHS Lincolnshire Integrated Care Board,E40000011,Midlands,MAY2022,Unknown,GP,Video/Online,Same Day,2
71E,E38000238,NHS Lincolnshire ICB - 71E,E54000013,NHS Lincolnshire Integrated Care Board,E40000011,Midlands,MAY2022,Unknown,GP,Video/Online,Unknown / Data Quality,1
71E,E38000238,NHS Lincolnshire ICB - 71E,E54000013,NHS Lincolnshire Integrated Care Board,E40000011,Midlands,MAY2022,Unknown,Other Practice staff,Face-to-Face,1 Day,193
71E,E38000238,NHS Lincolnshire ICB - 71E,E54000013,NHS Lincolnshire Integrated Care Board,E40000011,Midlands,MAY2022,Unknown,Other Practice staff,Face-to-Face,15  to 21 Days,866
71E,E38000238,NHS Lincolnshire ICB - 71E,E54000013,NHS Lincolnshire Integrated Care Board,E40000011,Midlands,MAY2022,Unknown,Other Practice staff,Face-to-Face,2 to 7 Days,1078
71E,E38000238,NHS Lincolnshire ICB - 71E,E54000013,NHS Lincolnshire Integrated Care Board,E40000011,Midlands,MAY2022,Unknown,Other Practice staff,Face-to-Face,22  to 28 Days,728
71E,E38000238,NHS Lincolnshire ICB - 71E,E54000013,NHS Lincolnshire Integrated Care Board,E40000011,Midlands,MAY2022,Unknown,Other Practice staff,Face-to-Face,8  to 14 Days,1402
71E,E38000238,NHS Lincolnshire ICB - 71E,E54000013,NHS Lincolnshire Integrated Care Board,E40000011,Midlands,MAY2022,Unknown,Other Practice staff,Face-to-Face,More than 28 Days,1215
71E,E38000238,NHS Lincolnshire ICB - 71E,E54000013,NHS Lincolnshire Integrated Care Board,E40000011,Midlands,MAY2022,Unknown,Other Practice staff,Face-to-Face,Same Day,634
71E,E38000238,NHS Lincolnshire ICB - 71E,E54000013,NHS Lincolnshire Integrated Care Board,E40000011,Midlands,MAY2022,Unknown,Other Practice staff,Face-to-Face,Unknown / Data Quality,14
71E,E38000238,NHS Lincolnshire ICB - 71E,E54000013,NHS Lincolnshire Integrated Care Board,E40000011,Midlands,MAY2022,Unknown,Other Practice staff,Home Visit,1 Day,1
71E,E38000238,NHS Lincolnshire ICB - 71E,E54000013,NHS Lincolnshire Integrated Care Board,E40000011,Midlands,MAY2022,Unknown,Other Practice staff,Home Visit,15  to 21 Days,16
71E,E38000238,NHS Lincolnshire ICB - 71E,E54000013,NHS Lincolnshire Integrated Care Board,E40000011,Midlands,MAY2022,Unknown,Other Practice staff,Home Visit,2 to 7 Days,41
71E,E38000238,NHS Lincolnshire ICB - 71E,E54000013,NHS Lincolnshire Integrated Care Board,E40000011,Midlands,MAY2022,Unknown,Other Practice staff,Home Visit,22  to 28 Days,6
71E,E38000238,NHS Lincolnshire ICB - 71E,E54000013,NHS Lincolnshire Integrated Care Board,E40000011,Midlands,MAY2022,Unknown,Other Practice staff,Home Visit,8  to 14 Days,26
71E,E38000238,NHS Lincolnshire ICB - 71E,E54000013,NHS Lincolnshire Integrated Care Board,E40000011,Midlands,MAY2022,Unknown,Other Practice staff,Home Visit,More than 28 Days,22
71E,E38000238,NHS Lincolnshire ICB - 71E,E54000013,NHS Lincolnshire Integrated Care Board,E40000011,Midlands,MAY2022,Unknown,Other Practice staff,Home Visit,Same Day,6
71E,E38000238,NHS Lincolnshire ICB - 71E,E54000013,NHS Lincolnshire Integrated Care Board,E40000011,Midlands,MAY2022,Unknown,Other Practice staff,Telephone,1 Day,93
71E,E38000238,NHS Lincolnshire ICB - 71E,E54000013,NHS Lincolnshire Integrated Care Board,E40000011,Midlands,MAY2022,Unknown,Other Practice staff,Telephone,15  to 21 Days,104
71E,E38000238,NHS Lincolnshire ICB - 71E,E54000013,NHS Lincolnshire Integrated Care Board,E40000011,Midlands,MAY2022,Unknown,Other Practice staff,Telephone,2 to 7 Days,291
71E,E38000238,NHS Lincolnshire ICB - 71E,E54000013,NHS Lincolnshire Integrated Care Board,E40000011,Midlands,MAY2022,Unknown,Other Practice staff,Telephone,22  to 28 Days,62
71E,E38000238,NHS Lincolnshire ICB - 71E,E54000013,NHS Lincolnshire Integrated Care Board,E40000011,Midlands,MAY2022,Unknown,Other Practice staff,Telephone,8  to 14 Days,198
71E,E38000238,NHS Lincolnshire ICB - 71E,E54000013,NHS Lincolnshire Integrated Care Board,E40000011,Midlands,MAY2022,Unknown,Other Practice staff,Telephone,More than 28 Days,134
71E,E38000238,NHS Lincolnshire ICB - 71E,E54000013,NHS Lincolnshire Integrated Care Board,E40000011,Midlands,MAY2022,Unknown,Other Practice staff,Telephone,Same Day,283
71E,E38000238,NHS Lincolnshire ICB - 71E,E54000013,NHS Lincolnshire Integrated Care Board,E40000011,Midlands,MAY2022,Unknown,Other Practice staff,Telephone,Unknown / Data Quality,2
71E,E38000238,NHS Lincolnshire ICB - 71E,E54000013,NHS Lincolnshire Integrated Care Board,E40000011,Midlands,MAY2022,Unknown,Other Practice staff,Video/Online,2 to 7 Days,2
71E,E38000238,NHS Lincolnshire ICB - 71E,E54000013,NHS Lincolnshire Integrated Care Board,E40000011,Midlands,MAY2022,Unknown,Other Practice staff,Video/Online,8  to 14 Days,3
71E,E38000238,NHS Lincolnshire ICB - 71E,E54000013,NHS Lincolnshire Integrated Care Board,E40000011,Midlands,MAY2022,Unknown,Other Practice staff,Video/Online,More than 28 Days,3
71E,E38000238,NHS Lincolnshire ICB - 71E,E54000013,NHS Lincolnshire Integrated Care Board,E40000011,Midlands,MAY2022,Unknown,Unknown,Unknown,1 Day,22
71E,E38000238,NHS Lincolnshire ICB - 71E,E54000013,NHS Lincolnshire Integrated Care Board,E40000011,Midlands,MAY2022,Unknown,Unknown,Unknown,15  to 21 Days,93
71E,E38000238,NHS Lincolnshire ICB - 71E,E54000013,NHS Lincolnshire Integrated Care Board,E40000011,Midlands,MAY2022,Unknown,Unknown,Unknown,2 to 7 Days,139
71E,E38000238,NHS Lincolnshire ICB - 71E,E54000013,NHS Lincolnshire Integrated Care Board,E40000011,Midlands,MAY2022,Unknown,Unknown,Unknown,22  to 28 Days,87
71E,E38000238,NHS Lincolnshire ICB - 71E,E54000013,NHS Lincolnshire Integrated Care Board,E40000011,Midlands,MAY2022,Unknown,Unknown,Unknown,8  to 14 Days,194
71E,E38000238,NHS Lincolnshire ICB - 71E,E54000013,NHS Lincolnshire Integrated Care Board,E40000011,Midlands,MAY2022,Unknown,Unknown,Unknown,More than 28 Days,197
71E,E38000238,NHS Lincolnshire ICB - 71E,E54000013,NHS Lincolnshire Integrated Care Board,E40000011,Midlands,MAY2022,Unknown,Unknown,Unknown,Same Day,56
71E,E38000238,NHS Lincolnshire ICB - 71E,E54000013,NHS Lincolnshire Integrated Care Board,E40000011,Midlands,MAY2022,Unknown,Unknown,Unknown,Unknown / Data Quality,9
71E,E38000238,NHS Lincolnshire ICB - 71E,E54000013,NHS Lincolnshire Integrated Care Board,E40000011,Midlands,JUN2022,Attended,GP,Face-to-Face,1 Day,6210
71E,E38000238,NHS Lincolnshire ICB - 71E,E54000013,NHS Lincolnshire Integrated Care Board,E40000011,Midlands,JUN2022,Attended,GP,Face-to-Face,15  to 21 Days,2435
71E,E38000238,NHS Lincolnshire ICB - 71E,E54000013,NHS Lincolnshire Integrated Care Board,E40000011,Midlands,JUN2022,Attended,GP,Face-to-Face,2 to 7 Days,8439
71E,E38000238,NHS Lincolnshire ICB - 71E,E54000013,NHS Lincolnshire Integrated Care Board,E40000011,Midlands,JUN2022,Attended,GP,Face-to-Face,22  to 28 Days,1437
71E,E38000238,NHS Lincolnshire ICB - 71E,E54000013,NHS Lincolnshire Integrated Care Board,E40000011,Midlands,JUN2022,Attended,GP,Face-to-Face,8  to 14 Days,4444
71E,E38000238,NHS Lincolnshire ICB - 71E,E54000013,NHS Lincolnshire Integrated Care Board,E40000011,Midlands,JUN2022,Attended,GP,Face-to-Face,More than 28 Days,1296
71E,E38000238,NHS Lincolnshire ICB - 71E,E54000013,NHS Lincolnshire Integrated Care Board,E40000011,Midlands,JUN2022,Attended,GP,Face-to-Face,Same Day,52892
71E,E38000238,NHS Lincolnshire ICB - 71E,E54000013,NHS Lincolnshire Integrated Care Board,E40000011,Midlands,JUN2022,Attended,GP,Face-to-Face,Unknown / Data Quality,22
71E,E38000238,NHS Lincolnshire ICB - 71E,E54000013,NHS Lincolnshire Integrated Care Board,E40000011,Midlands,JUN2022,Attended,GP,Home Visit,1 Day,31
71E,E38000238,NHS Lincolnshire ICB - 71E,E54000013,NHS Lincolnshire Integrated Care Board,E40000011,Midlands,JUN2022,Attended,GP,Home Visit,15  to 21 Days,2
71E,E38000238,NHS Lincolnshire ICB - 71E,E54000013,NHS Lincolnshire Integrated Care Board,E40000011,Midlands,JUN2022,Attended,GP,Home Visit,2 to 7 Days,23
71E,E38000238,NHS Lincolnshire ICB - 71E,E54000013,NHS Lincolnshire Integrated Care Board,E40000011,Midlands,JUN2022,Attended,GP,Home Visit,8  to 14 Days,3
71E,E38000238,NHS Lincolnshire ICB - 71E,E54000013,NHS Lincolnshire Integrated Care Board,E40000011,Midlands,JUN2022,Attended,GP,Home Visit,Same Day,142
71E,E38000238,NHS Lincolnshire ICB - 71E,E54000013,NHS Lincolnshire Integrated Care Board,E40000011,Midlands,JUN2022,Attended,GP,Telephone,1 Day,3312
71E,E38000238,NHS Lincolnshire ICB - 71E,E54000013,NHS Lincolnshire Integrated Care Board,E40000011,Midlands,JUN2022,Attended,GP,Telephone,15  to 21 Days,1530
71E,E38000238,NHS Lincolnshire ICB - 71E,E54000013,NHS Lincolnshire Integrated Care Board,E40000011,Midlands,JUN2022,Attended,GP,Telephone,2 to 7 Days,5269
71E,E38000238,NHS Lincolnshire ICB - 71E,E54000013,NHS Lincolnshire Integrated Care Board,E40000011,Midlands,JUN2022,Attended,GP,Telephone,22  to 28 Days,799
71E,E38000238,NHS Lincolnshire ICB - 71E,E54000013,NHS Lincolnshire Integrated Care Board,E40000011,Midlands,JUN2022,Attended,GP,Telephone,8  to 14 Days,3338
71E,E38000238,NHS Lincolnshire ICB - 71E,E54000013,NHS Lincolnshire Integrated Care Board,E40000011,Midlands,JUN2022,Attended,GP,Telephone,More than 28 Days,456
71E,E38000238,NHS Lincolnshire ICB - 71E,E54000013,NHS Lincolnshire Integrated Care Board,E40000011,Midlands,JUN2022,Attended,GP,Telephone,Same Day,39795
71E,E38000238,NHS Lincolnshire ICB - 71E,E54000013,NHS Lincolnshire Integrated Care Board,E40000011,Midlands,JUN2022,Attended,GP,Telephone,Unknown / Data Quality,30
71E,E38000238,NHS Lincolnshire ICB - 71E,E54000013,NHS Lincolnshire Integrated Care Board,E40000011,Midlands,JUN2022,Attended,GP,Video/Online,1 Day,136
71E,E38000238,NHS Lincolnshire ICB - 71E,E54000013,NHS Lincolnshire Integrated Care Board,E40000011,Midlands,JUN2022,Attended,GP,Video/Online,15  to 21 Days,3
71E,E38000238,NHS Lincolnshire ICB - 71E,E54000013,NHS Lincolnshire Integrated Care Board,E40000011,Midlands,JUN2022,Attended,GP,Video/Online,2 to 7 Days,51
71E,E38000238,NHS Lincolnshire ICB - 71E,E54000013,NHS Lincolnshire Integrated Care Board,E40000011,Midlands,JUN2022,Attended,GP,Video/Online,8  to 14 Days,6
71E,E38000238,NHS Lincolnshire ICB - 71E,E54000013,NHS Lincolnshire Integrated Care Board,E40000011,Midlands,JUN2022,Attended,GP,Video/Online,Same Day,448
71E,E38000238,NHS Lincolnshire ICB - 71E,E54000013,NHS Lincolnshire Integrated Care Board,E40000011,Midlands,JUN2022,Attended,GP,Video/Online,Unknown / Data Quality,11
71E,E38000238,NHS Lincolnshire ICB - 71E,E54000013,NHS Lincolnshire Integrated Care Board,E40000011,Midlands,JUN2022,Attended,Other Practice staff,Face-to-Face,1 Day,10726
71E,E38000238,NHS Lincolnshire ICB - 71E,E54000013,NHS Lincolnshire Integrated Care Board,E40000011,Midlands,JUN2022,Attended,Other Practice staff,Face-to-Face,15  to 21 Days,18844
71E,E38000238,NHS Lincolnshire ICB - 71E,E54000013,NHS Lincolnshire Integrated Care Board,E40000011,Midlands,JUN2022,Attended,Other Practice staff,Face-to-Face,2 to 7 Days,32380
71E,E38000238,NHS Lincolnshire ICB - 71E,E54000013,NHS Lincolnshire Integrated Care Board,E40000011,Midlands,JUN2022,Attended,Other Practice staff,Face-to-Face,22  to 28 Days,12712
71E,E38000238,NHS Lincolnshire ICB - 71E,E54000013,NHS Lincolnshire Integrated Care Board,E40000011,Midlands,JUN2022,Attended,Other Practice staff,Face-to-Face,8  to 14 Days,26829
71E,E38000238,NHS Lincolnshire ICB - 71E,E54000013,NHS Lincolnshire Integrated Care Board,E40000011,Midlands,JUN2022,Attended,Other Practice staff,Face-to-Face,More than 28 Days,12165
71E,E38000238,NHS Lincolnshire ICB - 71E,E54000013,NHS Lincolnshire Integrated Care Board,E40000011,Midlands,JUN2022,Attended,Other Practice staff,Face-to-Face,Same Day,49021
71E,E38000238,NHS Lincolnshire ICB - 71E,E54000013,NHS Lincolnshire Integrated Care Board,E40000011,Midlands,JUN2022,Attended,Other Practice staff,Face-to-Face,Unknown / Data Quality,60
71E,E38000238,NHS Lincolnshire ICB - 71E,E54000013,NHS Lincolnshire Integrated Care Board,E40000011,Midlands,JUN2022,Attended,Other Practice staff,Home Visit,1 Day,178
71E,E38000238,NHS Lincolnshire ICB - 71E,E54000013,NHS Lincolnshire Integrated Care Board,E40000011,Midlands,JUN2022,Attended,Other Practice staff,Home Visit,15  to 21 Days,113
71E,E38000238,NHS Lincolnshire ICB - 71E,E54000013,NHS Lincolnshire Integrated Care Board,E40000011,Midlands,JUN2022,Attended,Other Practice staff,Home Visit,2 to 7 Days,586
71E,E38000238,NHS Lincolnshire ICB - 71E,E54000013,NHS Lincolnshire Integrated Care Board,E40000011,Midlands,JUN2022,Attended,Other Practice staff,Home Visit,22  to 28 Days,89
71E,E38000238,NHS Lincolnshire ICB - 71E,E54000013,NHS Lincolnshire Integrated Care Board,E40000011,Midlands,JUN2022,Attended,Other Practice staff,Home Visit,8  to 14 Days,269
71E,E38000238,NHS Lincolnshire ICB - 71E,E54000013,NHS Lincolnshire Integrated Care Board,E40000011,Midlands,JUN2022,Attended,Other Practice staff,Home Visit,More than 28 Days,81
71E,E38000238,NHS Lincolnshire ICB - 71E,E54000013,NHS Lincolnshire Integrated Care Board,E40000011,Midlands,JUN2022,Attended,Other Practice staff,Home Visit,Same Day,460
71E,E38000238,NHS Lincolnshire ICB - 71E,E54000013,NHS Lincolnshire Integrated Care Board,E40000011,Midlands,JUN2022,Attended,Other Practice staff,Home Visit,Unknown / Data Quality,11
71E,E38000238,NHS Lincolnshire ICB - 71E,E54000013,NHS Lincolnshire Integrated Care Board,E40000011,Midlands,JUN2022,Attended,Other Practice staff,Telephone,1 Day,2827
71E,E38000238,NHS Lincolnshire ICB - 71E,E54000013,NHS Lincolnshire Integrated Care Board,E40000011,Midlands,JUN2022,Attended,Other Practice staff,Telephone,15  to 21 Days,1438
71E,E38000238,NHS Lincolnshire ICB - 71E,E54000013,NHS Lincolnshire Integrated Care Board,E40000011,Midlands,JUN2022,Attended,Other Practice staff,Telephone,2 to 7 Days,4765
71E,E38000238,NHS Lincolnshire ICB - 71E,E54000013,NHS Lincolnshire Integrated Care Board,E40000011,Midlands,JUN2022,Attended,Other Practice staff,Telephone,22  to 28 Days,908
71E,E38000238,NHS Lincolnshire ICB - 71E,E54000013,NHS Lincolnshire Integrated Care Board,E40000011,Midlands,JUN2022,Attended,Other Practice staff,Telephone,8  to 14 Days,2654
71E,E38000238,NHS Lincolnshire ICB - 71E,E54000013,NHS Lincolnshire Integrated Care Board,E40000011,Midlands,JUN2022,Attended,Other Practice staff,Telephone,More than 28 Days,1037
71E,E38000238,NHS Lincolnshire ICB - 71E,E54000013,NHS Lincolnshire Integrated Care Board,E40000011,Midlands,JUN2022,Attended,Other Practice staff,Telephone,Same Day,25572
71E,E38000238,NHS Lincolnshire ICB - 71E,E54000013,NHS Lincolnshire Integrated Care Board,E40000011,Midlands,JUN2022,Attended,Other Practice staff,Telephone,Unknown / Data Quality,27
71E,E38000238,NHS Lincolnshire ICB - 71E,E54000013,NHS Lincolnshire Integrated Care Board,E40000011,Midlands,JUN2022,Attended,Other Practice staff,Unknown,More than 28 Days,1
71E,E38000238,NHS Lincolnshire ICB - 71E,E54000013,NHS Lincolnshire Integrated Care Board,E40000011,Midlands,JUN2022,Attended,Other Practice staff,Video/Online,1 Day,53
71E,E38000238,NHS Lincolnshire ICB - 71E,E54000013,NHS Lincolnshire Integrated Care Board,E40000011,Midlands,JUN2022,Attended,Other Practice staff,Video/Online,15  to 21 Days,27
71E,E38000238,NHS Lincolnshire ICB - 71E,E54000013,NHS Lincolnshire Integrated Care Board,E40000011,Midlands,JUN2022,Attended,Other Practice staff,Video/Online,2 to 7 Days,59
71E,E38000238,NHS Lincolnshire ICB - 71E,E54000013,NHS Lincolnshire Integrated Care Board,E40000011,Midlands,JUN2022,Attended,Other Practice staff,Video/Online,22  to 28 Days,15
71E,E38000238,NHS Lincolnshire ICB - 71E,E54000013,NHS Lincolnshire Integrated Care Board,E40000011,Midlands,JUN2022,Attended,Other Practice staff,Video/Online,8  to 14 Days,57
71E,E38000238,NHS Lincolnshire ICB - 71E,E54000013,NHS Lincolnshire Integrated Care Board,E40000011,Midlands,JUN2022,Attended,Other Practice staff,Video/Online,More than 28 Days,18
71E,E38000238,NHS Lincolnshire ICB - 71E,E54000013,NHS Lincolnshire Integrated Care Board,E40000011,Midlands,JUN2022,Attended,Other Practice staff,Video/Online,Same Day,632
71E,E38000238,NHS Lincolnshire ICB - 71E,E54000013,NHS Lincolnshire Integrated Care Board,E40000011,Midlands,JUN2022,Attended,Other Practice staff,Video/Online,Unknown / Data Quality,1
71E,E38000238,NHS Lincolnshire ICB - 71E,E54000013,NHS Lincolnshire Integrated Care Board,E40000011,Midlands,JUN2022,Attended,Unknown,Unknown,1 Day,1026
71E,E38000238,NHS Lincolnshire ICB - 71E,E54000013,NHS Lincolnshire Integrated Care Board,E40000011,Midlands,JUN2022,Attended,Unknown,Unknown,15  to 21 Days,574
71E,E38000238,NHS Lincolnshire ICB - 71E,E54000013,NHS Lincolnshire Integrated Care Board,E40000011,Midlands,JUN2022,Attended,Unknown,Unknown,2 to 7 Days,2004
71E,E38000238,NHS Lincolnshire ICB - 71E,E54000013,NHS Lincolnshire Integrated Care Board,E40000011,Midlands,JUN2022,Attended,Unknown,Unknown,22  to 28 Days,332
71E,E38000238,NHS Lincolnshire ICB - 71E,E54000013,NHS Lincolnshire Integrated Care Board,E40000011,Midlands,JUN2022,Attended,Unknown,Unknown,8  to 14 Days,1068
71E,E38000238,NHS Lincolnshire ICB - 71E,E54000013,NHS Lincolnshire Integrated Care Board,E40000011,Midlands,JUN2022,Attended,Unknown,Unknown,More than 28 Days,252
71E,E38000238,NHS Lincolnshire ICB - 71E,E54000013,NHS Lincolnshire Integrated Care Board,E40000011,Midlands,JUN2022,Attended,Unknown,Unknown,Same Day,8681
71E,E38000238,NHS Lincolnshire ICB - 71E,E54000013,NHS Lincolnshire Integrated Care Board,E40000011,Midlands,JUN2022,Attended,Unknown,Unknown,Unknown / Data Quality,24
71E,E38000238,NHS Lincolnshire ICB - 71E,E54000013,NHS Lincolnshire Integrated Care Board,E40000011,Midlands,JUN2022,DNA,GP,Face-to-Face,1 Day,157
71E,E38000238,NHS Lincolnshire ICB - 71E,E54000013,NHS Lincolnshire Integrated Care Board,E40000011,Midlands,JUN2022,DNA,GP,Face-to-Face,15  to 21 Days,139
71E,E38000238,NHS Lincolnshire ICB - 71E,E54000013,NHS Lincolnshire Integrated Care Board,E40000011,Midlands,JUN2022,DNA,GP,Face-to-Face,2 to 7 Days,343
71E,E38000238,NHS Lincolnshire ICB - 71E,E54000013,NHS Lincolnshire Integrated Care Board,E40000011,Midlands,JUN2022,DNA,GP,Face-to-Face,22  to 28 Days,107
71E,E38000238,NHS Lincolnshire ICB - 71E,E54000013,NHS Lincolnshire Integrated Care Board,E40000011,Midlands,JUN2022,DNA,GP,Face-to-Face,8  to 14 Days,237
71E,E38000238,NHS Lincolnshire ICB - 71E,E54000013,NHS Lincolnshire Integrated Care Board,E40000011,Midlands,JUN2022,DNA,GP,Face-to-Face,More than 28 Days,98
71E,E38000238,NHS Lincolnshire ICB - 71E,E54000013,NHS Lincolnshire Integrated Care Board,E40000011,Midlands,JUN2022,DNA,GP,Face-to-Face,Same Day,621
71E,E38000238,NHS Lincolnshire ICB - 71E,E54000013,NHS Lincolnshire Integrated Care Board,E40000011,Midlands,JUN2022,DNA,GP,Home Visit,Same Day,1
71E,E38000238,NHS Lincolnshire ICB - 71E,E54000013,NHS Lincolnshire Integrated Care Board,E40000011,Midlands,JUN2022,DNA,GP,Telephone,1 Day,33
71E,E38000238,NHS Lincolnshire ICB - 71E,E54000013,NHS Lincolnshire Integrated Care Board,E40000011,Midlands,JUN2022,DNA,GP,Telephone,15  to 21 Days,20
71E,E38000238,NHS Lincolnshire ICB - 71E,E54000013,NHS Lincolnshire Integrated Care Board,E40000011,Midlands,JUN2022,DNA,GP,Telephone,2 to 7 Days,52
71E,E38000238,NHS Lincolnshire ICB - 71E,E54000013,NHS Lincolnshire Integrated Care Board,E40000011,Midlands,JUN2022,DNA,GP,Telephone,22  to 28 Days,5
71E,E38000238,NHS Lincolnshire ICB - 71E,E54000013,NHS Lincolnshire Integrated Care Board,E40000011,Midlands,JUN2022,DNA,GP,Telephone,8  to 14 Days,35
71E,E38000238,NHS Lincolnshire ICB - 71E,E54000013,NHS Lincolnshire Integrated Care Board,E40000011,Midlands,JUN2022,DNA,GP,Telephone,More than 28 Days,2
71E,E38000238,NHS Lincolnshire ICB - 71E,E54000013,NHS Lincolnshire Integrated Care Board,E40000011,Midlands,JUN2022,DNA,GP,Telephone,Same Day,333
71E,E38000238,NHS Lincolnshire ICB - 71E,E54000013,NHS Lincolnshire Integrated Care Board,E40000011,Midlands,JUN2022,DNA,GP,Video/Online,1 Day,6
71E,E38000238,NHS Lincolnshire ICB - 71E,E54000013,NHS Lincolnshire Integrated Care Board,E40000011,Midlands,JUN2022,DNA,GP,Video/Online,Same Day,5
71E,E38000238,NHS Lincolnshire ICB - 71E,E54000013,NHS Lincolnshire Integrated Care Board,E40000011,Midlands,JUN2022,DNA,Other Practice staff,Face-to-Face,1 Day,524
71E,E38000238,NHS Lincolnshire ICB - 71E,E54000013,NHS Lincolnshire Integrated Care Board,E40000011,Midlands,JUN2022,DNA,Other Practice staff,Face-to-Face,15  to 21 Days,1831
71E,E38000238,NHS Lincolnshire ICB - 71E,E54000013,NHS Lincolnshire Integrated Care Board,E40000011,Midlands,JUN2022,DNA,Other Practice staff,Face-to-Face,2 to 7 Days,2035
71E,E38000238,NHS Lincolnshire ICB - 71E,E54000013,NHS Lincolnshire Integrated Care Board,E40000011,Midlands,JUN2022,DNA,Other Practice staff,Face-to-Face,22  to 28 Days,1334
71E,E38000238,NHS Lincolnshire ICB - 71E,E54000013,NHS Lincolnshire Integrated Care Board,E40000011,Midlands,JUN2022,DNA,Other Practice staff,Face-to-Face,8  to 14 Days,2282
71E,E38000238,NHS Lincolnshire ICB - 71E,E54000013,NHS Lincolnshire Integrated Care Board,E40000011,Midlands,JUN2022,DNA,Other Practice staff,Face-to-Face,More than 28 Days,1479
71E,E38000238,NHS Lincolnshire ICB - 71E,E54000013,NHS Lincolnshire Integrated Care Board,E40000011,Midlands,JUN2022,DNA,Other Practice staff,Face-to-Face,Same Day,1155
71E,E38000238,NHS Lincolnshire ICB - 71E,E54000013,NHS Lincolnshire Integrated Care Board,E40000011,Midlands,JUN2022,DNA,Other Practice staff,Home Visit,1 Day,1
71E,E38000238,NHS Lincolnshire ICB - 71E,E54000013,NHS Lincolnshire Integrated Care Board,E40000011,Midlands,JUN2022,DNA,Other Practice staff,Home Visit,15  to 21 Days,1
71E,E38000238,NHS Lincolnshire ICB - 71E,E54000013,NHS Lincolnshire Integrated Care Board,E40000011,Midlands,JUN2022,DNA,Other Practice staff,Home Visit,2 to 7 Days,10
71E,E38000238,NHS Lincolnshire ICB - 71E,E54000013,NHS Lincolnshire Integrated Care Board,E40000011,Midlands,JUN2022,DNA,Other Practice staff,Home Visit,22  to 28 Days,2
71E,E38000238,NHS Lincolnshire ICB - 71E,E54000013,NHS Lincolnshire Integrated Care Board,E40000011,Midlands,JUN2022,DNA,Other Practice staff,Home Visit,8  to 14 Days,3
71E,E38000238,NHS Lincolnshire ICB - 71E,E54000013,NHS Lincolnshire Integrated Care Board,E40000011,Midlands,JUN2022,DNA,Other Practice staff,Home Visit,Same Day,12
71E,E38000238,NHS Lincolnshire ICB - 71E,E54000013,NHS Lincolnshire Integrated Care Board,E40000011,Midlands,JUN2022,DNA,Other Practice staff,Telephone,1 Day,39
71E,E38000238,NHS Lincolnshire ICB - 71E,E54000013,NHS Lincolnshire Integrated Care Board,E40000011,Midlands,JUN2022,DNA,Other Practice staff,Telephone,15  to 21 Days,35
71E,E38000238,NHS Lincolnshire ICB - 71E,E54000013,NHS Lincolnshire Integrated Care Board,E40000011,Midlands,JUN2022,DNA,Other Practice staff,Telephone,2 to 7 Days,142
71E,E38000238,NHS Lincolnshire ICB - 71E,E54000013,NHS Lincolnshire Integrated Care Board,E40000011,Midlands,JUN2022,DNA,Other Practice staff,Telephone,22  to 28 Days,22
71E,E38000238,NHS Lincolnshire ICB - 71E,E54000013,NHS Lincolnshire Integrated Care Board,E40000011,Midlands,JUN2022,DNA,Other Practice staff,Telephone,8  to 14 Days,92
71E,E38000238,NHS Lincolnshire ICB - 71E,E54000013,NHS Lincolnshire Integrated Care Board,E40000011,Midlands,JUN2022,DNA,Other Practice staff,Telephone,More than 28 Days,22
71E,E38000238,NHS Lincolnshire ICB - 71E,E54000013,NHS Lincolnshire Integrated Care Board,E40000011,Midlands,JUN2022,DNA,Other Practice staff,Telephone,Same Day,214
71E,E38000238,NHS Lincolnshire ICB - 71E,E54000013,NHS Lincolnshire Integrated Care Board,E40000011,Midlands,JUN2022,DNA,Other Practice staff,Video/Online,1 Day,1
71E,E38000238,NHS Lincolnshire ICB - 71E,E54000013,NHS Lincolnshire Integrated Care Board,E40000011,Midlands,JUN2022,DNA,Other Practice staff,Video/Online,15  to 21 Days,1
71E,E38000238,NHS Lincolnshire ICB - 71E,E54000013,NHS Lincolnshire Integrated Care Board,E40000011,Midlands,JUN2022,DNA,Other Practice staff,Video/Online,2 to 7 Days,3
71E,E38000238,NHS Lincolnshire ICB - 71E,E54000013,NHS Lincolnshire Integrated Care Board,E40000011,Midlands,JUN2022,DNA,Other Practice staff,Video/Online,22  to 28 Days,2
71E,E38000238,NHS Lincolnshire ICB - 71E,E54000013,NHS Lincolnshire Integrated Care Board,E40000011,Midlands,JUN2022,DNA,Other Practice staff,Video/Online,8  to 14 Days,7
71E,E38000238,NHS Lincolnshire ICB - 71E,E54000013,NHS Lincolnshire Integrated Care Board,E40000011,Midlands,JUN2022,DNA,Other Practice staff,Video/Online,Same Day,2
71E,E38000238,NHS Lincolnshire ICB - 71E,E54000013,NHS Lincolnshire Integrated Care Board,E40000011,Midlands,JUN2022,DNA,Unknown,Unknown,1 Day,26
71E,E38000238,NHS Lincolnshire ICB - 71E,E54000013,NHS Lincolnshire Integrated Care Board,E40000011,Midlands,JUN2022,DNA,Unknown,Unknown,15  to 21 Days,41
71E,E38000238,NHS Lincolnshire ICB - 71E,E54000013,NHS Lincolnshire Integrated Care Board,E40000011,Midlands,JUN2022,DNA,Unknown,Unknown,2 to 7 Days,88
71E,E38000238,NHS Lincolnshire ICB - 71E,E54000013,NHS Lincolnshire Integrated Care Board,E40000011,Midlands,JUN2022,DNA,Unknown,Unknown,22  to 28 Days,35
71E,E38000238,NHS Lincolnshire ICB - 71E,E54000013,NHS Lincolnshire Integrated Care Board,E40000011,Midlands,JUN2022,DNA,Unknown,Unknown,8  to 14 Days,66
71E,E38000238,NHS Lincolnshire ICB - 71E,E54000013,NHS Lincolnshire Integrated Care Board,E40000011,Midlands,JUN2022,DNA,Unknown,Unknown,More than 28 Days,35
71E,E38000238,NHS Lincolnshire ICB - 71E,E54000013,NHS Lincolnshire Integrated Care Board,E40000011,Midlands,JUN2022,DNA,Unknown,Unknown,Same Day,65
71E,E38000238,NHS Lincolnshire ICB - 71E,E54000013,NHS Lincolnshire Integrated Care Board,E40000011,Midlands,JUN2022,Unknown,GP,Face-to-Face,1 Day,113
71E,E38000238,NHS Lincolnshire ICB - 71E,E54000013,NHS Lincolnshire Integrated Care Board,E40000011,Midlands,JUN2022,Unknown,GP,Face-to-Face,15  to 21 Days,221
71E,E38000238,NHS Lincolnshire ICB - 71E,E54000013,NHS Lincolnshire Integrated Care Board,E40000011,Midlands,JUN2022,Unknown,GP,Face-to-Face,2 to 7 Days,240
71E,E38000238,NHS Lincolnshire ICB - 71E,E54000013,NHS Lincolnshire Integrated Care Board,E40000011,Midlands,JUN2022,Unknown,GP,Face-to-Face,22  to 28 Days,118
71E,E38000238,NHS Lincolnshire ICB - 71E,E54000013,NHS Lincolnshire Integrated Care Board,E40000011,Midlands,JUN2022,Unknown,GP,Face-to-Face,8  to 14 Days,261
71E,E38000238,NHS Lincolnshire ICB - 71E,E54000013,NHS Lincolnshire Integrated Care Board,E40000011,Midlands,JUN2022,Unknown,GP,Face-to-Face,More than 28 Days,113
71E,E38000238,NHS Lincolnshire ICB - 71E,E54000013,NHS Lincolnshire Integrated Care Board,E40000011,Midlands,JUN2022,Unknown,GP,Face-to-Face,Same Day,357
71E,E38000238,NHS Lincolnshire ICB - 71E,E54000013,NHS Lincolnshire Integrated Care Board,E40000011,Midlands,JUN2022,Unknown,GP,Face-to-Face,Unknown / Data Quality,58
71E,E38000238,NHS Lincolnshire ICB - 71E,E54000013,NHS Lincolnshire Integrated Care Board,E40000011,Midlands,JUN2022,Unknown,GP,Home Visit,1 Day,3
71E,E38000238,NHS Lincolnshire ICB - 71E,E54000013,NHS Lincolnshire Integrated Care Board,E40000011,Midlands,JUN2022,Unknown,GP,Telephone,1 Day,85
71E,E38000238,NHS Lincolnshire ICB - 71E,E54000013,NHS Lincolnshire Integrated Care Board,E40000011,Midlands,JUN2022,Unknown,GP,Telephone,15  to 21 Days,81
71E,E38000238,NHS Lincolnshire ICB - 71E,E54000013,NHS Lincolnshire Integrated Care Board,E40000011,Midlands,JUN2022,Unknown,GP,Telephone,2 to 7 Days,148
71E,E38000238,NHS Lincolnshire ICB - 71E,E54000013,NHS Lincolnshire Integrated Care Board,E40000011,Midlands,JUN2022,Unknown,GP,Telephone,22  to 28 Days,55
71E,E38000238,NHS Lincolnshire ICB - 71E,E54000013,NHS Lincolnshire Integrated Care Board,E40000011,Midlands,JUN2022,Unknown,GP,Telephone,8  to 14 Days,127
71E,E38000238,NHS Lincolnshire ICB - 71E,E54000013,NHS Lincolnshire Integrated Care Board,E40000011,Midlands,JUN2022,Unknown,GP,Telephone,More than 28 Days,39
71E,E38000238,NHS Lincolnshire ICB - 71E,E54000013,NHS Lincolnshire Integrated Care Board,E40000011,Midlands,JUN2022,Unknown,GP,Telephone,Same Day,292
71E,E38000238,NHS Lincolnshire ICB - 71E,E54000013,NHS Lincolnshire Integrated Care Board,E40000011,Midlands,JUN2022,Unknown,GP,Telephone,Unknown / Data Quality,2
71E,E38000238,NHS Lincolnshire ICB - 71E,E54000013,NHS Lincolnshire Integrated Care Board,E40000011,Midlands,JUN2022,Unknown,GP,Video/Online,1 Day,2
71E,E38000238,NHS Lincolnshire ICB - 71E,E54000013,NHS Lincolnshire Integrated Care Board,E40000011,Midlands,JUN2022,Unknown,GP,Video/Online,15  to 21 Days,1
71E,E38000238,NHS Lincolnshire ICB - 71E,E54000013,NHS Lincolnshire Integrated Care Board,E40000011,Midlands,JUN2022,Unknown,GP,Video/Online,2 to 7 Days,1
71E,E38000238,NHS Lincolnshire ICB - 71E,E54000013,NHS Lincolnshire Integrated Care Board,E40000011,Midlands,JUN2022,Unknown,GP,Video/Online,Same Day,1
71E,E38000238,NHS Lincolnshire ICB - 71E,E54000013,NHS Lincolnshire Integrated Care Board,E40000011,Midlands,JUN2022,Unknown,Other Practice staff,Face-to-Face,1 Day,353
71E,E38000238,NHS Lincolnshire ICB - 71E,E54000013,NHS Lincolnshire Integrated Care Board,E40000011,Midlands,JUN2022,Unknown,Other Practice staff,Face-to-Face,15  to 21 Days,1070
71E,E38000238,NHS Lincolnshire ICB - 71E,E54000013,NHS Lincolnshire Integrated Care Board,E40000011,Midlands,JUN2022,Unknown,Other Practice staff,Face-to-Face,2 to 7 Days,924
71E,E38000238,NHS Lincolnshire ICB - 71E,E54000013,NHS Lincolnshire Integrated Care Board,E40000011,Midlands,JUN2022,Unknown,Other Practice staff,Face-to-Face,22  to 28 Days,883
71E,E38000238,NHS Lincolnshire ICB - 71E,E54000013,NHS Lincolnshire Integrated Care Board,E40000011,Midlands,JUN2022,Unknown,Other Practice staff,Face-to-Face,8  to 14 Days,1202
71E,E38000238,NHS Lincolnshire ICB - 71E,E54000013,NHS Lincolnshire Integrated Care Board,E40000011,Midlands,JUN2022,Unknown,Other Practice staff,Face-to-Face,More than 28 Days,1257
71E,E38000238,NHS Lincolnshire ICB - 71E,E54000013,NHS Lincolnshire Integrated Care Board,E40000011,Midlands,JUN2022,Unknown,Other Practice staff,Face-to-Face,Same Day,739
71E,E38000238,NHS Lincolnshire ICB - 71E,E54000013,NHS Lincolnshire Integrated Care Board,E40000011,Midlands,JUN2022,Unknown,Other Practice staff,Face-to-Face,Unknown / Data Quality,5
71E,E38000238,NHS Lincolnshire ICB - 71E,E54000013,NHS Lincolnshire Integrated Care Board,E40000011,Midlands,JUN2022,Unknown,Other Practice staff,Home Visit,1 Day,15
71E,E38000238,NHS Lincolnshire ICB - 71E,E54000013,NHS Lincolnshire Integrated Care Board,E40000011,Midlands,JUN2022,Unknown,Other Practice staff,Home Visit,15  to 21 Days,13
71E,E38000238,NHS Lincolnshire ICB - 71E,E54000013,NHS Lincolnshire Integrated Care Board,E40000011,Midlands,JUN2022,Unknown,Other Practice staff,Home Visit,2 to 7 Days,62
71E,E38000238,NHS Lincolnshire ICB - 71E,E54000013,NHS Lincolnshire Integrated Care Board,E40000011,Midlands,JUN2022,Unknown,Other Practice staff,Home Visit,22  to 28 Days,11
71E,E38000238,NHS Lincolnshire ICB - 71E,E54000013,NHS Lincolnshire Integrated Care Board,E40000011,Midlands,JUN2022,Unknown,Other Practice staff,Home Visit,8  to 14 Days,34
71E,E38000238,NHS Lincolnshire ICB - 71E,E54000013,NHS Lincolnshire Integrated Care Board,E40000011,Midlands,JUN2022,Unknown,Other Practice staff,Home Visit,More than 28 Days,30
71E,E38000238,NHS Lincolnshire ICB - 71E,E54000013,NHS Lincolnshire Integrated Care Board,E40000011,Midlands,JUN2022,Unknown,Other Practice staff,Home Visit,Same Day,9
71E,E38000238,NHS Lincolnshire ICB - 71E,E54000013,NHS Lincolnshire Integrated Care Board,E40000011,Midlands,JUN2022,Unknown,Other Practice staff,Telephone,1 Day,118
71E,E38000238,NHS Lincolnshire ICB - 71E,E54000013,NHS Lincolnshire Integrated Care Board,E40000011,Midlands,JUN2022,Unknown,Other Practice staff,Telephone,15  to 21 Days,80
71E,E38000238,NHS Lincolnshire ICB - 71E,E54000013,NHS Lincolnshire Integrated Care Board,E40000011,Midlands,JUN2022,Unknown,Other Practice staff,Telephone,2 to 7 Days,221
71E,E38000238,NHS Lincolnshire ICB - 71E,E54000013,NHS Lincolnshire Integrated Care Board,E40000011,Midlands,JUN2022,Unknown,Other Practice staff,Telephone,22  to 28 Days,54
71E,E38000238,NHS Lincolnshire ICB - 71E,E54000013,NHS Lincolnshire Integrated Care Board,E40000011,Midlands,JUN2022,Unknown,Other Practice staff,Telephone,8  to 14 Days,128
71E,E38000238,NHS Lincolnshire ICB - 71E,E54000013,NHS Lincolnshire Integrated Care Board,E40000011,Midlands,JUN2022,Unknown,Other Practice staff,Telephone,More than 28 Days,78
71E,E38000238,NHS Lincolnshire ICB - 71E,E54000013,NHS Lincolnshire Integrated Care Board,E40000011,Midlands,JUN2022,Unknown,Other Practice staff,Telephone,Same Day,348
71E,E38000238,NHS Lincolnshire ICB - 71E,E54000013,NHS Lincolnshire Integrated Care Board,E40000011,Midlands,JUN2022,Unknown,Other Practice staff,Telephone,Unknown / Data Quality,1
71E,E38000238,NHS Lincolnshire ICB - 71E,E54000013,NHS Lincolnshire Integrated Care Board,E40000011,Midlands,JUN2022,Unknown,Other Practice staff,Video/Online,15  to 21 Days,4
71E,E38000238,NHS Lincolnshire ICB - 71E,E54000013,NHS Lincolnshire Integrated Care Board,E40000011,Midlands,JUN2022,Unknown,Other Practice staff,Video/Online,22  to 28 Days,1
71E,E38000238,NHS Lincolnshire ICB - 71E,E54000013,NHS Lincolnshire Integrated Care Board,E40000011,Midlands,JUN2022,Unknown,Other Practice staff,Video/Online,8  to 14 Days,11
71E,E38000238,NHS Lincolnshire ICB - 71E,E54000013,NHS Lincolnshire Integrated Care Board,E40000011,Midlands,JUN2022,Unknown,Other Practice staff,Video/Online,More than 28 Days,2
71E,E38000238,NHS Lincolnshire ICB - 71E,E54000013,NHS Lincolnshire Integrated Care Board,E40000011,Midlands,JUN2022,Unknown,Unknown,Unknown,1 Day,19
71E,E38000238,NHS Lincolnshire ICB - 71E,E54000013,NHS Lincolnshire Integrated Care Board,E40000011,Midlands,JUN2022,Unknown,Unknown,Unknown,15  to 21 Days,97
71E,E38000238,NHS Lincolnshire ICB - 71E,E54000013,NHS Lincolnshire Integrated Care Board,E40000011,Midlands,JUN2022,Unknown,Unknown,Unknown,2 to 7 Days,123
71E,E38000238,NHS Lincolnshire ICB - 71E,E54000013,NHS Lincolnshire Integrated Care Board,E40000011,Midlands,JUN2022,Unknown,Unknown,Unknown,22  to 28 Days,73
71E,E38000238,NHS Lincolnshire ICB - 71E,E54000013,NHS Lincolnshire Integrated Care Board,E40000011,Midlands,JUN2022,Unknown,Unknown,Unknown,8  to 14 Days,169
71E,E38000238,NHS Lincolnshire ICB - 71E,E54000013,NHS Lincolnshire Integrated Care Board,E40000011,Midlands,JUN2022,Unknown,Unknown,Unknown,More than 28 Days,88
71E,E38000238,NHS Lincolnshire ICB - 71E,E54000013,NHS Lincolnshire Integrated Care Board,E40000011,Midlands,JUN2022,Unknown,Unknown,Unknown,Same Day,56
71E,E38000238,NHS Lincolnshire ICB - 71E,E54000013,NHS Lincolnshire Integrated Care Board,E40000011,Midlands,JUN2022,Unknown,Unknown,Unknown,Unknown / Data Quality,12
71E,E38000238,NHS Lincolnshire ICB - 71E,E54000013,NHS Lincolnshire Integrated Care Board,E40000011,Midlands,JUL2022,Attended,GP,Face-to-Face,1 Day,6347
71E,E38000238,NHS Lincolnshire ICB - 71E,E54000013,NHS Lincolnshire Integrated Care Board,E40000011,Midlands,JUL2022,Attended,GP,Face-to-Face,15  to 21 Days,2533
71E,E38000238,NHS Lincolnshire ICB - 71E,E54000013,NHS Lincolnshire Integrated Care Board,E40000011,Midlands,JUL2022,Attended,GP,Face-to-Face,2 to 7 Days,8957
71E,E38000238,NHS Lincolnshire ICB - 71E,E54000013,NHS Lincolnshire Integrated Care Board,E40000011,Midlands,JUL2022,Attended,GP,Face-to-Face,22  to 28 Days,1267
71E,E38000238,NHS Lincolnshire ICB - 71E,E54000013,NHS Lincolnshire Integrated Care Board,E40000011,Midlands,JUL2022,Attended,GP,Face-to-Face,8  to 14 Days,4464
71E,E38000238,NHS Lincolnshire ICB - 71E,E54000013,NHS Lincolnshire Integrated Care Board,E40000011,Midlands,JUL2022,Attended,GP,Face-to-Face,More than 28 Days,980
71E,E38000238,NHS Lincolnshire ICB - 71E,E54000013,NHS Lincolnshire Integrated Care Board,E40000011,Midlands,JUL2022,Attended,GP,Face-to-Face,Same Day,48852
71E,E38000238,NHS Lincolnshire ICB - 71E,E54000013,NHS Lincolnshire Integrated Care Board,E40000011,Midlands,JUL2022,Attended,GP,Face-to-Face,Unknown / Data Quality,21
71E,E38000238,NHS Lincolnshire ICB - 71E,E54000013,NHS Lincolnshire Integrated Care Board,E40000011,Midlands,JUL2022,Attended,GP,Home Visit,1 Day,37
71E,E38000238,NHS Lincolnshire ICB - 71E,E54000013,NHS Lincolnshire Integrated Care Board,E40000011,Midlands,JUL2022,Attended,GP,Home Visit,15  to 21 Days,1
71E,E38000238,NHS Lincolnshire ICB - 71E,E54000013,NHS Lincolnshire Integrated Care Board,E40000011,Midlands,JUL2022,Attended,GP,Home Visit,2 to 7 Days,19
71E,E38000238,NHS Lincolnshire ICB - 71E,E54000013,NHS Lincolnshire Integrated Care Board,E40000011,Midlands,JUL2022,Attended,GP,Home Visit,Same Day,177
71E,E38000238,NHS Lincolnshire ICB - 71E,E54000013,NHS Lincolnshire Integrated Care Board,E40000011,Midlands,JUL2022,Attended,GP,Telephone,1 Day,3316
71E,E38000238,NHS Lincolnshire ICB - 71E,E54000013,NHS Lincolnshire Integrated Care Board,E40000011,Midlands,JUL2022,Attended,GP,Telephone,15  to 21 Days,1459
71E,E38000238,NHS Lincolnshire ICB - 71E,E54000013,NHS Lincolnshire Integrated Care Board,E40000011,Midlands,JUL2022,Attended,GP,Telephone,2 to 7 Days,5784
71E,E38000238,NHS Lincolnshire ICB - 71E,E54000013,NHS Lincolnshire Integrated Care Board,E40000011,Midlands,JUL2022,Attended,GP,Telephone,22  to 28 Days,452
71E,E38000238,NHS Lincolnshire ICB - 71E,E54000013,NHS Lincolnshire Integrated Care Board,E40000011,Midlands,JUL2022,Attended,GP,Telephone,8  to 14 Days,3364
71E,E38000238,NHS Lincolnshire ICB - 71E,E54000013,NHS Lincolnshire Integrated Care Board,E40000011,Midlands,JUL2022,Attended,GP,Telephone,More than 28 Days,265
71E,E38000238,NHS Lincolnshire ICB - 71E,E54000013,NHS Lincolnshire Integrated Care Board,E40000011,Midlands,JUL2022,Attended,GP,Telephone,Same Day,39721
71E,E38000238,NHS Lincolnshire ICB - 71E,E54000013,NHS Lincolnshire Integrated Care Board,E40000011,Midlands,JUL2022,Attended,GP,Telephone,Unknown / Data Quality,9
71E,E38000238,NHS Lincolnshire ICB - 71E,E54000013,NHS Lincolnshire Integrated Care Board,E40000011,Midlands,JUL2022,Attended,GP,Video/Online,1 Day,89
71E,E38000238,NHS Lincolnshire ICB - 71E,E54000013,NHS Lincolnshire Integrated Care Board,E40000011,Midlands,JUL2022,Attended,GP,Video/Online,15  to 21 Days,7
71E,E38000238,NHS Lincolnshire ICB - 71E,E54000013,NHS Lincolnshire Integrated Care Board,E40000011,Midlands,JUL2022,Attended,GP,Video/Online,2 to 7 Days,43
71E,E38000238,NHS Lincolnshire ICB - 71E,E54000013,NHS Lincolnshire Integrated Care Board,E40000011,Midlands,JUL2022,Attended,GP,Video/Online,8  to 14 Days,10
71E,E38000238,NHS Lincolnshire ICB - 71E,E54000013,NHS Lincolnshire Integrated Care Board,E40000011,Midlands,JUL2022,Attended,GP,Video/Online,Same Day,543
71E,E38000238,NHS Lincolnshire ICB - 71E,E54000013,NHS Lincolnshire Integrated Care Board,E40000011,Midlands,JUL2022,Attended,GP,Video/Online,Unknown / Data Quality,21
71E,E38000238,NHS Lincolnshire ICB - 71E,E54000013,NHS Lincolnshire Integrated Care Board,E40000011,Midlands,JUL2022,Attended,Other Practice staff,Face-to-Face,1 Day,11020
71E,E38000238,NHS Lincolnshire ICB - 71E,E54000013,NHS Lincolnshire Integrated Care Board,E40000011,Midlands,JUL2022,Attended,Other Practice staff,Face-to-Face,15  to 21 Days,18620
71E,E38000238,NHS Lincolnshire ICB - 71E,E54000013,NHS Lincolnshire Integrated Care Board,E40000011,Midlands,JUL2022,Attended,Other Practice staff,Face-to-Face,2 to 7 Days,36372
71E,E38000238,NHS Lincolnshire ICB - 71E,E54000013,NHS Lincolnshire Integrated Care Board,E40000011,Midlands,JUL2022,Attended,Other Practice staff,Face-to-Face,22  to 28 Days,11954
71E,E38000238,NHS Lincolnshire ICB - 71E,E54000013,NHS Lincolnshire Integrated Care Board,E40000011,Midlands,JUL2022,Attended,Other Practice staff,Face-to-Face,8  to 14 Days,28615
71E,E38000238,NHS Lincolnshire ICB - 71E,E54000013,NHS Lincolnshire Integrated Care Board,E40000011,Midlands,JUL2022,Attended,Other Practice staff,Face-to-Face,More than 28 Days,9844
71E,E38000238,NHS Lincolnshire ICB - 71E,E54000013,NHS Lincolnshire Integrated Care Board,E40000011,Midlands,JUL2022,Attended,Other Practice staff,Face-to-Face,Same Day,49779
71E,E38000238,NHS Lincolnshire ICB - 71E,E54000013,NHS Lincolnshire Integrated Care Board,E40000011,Midlands,JUL2022,Attended,Other Practice staff,Face-to-Face,Unknown / Data Quality,73
71E,E38000238,NHS Lincolnshire ICB - 71E,E54000013,NHS Lincolnshire Integrated Care Board,E40000011,Midlands,JUL2022,Attended,Other Practice staff,Home Visit,1 Day,112
71E,E38000238,NHS Lincolnshire ICB - 71E,E54000013,NHS Lincolnshire Integrated Care Board,E40000011,Midlands,JUL2022,Attended,Other Practice staff,Home Visit,15  to 21 Days,133
71E,E38000238,NHS Lincolnshire ICB - 71E,E54000013,NHS Lincolnshire Integrated Care Board,E40000011,Midlands,JUL2022,Attended,Other Practice staff,Home Visit,2 to 7 Days,524
71E,E38000238,NHS Lincolnshire ICB - 71E,E54000013,NHS Lincolnshire Integrated Care Board,E40000011,Midlands,JUL2022,Attended,Other Practice staff,Home Visit,22  to 28 Days,72
71E,E38000238,NHS Lincolnshire ICB - 71E,E54000013,NHS Lincolnshire Integrated Care Board,E40000011,Midlands,JUL2022,Attended,Other Practice staff,Home Visit,8  to 14 Days,296
71E,E38000238,NHS Lincolnshire ICB - 71E,E54000013,NHS Lincolnshire Integrated Care Board,E40000011,Midlands,JUL2022,Attended,Other Practice staff,Home Visit,More than 28 Days,58
71E,E38000238,NHS Lincolnshire ICB - 71E,E54000013,NHS Lincolnshire Integrated Care Board,E40000011,Midlands,JUL2022,Attended,Other Practice staff,Home Visit,Same Day,415
71E,E38000238,NHS Lincolnshire ICB - 71E,E54000013,NHS Lincolnshire Integrated Care Board,E40000011,Midlands,JUL2022,Attended,Other Practice staff,Home Visit,Unknown / Data Quality,8
71E,E38000238,NHS Lincolnshire ICB - 71E,E54000013,NHS Lincolnshire Integrated Care Board,E40000011,Midlands,JUL2022,Attended,Other Practice staff,Telephone,1 Day,2789
71E,E38000238,NHS Lincolnshire ICB - 71E,E54000013,NHS Lincolnshire Integrated Care Board,E40000011,Midlands,JUL2022,Attended,Other Practice staff,Telephone,15  to 21 Days,1248
71E,E38000238,NHS Lincolnshire ICB - 71E,E54000013,NHS Lincolnshire Integrated Care Board,E40000011,Midlands,JUL2022,Attended,Other Practice staff,Telephone,2 to 7 Days,5058
71E,E38000238,NHS Lincolnshire ICB - 71E,E54000013,NHS Lincolnshire Integrated Care Board,E40000011,Midlands,JUL2022,Attended,Other Practice staff,Telephone,22  to 28 Days,875
71E,E38000238,NHS Lincolnshire ICB - 71E,E54000013,NHS Lincolnshire Integrated Care Board,E40000011,Midlands,JUL2022,Attended,Other Practice staff,Telephone,8  to 14 Days,2462
71E,E38000238,NHS Lincolnshire ICB - 71E,E54000013,NHS Lincolnshire Integrated Care Board,E40000011,Midlands,JUL2022,Attended,Other Practice staff,Telephone,More than 28 Days,862
71E,E38000238,NHS Lincolnshire ICB - 71E,E54000013,NHS Lincolnshire Integrated Care Board,E40000011,Midlands,JUL2022,Attended,Other Practice staff,Telephone,Same Day,26635
71E,E38000238,NHS Lincolnshire ICB - 71E,E54000013,NHS Lincolnshire Integrated Care Board,E40000011,Midlands,JUL2022,Attended,Other Practice staff,Telephone,Unknown / Data Quality,5
71E,E38000238,NHS Lincolnshire ICB - 71E,E54000013,NHS Lincolnshire Integrated Care Board,E40000011,Midlands,JUL2022,Attended,Other Practice staff,Unknown,2 to 7 Days,5
71E,E38000238,NHS Lincolnshire ICB - 71E,E54000013,NHS Lincolnshire Integrated Care Board,E40000011,Midlands,JUL2022,Attended,Other Practice staff,Unknown,22  to 28 Days,1
71E,E38000238,NHS Lincolnshire ICB - 71E,E54000013,NHS Lincolnshire Integrated Care Board,E40000011,Midlands,JUL2022,Attended,Other Practice staff,Unknown,More than 28 Days,1
71E,E38000238,NHS Lincolnshire ICB - 71E,E54000013,NHS Lincolnshire Integrated Care Board,E40000011,Midlands,JUL2022,Attended,Other Practice staff,Video/Online,1 Day,30
71E,E38000238,NHS Lincolnshire ICB - 71E,E54000013,NHS Lincolnshire Integrated Care Board,E40000011,Midlands,JUL2022,Attended,Other Practice staff,Video/Online,15  to 21 Days,13
71E,E38000238,NHS Lincolnshire ICB - 71E,E54000013,NHS Lincolnshire Integrated Care Board,E40000011,Midlands,JUL2022,Attended,Other Practice staff,Video/Online,2 to 7 Days,72
71E,E38000238,NHS Lincolnshire ICB - 71E,E54000013,NHS Lincolnshire Integrated Care Board,E40000011,Midlands,JUL2022,Attended,Other Practice staff,Video/Online,22  to 28 Days,16
71E,E38000238,NHS Lincolnshire ICB - 71E,E54000013,NHS Lincolnshire Integrated Care Board,E40000011,Midlands,JUL2022,Attended,Other Practice staff,Video/Online,8  to 14 Days,61
71E,E38000238,NHS Lincolnshire ICB - 71E,E54000013,NHS Lincolnshire Integrated Care Board,E40000011,Midlands,JUL2022,Attended,Other Practice staff,Video/Online,More than 28 Days,23
71E,E38000238,NHS Lincolnshire ICB - 71E,E54000013,NHS Lincolnshire Integrated Care Board,E40000011,Midlands,JUL2022,Attended,Other Practice staff,Video/Online,Same Day,596
71E,E38000238,NHS Lincolnshire ICB - 71E,E54000013,NHS Lincolnshire Integrated Care Board,E40000011,Midlands,JUL2022,Attended,Unknown,Unknown,1 Day,995
71E,E38000238,NHS Lincolnshire ICB - 71E,E54000013,NHS Lincolnshire Integrated Care Board,E40000011,Midlands,JUL2022,Attended,Unknown,Unknown,15  to 21 Days,339
71E,E38000238,NHS Lincolnshire ICB - 71E,E54000013,NHS Lincolnshire Integrated Care Board,E40000011,Midlands,JUL2022,Attended,Unknown,Unknown,2 to 7 Days,2304
71E,E38000238,NHS Lincolnshire ICB - 71E,E54000013,NHS Lincolnshire Integrated Care Board,E40000011,Midlands,JUL2022,Attended,Unknown,Unknown,22  to 28 Days,217
71E,E38000238,NHS Lincolnshire ICB - 71E,E54000013,NHS Lincolnshire Integrated Care Board,E40000011,Midlands,JUL2022,Attended,Unknown,Unknown,8  to 14 Days,1037
71E,E38000238,NHS Lincolnshire ICB - 71E,E54000013,NHS Lincolnshire Integrated Care Board,E40000011,Midlands,JUL2022,Attended,Unknown,Unknown,More than 28 Days,194
71E,E38000238,NHS Lincolnshire ICB - 71E,E54000013,NHS Lincolnshire Integrated Care Board,E40000011,Midlands,JUL2022,Attended,Unknown,Unknown,Same Day,8759
71E,E38000238,NHS Lincolnshire ICB - 71E,E54000013,NHS Lincolnshire Integrated Care Board,E40000011,Midlands,JUL2022,Attended,Unknown,Unknown,Unknown / Data Quality,22
71E,E38000238,NHS Lincolnshire ICB - 71E,E54000013,NHS Lincolnshire Integrated Care Board,E40000011,Midlands,JUL2022,DNA,GP,Face-to-Face,1 Day,180
71E,E38000238,NHS Lincolnshire ICB - 71E,E54000013,NHS Lincolnshire Integrated Care Board,E40000011,Midlands,JUL2022,DNA,GP,Face-to-Face,15  to 21 Days,181
71E,E38000238,NHS Lincolnshire ICB - 71E,E54000013,NHS Lincolnshire Integrated Care Board,E40000011,Midlands,JUL2022,DNA,GP,Face-to-Face,2 to 7 Days,381
71E,E38000238,NHS Lincolnshire ICB - 71E,E54000013,NHS Lincolnshire Integrated Care Board,E40000011,Midlands,JUL2022,DNA,GP,Face-to-Face,22  to 28 Days,102
71E,E38000238,NHS Lincolnshire ICB - 71E,E54000013,NHS Lincolnshire Integrated Care Board,E40000011,Midlands,JUL2022,DNA,GP,Face-to-Face,8  to 14 Days,242
71E,E38000238,NHS Lincolnshire ICB - 71E,E54000013,NHS Lincolnshire Integrated Care Board,E40000011,Midlands,JUL2022,DNA,GP,Face-to-Face,More than 28 Days,66
71E,E38000238,NHS Lincolnshire ICB - 71E,E54000013,NHS Lincolnshire Integrated Care Board,E40000011,Midlands,JUL2022,DNA,GP,Face-to-Face,Same Day,530
71E,E38000238,NHS Lincolnshire ICB - 71E,E54000013,NHS Lincolnshire Integrated Care Board,E40000011,Midlands,JUL2022,DNA,GP,Home Visit,Same Day,8
71E,E38000238,NHS Lincolnshire ICB - 71E,E54000013,NHS Lincolnshire Integrated Care Board,E40000011,Midlands,JUL2022,DNA,GP,Telephone,1 Day,36
71E,E38000238,NHS Lincolnshire ICB - 71E,E54000013,NHS Lincolnshire Integrated Care Board,E40000011,Midlands,JUL2022,DNA,GP,Telephone,15  to 21 Days,23
71E,E38000238,NHS Lincolnshire ICB - 71E,E54000013,NHS Lincolnshire Integrated Care Board,E40000011,Midlands,JUL2022,DNA,GP,Telephone,2 to 7 Days,47
71E,E38000238,NHS Lincolnshire ICB - 71E,E54000013,NHS Lincolnshire Integrated Care Board,E40000011,Midlands,JUL2022,DNA,GP,Telephone,22  to 28 Days,6
71E,E38000238,NHS Lincolnshire ICB - 71E,E54000013,NHS Lincolnshire Integrated Care Board,E40000011,Midlands,JUL2022,DNA,GP,Telephone,8  to 14 Days,42
71E,E38000238,NHS Lincolnshire ICB - 71E,E54000013,NHS Lincolnshire Integrated Care Board,E40000011,Midlands,JUL2022,DNA,GP,Telephone,More than 28 Days,5
71E,E38000238,NHS Lincolnshire ICB - 71E,E54000013,NHS Lincolnshire Integrated Care Board,E40000011,Midlands,JUL2022,DNA,GP,Telephone,Same Day,293
71E,E38000238,NHS Lincolnshire ICB - 71E,E54000013,NHS Lincolnshire Integrated Care Board,E40000011,Midlands,JUL2022,DNA,GP,Video/Online,1 Day,2
71E,E38000238,NHS Lincolnshire ICB - 71E,E54000013,NHS Lincolnshire Integrated Care Board,E40000011,Midlands,JUL2022,DNA,GP,Video/Online,Same Day,2
71E,E38000238,NHS Lincolnshire ICB - 71E,E54000013,NHS Lincolnshire Integrated Care Board,E40000011,Midlands,JUL2022,DNA,Other Practice staff,Face-to-Face,1 Day,574
71E,E38000238,NHS Lincolnshire ICB - 71E,E54000013,NHS Lincolnshire Integrated Care Board,E40000011,Midlands,JUL2022,DNA,Other Practice staff,Face-to-Face,15  to 21 Days,1949
71E,E38000238,NHS Lincolnshire ICB - 71E,E54000013,NHS Lincolnshire Integrated Care Board,E40000011,Midlands,JUL2022,DNA,Other Practice staff,Face-to-Face,2 to 7 Days,2334
71E,E38000238,NHS Lincolnshire ICB - 71E,E54000013,NHS Lincolnshire Integrated Care Board,E40000011,Midlands,JUL2022,DNA,Other Practice staff,Face-to-Face,22  to 28 Days,1251
71E,E38000238,NHS Lincolnshire ICB - 71E,E54000013,NHS Lincolnshire Integrated Care Board,E40000011,Midlands,JUL2022,DNA,Other Practice staff,Face-to-Face,8  to 14 Days,2520
71E,E38000238,NHS Lincolnshire ICB - 71E,E54000013,NHS Lincolnshire Integrated Care Board,E40000011,Midlands,JUL2022,DNA,Other Practice staff,Face-to-Face,More than 28 Days,1080
71E,E38000238,NHS Lincolnshire ICB - 71E,E54000013,NHS Lincolnshire Integrated Care Board,E40000011,Midlands,JUL2022,DNA,Other Practice staff,Face-to-Face,Same Day,881
71E,E38000238,NHS Lincolnshire ICB - 71E,E54000013,NHS Lincolnshire Integrated Care Board,E40000011,Midlands,JUL2022,DNA,Other Practice staff,Face-to-Face,Unknown / Data Quality,1
71E,E38000238,NHS Lincolnshire ICB - 71E,E54000013,NHS Lincolnshire Integrated Care Board,E40000011,Midlands,JUL2022,DNA,Other Practice staff,Home Visit,1 Day,2
71E,E38000238,NHS Lincolnshire ICB - 71E,E54000013,NHS Lincolnshire Integrated Care Board,E40000011,Midlands,JUL2022,DNA,Other Practice staff,Home Visit,2 to 7 Days,12
71E,E38000238,NHS Lincolnshire ICB - 71E,E54000013,NHS Lincolnshire Integrated Care Board,E40000011,Midlands,JUL2022,DNA,Other Practice staff,Home Visit,22  to 28 Days,2
71E,E38000238,NHS Lincolnshire ICB - 71E,E54000013,NHS Lincolnshire Integrated Care Board,E40000011,Midlands,JUL2022,DNA,Other Practice staff,Home Visit,8  to 14 Days,4
71E,E38000238,NHS Lincolnshire ICB - 71E,E54000013,NHS Lincolnshire Integrated Care Board,E40000011,Midlands,JUL2022,DNA,Other Practice staff,Home Visit,Same Day,10
71E,E38000238,NHS Lincolnshire ICB - 71E,E54000013,NHS Lincolnshire Integrated Care Board,E40000011,Midlands,JUL2022,DNA,Other Practice staff,Telephone,1 Day,60
71E,E38000238,NHS Lincolnshire ICB - 71E,E54000013,NHS Lincolnshire Integrated Care Board,E40000011,Midlands,JUL2022,DNA,Other Practice staff,Telephone,15  to 21 Days,46
71E,E38000238,NHS Lincolnshire ICB - 71E,E54000013,NHS Lincolnshire Integrated Care Board,E40000011,Midlands,JUL2022,DNA,Other Practice staff,Telephone,2 to 7 Days,104
71E,E38000238,NHS Lincolnshire ICB - 71E,E54000013,NHS Lincolnshire Integrated Care Board,E40000011,Midlands,JUL2022,DNA,Other Practice staff,Telephone,22  to 28 Days,37
71E,E38000238,NHS Lincolnshire ICB - 71E,E54000013,NHS Lincolnshire Integrated Care Board,E40000011,Midlands,JUL2022,DNA,Other Practice staff,Telephone,8  to 14 Days,91
71E,E38000238,NHS Lincolnshire ICB - 71E,E54000013,NHS Lincolnshire Integrated Care Board,E40000011,Midlands,JUL2022,DNA,Other Practice staff,Telephone,More than 28 Days,22
71E,E38000238,NHS Lincolnshire ICB - 71E,E54000013,NHS Lincolnshire Integrated Care Board,E40000011,Midlands,JUL2022,DNA,Other Practice staff,Telephone,Same Day,272
71E,E38000238,NHS Lincolnshire ICB - 71E,E54000013,NHS Lincolnshire Integrated Care Board,E40000011,Midlands,JUL2022,DNA,Other Practice staff,Unknown,2 to 7 Days,1
71E,E38000238,NHS Lincolnshire ICB - 71E,E54000013,NHS Lincolnshire Integrated Care Board,E40000011,Midlands,JUL2022,DNA,Other Practice staff,Video/Online,1 Day,1
71E,E38000238,NHS Lincolnshire ICB - 71E,E54000013,NHS Lincolnshire Integrated Care Board,E40000011,Midlands,JUL2022,DNA,Other Practice staff,Video/Online,2 to 7 Days,10
71E,E38000238,NHS Lincolnshire ICB - 71E,E54000013,NHS Lincolnshire Integrated Care Board,E40000011,Midlands,JUL2022,DNA,Other Practice staff,Video/Online,22  to 28 Days,2
71E,E38000238,NHS Lincolnshire ICB - 71E,E54000013,NHS Lincolnshire Integrated Care Board,E40000011,Midlands,JUL2022,DNA,Other Practice staff,Video/Online,8  to 14 Days,1
71E,E38000238,NHS Lincolnshire ICB - 71E,E54000013,NHS Lincolnshire Integrated Care Board,E40000011,Midlands,JUL2022,DNA,Other Practice staff,Video/Online,Same Day,3
71E,E38000238,NHS Lincolnshire ICB - 71E,E54000013,NHS Lincolnshire Integrated Care Board,E40000011,Midlands,JUL2022,DNA,Unknown,Unknown,1 Day,36
71E,E38000238,NHS Lincolnshire ICB - 71E,E54000013,NHS Lincolnshire Integrated Care Board,E40000011,Midlands,JUL2022,DNA,Unknown,Unknown,15  to 21 Days,27
71E,E38000238,NHS Lincolnshire ICB - 71E,E54000013,NHS Lincolnshire Integrated Care Board,E40000011,Midlands,JUL2022,DNA,Unknown,Unknown,2 to 7 Days,86
71E,E38000238,NHS Lincolnshire ICB - 71E,E54000013,NHS Lincolnshire Integrated Care Board,E40000011,Midlands,JUL2022,DNA,Unknown,Unknown,22  to 28 Days,20
71E,E38000238,NHS Lincolnshire ICB - 71E,E54000013,NHS Lincolnshire Integrated Care Board,E40000011,Midlands,JUL2022,DNA,Unknown,Unknown,8  to 14 Days,61
71E,E38000238,NHS Lincolnshire ICB - 71E,E54000013,NHS Lincolnshire Integrated Care Board,E40000011,Midlands,JUL2022,DNA,Unknown,Unknown,More than 28 Days,21
71E,E38000238,NHS Lincolnshire ICB - 71E,E54000013,NHS Lincolnshire Integrated Care Board,E40000011,Midlands,JUL2022,DNA,Unknown,Unknown,Same Day,54
71E,E38000238,NHS Lincolnshire ICB - 71E,E54000013,NHS Lincolnshire Integrated Care Board,E40000011,Midlands,JUL2022,Unknown,GP,Face-to-Face,1 Day,118
71E,E38000238,NHS Lincolnshire ICB - 71E,E54000013,NHS Lincolnshire Integrated Care Board,E40000011,Midlands,JUL2022,Unknown,GP,Face-to-Face,15  to 21 Days,229
71E,E38000238,NHS Lincolnshire ICB - 71E,E54000013,NHS Lincolnshire Integrated Care Board,E40000011,Midlands,JUL2022,Unknown,GP,Face-to-Face,2 to 7 Days,388
71E,E38000238,NHS Lincolnshire ICB - 71E,E54000013,NHS Lincolnshire Integrated Care Board,E40000011,Midlands,JUL2022,Unknown,GP,Face-to-Face,22  to 28 Days,150
71E,E38000238,NHS Lincolnshire ICB - 71E,E54000013,NHS Lincolnshire Integrated Care Board,E40000011,Midlands,JUL2022,Unknown,GP,Face-to-Face,8  to 14 Days,448
71E,E38000238,NHS Lincolnshire ICB - 71E,E54000013,NHS Lincolnshire Integrated Care Board,E40000011,Midlands,JUL2022,Unknown,GP,Face-to-Face,More than 28 Days,138
71E,E38000238,NHS Lincolnshire ICB - 71E,E54000013,NHS Lincolnshire Integrated Care Board,E40000011,Midlands,JUL2022,Unknown,GP,Face-to-Face,Same Day,372
71E,E38000238,NHS Lincolnshire ICB - 71E,E54000013,NHS Lincolnshire Integrated Care Board,E40000011,Midlands,JUL2022,Unknown,GP,Face-to-Face,Unknown / Data Quality,9
71E,E38000238,NHS Lincolnshire ICB - 71E,E54000013,NHS Lincolnshire Integrated Care Board,E40000011,Midlands,JUL2022,Unknown,GP,Home Visit,2 to 7 Days,1
71E,E38000238,NHS Lincolnshire ICB - 71E,E54000013,NHS Lincolnshire Integrated Care Board,E40000011,Midlands,JUL2022,Unknown,GP,Home Visit,22  to 28 Days,1
71E,E38000238,NHS Lincolnshire ICB - 71E,E54000013,NHS Lincolnshire Integrated Care Board,E40000011,Midlands,JUL2022,Unknown,GP,Home Visit,8  to 14 Days,1
71E,E38000238,NHS Lincolnshire ICB - 71E,E54000013,NHS Lincolnshire Integrated Care Board,E40000011,Midlands,JUL2022,Unknown,GP,Home Visit,Same Day,3
71E,E38000238,NHS Lincolnshire ICB - 71E,E54000013,NHS Lincolnshire Integrated Care Board,E40000011,Midlands,JUL2022,Unknown,GP,Telephone,1 Day,61
71E,E38000238,NHS Lincolnshire ICB - 71E,E54000013,NHS Lincolnshire Integrated Care Board,E40000011,Midlands,JUL2022,Unknown,GP,Telephone,15  to 21 Days,95
71E,E38000238,NHS Lincolnshire ICB - 71E,E54000013,NHS Lincolnshire Integrated Care Board,E40000011,Midlands,JUL2022,Unknown,GP,Telephone,2 to 7 Days,204
71E,E38000238,NHS Lincolnshire ICB - 71E,E54000013,NHS Lincolnshire Integrated Care Board,E40000011,Midlands,JUL2022,Unknown,GP,Telephone,22  to 28 Days,33
71E,E38000238,NHS Lincolnshire ICB - 71E,E54000013,NHS Lincolnshire Integrated Care Board,E40000011,Midlands,JUL2022,Unknown,GP,Telephone,8  to 14 Days,182
71E,E38000238,NHS Lincolnshire ICB - 71E,E54000013,NHS Lincolnshire Integrated Care Board,E40000011,Midlands,JUL2022,Unknown,GP,Telephone,More than 28 Days,50
71E,E38000238,NHS Lincolnshire ICB - 71E,E54000013,NHS Lincolnshire Integrated Care Board,E40000011,Midlands,JUL2022,Unknown,GP,Telephone,Same Day,266
71E,E38000238,NHS Lincolnshire ICB - 71E,E54000013,NHS Lincolnshire Integrated Care Board,E40000011,Midlands,JUL2022,Unknown,GP,Telephone,Unknown / Data Quality,1
71E,E38000238,NHS Lincolnshire ICB - 71E,E54000013,NHS Lincolnshire Integrated Care Board,E40000011,Midlands,JUL2022,Unknown,GP,Video/Online,2 to 7 Days,1
71E,E38000238,NHS Lincolnshire ICB - 71E,E54000013,NHS Lincolnshire Integrated Care Board,E40000011,Midlands,JUL2022,Unknown,GP,Video/Online,8  to 14 Days,1
71E,E38000238,NHS Lincolnshire ICB - 71E,E54000013,NHS Lincolnshire Integrated Care Board,E40000011,Midlands,JUL2022,Unknown,GP,Video/Online,Same Day,3
71E,E38000238,NHS Lincolnshire ICB - 71E,E54000013,NHS Lincolnshire Integrated Care Board,E40000011,Midlands,JUL2022,Unknown,Other Practice staff,Face-to-Face,1 Day,314
71E,E38000238,NHS Lincolnshire ICB - 71E,E54000013,NHS Lincolnshire Integrated Care Board,E40000011,Midlands,JUL2022,Unknown,Other Practice staff,Face-to-Face,15  to 21 Days,1461
71E,E38000238,NHS Lincolnshire ICB - 71E,E54000013,NHS Lincolnshire Integrated Care Board,E40000011,Midlands,JUL2022,Unknown,Other Practice staff,Face-to-Face,2 to 7 Days,1279
71E,E38000238,NHS Lincolnshire ICB - 71E,E54000013,NHS Lincolnshire Integrated Care Board,E40000011,Midlands,JUL2022,Unknown,Other Practice staff,Face-to-Face,22  to 28 Days,858
71E,E38000238,NHS Lincolnshire ICB - 71E,E54000013,NHS Lincolnshire Integrated Care Board,E40000011,Midlands,JUL2022,Unknown,Other Practice staff,Face-to-Face,8  to 14 Days,1655
71E,E38000238,NHS Lincolnshire ICB - 71E,E54000013,NHS Lincolnshire Integrated Care Board,E40000011,Midlands,JUL2022,Unknown,Other Practice staff,Face-to-Face,More than 28 Days,1174
71E,E38000238,NHS Lincolnshire ICB - 71E,E54000013,NHS Lincolnshire Integrated Care Board,E40000011,Midlands,JUL2022,Unknown,Other Practice staff,Face-to-Face,Same Day,774
71E,E38000238,NHS Lincolnshire ICB - 71E,E54000013,NHS Lincolnshire Integrated Care Board,E40000011,Midlands,JUL2022,Unknown,Other Practice staff,Face-to-Face,Unknown / Data Quality,3
71E,E38000238,NHS Lincolnshire ICB - 71E,E54000013,NHS Lincolnshire Integrated Care Board,E40000011,Midlands,JUL2022,Unknown,Other Practice staff,Home Visit,1 Day,10
71E,E38000238,NHS Lincolnshire ICB - 71E,E54000013,NHS Lincolnshire Integrated Care Board,E40000011,Midlands,JUL2022,Unknown,Other Practice staff,Home Visit,15  to 21 Days,9
71E,E38000238,NHS Lincolnshire ICB - 71E,E54000013,NHS Lincolnshire Integrated Care Board,E40000011,Midlands,JUL2022,Unknown,Other Practice staff,Home Visit,2 to 7 Days,18
71E,E38000238,NHS Lincolnshire ICB - 71E,E54000013,NHS Lincolnshire Integrated Care Board,E40000011,Midlands,JUL2022,Unknown,Other Practice staff,Home Visit,22  to 28 Days,9
71E,E38000238,NHS Lincolnshire ICB - 71E,E54000013,NHS Lincolnshire Integrated Care Board,E40000011,Midlands,JUL2022,Unknown,Other Practice staff,Home Visit,8  to 14 Days,22
71E,E38000238,NHS Lincolnshire ICB - 71E,E54000013,NHS Lincolnshire Integrated Care Board,E40000011,Midlands,JUL2022,Unknown,Other Practice staff,Home Visit,More than 28 Days,19
71E,E38000238,NHS Lincolnshire ICB - 71E,E54000013,NHS Lincolnshire Integrated Care Board,E40000011,Midlands,JUL2022,Unknown,Other Practice staff,Home Visit,Same Day,6
71E,E38000238,NHS Lincolnshire ICB - 71E,E54000013,NHS Lincolnshire Integrated Care Board,E40000011,Midlands,JUL2022,Unknown,Other Practice staff,Telephone,1 Day,118
71E,E38000238,NHS Lincolnshire ICB - 71E,E54000013,NHS Lincolnshire Integrated Care Board,E40000011,Midlands,JUL2022,Unknown,Other Practice staff,Telephone,15  to 21 Days,93
71E,E38000238,NHS Lincolnshire ICB - 71E,E54000013,NHS Lincolnshire Integrated Care Board,E40000011,Midlands,JUL2022,Unknown,Other Practice staff,Telephone,2 to 7 Days,265
71E,E38000238,NHS Lincolnshire ICB - 71E,E54000013,NHS Lincolnshire Integrated Care Board,E40000011,Midlands,JUL2022,Unknown,Other Practice staff,Telephone,22  to 28 Days,69
71E,E38000238,NHS Lincolnshire ICB - 71E,E54000013,NHS Lincolnshire Integrated Care Board,E40000011,Midlands,JUL2022,Unknown,Other Practice staff,Telephone,8  to 14 Days,207
71E,E38000238,NHS Lincolnshire ICB - 71E,E54000013,NHS Lincolnshire Integrated Care Board,E40000011,Midlands,JUL2022,Unknown,Other Practice staff,Telephone,More than 28 Days,80
71E,E38000238,NHS Lincolnshire ICB - 71E,E54000013,NHS Lincolnshire Integrated Care Board,E40000011,Midlands,JUL2022,Unknown,Other Practice staff,Telephone,Same Day,236
71E,E38000238,NHS Lincolnshire ICB - 71E,E54000013,NHS Lincolnshire Integrated Care Board,E40000011,Midlands,JUL2022,Unknown,Other Practice staff,Video/Online,1 Day,2
71E,E38000238,NHS Lincolnshire ICB - 71E,E54000013,NHS Lincolnshire Integrated Care Board,E40000011,Midlands,JUL2022,Unknown,Other Practice staff,Video/Online,15  to 21 Days,1
71E,E38000238,NHS Lincolnshire ICB - 71E,E54000013,NHS Lincolnshire Integrated Care Board,E40000011,Midlands,JUL2022,Unknown,Other Practice staff,Video/Online,2 to 7 Days,4
71E,E38000238,NHS Lincolnshire ICB - 71E,E54000013,NHS Lincolnshire Integrated Care Board,E40000011,Midlands,JUL2022,Unknown,Other Practice staff,Video/Online,22  to 28 Days,1
71E,E38000238,NHS Lincolnshire ICB - 71E,E54000013,NHS Lincolnshire Integrated Care Board,E40000011,Midlands,JUL2022,Unknown,Other Practice staff,Video/Online,More than 28 Days,2
71E,E38000238,NHS Lincolnshire ICB - 71E,E54000013,NHS Lincolnshire Integrated Care Board,E40000011,Midlands,JUL2022,Unknown,Other Practice staff,Video/Online,Same Day,5
71E,E38000238,NHS Lincolnshire ICB - 71E,E54000013,NHS Lincolnshire Integrated Care Board,E40000011,Midlands,JUL2022,Unknown,Unknown,Unknown,1 Day,31
71E,E38000238,NHS Lincolnshire ICB - 71E,E54000013,NHS Lincolnshire Integrated Care Board,E40000011,Midlands,JUL2022,Unknown,Unknown,Unknown,15  to 21 Days,92
71E,E38000238,NHS Lincolnshire ICB - 71E,E54000013,NHS Lincolnshire Integrated Care Board,E40000011,Midlands,JUL2022,Unknown,Unknown,Unknown,2 to 7 Days,120
71E,E38000238,NHS Lincolnshire ICB - 71E,E54000013,NHS Lincolnshire Integrated Care Board,E40000011,Midlands,JUL2022,Unknown,Unknown,Unknown,22  to 28 Days,88
71E,E38000238,NHS Lincolnshire ICB - 71E,E54000013,NHS Lincolnshire Integrated Care Board,E40000011,Midlands,JUL2022,Unknown,Unknown,Unknown,8  to 14 Days,159
71E,E38000238,NHS Lincolnshire ICB - 71E,E54000013,NHS Lincolnshire Integrated Care Board,E40000011,Midlands,JUL2022,Unknown,Unknown,Unknown,More than 28 Days,72
71E,E38000238,NHS Lincolnshire ICB - 71E,E54000013,NHS Lincolnshire Integrated Care Board,E40000011,Midlands,JUL2022,Unknown,Unknown,Unknown,Same Day,36
71E,E38000238,NHS Lincolnshire ICB - 71E,E54000013,NHS Lincolnshire Integrated Care Board,E40000011,Midlands,AUG2022,Attended,GP,Face-to-Face,1 Day,6532
71E,E38000238,NHS Lincolnshire ICB - 71E,E54000013,NHS Lincolnshire Integrated Care Board,E40000011,Midlands,AUG2022,Attended,GP,Face-to-Face,15  to 21 Days,2388
71E,E38000238,NHS Lincolnshire ICB - 71E,E54000013,NHS Lincolnshire Integrated Care Board,E40000011,Midlands,AUG2022,Attended,GP,Face-to-Face,2 to 7 Days,9265
71E,E38000238,NHS Lincolnshire ICB - 71E,E54000013,NHS Lincolnshire Integrated Care Board,E40000011,Midlands,AUG2022,Attended,GP,Face-to-Face,22  to 28 Days,1215
71E,E38000238,NHS Lincolnshire ICB - 71E,E54000013,NHS Lincolnshire Integrated Care Board,E40000011,Midlands,AUG2022,Attended,GP,Face-to-Face,8  to 14 Days,4418
71E,E38000238,NHS Lincolnshire ICB - 71E,E54000013,NHS Lincolnshire Integrated Care Board,E40000011,Midlands,AUG2022,Attended,GP,Face-to-Face,More than 28 Days,1114
71E,E38000238,NHS Lincolnshire ICB - 71E,E54000013,NHS Lincolnshire Integrated Care Board,E40000011,Midlands,AUG2022,Attended,GP,Face-to-Face,Same Day,53300
71E,E38000238,NHS Lincolnshire ICB - 71E,E54000013,NHS Lincolnshire Integrated Care Board,E40000011,Midlands,AUG2022,Attended,GP,Face-to-Face,Unknown / Data Quality,77
71E,E38000238,NHS Lincolnshire ICB - 71E,E54000013,NHS Lincolnshire Integrated Care Board,E40000011,Midlands,AUG2022,Attended,GP,Home Visit,1 Day,22
71E,E38000238,NHS Lincolnshire ICB - 71E,E54000013,NHS Lincolnshire Integrated Care Board,E40000011,Midlands,AUG2022,Attended,GP,Home Visit,15  to 21 Days,1
71E,E38000238,NHS Lincolnshire ICB - 71E,E54000013,NHS Lincolnshire Integrated Care Board,E40000011,Midlands,AUG2022,Attended,GP,Home Visit,2 to 7 Days,16
71E,E38000238,NHS Lincolnshire ICB - 71E,E54000013,NHS Lincolnshire Integrated Care Board,E40000011,Midlands,AUG2022,Attended,GP,Home Visit,8  to 14 Days,1
71E,E38000238,NHS Lincolnshire ICB - 71E,E54000013,NHS Lincolnshire Integrated Care Board,E40000011,Midlands,AUG2022,Attended,GP,Home Visit,Same Day,225
71E,E38000238,NHS Lincolnshire ICB - 71E,E54000013,NHS Lincolnshire Integrated Care Board,E40000011,Midlands,AUG2022,Attended,GP,Home Visit,Unknown / Data Quality,11
71E,E38000238,NHS Lincolnshire ICB - 71E,E54000013,NHS Lincolnshire Integrated Care Board,E40000011,Midlands,AUG2022,Attended,GP,Telephone,1 Day,3238
71E,E38000238,NHS Lincolnshire ICB - 71E,E54000013,NHS Lincolnshire Integrated Care Board,E40000011,Midlands,AUG2022,Attended,GP,Telephone,15  to 21 Days,1365
71E,E38000238,NHS Lincolnshire ICB - 71E,E54000013,NHS Lincolnshire Integrated Care Board,E40000011,Midlands,AUG2022,Attended,GP,Telephone,2 to 7 Days,5834
71E,E38000238,NHS Lincolnshire ICB - 71E,E54000013,NHS Lincolnshire Integrated Care Board,E40000011,Midlands,AUG2022,Attended,GP,Telephone,22  to 28 Days,559
71E,E38000238,NHS Lincolnshire ICB - 71E,E54000013,NHS Lincolnshire Integrated Care Board,E40000011,Midlands,AUG2022,Attended,GP,Telephone,8  to 14 Days,3088
71E,E38000238,NHS Lincolnshire ICB - 71E,E54000013,NHS Lincolnshire Integrated Care Board,E40000011,Midlands,AUG2022,Attended,GP,Telephone,More than 28 Days,226
71E,E38000238,NHS Lincolnshire ICB - 71E,E54000013,NHS Lincolnshire Integrated Care Board,E40000011,Midlands,AUG2022,Attended,GP,Telephone,Same Day,38499
71E,E38000238,NHS Lincolnshire ICB - 71E,E54000013,NHS Lincolnshire Integrated Care Board,E40000011,Midlands,AUG2022,Attended,GP,Telephone,Unknown / Data Quality,53
71E,E38000238,NHS Lincolnshire ICB - 71E,E54000013,NHS Lincolnshire Integrated Care Board,E40000011,Midlands,AUG2022,Attended,GP,Video/Online,1 Day,113
71E,E38000238,NHS Lincolnshire ICB - 71E,E54000013,NHS Lincolnshire Integrated Care Board,E40000011,Midlands,AUG2022,Attended,GP,Video/Online,15  to 21 Days,7
71E,E38000238,NHS Lincolnshire ICB - 71E,E54000013,NHS Lincolnshire Integrated Care Board,E40000011,Midlands,AUG2022,Attended,GP,Video/Online,2 to 7 Days,31
71E,E38000238,NHS Lincolnshire ICB - 71E,E54000013,NHS Lincolnshire Integrated Care Board,E40000011,Midlands,AUG2022,Attended,GP,Video/Online,22  to 28 Days,2
71E,E38000238,NHS Lincolnshire ICB - 71E,E54000013,NHS Lincolnshire Integrated Care Board,E40000011,Midlands,AUG2022,Attended,GP,Video/Online,8  to 14 Days,13
71E,E38000238,NHS Lincolnshire ICB - 71E,E54000013,NHS Lincolnshire Integrated Care Board,E40000011,Midlands,AUG2022,Attended,GP,Video/Online,Same Day,382
71E,E38000238,NHS Lincolnshire ICB - 71E,E54000013,NHS Lincolnshire Integrated Care Board,E40000011,Midlands,AUG2022,Attended,GP,Video/Online,Unknown / Data Quality,5
71E,E38000238,NHS Lincolnshire ICB - 71E,E54000013,NHS Lincolnshire Integrated Care Board,E40000011,Midlands,AUG2022,Attended,Other Practice staff,Face-to-Face,1 Day,11536
71E,E38000238,NHS Lincolnshire ICB - 71E,E54000013,NHS Lincolnshire Integrated Care Board,E40000011,Midlands,AUG2022,Attended,Other Practice staff,Face-to-Face,15  to 21 Days,18659
71E,E38000238,NHS Lincolnshire ICB - 71E,E54000013,NHS Lincolnshire Integrated Care Board,E40000011,Midlands,AUG2022,Attended,Other Practice staff,Face-to-Face,2 to 7 Days,38178
71E,E38000238,NHS Lincolnshire ICB - 71E,E54000013,NHS Lincolnshire Integrated Care Board,E40000011,Midlands,AUG2022,Attended,Other Practice staff,Face-to-Face,22  to 28 Days,13048
71E,E38000238,NHS Lincolnshire ICB - 71E,E54000013,NHS Lincolnshire Integrated Care Board,E40000011,Midlands,AUG2022,Attended,Other Practice staff,Face-to-Face,8  to 14 Days,29721
71E,E38000238,NHS Lincolnshire ICB - 71E,E54000013,NHS Lincolnshire Integrated Care Board,E40000011,Midlands,AUG2022,Attended,Other Practice staff,Face-to-Face,More than 28 Days,11905
71E,E38000238,NHS Lincolnshire ICB - 71E,E54000013,NHS Lincolnshire Integrated Care Board,E40000011,Midlands,AUG2022,Attended,Other Practice staff,Face-to-Face,Same Day,53199
71E,E38000238,NHS Lincolnshire ICB - 71E,E54000013,NHS Lincolnshire Integrated Care Board,E40000011,Midlands,AUG2022,Attended,Other Practice staff,Face-to-Face,Unknown / Data Quality,55
71E,E38000238,NHS Lincolnshire ICB - 71E,E54000013,NHS Lincolnshire Integrated Care Board,E40000011,Midlands,AUG2022,Attended,Other Practice staff,Home Visit,1 Day,231
71E,E38000238,NHS Lincolnshire ICB - 71E,E54000013,NHS Lincolnshire Integrated Care Board,E40000011,Midlands,AUG2022,Attended,Other Practice staff,Home Visit,15  to 21 Days,116
71E,E38000238,NHS Lincolnshire ICB - 71E,E54000013,NHS Lincolnshire Integrated Care Board,E40000011,Midlands,AUG2022,Attended,Other Practice staff,Home Visit,2 to 7 Days,588
71E,E38000238,NHS Lincolnshire ICB - 71E,E54000013,NHS Lincolnshire Integrated Care Board,E40000011,Midlands,AUG2022,Attended,Other Practice staff,Home Visit,22  to 28 Days,75
71E,E38000238,NHS Lincolnshire ICB - 71E,E54000013,NHS Lincolnshire Integrated Care Board,E40000011,Midlands,AUG2022,Attended,Other Practice staff,Home Visit,8  to 14 Days,251
71E,E38000238,NHS Lincolnshire ICB - 71E,E54000013,NHS Lincolnshire Integrated Care Board,E40000011,Midlands,AUG2022,Attended,Other Practice staff,Home Visit,More than 28 Days,63
71E,E38000238,NHS Lincolnshire ICB - 71E,E54000013,NHS Lincolnshire Integrated Care Board,E40000011,Midlands,AUG2022,Attended,Other Practice staff,Home Visit,Same Day,609
71E,E38000238,NHS Lincolnshire ICB - 71E,E54000013,NHS Lincolnshire Integrated Care Board,E40000011,Midlands,AUG2022,Attended,Other Practice staff,Home Visit,Unknown / Data Quality,19
71E,E38000238,NHS Lincolnshire ICB - 71E,E54000013,NHS Lincolnshire Integrated Care Board,E40000011,Midlands,AUG2022,Attended,Other Practice staff,Telephone,1 Day,2573
71E,E38000238,NHS Lincolnshire ICB - 71E,E54000013,NHS Lincolnshire Integrated Care Board,E40000011,Midlands,AUG2022,Attended,Other Practice staff,Telephone,15  to 21 Days,1407
71E,E38000238,NHS Lincolnshire ICB - 71E,E54000013,NHS Lincolnshire Integrated Care Board,E40000011,Midlands,AUG2022,Attended,Other Practice staff,Telephone,2 to 7 Days,5395
71E,E38000238,NHS Lincolnshire ICB - 71E,E54000013,NHS Lincolnshire Integrated Care Board,E40000011,Midlands,AUG2022,Attended,Other Practice staff,Telephone,22  to 28 Days,845
71E,E38000238,NHS Lincolnshire ICB - 71E,E54000013,NHS Lincolnshire Integrated Care Board,E40000011,Midlands,AUG2022,Attended,Other Practice staff,Telephone,8  to 14 Days,2560
71E,E38000238,NHS Lincolnshire ICB - 71E,E54000013,NHS Lincolnshire Integrated Care Board,E40000011,Midlands,AUG2022,Attended,Other Practice staff,Telephone,More than 28 Days,1055
71E,E38000238,NHS Lincolnshire ICB - 71E,E54000013,NHS Lincolnshire Integrated Care Board,E40000011,Midlands,AUG2022,Attended,Other Practice staff,Telephone,Same Day,26372
71E,E38000238,NHS Lincolnshire ICB - 71E,E54000013,NHS Lincolnshire Integrated Care Board,E40000011,Midlands,AUG2022,Attended,Other Practice staff,Telephone,Unknown / Data Quality,7
71E,E38000238,NHS Lincolnshire ICB - 71E,E54000013,NHS Lincolnshire Integrated Care Board,E40000011,Midlands,AUG2022,Attended,Other Practice staff,Unknown,15  to 21 Days,1
71E,E38000238,NHS Lincolnshire ICB - 71E,E54000013,NHS Lincolnshire Integrated Care Board,E40000011,Midlands,AUG2022,Attended,Other Practice staff,Unknown,More than 28 Days,1
71E,E38000238,NHS Lincolnshire ICB - 71E,E54000013,NHS Lincolnshire Integrated Care Board,E40000011,Midlands,AUG2022,Attended,Other Practice staff,Video/Online,1 Day,39
71E,E38000238,NHS Lincolnshire ICB - 71E,E54000013,NHS Lincolnshire Integrated Care Board,E40000011,Midlands,AUG2022,Attended,Other Practice staff,Video/Online,15  to 21 Days,18
71E,E38000238,NHS Lincolnshire ICB - 71E,E54000013,NHS Lincolnshire Integrated Care Board,E40000011,Midlands,AUG2022,Attended,Other Practice staff,Video/Online,2 to 7 Days,82
71E,E38000238,NHS Lincolnshire ICB - 71E,E54000013,NHS Lincolnshire Integrated Care Board,E40000011,Midlands,AUG2022,Attended,Other Practice staff,Video/Online,22  to 28 Days,3
71E,E38000238,NHS Lincolnshire ICB - 71E,E54000013,NHS Lincolnshire Integrated Care Board,E40000011,Midlands,AUG2022,Attended,Other Practice staff,Video/Online,8  to 14 Days,47
71E,E38000238,NHS Lincolnshire ICB - 71E,E54000013,NHS Lincolnshire Integrated Care Board,E40000011,Midlands,AUG2022,Attended,Other Practice staff,Video/Online,More than 28 Days,12
71E,E38000238,NHS Lincolnshire ICB - 71E,E54000013,NHS Lincolnshire Integrated Care Board,E40000011,Midlands,AUG2022,Attended,Other Practice staff,Video/Online,Same Day,707
71E,E38000238,NHS Lincolnshire ICB - 71E,E54000013,NHS Lincolnshire Integrated Care Board,E40000011,Midlands,AUG2022,Attended,Other Practice staff,Video/Online,Unknown / Data Quality,4
71E,E38000238,NHS Lincolnshire ICB - 71E,E54000013,NHS Lincolnshire Integrated Care Board,E40000011,Midlands,AUG2022,Attended,Unknown,Unknown,1 Day,1046
71E,E38000238,NHS Lincolnshire ICB - 71E,E54000013,NHS Lincolnshire Integrated Care Board,E40000011,Midlands,AUG2022,Attended,Unknown,Unknown,15  to 21 Days,499
71E,E38000238,NHS Lincolnshire ICB - 71E,E54000013,NHS Lincolnshire Integrated Care Board,E40000011,Midlands,AUG2022,Attended,Unknown,Unknown,2 to 7 Days,2178
71E,E38000238,NHS Lincolnshire ICB - 71E,E54000013,NHS Lincolnshire Integrated Care Board,E40000011,Midlands,AUG2022,Attended,Unknown,Unknown,22  to 28 Days,234
71E,E38000238,NHS Lincolnshire ICB - 71E,E54000013,NHS Lincolnshire Integrated Care Board,E40000011,Midlands,AUG2022,Attended,Unknown,Unknown,8  to 14 Days,1060
71E,E38000238,NHS Lincolnshire ICB - 71E,E54000013,NHS Lincolnshire Integrated Care Board,E40000011,Midlands,AUG2022,Attended,Unknown,Unknown,More than 28 Days,315
71E,E38000238,NHS Lincolnshire ICB - 71E,E54000013,NHS Lincolnshire Integrated Care Board,E40000011,Midlands,AUG2022,Attended,Unknown,Unknown,Same Day,9060
71E,E38000238,NHS Lincolnshire ICB - 71E,E54000013,NHS Lincolnshire Integrated Care Board,E40000011,Midlands,AUG2022,Attended,Unknown,Unknown,Unknown / Data Quality,21
71E,E38000238,NHS Lincolnshire ICB - 71E,E54000013,NHS Lincolnshire Integrated Care Board,E40000011,Midlands,AUG2022,DNA,GP,Face-to-Face,1 Day,187
71E,E38000238,NHS Lincolnshire ICB - 71E,E54000013,NHS Lincolnshire Integrated Care Board,E40000011,Midlands,AUG2022,DNA,GP,Face-to-Face,15  to 21 Days,139
71E,E38000238,NHS Lincolnshire ICB - 71E,E54000013,NHS Lincolnshire Integrated Care Board,E40000011,Midlands,AUG2022,DNA,GP,Face-to-Face,2 to 7 Days,357
71E,E38000238,NHS Lincolnshire ICB - 71E,E54000013,NHS Lincolnshire Integrated Care Board,E40000011,Midlands,AUG2022,DNA,GP,Face-to-Face,22  to 28 Days,72
71E,E38000238,NHS Lincolnshire ICB - 71E,E54000013,NHS Lincolnshire Integrated Care Board,E40000011,Midlands,AUG2022,DNA,GP,Face-to-Face,8  to 14 Days,220
71E,E38000238,NHS Lincolnshire ICB - 71E,E54000013,NHS Lincolnshire Integrated Care Board,E40000011,Midlands,AUG2022,DNA,GP,Face-to-Face,More than 28 Days,57
71E,E38000238,NHS Lincolnshire ICB - 71E,E54000013,NHS Lincolnshire Integrated Care Board,E40000011,Midlands,AUG2022,DNA,GP,Face-to-Face,Same Day,572
71E,E38000238,NHS Lincolnshire ICB - 71E,E54000013,NHS Lincolnshire Integrated Care Board,E40000011,Midlands,AUG2022,DNA,GP,Home Visit,2 to 7 Days,6
71E,E38000238,NHS Lincolnshire ICB - 71E,E54000013,NHS Lincolnshire Integrated Care Board,E40000011,Midlands,AUG2022,DNA,GP,Home Visit,Same Day,13
71E,E38000238,NHS Lincolnshire ICB - 71E,E54000013,NHS Lincolnshire Integrated Care Board,E40000011,Midlands,AUG2022,DNA,GP,Telephone,1 Day,34
71E,E38000238,NHS Lincolnshire ICB - 71E,E54000013,NHS Lincolnshire Integrated Care Board,E40000011,Midlands,AUG2022,DNA,GP,Telephone,15  to 21 Days,18
71E,E38000238,NHS Lincolnshire ICB - 71E,E54000013,NHS Lincolnshire Integrated Care Board,E40000011,Midlands,AUG2022,DNA,GP,Telephone,2 to 7 Days,36
71E,E38000238,NHS Lincolnshire ICB - 71E,E54000013,NHS Lincolnshire Integrated Care Board,E40000011,Midlands,AUG2022,DNA,GP,Telephone,22  to 28 Days,3
71E,E38000238,NHS Lincolnshire ICB - 71E,E54000013,NHS Lincolnshire Integrated Care Board,E40000011,Midlands,AUG2022,DNA,GP,Telephone,8  to 14 Days,42
71E,E38000238,NHS Lincolnshire ICB - 71E,E54000013,NHS Lincolnshire Integrated Care Board,E40000011,Midlands,AUG2022,DNA,GP,Telephone,More than 28 Days,1
71E,E38000238,NHS Lincolnshire ICB - 71E,E54000013,NHS Lincolnshire Integrated Care Board,E40000011,Midlands,AUG2022,DNA,GP,Telephone,Same Day,324
71E,E38000238,NHS Lincolnshire ICB - 71E,E54000013,NHS Lincolnshire Integrated Care Board,E40000011,Midlands,AUG2022,DNA,GP,Video/Online,1 Day,3
71E,E38000238,NHS Lincolnshire ICB - 71E,E54000013,NHS Lincolnshire Integrated Care Board,E40000011,Midlands,AUG2022,DNA,GP,Video/Online,2 to 7 Days,3
71E,E38000238,NHS Lincolnshire ICB - 71E,E54000013,NHS Lincolnshire Integrated Care Board,E40000011,Midlands,AUG2022,DNA,GP,Video/Online,Same Day,1
71E,E38000238,NHS Lincolnshire ICB - 71E,E54000013,NHS Lincolnshire Integrated Care Board,E40000011,Midlands,AUG2022,DNA,Other Practice staff,Face-to-Face,1 Day,523
71E,E38000238,NHS Lincolnshire ICB - 71E,E54000013,NHS Lincolnshire Integrated Care Board,E40000011,Midlands,AUG2022,DNA,Other Practice staff,Face-to-Face,15  to 21 Days,1756
71E,E38000238,NHS Lincolnshire ICB - 71E,E54000013,NHS Lincolnshire Integrated Care Board,E40000011,Midlands,AUG2022,DNA,Other Practice staff,Face-to-Face,2 to 7 Days,2360
71E,E38000238,NHS Lincolnshire ICB - 71E,E54000013,NHS Lincolnshire Integrated Care Board,E40000011,Midlands,AUG2022,DNA,Other Practice staff,Face-to-Face,22  to 28 Days,1331
71E,E38000238,NHS Lincolnshire ICB - 71E,E54000013,NHS Lincolnshire Integrated Care Board,E40000011,Midlands,AUG2022,DNA,Other Practice staff,Face-to-Face,8  to 14 Days,2332
71E,E38000238,NHS Lincolnshire ICB - 71E,E54000013,NHS Lincolnshire Integrated Care Board,E40000011,Midlands,AUG2022,DNA,Other Practice staff,Face-to-Face,More than 28 Days,1320
71E,E38000238,NHS Lincolnshire ICB - 71E,E54000013,NHS Lincolnshire Integrated Care Board,E40000011,Midlands,AUG2022,DNA,Other Practice staff,Face-to-Face,Same Day,929
71E,E38000238,NHS Lincolnshire ICB - 71E,E54000013,NHS Lincolnshire Integrated Care Board,E40000011,Midlands,AUG2022,DNA,Other Practice staff,Home Visit,1 Day,5
71E,E38000238,NHS Lincolnshire ICB - 71E,E54000013,NHS Lincolnshire Integrated Care Board,E40000011,Midlands,AUG2022,DNA,Other Practice staff,Home Visit,15  to 21 Days,9
71E,E38000238,NHS Lincolnshire ICB - 71E,E54000013,NHS Lincolnshire Integrated Care Board,E40000011,Midlands,AUG2022,DNA,Other Practice staff,Home Visit,2 to 7 Days,8
71E,E38000238,NHS Lincolnshire ICB - 71E,E54000013,NHS Lincolnshire Integrated Care Board,E40000011,Midlands,AUG2022,DNA,Other Practice staff,Home Visit,22  to 28 Days,2
71E,E38000238,NHS Lincolnshire ICB - 71E,E54000013,NHS Lincolnshire Integrated Care Board,E40000011,Midlands,AUG2022,DNA,Other Practice staff,Home Visit,8  to 14 Days,2
71E,E38000238,NHS Lincolnshire ICB - 71E,E54000013,NHS Lincolnshire Integrated Care Board,E40000011,Midlands,AUG2022,DNA,Other Practice staff,Home Visit,Same Day,10
71E,E38000238,NHS Lincolnshire ICB - 71E,E54000013,NHS Lincolnshire Integrated Care Board,E40000011,Midlands,AUG2022,DNA,Other Practice staff,Telephone,1 Day,56
71E,E38000238,NHS Lincolnshire ICB - 71E,E54000013,NHS Lincolnshire Integrated Care Board,E40000011,Midlands,AUG2022,DNA,Other Practice staff,Telephone,15  to 21 Days,52
71E,E38000238,NHS Lincolnshire ICB - 71E,E54000013,NHS Lincolnshire Integrated Care Board,E40000011,Midlands,AUG2022,DNA,Other Practice staff,Telephone,2 to 7 Days,136
71E,E38000238,NHS Lincolnshire ICB - 71E,E54000013,NHS Lincolnshire Integrated Care Board,E40000011,Midlands,AUG2022,DNA,Other Practice staff,Telephone,22  to 28 Days,19
71E,E38000238,NHS Lincolnshire ICB - 71E,E54000013,NHS Lincolnshire Integrated Care Board,E40000011,Midlands,AUG2022,DNA,Other Practice staff,Telephone,8  to 14 Days,97
71E,E38000238,NHS Lincolnshire ICB - 71E,E54000013,NHS Lincolnshire Integrated Care Board,E40000011,Midlands,AUG2022,DNA,Other Practice staff,Telephone,More than 28 Days,35
71E,E38000238,NHS Lincolnshire ICB - 71E,E54000013,NHS Lincolnshire Integrated Care Board,E40000011,Midlands,AUG2022,DNA,Other Practice staff,Telephone,Same Day,291
71E,E38000238,NHS Lincolnshire ICB - 71E,E54000013,NHS Lincolnshire Integrated Care Board,E40000011,Midlands,AUG2022,DNA,Other Practice staff,Video/Online,1 Day,2
71E,E38000238,NHS Lincolnshire ICB - 71E,E54000013,NHS Lincolnshire Integrated Care Board,E40000011,Midlands,AUG2022,DNA,Other Practice staff,Video/Online,2 to 7 Days,6
71E,E38000238,NHS Lincolnshire ICB - 71E,E54000013,NHS Lincolnshire Integrated Care Board,E40000011,Midlands,AUG2022,DNA,Other Practice staff,Video/Online,22  to 28 Days,1
71E,E38000238,NHS Lincolnshire ICB - 71E,E54000013,NHS Lincolnshire Integrated Care Board,E40000011,Midlands,AUG2022,DNA,Other Practice staff,Video/Online,8  to 14 Days,5
71E,E38000238,NHS Lincolnshire ICB - 71E,E54000013,NHS Lincolnshire Integrated Care Board,E40000011,Midlands,AUG2022,DNA,Other Practice staff,Video/Online,More than 28 Days,1
71E,E38000238,NHS Lincolnshire ICB - 71E,E54000013,NHS Lincolnshire Integrated Care Board,E40000011,Midlands,AUG2022,DNA,Other Practice staff,Video/Online,Same Day,2
71E,E38000238,NHS Lincolnshire ICB - 71E,E54000013,NHS Lincolnshire Integrated Care Board,E40000011,Midlands,AUG2022,DNA,Unknown,Unknown,1 Day,32
71E,E38000238,NHS Lincolnshire ICB - 71E,E54000013,NHS Lincolnshire Integrated Care Board,E40000011,Midlands,AUG2022,DNA,Unknown,Unknown,15  to 21 Days,42
71E,E38000238,NHS Lincolnshire ICB - 71E,E54000013,NHS Lincolnshire Integrated Care Board,E40000011,Midlands,AUG2022,DNA,Unknown,Unknown,2 to 7 Days,105
71E,E38000238,NHS Lincolnshire ICB - 71E,E54000013,NHS Lincolnshire Integrated Care Board,E40000011,Midlands,AUG2022,DNA,Unknown,Unknown,22  to 28 Days,14
71E,E38000238,NHS Lincolnshire ICB - 71E,E54000013,NHS Lincolnshire Integrated Care Board,E40000011,Midlands,AUG2022,DNA,Unknown,Unknown,8  to 14 Days,55
71E,E38000238,NHS Lincolnshire ICB - 71E,E54000013,NHS Lincolnshire Integrated Care Board,E40000011,Midlands,AUG2022,DNA,Unknown,Unknown,More than 28 Days,37
71E,E38000238,NHS Lincolnshire ICB - 71E,E54000013,NHS Lincolnshire Integrated Care Board,E40000011,Midlands,AUG2022,DNA,Unknown,Unknown,Same Day,59
71E,E38000238,NHS Lincolnshire ICB - 71E,E54000013,NHS Lincolnshire Integrated Care Board,E40000011,Midlands,AUG2022,Unknown,GP,Face-to-Face,1 Day,115
71E,E38000238,NHS Lincolnshire ICB - 71E,E54000013,NHS Lincolnshire Integrated Care Board,E40000011,Midlands,AUG2022,Unknown,GP,Face-to-Face,15  to 21 Days,205
71E,E38000238,NHS Lincolnshire ICB - 71E,E54000013,NHS Lincolnshire Integrated Care Board,E40000011,Midlands,AUG2022,Unknown,GP,Face-to-Face,2 to 7 Days,311
71E,E38000238,NHS Lincolnshire ICB - 71E,E54000013,NHS Lincolnshire Integrated Care Board,E40000011,Midlands,AUG2022,Unknown,GP,Face-to-Face,22  to 28 Days,95
71E,E38000238,NHS Lincolnshire ICB - 71E,E54000013,NHS Lincolnshire Integrated Care Board,E40000011,Midlands,AUG2022,Unknown,GP,Face-to-Face,8  to 14 Days,315
71E,E38000238,NHS Lincolnshire ICB - 71E,E54000013,NHS Lincolnshire Integrated Care Board,E40000011,Midlands,AUG2022,Unknown,GP,Face-to-Face,More than 28 Days,162
71E,E38000238,NHS Lincolnshire ICB - 71E,E54000013,NHS Lincolnshire Integrated Care Board,E40000011,Midlands,AUG2022,Unknown,GP,Face-to-Face,Same Day,536
71E,E38000238,NHS Lincolnshire ICB - 71E,E54000013,NHS Lincolnshire Integrated Care Board,E40000011,Midlands,AUG2022,Unknown,GP,Face-to-Face,Unknown / Data Quality,24
71E,E38000238,NHS Lincolnshire ICB - 71E,E54000013,NHS Lincolnshire Integrated Care Board,E40000011,Midlands,AUG2022,Unknown,GP,Home Visit,15  to 21 Days,1
71E,E38000238,NHS Lincolnshire ICB - 71E,E54000013,NHS Lincolnshire Integrated Care Board,E40000011,Midlands,AUG2022,Unknown,GP,Home Visit,2 to 7 Days,2
71E,E38000238,NHS Lincolnshire ICB - 71E,E54000013,NHS Lincolnshire Integrated Care Board,E40000011,Midlands,AUG2022,Unknown,GP,Home Visit,Same Day,1
71E,E38000238,NHS Lincolnshire ICB - 71E,E54000013,NHS Lincolnshire Integrated Care Board,E40000011,Midlands,AUG2022,Unknown,GP,Telephone,1 Day,50
71E,E38000238,NHS Lincolnshire ICB - 71E,E54000013,NHS Lincolnshire Integrated Care Board,E40000011,Midlands,AUG2022,Unknown,GP,Telephone,15  to 21 Days,74
71E,E38000238,NHS Lincolnshire ICB - 71E,E54000013,NHS Lincolnshire Integrated Care Board,E40000011,Midlands,AUG2022,Unknown,GP,Telephone,2 to 7 Days,167
71E,E38000238,NHS Lincolnshire ICB - 71E,E54000013,NHS Lincolnshire Integrated Care Board,E40000011,Midlands,AUG2022,Unknown,GP,Telephone,22  to 28 Days,37
71E,E38000238,NHS Lincolnshire ICB - 71E,E54000013,NHS Lincolnshire Integrated Care Board,E40000011,Midlands,AUG2022,Unknown,GP,Telephone,8  to 14 Days,115
71E,E38000238,NHS Lincolnshire ICB - 71E,E54000013,NHS Lincolnshire Integrated Care Board,E40000011,Midlands,AUG2022,Unknown,GP,Telephone,More than 28 Days,30
71E,E38000238,NHS Lincolnshire ICB - 71E,E54000013,NHS Lincolnshire Integrated Care Board,E40000011,Midlands,AUG2022,Unknown,GP,Telephone,Same Day,268
71E,E38000238,NHS Lincolnshire ICB - 71E,E54000013,NHS Lincolnshire Integrated Care Board,E40000011,Midlands,AUG2022,Unknown,GP,Telephone,Unknown / Data Quality,2
71E,E38000238,NHS Lincolnshire ICB - 71E,E54000013,NHS Lincolnshire Integrated Care Board,E40000011,Midlands,AUG2022,Unknown,Other Practice staff,Face-to-Face,1 Day,293
71E,E38000238,NHS Lincolnshire ICB - 71E,E54000013,NHS Lincolnshire Integrated Care Board,E40000011,Midlands,AUG2022,Unknown,Other Practice staff,Face-to-Face,15  to 21 Days,1087
71E,E38000238,NHS Lincolnshire ICB - 71E,E54000013,NHS Lincolnshire Integrated Care Board,E40000011,Midlands,AUG2022,Unknown,Other Practice staff,Face-to-Face,2 to 7 Days,1121
71E,E38000238,NHS Lincolnshire ICB - 71E,E54000013,NHS Lincolnshire Integrated Care Board,E40000011,Midlands,AUG2022,Unknown,Other Practice staff,Face-to-Face,22  to 28 Days,992
71E,E38000238,NHS Lincolnshire ICB - 71E,E54000013,NHS Lincolnshire Integrated Care Board,E40000011,Midlands,AUG2022,Unknown,Other Practice staff,Face-to-Face,8  to 14 Days,1354
71E,E38000238,NHS Lincolnshire ICB - 71E,E54000013,NHS Lincolnshire Integrated Care Board,E40000011,Midlands,AUG2022,Unknown,Other Practice staff,Face-to-Face,More than 28 Days,1347
71E,E38000238,NHS Lincolnshire ICB - 71E,E54000013,NHS Lincolnshire Integrated Care Board,E40000011,Midlands,AUG2022,Unknown,Other Practice staff,Face-to-Face,Same Day,855
71E,E38000238,NHS Lincolnshire ICB - 71E,E54000013,NHS Lincolnshire Integrated Care Board,E40000011,Midlands,AUG2022,Unknown,Other Practice staff,Face-to-Face,Unknown / Data Quality,7
71E,E38000238,NHS Lincolnshire ICB - 71E,E54000013,NHS Lincolnshire Integrated Care Board,E40000011,Midlands,AUG2022,Unknown,Other Practice staff,Home Visit,1 Day,5
71E,E38000238,NHS Lincolnshire ICB - 71E,E54000013,NHS Lincolnshire Integrated Care Board,E40000011,Midlands,AUG2022,Unknown,Other Practice staff,Home Visit,15  to 21 Days,11
71E,E38000238,NHS Lincolnshire ICB - 71E,E54000013,NHS Lincolnshire Integrated Care Board,E40000011,Midlands,AUG2022,Unknown,Other Practice staff,Home Visit,2 to 7 Days,28
71E,E38000238,NHS Lincolnshire ICB - 71E,E54000013,NHS Lincolnshire Integrated Care Board,E40000011,Midlands,AUG2022,Unknown,Other Practice staff,Home Visit,22  to 28 Days,17
71E,E38000238,NHS Lincolnshire ICB - 71E,E54000013,NHS Lincolnshire Integrated Care Board,E40000011,Midlands,AUG2022,Unknown,Other Practice staff,Home Visit,8  to 14 Days,12
71E,E38000238,NHS Lincolnshire ICB - 71E,E54000013,NHS Lincolnshire Integrated Care Board,E40000011,Midlands,AUG2022,Unknown,Other Practice staff,Home Visit,More than 28 Days,14
71E,E38000238,NHS Lincolnshire ICB - 71E,E54000013,NHS Lincolnshire Integrated Care Board,E40000011,Midlands,AUG2022,Unknown,Other Practice staff,Home Visit,Same Day,18
71E,E38000238,NHS Lincolnshire ICB - 71E,E54000013,NHS Lincolnshire Integrated Care Board,E40000011,Midlands,AUG2022,Unknown,Other Practice staff,Home Visit,Unknown / Data Quality,1
71E,E38000238,NHS Lincolnshire ICB - 71E,E54000013,NHS Lincolnshire Integrated Care Board,E40000011,Midlands,AUG2022,Unknown,Other Practice staff,Telephone,1 Day,104
71E,E38000238,NHS Lincolnshire ICB - 71E,E54000013,NHS Lincolnshire Integrated Care Board,E40000011,Midlands,AUG2022,Unknown,Other Practice staff,Telephone,15  to 21 Days,111
71E,E38000238,NHS Lincolnshire ICB - 71E,E54000013,NHS Lincolnshire Integrated Care Board,E40000011,Midlands,AUG2022,Unknown,Other Practice staff,Telephone,2 to 7 Days,321
71E,E38000238,NHS Lincolnshire ICB - 71E,E54000013,NHS Lincolnshire Integrated Care Board,E40000011,Midlands,AUG2022,Unknown,Other Practice staff,Telephone,22  to 28 Days,91
71E,E38000238,NHS Lincolnshire ICB - 71E,E54000013,NHS Lincolnshire Integrated Care Board,E40000011,Midlands,AUG2022,Unknown,Other Practice staff,Telephone,8  to 14 Days,170
71E,E38000238,NHS Lincolnshire ICB - 71E,E54000013,NHS Lincolnshire Integrated Care Board,E40000011,Midlands,AUG2022,Unknown,Other Practice staff,Telephone,More than 28 Days,67
71E,E38000238,NHS Lincolnshire ICB - 71E,E54000013,NHS Lincolnshire Integrated Care Board,E40000011,Midlands,AUG2022,Unknown,Other Practice staff,Telephone,Same Day,278
71E,E38000238,NHS Lincolnshire ICB - 71E,E54000013,NHS Lincolnshire Integrated Care Board,E40000011,Midlands,AUG2022,Unknown,Other Practice staff,Telephone,Unknown / Data Quality,3
71E,E38000238,NHS Lincolnshire ICB - 71E,E54000013,NHS Lincolnshire Integrated Care Board,E40000011,Midlands,AUG2022,Unknown,Other Practice staff,Video/Online,2 to 7 Days,4
71E,E38000238,NHS Lincolnshire ICB - 71E,E54000013,NHS Lincolnshire Integrated Care Board,E40000011,Midlands,AUG2022,Unknown,Other Practice staff,Video/Online,22  to 28 Days,1
71E,E38000238,NHS Lincolnshire ICB - 71E,E54000013,NHS Lincolnshire Integrated Care Board,E40000011,Midlands,AUG2022,Unknown,Other Practice staff,Video/Online,Same Day,1
71E,E38000238,NHS Lincolnshire ICB - 71E,E54000013,NHS Lincolnshire Integrated Care Board,E40000011,Midlands,AUG2022,Unknown,Unknown,Unknown,1 Day,18
71E,E38000238,NHS Lincolnshire ICB - 71E,E54000013,NHS Lincolnshire Integrated Care Board,E40000011,Midlands,AUG2022,Unknown,Unknown,Unknown,15  to 21 Days,88
71E,E38000238,NHS Lincolnshire ICB - 71E,E54000013,NHS Lincolnshire Integrated Care Board,E40000011,Midlands,AUG2022,Unknown,Unknown,Unknown,2 to 7 Days,137
71E,E38000238,NHS Lincolnshire ICB - 71E,E54000013,NHS Lincolnshire Integrated Care Board,E40000011,Midlands,AUG2022,Unknown,Unknown,Unknown,22  to 28 Days,44
71E,E38000238,NHS Lincolnshire ICB - 71E,E54000013,NHS Lincolnshire Integrated Care Board,E40000011,Midlands,AUG2022,Unknown,Unknown,Unknown,8  to 14 Days,164
71E,E38000238,NHS Lincolnshire ICB - 71E,E54000013,NHS Lincolnshire Integrated Care Board,E40000011,Midlands,AUG2022,Unknown,Unknown,Unknown,More than 28 Days,94
71E,E38000238,NHS Lincolnshire ICB - 71E,E54000013,NHS Lincolnshire Integrated Care Board,E40000011,Midlands,AUG2022,Unknown,Unknown,Unknown,Same Day,65
71E,E38000238,NHS Lincolnshire ICB - 71E,E54000013,NHS Lincolnshire Integrated Care Board,E40000011,Midlands,AUG2022,Unknown,Unknown,Unknown,Unknown / Data Quality,4
71E,E38000238,NHS Lincolnshire ICB - 71E,E54000013,NHS Lincolnshire Integrated Care Board,E40000011,Midlands,SEP2022,Attended,GP,Face-to-Face,1 Day,7468
71E,E38000238,NHS Lincolnshire ICB - 71E,E54000013,NHS Lincolnshire Integrated Care Board,E40000011,Midlands,SEP2022,Attended,GP,Face-to-Face,15  to 21 Days,2820
71E,E38000238,NHS Lincolnshire ICB - 71E,E54000013,NHS Lincolnshire Integrated Care Board,E40000011,Midlands,SEP2022,Attended,GP,Face-to-Face,2 to 7 Days,9963
71E,E38000238,NHS Lincolnshire ICB - 71E,E54000013,NHS Lincolnshire Integrated Care Board,E40000011,Midlands,SEP2022,Attended,GP,Face-to-Face,22  to 28 Days,1598
71E,E38000238,NHS Lincolnshire ICB - 71E,E54000013,NHS Lincolnshire Integrated Care Board,E40000011,Midlands,SEP2022,Attended,GP,Face-to-Face,8  to 14 Days,5583
71E,E38000238,NHS Lincolnshire ICB - 71E,E54000013,NHS Lincolnshire Integrated Care Board,E40000011,Midlands,SEP2022,Attended,GP,Face-to-Face,More than 28 Days,1643
71E,E38000238,NHS Lincolnshire ICB - 71E,E54000013,NHS Lincolnshire Integrated Care Board,E40000011,Midlands,SEP2022,Attended,GP,Face-to-Face,Same Day,55072
71E,E38000238,NHS Lincolnshire ICB - 71E,E54000013,NHS Lincolnshire Integrated Care Board,E40000011,Midlands,SEP2022,Attended,GP,Face-to-Face,Unknown / Data Quality,161
71E,E38000238,NHS Lincolnshire ICB - 71E,E54000013,NHS Lincolnshire Integrated Care Board,E40000011,Midlands,SEP2022,Attended,GP,Home Visit,1 Day,50
71E,E38000238,NHS Lincolnshire ICB - 71E,E54000013,NHS Lincolnshire Integrated Care Board,E40000011,Midlands,SEP2022,Attended,GP,Home Visit,15  to 21 Days,5
71E,E38000238,NHS Lincolnshire ICB - 71E,E54000013,NHS Lincolnshire Integrated Care Board,E40000011,Midlands,SEP2022,Attended,GP,Home Visit,2 to 7 Days,119
71E,E38000238,NHS Lincolnshire ICB - 71E,E54000013,NHS Lincolnshire Integrated Care Board,E40000011,Midlands,SEP2022,Attended,GP,Home Visit,22  to 28 Days,4
71E,E38000238,NHS Lincolnshire ICB - 71E,E54000013,NHS Lincolnshire Integrated Care Board,E40000011,Midlands,SEP2022,Attended,GP,Home Visit,8  to 14 Days,10
71E,E38000238,NHS Lincolnshire ICB - 71E,E54000013,NHS Lincolnshire Integrated Care Board,E40000011,Midlands,SEP2022,Attended,GP,Home Visit,More than 28 Days,1
71E,E38000238,NHS Lincolnshire ICB - 71E,E54000013,NHS Lincolnshire Integrated Care Board,E40000011,Midlands,SEP2022,Attended,GP,Home Visit,Same Day,418
71E,E38000238,NHS Lincolnshire ICB - 71E,E54000013,NHS Lincolnshire Integrated Care Board,E40000011,Midlands,SEP2022,Attended,GP,Home Visit,Unknown / Data Quality,4
71E,E38000238,NHS Lincolnshire ICB - 71E,E54000013,NHS Lincolnshire Integrated Care Board,E40000011,Midlands,SEP2022,Attended,GP,Telephone,1 Day,3371
71E,E38000238,NHS Lincolnshire ICB - 71E,E54000013,NHS Lincolnshire Integrated Care Board,E40000011,Midlands,SEP2022,Attended,GP,Telephone,15  to 21 Days,1318
71E,E38000238,NHS Lincolnshire ICB - 71E,E54000013,NHS Lincolnshire Integrated Care Board,E40000011,Midlands,SEP2022,Attended,GP,Telephone,2 to 7 Days,6615
71E,E38000238,NHS Lincolnshire ICB - 71E,E54000013,NHS Lincolnshire Integrated Care Board,E40000011,Midlands,SEP2022,Attended,GP,Telephone,22  to 28 Days,610
71E,E38000238,NHS Lincolnshire ICB - 71E,E54000013,NHS Lincolnshire Integrated Care Board,E40000011,Midlands,SEP2022,Attended,GP,Telephone,8  to 14 Days,2824
71E,E38000238,NHS Lincolnshire ICB - 71E,E54000013,NHS Lincolnshire Integrated Care Board,E40000011,Midlands,SEP2022,Attended,GP,Telephone,More than 28 Days,239
71E,E38000238,NHS Lincolnshire ICB - 71E,E54000013,NHS Lincolnshire Integrated Care Board,E40000011,Midlands,SEP2022,Attended,GP,Telephone,Same Day,37821
71E,E38000238,NHS Lincolnshire ICB - 71E,E54000013,NHS Lincolnshire Integrated Care Board,E40000011,Midlands,SEP2022,Attended,GP,Telephone,Unknown / Data Quality,47
71E,E38000238,NHS Lincolnshire ICB - 71E,E54000013,NHS Lincolnshire Integrated Care Board,E40000011,Midlands,SEP2022,Attended,GP,Video/Online,1 Day,154
71E,E38000238,NHS Lincolnshire ICB - 71E,E54000013,NHS Lincolnshire Integrated Care Board,E40000011,Midlands,SEP2022,Attended,GP,Video/Online,15  to 21 Days,5
71E,E38000238,NHS Lincolnshire ICB - 71E,E54000013,NHS Lincolnshire Integrated Care Board,E40000011,Midlands,SEP2022,Attended,GP,Video/Online,2 to 7 Days,72
71E,E38000238,NHS Lincolnshire ICB - 71E,E54000013,NHS Lincolnshire Integrated Care Board,E40000011,Midlands,SEP2022,Attended,GP,Video/Online,22  to 28 Days,3
71E,E38000238,NHS Lincolnshire ICB - 71E,E54000013,NHS Lincolnshire Integrated Care Board,E40000011,Midlands,SEP2022,Attended,GP,Video/Online,8  to 14 Days,17
71E,E38000238,NHS Lincolnshire ICB - 71E,E54000013,NHS Lincolnshire Integrated Care Board,E40000011,Midlands,SEP2022,Attended,GP,Video/Online,Same Day,497
71E,E38000238,NHS Lincolnshire ICB - 71E,E54000013,NHS Lincolnshire Integrated Care Board,E40000011,Midlands,SEP2022,Attended,GP,Video/Online,Unknown / Data Quality,6
71E,E38000238,NHS Lincolnshire ICB - 71E,E54000013,NHS Lincolnshire Integrated Care Board,E40000011,Midlands,SEP2022,Attended,Other Practice staff,Face-to-Face,1 Day,11725
71E,E38000238,NHS Lincolnshire ICB - 71E,E54000013,NHS Lincolnshire Integrated Care Board,E40000011,Midlands,SEP2022,Attended,Other Practice staff,Face-to-Face,15  to 21 Days,20456
71E,E38000238,NHS Lincolnshire ICB - 71E,E54000013,NHS Lincolnshire Integrated Care Board,E40000011,Midlands,SEP2022,Attended,Other Practice staff,Face-to-Face,2 to 7 Days,35377
71E,E38000238,NHS Lincolnshire ICB - 71E,E54000013,NHS Lincolnshire Integrated Care Board,E40000011,Midlands,SEP2022,Attended,Other Practice staff,Face-to-Face,22  to 28 Days,14270
71E,E38000238,NHS Lincolnshire ICB - 71E,E54000013,NHS Lincolnshire Integrated Care Board,E40000011,Midlands,SEP2022,Attended,Other Practice staff,Face-to-Face,8  to 14 Days,32756
71E,E38000238,NHS Lincolnshire ICB - 71E,E54000013,NHS Lincolnshire Integrated Care Board,E40000011,Midlands,SEP2022,Attended,Other Practice staff,Face-to-Face,More than 28 Days,18711
71E,E38000238,NHS Lincolnshire ICB - 71E,E54000013,NHS Lincolnshire Integrated Care Board,E40000011,Midlands,SEP2022,Attended,Other Practice staff,Face-to-Face,Same Day,50786
71E,E38000238,NHS Lincolnshire ICB - 71E,E54000013,NHS Lincolnshire Integrated Care Board,E40000011,Midlands,SEP2022,Attended,Other Practice staff,Face-to-Face,Unknown / Data Quality,126
71E,E38000238,NHS Lincolnshire ICB - 71E,E54000013,NHS Lincolnshire Integrated Care Board,E40000011,Midlands,SEP2022,Attended,Other Practice staff,Home Visit,1 Day,216
71E,E38000238,NHS Lincolnshire ICB - 71E,E54000013,NHS Lincolnshire Integrated Care Board,E40000011,Midlands,SEP2022,Attended,Other Practice staff,Home Visit,15  to 21 Days,119
71E,E38000238,NHS Lincolnshire ICB - 71E,E54000013,NHS Lincolnshire Integrated Care Board,E40000011,Midlands,SEP2022,Attended,Other Practice staff,Home Visit,2 to 7 Days,639
71E,E38000238,NHS Lincolnshire ICB - 71E,E54000013,NHS Lincolnshire Integrated Care Board,E40000011,Midlands,SEP2022,Attended,Other Practice staff,Home Visit,22  to 28 Days,82
71E,E38000238,NHS Lincolnshire ICB - 71E,E54000013,NHS Lincolnshire Integrated Care Board,E40000011,Midlands,SEP2022,Attended,Other Practice staff,Home Visit,8  to 14 Days,272
71E,E38000238,NHS Lincolnshire ICB - 71E,E54000013,NHS Lincolnshire Integrated Care Board,E40000011,Midlands,SEP2022,Attended,Other Practice staff,Home Visit,More than 28 Days,106
71E,E38000238,NHS Lincolnshire ICB - 71E,E54000013,NHS Lincolnshire Integrated Care Board,E40000011,Midlands,SEP2022,Attended,Other Practice staff,Home Visit,Same Day,796
71E,E38000238,NHS Lincolnshire ICB - 71E,E54000013,NHS Lincolnshire Integrated Care Board,E40000011,Midlands,SEP2022,Attended,Other Practice staff,Home Visit,Unknown / Data Quality,19
71E,E38000238,NHS Lincolnshire ICB - 71E,E54000013,NHS Lincolnshire Integrated Care Board,E40000011,Midlands,SEP2022,Attended,Other Practice staff,Telephone,1 Day,2638
71E,E38000238,NHS Lincolnshire ICB - 71E,E54000013,NHS Lincolnshire Integrated Care Board,E40000011,Midlands,SEP2022,Attended,Other Practice staff,Telephone,15  to 21 Days,1513
71E,E38000238,NHS Lincolnshire ICB - 71E,E54000013,NHS Lincolnshire Integrated Care Board,E40000011,Midlands,SEP2022,Attended,Other Practice staff,Telephone,2 to 7 Days,4551
71E,E38000238,NHS Lincolnshire ICB - 71E,E54000013,NHS Lincolnshire Integrated Care Board,E40000011,Midlands,SEP2022,Attended,Other Practice staff,Telephone,22  to 28 Days,1048
71E,E38000238,NHS Lincolnshire ICB - 71E,E54000013,NHS Lincolnshire Integrated Care Board,E40000011,Midlands,SEP2022,Attended,Other Practice staff,Telephone,8  to 14 Days,2762
71E,E38000238,NHS Lincolnshire ICB - 71E,E54000013,NHS Lincolnshire Integrated Care Board,E40000011,Midlands,SEP2022,Attended,Other Practice staff,Telephone,More than 28 Days,1120
71E,E38000238,NHS Lincolnshire ICB - 71E,E54000013,NHS Lincolnshire Integrated Care Board,E40000011,Midlands,SEP2022,Attended,Other Practice staff,Telephone,Same Day,23855
71E,E38000238,NHS Lincolnshire ICB - 71E,E54000013,NHS Lincolnshire Integrated Care Board,E40000011,Midlands,SEP2022,Attended,Other Practice staff,Telephone,Unknown / Data Quality,25
71E,E38000238,NHS Lincolnshire ICB - 71E,E54000013,NHS Lincolnshire Integrated Care Board,E40000011,Midlands,SEP2022,Attended,Other Practice staff,Unknown,Same Day,1
71E,E38000238,NHS Lincolnshire ICB - 71E,E54000013,NHS Lincolnshire Integrated Care Board,E40000011,Midlands,SEP2022,Attended,Other Practice staff,Video/Online,1 Day,46
71E,E38000238,NHS Lincolnshire ICB - 71E,E54000013,NHS Lincolnshire Integrated Care Board,E40000011,Midlands,SEP2022,Attended,Other Practice staff,Video/Online,15  to 21 Days,95
71E,E38000238,NHS Lincolnshire ICB - 71E,E54000013,NHS Lincolnshire Integrated Care Board,E40000011,Midlands,SEP2022,Attended,Other Practice staff,Video/Online,2 to 7 Days,81
71E,E38000238,NHS Lincolnshire ICB - 71E,E54000013,NHS Lincolnshire Integrated Care Board,E40000011,Midlands,SEP2022,Attended,Other Practice staff,Video/Online,22  to 28 Days,338
71E,E38000238,NHS Lincolnshire ICB - 71E,E54000013,NHS Lincolnshire Integrated Care Board,E40000011,Midlands,SEP2022,Attended,Other Practice staff,Video/Online,8  to 14 Days,83
71E,E38000238,NHS Lincolnshire ICB - 71E,E54000013,NHS Lincolnshire Integrated Care Board,E40000011,Midlands,SEP2022,Attended,Other Practice staff,Video/Online,More than 28 Days,25
71E,E38000238,NHS Lincolnshire ICB - 71E,E54000013,NHS Lincolnshire Integrated Care Board,E40000011,Midlands,SEP2022,Attended,Other Practice staff,Video/Online,Same Day,637
71E,E38000238,NHS Lincolnshire ICB - 71E,E54000013,NHS Lincolnshire Integrated Care Board,E40000011,Midlands,SEP2022,Attended,Other Practice staff,Video/Online,Unknown / Data Quality,1
71E,E38000238,NHS Lincolnshire ICB - 71E,E54000013,NHS Lincolnshire Integrated Care Board,E40000011,Midlands,SEP2022,Attended,Unknown,Unknown,1 Day,1044
71E,E38000238,NHS Lincolnshire ICB - 71E,E54000013,NHS Lincolnshire Integrated Care Board,E40000011,Midlands,SEP2022,Attended,Unknown,Unknown,15  to 21 Days,864
71E,E38000238,NHS Lincolnshire ICB - 71E,E54000013,NHS Lincolnshire Integrated Care Board,E40000011,Midlands,SEP2022,Attended,Unknown,Unknown,2 to 7 Days,2371
71E,E38000238,NHS Lincolnshire ICB - 71E,E54000013,NHS Lincolnshire Integrated Care Board,E40000011,Midlands,SEP2022,Attended,Unknown,Unknown,22  to 28 Days,399
71E,E38000238,NHS Lincolnshire ICB - 71E,E54000013,NHS Lincolnshire Integrated Care Board,E40000011,Midlands,SEP2022,Attended,Unknown,Unknown,8  to 14 Days,1136
71E,E38000238,NHS Lincolnshire ICB - 71E,E54000013,NHS Lincolnshire Integrated Care Board,E40000011,Midlands,SEP2022,Attended,Unknown,Unknown,More than 28 Days,566
71E,E38000238,NHS Lincolnshire ICB - 71E,E54000013,NHS Lincolnshire Integrated Care Board,E40000011,Midlands,SEP2022,Attended,Unknown,Unknown,Same Day,9282
71E,E38000238,NHS Lincolnshire ICB - 71E,E54000013,NHS Lincolnshire Integrated Care Board,E40000011,Midlands,SEP2022,Attended,Unknown,Unknown,Unknown / Data Quality,24
71E,E38000238,NHS Lincolnshire ICB - 71E,E54000013,NHS Lincolnshire Integrated Care Board,E40000011,Midlands,SEP2022,DNA,GP,Face-to-Face,1 Day,162
71E,E38000238,NHS Lincolnshire ICB - 71E,E54000013,NHS Lincolnshire Integrated Care Board,E40000011,Midlands,SEP2022,DNA,GP,Face-to-Face,15  to 21 Days,153
71E,E38000238,NHS Lincolnshire ICB - 71E,E54000013,NHS Lincolnshire Integrated Care Board,E40000011,Midlands,SEP2022,DNA,GP,Face-to-Face,2 to 7 Days,442
71E,E38000238,NHS Lincolnshire ICB - 71E,E54000013,NHS Lincolnshire Integrated Care Board,E40000011,Midlands,SEP2022,DNA,GP,Face-to-Face,22  to 28 Days,97
71E,E38000238,NHS Lincolnshire ICB - 71E,E54000013,NHS Lincolnshire Integrated Care Board,E40000011,Midlands,SEP2022,DNA,GP,Face-to-Face,8  to 14 Days,397
71E,E38000238,NHS Lincolnshire ICB - 71E,E54000013,NHS Lincolnshire Integrated Care Board,E40000011,Midlands,SEP2022,DNA,GP,Face-to-Face,More than 28 Days,190
71E,E38000238,NHS Lincolnshire ICB - 71E,E54000013,NHS Lincolnshire Integrated Care Board,E40000011,Midlands,SEP2022,DNA,GP,Face-to-Face,Same Day,695
71E,E38000238,NHS Lincolnshire ICB - 71E,E54000013,NHS Lincolnshire Integrated Care Board,E40000011,Midlands,SEP2022,DNA,GP,Home Visit,1 Day,5
71E,E38000238,NHS Lincolnshire ICB - 71E,E54000013,NHS Lincolnshire Integrated Care Board,E40000011,Midlands,SEP2022,DNA,GP,Home Visit,2 to 7 Days,5
71E,E38000238,NHS Lincolnshire ICB - 71E,E54000013,NHS Lincolnshire Integrated Care Board,E40000011,Midlands,SEP2022,DNA,GP,Telephone,1 Day,24
71E,E38000238,NHS Lincolnshire ICB - 71E,E54000013,NHS Lincolnshire Integrated Care Board,E40000011,Midlands,SEP2022,DNA,GP,Telephone,15  to 21 Days,27
71E,E38000238,NHS Lincolnshire ICB - 71E,E54000013,NHS Lincolnshire Integrated Care Board,E40000011,Midlands,SEP2022,DNA,GP,Telephone,2 to 7 Days,49
71E,E38000238,NHS Lincolnshire ICB - 71E,E54000013,NHS Lincolnshire Integrated Care Board,E40000011,Midlands,SEP2022,DNA,GP,Telephone,22  to 28 Days,5
71E,E38000238,NHS Lincolnshire ICB - 71E,E54000013,NHS Lincolnshire Integrated Care Board,E40000011,Midlands,SEP2022,DNA,GP,Telephone,8  to 14 Days,24
71E,E38000238,NHS Lincolnshire ICB - 71E,E54000013,NHS Lincolnshire Integrated Care Board,E40000011,Midlands,SEP2022,DNA,GP,Telephone,More than 28 Days,1
71E,E38000238,NHS Lincolnshire ICB - 71E,E54000013,NHS Lincolnshire Integrated Care Board,E40000011,Midlands,SEP2022,DNA,GP,Telephone,Same Day,301
71E,E38000238,NHS Lincolnshire ICB - 71E,E54000013,NHS Lincolnshire Integrated Care Board,E40000011,Midlands,SEP2022,DNA,GP,Video/Online,1 Day,12
71E,E38000238,NHS Lincolnshire ICB - 71E,E54000013,NHS Lincolnshire Integrated Care Board,E40000011,Midlands,SEP2022,DNA,GP,Video/Online,15  to 21 Days,1
71E,E38000238,NHS Lincolnshire ICB - 71E,E54000013,NHS Lincolnshire Integrated Care Board,E40000011,Midlands,SEP2022,DNA,GP,Video/Online,22  to 28 Days,1
71E,E38000238,NHS Lincolnshire ICB - 71E,E54000013,NHS Lincolnshire Integrated Care Board,E40000011,Midlands,SEP2022,DNA,GP,Video/Online,Same Day,5
71E,E38000238,NHS Lincolnshire ICB - 71E,E54000013,NHS Lincolnshire Integrated Care Board,E40000011,Midlands,SEP2022,DNA,Other Practice staff,Face-to-Face,1 Day,542
71E,E38000238,NHS Lincolnshire ICB - 71E,E54000013,NHS Lincolnshire Integrated Care Board,E40000011,Midlands,SEP2022,DNA,Other Practice staff,Face-to-Face,15  to 21 Days,1948
71E,E38000238,NHS Lincolnshire ICB - 71E,E54000013,NHS Lincolnshire Integrated Care Board,E40000011,Midlands,SEP2022,DNA,Other Practice staff,Face-to-Face,2 to 7 Days,2599
71E,E38000238,NHS Lincolnshire ICB - 71E,E54000013,NHS Lincolnshire Integrated Care Board,E40000011,Midlands,SEP2022,DNA,Other Practice staff,Face-to-Face,22  to 28 Days,1394
71E,E38000238,NHS Lincolnshire ICB - 71E,E54000013,NHS Lincolnshire Integrated Care Board,E40000011,Midlands,SEP2022,DNA,Other Practice staff,Face-to-Face,8  to 14 Days,3134
71E,E38000238,NHS Lincolnshire ICB - 71E,E54000013,NHS Lincolnshire Integrated Care Board,E40000011,Midlands,SEP2022,DNA,Other Practice staff,Face-to-Face,More than 28 Days,1965
71E,E38000238,NHS Lincolnshire ICB - 71E,E54000013,NHS Lincolnshire Integrated Care Board,E40000011,Midlands,SEP2022,DNA,Other Practice staff,Face-to-Face,Same Day,903
71E,E38000238,NHS Lincolnshire ICB - 71E,E54000013,NHS Lincolnshire Integrated Care Board,E40000011,Midlands,SEP2022,DNA,Other Practice staff,Face-to-Face,Unknown / Data Quality,13
71E,E38000238,NHS Lincolnshire ICB - 71E,E54000013,NHS Lincolnshire Integrated Care Board,E40000011,Midlands,SEP2022,DNA,Other Practice staff,Home Visit,1 Day,16
71E,E38000238,NHS Lincolnshire ICB - 71E,E54000013,NHS Lincolnshire Integrated Care Board,E40000011,Midlands,SEP2022,DNA,Other Practice staff,Home Visit,15  to 21 Days,2
71E,E38000238,NHS Lincolnshire ICB - 71E,E54000013,NHS Lincolnshire Integrated Care Board,E40000011,Midlands,SEP2022,DNA,Other Practice staff,Home Visit,2 to 7 Days,28
71E,E38000238,NHS Lincolnshire ICB - 71E,E54000013,NHS Lincolnshire Integrated Care Board,E40000011,Midlands,SEP2022,DNA,Other Practice staff,Home Visit,22  to 28 Days,3
71E,E38000238,NHS Lincolnshire ICB - 71E,E54000013,NHS Lincolnshire Integrated Care Board,E40000011,Midlands,SEP2022,DNA,Other Practice staff,Home Visit,8  to 14 Days,7
71E,E38000238,NHS Lincolnshire ICB - 71E,E54000013,NHS Lincolnshire Integrated Care Board,E40000011,Midlands,SEP2022,DNA,Other Practice staff,Home Visit,More than 28 Days,2
71E,E38000238,NHS Lincolnshire ICB - 71E,E54000013,NHS Lincolnshire Integrated Care Board,E40000011,Midlands,SEP2022,DNA,Other Practice staff,Home Visit,Same Day,35
71E,E38000238,NHS Lincolnshire ICB - 71E,E54000013,NHS Lincolnshire Integrated Care Board,E40000011,Midlands,SEP2022,DNA,Other Practice staff,Telephone,1 Day,39
71E,E38000238,NHS Lincolnshire ICB - 71E,E54000013,NHS Lincolnshire Integrated Care Board,E40000011,Midlands,SEP2022,DNA,Other Practice staff,Telephone,15  to 21 Days,50
71E,E38000238,NHS Lincolnshire ICB - 71E,E54000013,NHS Lincolnshire Integrated Care Board,E40000011,Midlands,SEP2022,DNA,Other Practice staff,Telephone,2 to 7 Days,139
71E,E38000238,NHS Lincolnshire ICB - 71E,E54000013,NHS Lincolnshire Integrated Care Board,E40000011,Midlands,SEP2022,DNA,Other Practice staff,Telephone,22  to 28 Days,34
71E,E38000238,NHS Lincolnshire ICB - 71E,E54000013,NHS Lincolnshire Integrated Care Board,E40000011,Midlands,SEP2022,DNA,Other Practice staff,Telephone,8  to 14 Days,123
71E,E38000238,NHS Lincolnshire ICB - 71E,E54000013,NHS Lincolnshire Integrated Care Board,E40000011,Midlands,SEP2022,DNA,Other Practice staff,Telephone,More than 28 Days,43
71E,E38000238,NHS Lincolnshire ICB - 71E,E54000013,NHS Lincolnshire Integrated Care Board,E40000011,Midlands,SEP2022,DNA,Other Practice staff,Telephone,Same Day,251
71E,E38000238,NHS Lincolnshire ICB - 71E,E54000013,NHS Lincolnshire Integrated Care Board,E40000011,Midlands,SEP2022,DNA,Other Practice staff,Unknown,More than 28 Days,1
71E,E38000238,NHS Lincolnshire ICB - 71E,E54000013,NHS Lincolnshire Integrated Care Board,E40000011,Midlands,SEP2022,DNA,Other Practice staff,Video/Online,1 Day,1
71E,E38000238,NHS Lincolnshire ICB - 71E,E54000013,NHS Lincolnshire Integrated Care Board,E40000011,Midlands,SEP2022,DNA,Other Practice staff,Video/Online,15  to 21 Days,4
71E,E38000238,NHS Lincolnshire ICB - 71E,E54000013,NHS Lincolnshire Integrated Care Board,E40000011,Midlands,SEP2022,DNA,Other Practice staff,Video/Online,2 to 7 Days,4
71E,E38000238,NHS Lincolnshire ICB - 71E,E54000013,NHS Lincolnshire Integrated Care Board,E40000011,Midlands,SEP2022,DNA,Other Practice staff,Video/Online,22  to 28 Days,9
71E,E38000238,NHS Lincolnshire ICB - 71E,E54000013,NHS Lincolnshire Integrated Care Board,E40000011,Midlands,SEP2022,DNA,Other Practice staff,Video/Online,8  to 14 Days,6
71E,E38000238,NHS Lincolnshire ICB - 71E,E54000013,NHS Lincolnshire Integrated Care Board,E40000011,Midlands,SEP2022,DNA,Other Practice staff,Video/Online,More than 28 Days,2
71E,E38000238,NHS Lincolnshire ICB - 71E,E54000013,NHS Lincolnshire Integrated Care Board,E40000011,Midlands,SEP2022,DNA,Other Practice staff,Video/Online,Same Day,72
71E,E38000238,NHS Lincolnshire ICB - 71E,E54000013,NHS Lincolnshire Integrated Care Board,E40000011,Midlands,SEP2022,DNA,Unknown,Unknown,1 Day,23
71E,E38000238,NHS Lincolnshire ICB - 71E,E54000013,NHS Lincolnshire Integrated Care Board,E40000011,Midlands,SEP2022,DNA,Unknown,Unknown,15  to 21 Days,99
71E,E38000238,NHS Lincolnshire ICB - 71E,E54000013,NHS Lincolnshire Integrated Care Board,E40000011,Midlands,SEP2022,DNA,Unknown,Unknown,2 to 7 Days,145
71E,E38000238,NHS Lincolnshire ICB - 71E,E54000013,NHS Lincolnshire Integrated Care Board,E40000011,Midlands,SEP2022,DNA,Unknown,Unknown,22  to 28 Days,39
71E,E38000238,NHS Lincolnshire ICB - 71E,E54000013,NHS Lincolnshire Integrated Care Board,E40000011,Midlands,SEP2022,DNA,Unknown,Unknown,8  to 14 Days,74
71E,E38000238,NHS Lincolnshire ICB - 71E,E54000013,NHS Lincolnshire Integrated Care Board,E40000011,Midlands,SEP2022,DNA,Unknown,Unknown,More than 28 Days,53
71E,E38000238,NHS Lincolnshire ICB - 71E,E54000013,NHS Lincolnshire Integrated Care Board,E40000011,Midlands,SEP2022,DNA,Unknown,Unknown,Same Day,51
71E,E38000238,NHS Lincolnshire ICB - 71E,E54000013,NHS Lincolnshire Integrated Care Board,E40000011,Midlands,SEP2022,Unknown,GP,Face-to-Face,1 Day,168
71E,E38000238,NHS Lincolnshire ICB - 71E,E54000013,NHS Lincolnshire Integrated Care Board,E40000011,Midlands,SEP2022,Unknown,GP,Face-to-Face,15  to 21 Days,314
71E,E38000238,NHS Lincolnshire ICB - 71E,E54000013,NHS Lincolnshire Integrated Care Board,E40000011,Midlands,SEP2022,Unknown,GP,Face-to-Face,2 to 7 Days,383
71E,E38000238,NHS Lincolnshire ICB - 71E,E54000013,NHS Lincolnshire Integrated Care Board,E40000011,Midlands,SEP2022,Unknown,GP,Face-to-Face,22  to 28 Days,181
71E,E38000238,NHS Lincolnshire ICB - 71E,E54000013,NHS Lincolnshire Integrated Care Board,E40000011,Midlands,SEP2022,Unknown,GP,Face-to-Face,8  to 14 Days,448
71E,E38000238,NHS Lincolnshire ICB - 71E,E54000013,NHS Lincolnshire Integrated Care Board,E40000011,Midlands,SEP2022,Unknown,GP,Face-to-Face,More than 28 Days,177
71E,E38000238,NHS Lincolnshire ICB - 71E,E54000013,NHS Lincolnshire Integrated Care Board,E40000011,Midlands,SEP2022,Unknown,GP,Face-to-Face,Same Day,950
71E,E38000238,NHS Lincolnshire ICB - 71E,E54000013,NHS Lincolnshire Integrated Care Board,E40000011,Midlands,SEP2022,Unknown,GP,Face-to-Face,Unknown / Data Quality,27
71E,E38000238,NHS Lincolnshire ICB - 71E,E54000013,NHS Lincolnshire Integrated Care Board,E40000011,Midlands,SEP2022,Unknown,GP,Home Visit,1 Day,1
71E,E38000238,NHS Lincolnshire ICB - 71E,E54000013,NHS Lincolnshire Integrated Care Board,E40000011,Midlands,SEP2022,Unknown,GP,Home Visit,15  to 21 Days,2
71E,E38000238,NHS Lincolnshire ICB - 71E,E54000013,NHS Lincolnshire Integrated Care Board,E40000011,Midlands,SEP2022,Unknown,GP,Home Visit,2 to 7 Days,8
71E,E38000238,NHS Lincolnshire ICB - 71E,E54000013,NHS Lincolnshire Integrated Care Board,E40000011,Midlands,SEP2022,Unknown,GP,Home Visit,22  to 28 Days,1
71E,E38000238,NHS Lincolnshire ICB - 71E,E54000013,NHS Lincolnshire Integrated Care Board,E40000011,Midlands,SEP2022,Unknown,GP,Home Visit,8  to 14 Days,4
71E,E38000238,NHS Lincolnshire ICB - 71E,E54000013,NHS Lincolnshire Integrated Care Board,E40000011,Midlands,SEP2022,Unknown,GP,Home Visit,Same Day,2
71E,E38000238,NHS Lincolnshire ICB - 71E,E54000013,NHS Lincolnshire Integrated Care Board,E40000011,Midlands,SEP2022,Unknown,GP,Telephone,1 Day,58
71E,E38000238,NHS Lincolnshire ICB - 71E,E54000013,NHS Lincolnshire Integrated Care Board,E40000011,Midlands,SEP2022,Unknown,GP,Telephone,15  to 21 Days,132
71E,E38000238,NHS Lincolnshire ICB - 71E,E54000013,NHS Lincolnshire Integrated Care Board,E40000011,Midlands,SEP2022,Unknown,GP,Telephone,2 to 7 Days,174
71E,E38000238,NHS Lincolnshire ICB - 71E,E54000013,NHS Lincolnshire Integrated Care Board,E40000011,Midlands,SEP2022,Unknown,GP,Telephone,22  to 28 Days,73
71E,E38000238,NHS Lincolnshire ICB - 71E,E54000013,NHS Lincolnshire Integrated Care Board,E40000011,Midlands,SEP2022,Unknown,GP,Telephone,8  to 14 Days,168
71E,E38000238,NHS Lincolnshire ICB - 71E,E54000013,NHS Lincolnshire Integrated Care Board,E40000011,Midlands,SEP2022,Unknown,GP,Telephone,More than 28 Days,51
71E,E38000238,NHS Lincolnshire ICB - 71E,E54000013,NHS Lincolnshire Integrated Care Board,E40000011,Midlands,SEP2022,Unknown,GP,Telephone,Same Day,285
71E,E38000238,NHS Lincolnshire ICB - 71E,E54000013,NHS Lincolnshire Integrated Care Board,E40000011,Midlands,SEP2022,Unknown,GP,Video/Online,1 Day,2
71E,E38000238,NHS Lincolnshire ICB - 71E,E54000013,NHS Lincolnshire Integrated Care Board,E40000011,Midlands,SEP2022,Unknown,GP,Video/Online,2 to 7 Days,2
71E,E38000238,NHS Lincolnshire ICB - 71E,E54000013,NHS Lincolnshire Integrated Care Board,E40000011,Midlands,SEP2022,Unknown,GP,Video/Online,8  to 14 Days,1
71E,E38000238,NHS Lincolnshire ICB - 71E,E54000013,NHS Lincolnshire Integrated Care Board,E40000011,Midlands,SEP2022,Unknown,GP,Video/Online,Same Day,1
71E,E38000238,NHS Lincolnshire ICB - 71E,E54000013,NHS Lincolnshire Integrated Care Board,E40000011,Midlands,SEP2022,Unknown,Other Practice staff,Face-to-Face,1 Day,243
71E,E38000238,NHS Lincolnshire ICB - 71E,E54000013,NHS Lincolnshire Integrated Care Board,E40000011,Midlands,SEP2022,Unknown,Other Practice staff,Face-to-Face,15  to 21 Days,1889
71E,E38000238,NHS Lincolnshire ICB - 71E,E54000013,NHS Lincolnshire Integrated Care Board,E40000011,Midlands,SEP2022,Unknown,Other Practice staff,Face-to-Face,2 to 7 Days,1433
71E,E38000238,NHS Lincolnshire ICB - 71E,E54000013,NHS Lincolnshire Integrated Care Board,E40000011,Midlands,SEP2022,Unknown,Other Practice staff,Face-to-Face,22  to 28 Days,1540
71E,E38000238,NHS Lincolnshire ICB - 71E,E54000013,NHS Lincolnshire Integrated Care Board,E40000011,Midlands,SEP2022,Unknown,Other Practice staff,Face-to-Face,8  to 14 Days,2135
71E,E38000238,NHS Lincolnshire ICB - 71E,E54000013,NHS Lincolnshire Integrated Care Board,E40000011,Midlands,SEP2022,Unknown,Other Practice staff,Face-to-Face,More than 28 Days,2640
71E,E38000238,NHS Lincolnshire ICB - 71E,E54000013,NHS Lincolnshire Integrated Care Board,E40000011,Midlands,SEP2022,Unknown,Other Practice staff,Face-to-Face,Same Day,1380
71E,E38000238,NHS Lincolnshire ICB - 71E,E54000013,NHS Lincolnshire Integrated Care Board,E40000011,Midlands,SEP2022,Unknown,Other Practice staff,Face-to-Face,Unknown / Data Quality,219
71E,E38000238,NHS Lincolnshire ICB - 71E,E54000013,NHS Lincolnshire Integrated Care Board,E40000011,Midlands,SEP2022,Unknown,Other Practice staff,Home Visit,1 Day,12
71E,E38000238,NHS Lincolnshire ICB - 71E,E54000013,NHS Lincolnshire Integrated Care Board,E40000011,Midlands,SEP2022,Unknown,Other Practice staff,Home Visit,15  to 21 Days,20
71E,E38000238,NHS Lincolnshire ICB - 71E,E54000013,NHS Lincolnshire Integrated Care Board,E40000011,Midlands,SEP2022,Unknown,Other Practice staff,Home Visit,2 to 7 Days,53
71E,E38000238,NHS Lincolnshire ICB - 71E,E54000013,NHS Lincolnshire Integrated Care Board,E40000011,Midlands,SEP2022,Unknown,Other Practice staff,Home Visit,22  to 28 Days,10
71E,E38000238,NHS Lincolnshire ICB - 71E,E54000013,NHS Lincolnshire Integrated Care Board,E40000011,Midlands,SEP2022,Unknown,Other Practice staff,Home Visit,8  to 14 Days,45
71E,E38000238,NHS Lincolnshire ICB - 71E,E54000013,NHS Lincolnshire Integrated Care Board,E40000011,Midlands,SEP2022,Unknown,Other Practice staff,Home Visit,More than 28 Days,18
71E,E38000238,NHS Lincolnshire ICB - 71E,E54000013,NHS Lincolnshire Integrated Care Board,E40000011,Midlands,SEP2022,Unknown,Other Practice staff,Home Visit,Same Day,16
71E,E38000238,NHS Lincolnshire ICB - 71E,E54000013,NHS Lincolnshire Integrated Care Board,E40000011,Midlands,SEP2022,Unknown,Other Practice staff,Home Visit,Unknown / Data Quality,1
71E,E38000238,NHS Lincolnshire ICB - 71E,E54000013,NHS Lincolnshire Integrated Care Board,E40000011,Midlands,SEP2022,Unknown,Other Practice staff,Telephone,1 Day,68
71E,E38000238,NHS Lincolnshire ICB - 71E,E54000013,NHS Lincolnshire Integrated Care Board,E40000011,Midlands,SEP2022,Unknown,Other Practice staff,Telephone,15  to 21 Days,223
71E,E38000238,NHS Lincolnshire ICB - 71E,E54000013,NHS Lincolnshire Integrated Care Board,E40000011,Midlands,SEP2022,Unknown,Other Practice staff,Telephone,2 to 7 Days,197
71E,E38000238,NHS Lincolnshire ICB - 71E,E54000013,NHS Lincolnshire Integrated Care Board,E40000011,Midlands,SEP2022,Unknown,Other Practice staff,Telephone,22  to 28 Days,106
71E,E38000238,NHS Lincolnshire ICB - 71E,E54000013,NHS Lincolnshire Integrated Care Board,E40000011,Midlands,SEP2022,Unknown,Other Practice staff,Telephone,8  to 14 Days,276
71E,E38000238,NHS Lincolnshire ICB - 71E,E54000013,NHS Lincolnshire Integrated Care Board,E40000011,Midlands,SEP2022,Unknown,Other Practice staff,Telephone,More than 28 Days,86
71E,E38000238,NHS Lincolnshire ICB - 71E,E54000013,NHS Lincolnshire Integrated Care Board,E40000011,Midlands,SEP2022,Unknown,Other Practice staff,Telephone,Same Day,298
71E,E38000238,NHS Lincolnshire ICB - 71E,E54000013,NHS Lincolnshire Integrated Care Board,E40000011,Midlands,SEP2022,Unknown,Other Practice staff,Telephone,Unknown / Data Quality,1
71E,E38000238,NHS Lincolnshire ICB - 71E,E54000013,NHS Lincolnshire Integrated Care Board,E40000011,Midlands,SEP2022,Unknown,Other Practice staff,Video/Online,15  to 21 Days,1
71E,E38000238,NHS Lincolnshire ICB - 71E,E54000013,NHS Lincolnshire Integrated Care Board,E40000011,Midlands,SEP2022,Unknown,Other Practice staff,Video/Online,2 to 7 Days,2
71E,E38000238,NHS Lincolnshire ICB - 71E,E54000013,NHS Lincolnshire Integrated Care Board,E40000011,Midlands,SEP2022,Unknown,Other Practice staff,Video/Online,22  to 28 Days,11
71E,E38000238,NHS Lincolnshire ICB - 71E,E54000013,NHS Lincolnshire Integrated Care Board,E40000011,Midlands,SEP2022,Unknown,Other Practice staff,Video/Online,8  to 14 Days,5
71E,E38000238,NHS Lincolnshire ICB - 71E,E54000013,NHS Lincolnshire Integrated Care Board,E40000011,Midlands,SEP2022,Unknown,Other Practice staff,Video/Online,More than 28 Days,1
71E,E38000238,NHS Lincolnshire ICB - 71E,E54000013,NHS Lincolnshire Integrated Care Board,E40000011,Midlands,SEP2022,Unknown,Other Practice staff,Video/Online,Same Day,2
71E,E38000238,NHS Lincolnshire ICB - 71E,E54000013,NHS Lincolnshire Integrated Care Board,E40000011,Midlands,SEP2022,Unknown,Unknown,Unknown,1 Day,34
71E,E38000238,NHS Lincolnshire ICB - 71E,E54000013,NHS Lincolnshire Integrated Care Board,E40000011,Midlands,SEP2022,Unknown,Unknown,Unknown,15  to 21 Days,158
71E,E38000238,NHS Lincolnshire ICB - 71E,E54000013,NHS Lincolnshire Integrated Care Board,E40000011,Midlands,SEP2022,Unknown,Unknown,Unknown,2 to 7 Days,131
71E,E38000238,NHS Lincolnshire ICB - 71E,E54000013,NHS Lincolnshire Integrated Care Board,E40000011,Midlands,SEP2022,Unknown,Unknown,Unknown,22  to 28 Days,140
71E,E38000238,NHS Lincolnshire ICB - 71E,E54000013,NHS Lincolnshire Integrated Care Board,E40000011,Midlands,SEP2022,Unknown,Unknown,Unknown,8  to 14 Days,227
71E,E38000238,NHS Lincolnshire ICB - 71E,E54000013,NHS Lincolnshire Integrated Care Board,E40000011,Midlands,SEP2022,Unknown,Unknown,Unknown,More than 28 Days,192
71E,E38000238,NHS Lincolnshire ICB - 71E,E54000013,NHS Lincolnshire Integrated Care Board,E40000011,Midlands,SEP2022,Unknown,Unknown,Unknown,Same Day,70
71E,E38000238,NHS Lincolnshire ICB - 71E,E54000013,NHS Lincolnshire Integrated Care Board,E40000011,Midlands,SEP2022,Unknown,Unknown,Unknown,Unknown / Data Quality,1
71E,E38000238,NHS Lincolnshire ICB - 71E,E54000013,NHS Lincolnshire Integrated Care Board,E40000011,Midlands,OCT2022,Attended,GP,Face-to-Face,1 Day,7109
71E,E38000238,NHS Lincolnshire ICB - 71E,E54000013,NHS Lincolnshire Integrated Care Board,E40000011,Midlands,OCT2022,Attended,GP,Face-to-Face,15  to 21 Days,4320
71E,E38000238,NHS Lincolnshire ICB - 71E,E54000013,NHS Lincolnshire Integrated Care Board,E40000011,Midlands,OCT2022,Attended,GP,Face-to-Face,2 to 7 Days,12387
71E,E38000238,NHS Lincolnshire ICB - 71E,E54000013,NHS Lincolnshire Integrated Care Board,E40000011,Midlands,OCT2022,Attended,GP,Face-to-Face,22  to 28 Days,2343
71E,E38000238,NHS Lincolnshire ICB - 71E,E54000013,NHS Lincolnshire Integrated Care Board,E40000011,Midlands,OCT2022,Attended,GP,Face-to-Face,8  to 14 Days,7685
71E,E38000238,NHS Lincolnshire ICB - 71E,E54000013,NHS Lincolnshire Integrated Care Board,E40000011,Midlands,OCT2022,Attended,GP,Face-to-Face,More than 28 Days,5020
71E,E38000238,NHS Lincolnshire ICB - 71E,E54000013,NHS Lincolnshire Integrated Care Board,E40000011,Midlands,OCT2022,Attended,GP,Face-to-Face,Same Day,58652
71E,E38000238,NHS Lincolnshire ICB - 71E,E54000013,NHS Lincolnshire Integrated Care Board,E40000011,Midlands,OCT2022,Attended,GP,Face-to-Face,Unknown / Data Quality,90
71E,E38000238,NHS Lincolnshire ICB - 71E,E54000013,NHS Lincolnshire Integrated Care Board,E40000011,Midlands,OCT2022,Attended,GP,Home Visit,1 Day,59
71E,E38000238,NHS Lincolnshire ICB - 71E,E54000013,NHS Lincolnshire Integrated Care Board,E40000011,Midlands,OCT2022,Attended,GP,Home Visit,15  to 21 Days,3
71E,E38000238,NHS Lincolnshire ICB - 71E,E54000013,NHS Lincolnshire Integrated Care Board,E40000011,Midlands,OCT2022,Attended,GP,Home Visit,2 to 7 Days,35
71E,E38000238,NHS Lincolnshire ICB - 71E,E54000013,NHS Lincolnshire Integrated Care Board,E40000011,Midlands,OCT2022,Attended,GP,Home Visit,22  to 28 Days,2
71E,E38000238,NHS Lincolnshire ICB - 71E,E54000013,NHS Lincolnshire Integrated Care Board,E40000011,Midlands,OCT2022,Attended,GP,Home Visit,8  to 14 Days,5
71E,E38000238,NHS Lincolnshire ICB - 71E,E54000013,NHS Lincolnshire Integrated Care Board,E40000011,Midlands,OCT2022,Attended,GP,Home Visit,More than 28 Days,1
71E,E38000238,NHS Lincolnshire ICB - 71E,E54000013,NHS Lincolnshire Integrated Care Board,E40000011,Midlands,OCT2022,Attended,GP,Home Visit,Same Day,436
71E,E38000238,NHS Lincolnshire ICB - 71E,E54000013,NHS Lincolnshire Integrated Care Board,E40000011,Midlands,OCT2022,Attended,GP,Home Visit,Unknown / Data Quality,2
71E,E38000238,NHS Lincolnshire ICB - 71E,E54000013,NHS Lincolnshire Integrated Care Board,E40000011,Midlands,OCT2022,Attended,GP,Telephone,1 Day,3143
71E,E38000238,NHS Lincolnshire ICB - 71E,E54000013,NHS Lincolnshire Integrated Care Board,E40000011,Midlands,OCT2022,Attended,GP,Telephone,15  to 21 Days,1341
71E,E38000238,NHS Lincolnshire ICB - 71E,E54000013,NHS Lincolnshire Integrated Care Board,E40000011,Midlands,OCT2022,Attended,GP,Telephone,2 to 7 Days,6337
71E,E38000238,NHS Lincolnshire ICB - 71E,E54000013,NHS Lincolnshire Integrated Care Board,E40000011,Midlands,OCT2022,Attended,GP,Telephone,22  to 28 Days,463
71E,E38000238,NHS Lincolnshire ICB - 71E,E54000013,NHS Lincolnshire Integrated Care Board,E40000011,Midlands,OCT2022,Attended,GP,Telephone,8  to 14 Days,3233
71E,E38000238,NHS Lincolnshire ICB - 71E,E54000013,NHS Lincolnshire Integrated Care Board,E40000011,Midlands,OCT2022,Attended,GP,Telephone,More than 28 Days,220
71E,E38000238,NHS Lincolnshire ICB - 71E,E54000013,NHS Lincolnshire Integrated Care Board,E40000011,Midlands,OCT2022,Attended,GP,Telephone,Same Day,38191
71E,E38000238,NHS Lincolnshire ICB - 71E,E54000013,NHS Lincolnshire Integrated Care Board,E40000011,Midlands,OCT2022,Attended,GP,Telephone,Unknown / Data Quality,29
71E,E38000238,NHS Lincolnshire ICB - 71E,E54000013,NHS Lincolnshire Integrated Care Board,E40000011,Midlands,OCT2022,Attended,GP,Video/Online,1 Day,134
71E,E38000238,NHS Lincolnshire ICB - 71E,E54000013,NHS Lincolnshire Integrated Care Board,E40000011,Midlands,OCT2022,Attended,GP,Video/Online,15  to 21 Days,3
71E,E38000238,NHS Lincolnshire ICB - 71E,E54000013,NHS Lincolnshire Integrated Care Board,E40000011,Midlands,OCT2022,Attended,GP,Video/Online,2 to 7 Days,66
71E,E38000238,NHS Lincolnshire ICB - 71E,E54000013,NHS Lincolnshire Integrated Care Board,E40000011,Midlands,OCT2022,Attended,GP,Video/Online,8  to 14 Days,19
71E,E38000238,NHS Lincolnshire ICB - 71E,E54000013,NHS Lincolnshire Integrated Care Board,E40000011,Midlands,OCT2022,Attended,GP,Video/Online,More than 28 Days,1
71E,E38000238,NHS Lincolnshire ICB - 71E,E54000013,NHS Lincolnshire Integrated Care Board,E40000011,Midlands,OCT2022,Attended,GP,Video/Online,Same Day,547
71E,E38000238,NHS Lincolnshire ICB - 71E,E54000013,NHS Lincolnshire Integrated Care Board,E40000011,Midlands,OCT2022,Attended,GP,Video/Online,Unknown / Data Quality,9
71E,E38000238,NHS Lincolnshire ICB - 71E,E54000013,NHS Lincolnshire Integrated Care Board,E40000011,Midlands,OCT2022,Attended,Other Practice staff,Face-to-Face,1 Day,12164
71E,E38000238,NHS Lincolnshire ICB - 71E,E54000013,NHS Lincolnshire Integrated Care Board,E40000011,Midlands,OCT2022,Attended,Other Practice staff,Face-to-Face,15  to 21 Days,28193
71E,E38000238,NHS Lincolnshire ICB - 71E,E54000013,NHS Lincolnshire Integrated Care Board,E40000011,Midlands,OCT2022,Attended,Other Practice staff,Face-to-Face,2 to 7 Days,44930
71E,E38000238,NHS Lincolnshire ICB - 71E,E54000013,NHS Lincolnshire Integrated Care Board,E40000011,Midlands,OCT2022,Attended,Other Practice staff,Face-to-Face,22  to 28 Days,21420
71E,E38000238,NHS Lincolnshire ICB - 71E,E54000013,NHS Lincolnshire Integrated Care Board,E40000011,Midlands,OCT2022,Attended,Other Practice staff,Face-to-Face,8  to 14 Days,42018
71E,E38000238,NHS Lincolnshire ICB - 71E,E54000013,NHS Lincolnshire Integrated Care Board,E40000011,Midlands,OCT2022,Attended,Other Practice staff,Face-to-Face,More than 28 Days,29677
71E,E38000238,NHS Lincolnshire ICB - 71E,E54000013,NHS Lincolnshire Integrated Care Board,E40000011,Midlands,OCT2022,Attended,Other Practice staff,Face-to-Face,Same Day,59317
71E,E38000238,NHS Lincolnshire ICB - 71E,E54000013,NHS Lincolnshire Integrated Care Board,E40000011,Midlands,OCT2022,Attended,Other Practice staff,Face-to-Face,Unknown / Data Quality,98
71E,E38000238,NHS Lincolnshire ICB - 71E,E54000013,NHS Lincolnshire Integrated Care Board,E40000011,Midlands,OCT2022,Attended,Other Practice staff,Home Visit,1 Day,230
71E,E38000238,NHS Lincolnshire ICB - 71E,E54000013,NHS Lincolnshire Integrated Care Board,E40000011,Midlands,OCT2022,Attended,Other Practice staff,Home Visit,15  to 21 Days,109
71E,E38000238,NHS Lincolnshire ICB - 71E,E54000013,NHS Lincolnshire Integrated Care Board,E40000011,Midlands,OCT2022,Attended,Other Practice staff,Home Visit,2 to 7 Days,566
71E,E38000238,NHS Lincolnshire ICB - 71E,E54000013,NHS Lincolnshire Integrated Care Board,E40000011,Midlands,OCT2022,Attended,Other Practice staff,Home Visit,22  to 28 Days,81
71E,E38000238,NHS Lincolnshire ICB - 71E,E54000013,NHS Lincolnshire Integrated Care Board,E40000011,Midlands,OCT2022,Attended,Other Practice staff,Home Visit,8  to 14 Days,258
71E,E38000238,NHS Lincolnshire ICB - 71E,E54000013,NHS Lincolnshire Integrated Care Board,E40000011,Midlands,OCT2022,Attended,Other Practice staff,Home Visit,More than 28 Days,82
71E,E38000238,NHS Lincolnshire ICB - 71E,E54000013,NHS Lincolnshire Integrated Care Board,E40000011,Midlands,OCT2022,Attended,Other Practice staff,Home Visit,Same Day,906
71E,E38000238,NHS Lincolnshire ICB - 71E,E54000013,NHS Lincolnshire Integrated Care Board,E40000011,Midlands,OCT2022,Attended,Other Practice staff,Home Visit,Unknown / Data Quality,4
71E,E38000238,NHS Lincolnshire ICB - 71E,E54000013,NHS Lincolnshire Integrated Care Board,E40000011,Midlands,OCT2022,Attended,Other Practice staff,Telephone,1 Day,2827
71E,E38000238,NHS Lincolnshire ICB - 71E,E54000013,NHS Lincolnshire Integrated Care Board,E40000011,Midlands,OCT2022,Attended,Other Practice staff,Telephone,15  to 21 Days,1534
71E,E38000238,NHS Lincolnshire ICB - 71E,E54000013,NHS Lincolnshire Integrated Care Board,E40000011,Midlands,OCT2022,Attended,Other Practice staff,Telephone,2 to 7 Days,5739
71E,E38000238,NHS Lincolnshire ICB - 71E,E54000013,NHS Lincolnshire Integrated Care Board,E40000011,Midlands,OCT2022,Attended,Other Practice staff,Telephone,22  to 28 Days,868
71E,E38000238,NHS Lincolnshire ICB - 71E,E54000013,NHS Lincolnshire Integrated Care Board,E40000011,Midlands,OCT2022,Attended,Other Practice staff,Telephone,8  to 14 Days,2718
71E,E38000238,NHS Lincolnshire ICB - 71E,E54000013,NHS Lincolnshire Integrated Care Board,E40000011,Midlands,OCT2022,Attended,Other Practice staff,Telephone,More than 28 Days,754
71E,E38000238,NHS Lincolnshire ICB - 71E,E54000013,NHS Lincolnshire Integrated Care Board,E40000011,Midlands,OCT2022,Attended,Other Practice staff,Telephone,Same Day,25113
71E,E38000238,NHS Lincolnshire ICB - 71E,E54000013,NHS Lincolnshire Integrated Care Board,E40000011,Midlands,OCT2022,Attended,Other Practice staff,Telephone,Unknown / Data Quality,8
71E,E38000238,NHS Lincolnshire ICB - 71E,E54000013,NHS Lincolnshire Integrated Care Board,E40000011,Midlands,OCT2022,Attended,Other Practice staff,Video/Online,1 Day,108
71E,E38000238,NHS Lincolnshire ICB - 71E,E54000013,NHS Lincolnshire Integrated Care Board,E40000011,Midlands,OCT2022,Attended,Other Practice staff,Video/Online,15  to 21 Days,444
71E,E38000238,NHS Lincolnshire ICB - 71E,E54000013,NHS Lincolnshire Integrated Care Board,E40000011,Midlands,OCT2022,Attended,Other Practice staff,Video/Online,2 to 7 Days,252
71E,E38000238,NHS Lincolnshire ICB - 71E,E54000013,NHS Lincolnshire Integrated Care Board,E40000011,Midlands,OCT2022,Attended,Other Practice staff,Video/Online,22  to 28 Days,637
71E,E38000238,NHS Lincolnshire ICB - 71E,E54000013,NHS Lincolnshire Integrated Care Board,E40000011,Midlands,OCT2022,Attended,Other Practice staff,Video/Online,8  to 14 Days,396
71E,E38000238,NHS Lincolnshire ICB - 71E,E54000013,NHS Lincolnshire Integrated Care Board,E40000011,Midlands,OCT2022,Attended,Other Practice staff,Video/Online,More than 28 Days,1917
71E,E38000238,NHS Lincolnshire ICB - 71E,E54000013,NHS Lincolnshire Integrated Care Board,E40000011,Midlands,OCT2022,Attended,Other Practice staff,Video/Online,Same Day,699
71E,E38000238,NHS Lincolnshire ICB - 71E,E54000013,NHS Lincolnshire Integrated Care Board,E40000011,Midlands,OCT2022,Attended,Other Practice staff,Video/Online,Unknown / Data Quality,1
71E,E38000238,NHS Lincolnshire ICB - 71E,E54000013,NHS Lincolnshire Integrated Care Board,E40000011,Midlands,OCT2022,Attended,Unknown,Unknown,1 Day,1235
71E,E38000238,NHS Lincolnshire ICB - 71E,E54000013,NHS Lincolnshire Integrated Care Board,E40000011,Midlands,OCT2022,Attended,Unknown,Unknown,15  to 21 Days,843
71E,E38000238,NHS Lincolnshire ICB - 71E,E54000013,NHS Lincolnshire Integrated Care Board,E40000011,Midlands,OCT2022,Attended,Unknown,Unknown,2 to 7 Days,3180
71E,E38000238,NHS Lincolnshire ICB - 71E,E54000013,NHS Lincolnshire Integrated Care Board,E40000011,Midlands,OCT2022,Attended,Unknown,Unknown,22  to 28 Days,536
71E,E38000238,NHS Lincolnshire ICB - 71E,E54000013,NHS Lincolnshire Integrated Care Board,E40000011,Midlands,OCT2022,Attended,Unknown,Unknown,8  to 14 Days,1695
71E,E38000238,NHS Lincolnshire ICB - 71E,E54000013,NHS Lincolnshire Integrated Care Board,E40000011,Midlands,OCT2022,Attended,Unknown,Unknown,More than 28 Days,1377
71E,E38000238,NHS Lincolnshire ICB - 71E,E54000013,NHS Lincolnshire Integrated Care Board,E40000011,Midlands,OCT2022,Attended,Unknown,Unknown,Same Day,10094
71E,E38000238,NHS Lincolnshire ICB - 71E,E54000013,NHS Lincolnshire Integrated Care Board,E40000011,Midlands,OCT2022,Attended,Unknown,Unknown,Unknown / Data Quality,14
71E,E38000238,NHS Lincolnshire ICB - 71E,E54000013,NHS Lincolnshire Integrated Care Board,E40000011,Midlands,OCT2022,DNA,GP,Face-to-Face,1 Day,198
71E,E38000238,NHS Lincolnshire ICB - 71E,E54000013,NHS Lincolnshire Integrated Care Board,E40000011,Midlands,OCT2022,DNA,GP,Face-to-Face,15  to 21 Days,1427
71E,E38000238,NHS Lincolnshire ICB - 71E,E54000013,NHS Lincolnshire Integrated Care Board,E40000011,Midlands,OCT2022,DNA,GP,Face-to-Face,2 to 7 Days,694
71E,E38000238,NHS Lincolnshire ICB - 71E,E54000013,NHS Lincolnshire Integrated Care Board,E40000011,Midlands,OCT2022,DNA,GP,Face-to-Face,22  to 28 Days,423
71E,E38000238,NHS Lincolnshire ICB - 71E,E54000013,NHS Lincolnshire Integrated Care Board,E40000011,Midlands,OCT2022,DNA,GP,Face-to-Face,8  to 14 Days,809
71E,E38000238,NHS Lincolnshire ICB - 71E,E54000013,NHS Lincolnshire Integrated Care Board,E40000011,Midlands,OCT2022,DNA,GP,Face-to-Face,More than 28 Days,903
71E,E38000238,NHS Lincolnshire ICB - 71E,E54000013,NHS Lincolnshire Integrated Care Board,E40000011,Midlands,OCT2022,DNA,GP,Face-to-Face,Same Day,719
71E,E38000238,NHS Lincolnshire ICB - 71E,E54000013,NHS Lincolnshire Integrated Care Board,E40000011,Midlands,OCT2022,DNA,GP,Home Visit,1 Day,7
71E,E38000238,NHS Lincolnshire ICB - 71E,E54000013,NHS Lincolnshire Integrated Care Board,E40000011,Midlands,OCT2022,DNA,GP,Home Visit,2 to 7 Days,7
71E,E38000238,NHS Lincolnshire ICB - 71E,E54000013,NHS Lincolnshire Integrated Care Board,E40000011,Midlands,OCT2022,DNA,GP,Home Visit,8  to 14 Days,1
71E,E38000238,NHS Lincolnshire ICB - 71E,E54000013,NHS Lincolnshire Integrated Care Board,E40000011,Midlands,OCT2022,DNA,GP,Home Visit,Same Day,14
71E,E38000238,NHS Lincolnshire ICB - 71E,E54000013,NHS Lincolnshire Integrated Care Board,E40000011,Midlands,OCT2022,DNA,GP,Telephone,1 Day,27
71E,E38000238,NHS Lincolnshire ICB - 71E,E54000013,NHS Lincolnshire Integrated Care Board,E40000011,Midlands,OCT2022,DNA,GP,Telephone,15  to 21 Days,15
71E,E38000238,NHS Lincolnshire ICB - 71E,E54000013,NHS Lincolnshire Integrated Care Board,E40000011,Midlands,OCT2022,DNA,GP,Telephone,2 to 7 Days,55
71E,E38000238,NHS Lincolnshire ICB - 71E,E54000013,NHS Lincolnshire Integrated Care Board,E40000011,Midlands,OCT2022,DNA,GP,Telephone,22  to 28 Days,4
71E,E38000238,NHS Lincolnshire ICB - 71E,E54000013,NHS Lincolnshire Integrated Care Board,E40000011,Midlands,OCT2022,DNA,GP,Telephone,8  to 14 Days,26
71E,E38000238,NHS Lincolnshire ICB - 71E,E54000013,NHS Lincolnshire Integrated Care Board,E40000011,Midlands,OCT2022,DNA,GP,Telephone,More than 28 Days,1
71E,E38000238,NHS Lincolnshire ICB - 71E,E54000013,NHS Lincolnshire Integrated Care Board,E40000011,Midlands,OCT2022,DNA,GP,Telephone,Same Day,318
71E,E38000238,NHS Lincolnshire ICB - 71E,E54000013,NHS Lincolnshire Integrated Care Board,E40000011,Midlands,OCT2022,DNA,GP,Video/Online,1 Day,2
71E,E38000238,NHS Lincolnshire ICB - 71E,E54000013,NHS Lincolnshire Integrated Care Board,E40000011,Midlands,OCT2022,DNA,GP,Video/Online,2 to 7 Days,2
71E,E38000238,NHS Lincolnshire ICB - 71E,E54000013,NHS Lincolnshire Integrated Care Board,E40000011,Midlands,OCT2022,DNA,GP,Video/Online,Same Day,5
71E,E38000238,NHS Lincolnshire ICB - 71E,E54000013,NHS Lincolnshire Integrated Care Board,E40000011,Midlands,OCT2022,DNA,Other Practice staff,Face-to-Face,1 Day,688
71E,E38000238,NHS Lincolnshire ICB - 71E,E54000013,NHS Lincolnshire Integrated Care Board,E40000011,Midlands,OCT2022,DNA,Other Practice staff,Face-to-Face,15  to 21 Days,2880
71E,E38000238,NHS Lincolnshire ICB - 71E,E54000013,NHS Lincolnshire Integrated Care Board,E40000011,Midlands,OCT2022,DNA,Other Practice staff,Face-to-Face,2 to 7 Days,3310
71E,E38000238,NHS Lincolnshire ICB - 71E,E54000013,NHS Lincolnshire Integrated Care Board,E40000011,Midlands,OCT2022,DNA,Other Practice staff,Face-to-Face,22  to 28 Days,2333
71E,E38000238,NHS Lincolnshire ICB - 71E,E54000013,NHS Lincolnshire Integrated Care Board,E40000011,Midlands,OCT2022,DNA,Other Practice staff,Face-to-Face,8  to 14 Days,3863
71E,E38000238,NHS Lincolnshire ICB - 71E,E54000013,NHS Lincolnshire Integrated Care Board,E40000011,Midlands,OCT2022,DNA,Other Practice staff,Face-to-Face,More than 28 Days,3349
71E,E38000238,NHS Lincolnshire ICB - 71E,E54000013,NHS Lincolnshire Integrated Care Board,E40000011,Midlands,OCT2022,DNA,Other Practice staff,Face-to-Face,Same Day,1099
71E,E38000238,NHS Lincolnshire ICB - 71E,E54000013,NHS Lincolnshire Integrated Care Board,E40000011,Midlands,OCT2022,DNA,Other Practice staff,Face-to-Face,Unknown / Data Quality,2
71E,E38000238,NHS Lincolnshire ICB - 71E,E54000013,NHS Lincolnshire Integrated Care Board,E40000011,Midlands,OCT2022,DNA,Other Practice staff,Home Visit,1 Day,16
71E,E38000238,NHS Lincolnshire ICB - 71E,E54000013,NHS Lincolnshire Integrated Care Board,E40000011,Midlands,OCT2022,DNA,Other Practice staff,Home Visit,2 to 7 Days,14
71E,E38000238,NHS Lincolnshire ICB - 71E,E54000013,NHS Lincolnshire Integrated Care Board,E40000011,Midlands,OCT2022,DNA,Other Practice staff,Home Visit,22  to 28 Days,2
71E,E38000238,NHS Lincolnshire ICB - 71E,E54000013,NHS Lincolnshire Integrated Care Board,E40000011,Midlands,OCT2022,DNA,Other Practice staff,Home Visit,8  to 14 Days,2
71E,E38000238,NHS Lincolnshire ICB - 71E,E54000013,NHS Lincolnshire Integrated Care Board,E40000011,Midlands,OCT2022,DNA,Other Practice staff,Home Visit,More than 28 Days,3
71E,E38000238,NHS Lincolnshire ICB - 71E,E54000013,NHS Lincolnshire Integrated Care Board,E40000011,Midlands,OCT2022,DNA,Other Practice staff,Home Visit,Same Day,26
71E,E38000238,NHS Lincolnshire ICB - 71E,E54000013,NHS Lincolnshire Integrated Care Board,E40000011,Midlands,OCT2022,DNA,Other Practice staff,Telephone,1 Day,47
71E,E38000238,NHS Lincolnshire ICB - 71E,E54000013,NHS Lincolnshire Integrated Care Board,E40000011,Midlands,OCT2022,DNA,Other Practice staff,Telephone,15  to 21 Days,59
71E,E38000238,NHS Lincolnshire ICB - 71E,E54000013,NHS Lincolnshire Integrated Care Board,E40000011,Midlands,OCT2022,DNA,Other Practice staff,Telephone,2 to 7 Days,121
71E,E38000238,NHS Lincolnshire ICB - 71E,E54000013,NHS Lincolnshire Integrated Care Board,E40000011,Midlands,OCT2022,DNA,Other Practice staff,Telephone,22  to 28 Days,36
71E,E38000238,NHS Lincolnshire ICB - 71E,E54000013,NHS Lincolnshire Integrated Care Board,E40000011,Midlands,OCT2022,DNA,Other Practice staff,Telephone,8  to 14 Days,90
71E,E38000238,NHS Lincolnshire ICB - 71E,E54000013,NHS Lincolnshire Integrated Care Board,E40000011,Midlands,OCT2022,DNA,Other Practice staff,Telephone,More than 28 Days,29
71E,E38000238,NHS Lincolnshire ICB - 71E,E54000013,NHS Lincolnshire Integrated Care Board,E40000011,Midlands,OCT2022,DNA,Other Practice staff,Telephone,Same Day,211
71E,E38000238,NHS Lincolnshire ICB - 71E,E54000013,NHS Lincolnshire Integrated Care Board,E40000011,Midlands,OCT2022,DNA,Other Practice staff,Video/Online,1 Day,6
71E,E38000238,NHS Lincolnshire ICB - 71E,E54000013,NHS Lincolnshire Integrated Care Board,E40000011,Midlands,OCT2022,DNA,Other Practice staff,Video/Online,15  to 21 Days,32
71E,E38000238,NHS Lincolnshire ICB - 71E,E54000013,NHS Lincolnshire Integrated Care Board,E40000011,Midlands,OCT2022,DNA,Other Practice staff,Video/Online,2 to 7 Days,15
71E,E38000238,NHS Lincolnshire ICB - 71E,E54000013,NHS Lincolnshire Integrated Care Board,E40000011,Midlands,OCT2022,DNA,Other Practice staff,Video/Online,22  to 28 Days,26
71E,E38000238,NHS Lincolnshire ICB - 71E,E54000013,NHS Lincolnshire Integrated Care Board,E40000011,Midlands,OCT2022,DNA,Other Practice staff,Video/Online,8  to 14 Days,24
71E,E38000238,NHS Lincolnshire ICB - 71E,E54000013,NHS Lincolnshire Integrated Care Board,E40000011,Midlands,OCT2022,DNA,Other Practice staff,Video/Online,More than 28 Days,30
71E,E38000238,NHS Lincolnshire ICB - 71E,E54000013,NHS Lincolnshire Integrated Care Board,E40000011,Midlands,OCT2022,DNA,Other Practice staff,Video/Online,Same Day,5
71E,E38000238,NHS Lincolnshire ICB - 71E,E54000013,NHS Lincolnshire Integrated Care Board,E40000011,Midlands,OCT2022,DNA,Unknown,Unknown,1 Day,33
71E,E38000238,NHS Lincolnshire ICB - 71E,E54000013,NHS Lincolnshire Integrated Care Board,E40000011,Midlands,OCT2022,DNA,Unknown,Unknown,15  to 21 Days,105
71E,E38000238,NHS Lincolnshire ICB - 71E,E54000013,NHS Lincolnshire Integrated Care Board,E40000011,Midlands,OCT2022,DNA,Unknown,Unknown,2 to 7 Days,182
71E,E38000238,NHS Lincolnshire ICB - 71E,E54000013,NHS Lincolnshire Integrated Care Board,E40000011,Midlands,OCT2022,DNA,Unknown,Unknown,22  to 28 Days,40
71E,E38000238,NHS Lincolnshire ICB - 71E,E54000013,NHS Lincolnshire Integrated Care Board,E40000011,Midlands,OCT2022,DNA,Unknown,Unknown,8  to 14 Days,115
71E,E38000238,NHS Lincolnshire ICB - 71E,E54000013,NHS Lincolnshire Integrated Care Board,E40000011,Midlands,OCT2022,DNA,Unknown,Unknown,More than 28 Days,812
71E,E38000238,NHS Lincolnshire ICB - 71E,E54000013,NHS Lincolnshire Integrated Care Board,E40000011,Midlands,OCT2022,DNA,Unknown,Unknown,Same Day,63
71E,E38000238,NHS Lincolnshire ICB - 71E,E54000013,NHS Lincolnshire Integrated Care Board,E40000011,Midlands,OCT2022,Unknown,GP,Face-to-Face,1 Day,161
71E,E38000238,NHS Lincolnshire ICB - 71E,E54000013,NHS Lincolnshire Integrated Care Board,E40000011,Midlands,OCT2022,Unknown,GP,Face-to-Face,15  to 21 Days,353
71E,E38000238,NHS Lincolnshire ICB - 71E,E54000013,NHS Lincolnshire Integrated Care Board,E40000011,Midlands,OCT2022,Unknown,GP,Face-to-Face,2 to 7 Days,543
71E,E38000238,NHS Lincolnshire ICB - 71E,E54000013,NHS Lincolnshire Integrated Care Board,E40000011,Midlands,OCT2022,Unknown,GP,Face-to-Face,22  to 28 Days,331
71E,E38000238,NHS Lincolnshire ICB - 71E,E54000013,NHS Lincolnshire Integrated Care Board,E40000011,Midlands,OCT2022,Unknown,GP,Face-to-Face,8  to 14 Days,473
71E,E38000238,NHS Lincolnshire ICB - 71E,E54000013,NHS Lincolnshire Integrated Care Board,E40000011,Midlands,OCT2022,Unknown,GP,Face-to-Face,More than 28 Days,1624
71E,E38000238,NHS Lincolnshire ICB - 71E,E54000013,NHS Lincolnshire Integrated Care Board,E40000011,Midlands,OCT2022,Unknown,GP,Face-to-Face,Same Day,456
71E,E38000238,NHS Lincolnshire ICB - 71E,E54000013,NHS Lincolnshire Integrated Care Board,E40000011,Midlands,OCT2022,Unknown,GP,Home Visit,1 Day,1
71E,E38000238,NHS Lincolnshire ICB - 71E,E54000013,NHS Lincolnshire Integrated Care Board,E40000011,Midlands,OCT2022,Unknown,GP,Home Visit,15  to 21 Days,1
71E,E38000238,NHS Lincolnshire ICB - 71E,E54000013,NHS Lincolnshire Integrated Care Board,E40000011,Midlands,OCT2022,Unknown,GP,Home Visit,2 to 7 Days,5
71E,E38000238,NHS Lincolnshire ICB - 71E,E54000013,NHS Lincolnshire Integrated Care Board,E40000011,Midlands,OCT2022,Unknown,GP,Home Visit,22  to 28 Days,3
71E,E38000238,NHS Lincolnshire ICB - 71E,E54000013,NHS Lincolnshire Integrated Care Board,E40000011,Midlands,OCT2022,Unknown,GP,Home Visit,8  to 14 Days,2
71E,E38000238,NHS Lincolnshire ICB - 71E,E54000013,NHS Lincolnshire Integrated Care Board,E40000011,Midlands,OCT2022,Unknown,GP,Home Visit,More than 28 Days,4
71E,E38000238,NHS Lincolnshire ICB - 71E,E54000013,NHS Lincolnshire Integrated Care Board,E40000011,Midlands,OCT2022,Unknown,GP,Home Visit,Same Day,3
71E,E38000238,NHS Lincolnshire ICB - 71E,E54000013,NHS Lincolnshire Integrated Care Board,E40000011,Midlands,OCT2022,Unknown,GP,Telephone,1 Day,80
71E,E38000238,NHS Lincolnshire ICB - 71E,E54000013,NHS Lincolnshire Integrated Care Board,E40000011,Midlands,OCT2022,Unknown,GP,Telephone,15  to 21 Days,64
71E,E38000238,NHS Lincolnshire ICB - 71E,E54000013,NHS Lincolnshire Integrated Care Board,E40000011,Midlands,OCT2022,Unknown,GP,Telephone,2 to 7 Days,160
71E,E38000238,NHS Lincolnshire ICB - 71E,E54000013,NHS Lincolnshire Integrated Care Board,E40000011,Midlands,OCT2022,Unknown,GP,Telephone,22  to 28 Days,50
71E,E38000238,NHS Lincolnshire ICB - 71E,E54000013,NHS Lincolnshire Integrated Care Board,E40000011,Midlands,OCT2022,Unknown,GP,Telephone,8  to 14 Days,153
71E,E38000238,NHS Lincolnshire ICB - 71E,E54000013,NHS Lincolnshire Integrated Care Board,E40000011,Midlands,OCT2022,Unknown,GP,Telephone,More than 28 Days,39
71E,E38000238,NHS Lincolnshire ICB - 71E,E54000013,NHS Lincolnshire Integrated Care Board,E40000011,Midlands,OCT2022,Unknown,GP,Telephone,Same Day,326
71E,E38000238,NHS Lincolnshire ICB - 71E,E54000013,NHS Lincolnshire Integrated Care Board,E40000011,Midlands,OCT2022,Unknown,GP,Video/Online,1 Day,1
71E,E38000238,NHS Lincolnshire ICB - 71E,E54000013,NHS Lincolnshire Integrated Care Board,E40000011,Midlands,OCT2022,Unknown,GP,Video/Online,Same Day,10
71E,E38000238,NHS Lincolnshire ICB - 71E,E54000013,NHS Lincolnshire Integrated Care Board,E40000011,Midlands,OCT2022,Unknown,Other Practice staff,Face-to-Face,1 Day,291
71E,E38000238,NHS Lincolnshire ICB - 71E,E54000013,NHS Lincolnshire Integrated Care Board,E40000011,Midlands,OCT2022,Unknown,Other Practice staff,Face-to-Face,15  to 21 Days,1606
71E,E38000238,NHS Lincolnshire ICB - 71E,E54000013,NHS Lincolnshire Integrated Care Board,E40000011,Midlands,OCT2022,Unknown,Other Practice staff,Face-to-Face,2 to 7 Days,2226
71E,E38000238,NHS Lincolnshire ICB - 71E,E54000013,NHS Lincolnshire Integrated Care Board,E40000011,Midlands,OCT2022,Unknown,Other Practice staff,Face-to-Face,22  to 28 Days,2061
71E,E38000238,NHS Lincolnshire ICB - 71E,E54000013,NHS Lincolnshire Integrated Care Board,E40000011,Midlands,OCT2022,Unknown,Other Practice staff,Face-to-Face,8  to 14 Days,2175
71E,E38000238,NHS Lincolnshire ICB - 71E,E54000013,NHS Lincolnshire Integrated Care Board,E40000011,Midlands,OCT2022,Unknown,Other Practice staff,Face-to-Face,More than 28 Days,3097
71E,E38000238,NHS Lincolnshire ICB - 71E,E54000013,NHS Lincolnshire Integrated Care Board,E40000011,Midlands,OCT2022,Unknown,Other Practice staff,Face-to-Face,Same Day,939
71E,E38000238,NHS Lincolnshire ICB - 71E,E54000013,NHS Lincolnshire Integrated Care Board,E40000011,Midlands,OCT2022,Unknown,Other Practice staff,Face-to-Face,Unknown / Data Quality,8
71E,E38000238,NHS Lincolnshire ICB - 71E,E54000013,NHS Lincolnshire Integrated Care Board,E40000011,Midlands,OCT2022,Unknown,Other Practice staff,Home Visit,1 Day,10
71E,E38000238,NHS Lincolnshire ICB - 71E,E54000013,NHS Lincolnshire Integrated Care Board,E40000011,Midlands,OCT2022,Unknown,Other Practice staff,Home Visit,15  to 21 Days,19
71E,E38000238,NHS Lincolnshire ICB - 71E,E54000013,NHS Lincolnshire Integrated Care Board,E40000011,Midlands,OCT2022,Unknown,Other Practice staff,Home Visit,2 to 7 Days,22
71E,E38000238,NHS Lincolnshire ICB - 71E,E54000013,NHS Lincolnshire Integrated Care Board,E40000011,Midlands,OCT2022,Unknown,Other Practice staff,Home Visit,22  to 28 Days,5
71E,E38000238,NHS Lincolnshire ICB - 71E,E54000013,NHS Lincolnshire Integrated Care Board,E40000011,Midlands,OCT2022,Unknown,Other Practice staff,Home Visit,8  to 14 Days,26
71E,E38000238,NHS Lincolnshire ICB - 71E,E54000013,NHS Lincolnshire Integrated Care Board,E40000011,Midlands,OCT2022,Unknown,Other Practice staff,Home Visit,More than 28 Days,44
71E,E38000238,NHS Lincolnshire ICB - 71E,E54000013,NHS Lincolnshire Integrated Care Board,E40000011,Midlands,OCT2022,Unknown,Other Practice staff,Home Visit,Same Day,21
71E,E38000238,NHS Lincolnshire ICB - 71E,E54000013,NHS Lincolnshire Integrated Care Board,E40000011,Midlands,OCT2022,Unknown,Other Practice staff,Telephone,1 Day,74
71E,E38000238,NHS Lincolnshire ICB - 71E,E54000013,NHS Lincolnshire Integrated Care Board,E40000011,Midlands,OCT2022,Unknown,Other Practice staff,Telephone,15  to 21 Days,182
71E,E38000238,NHS Lincolnshire ICB - 71E,E54000013,NHS Lincolnshire Integrated Care Board,E40000011,Midlands,OCT2022,Unknown,Other Practice staff,Telephone,2 to 7 Days,279
71E,E38000238,NHS Lincolnshire ICB - 71E,E54000013,NHS Lincolnshire Integrated Care Board,E40000011,Midlands,OCT2022,Unknown,Other Practice staff,Telephone,22  to 28 Days,76
71E,E38000238,NHS Lincolnshire ICB - 71E,E54000013,NHS Lincolnshire Integrated Care Board,E40000011,Midlands,OCT2022,Unknown,Other Practice staff,Telephone,8  to 14 Days,245
71E,E38000238,NHS Lincolnshire ICB - 71E,E54000013,NHS Lincolnshire Integrated Care Board,E40000011,Midlands,OCT2022,Unknown,Other Practice staff,Telephone,More than 28 Days,59
71E,E38000238,NHS Lincolnshire ICB - 71E,E54000013,NHS Lincolnshire Integrated Care Board,E40000011,Midlands,OCT2022,Unknown,Other Practice staff,Telephone,Same Day,299
71E,E38000238,NHS Lincolnshire ICB - 71E,E54000013,NHS Lincolnshire Integrated Care Board,E40000011,Midlands,OCT2022,Unknown,Other Practice staff,Video/Online,1 Day,2
71E,E38000238,NHS Lincolnshire ICB - 71E,E54000013,NHS Lincolnshire Integrated Care Board,E40000011,Midlands,OCT2022,Unknown,Other Practice staff,Video/Online,15  to 21 Days,13
71E,E38000238,NHS Lincolnshire ICB - 71E,E54000013,NHS Lincolnshire Integrated Care Board,E40000011,Midlands,OCT2022,Unknown,Other Practice staff,Video/Online,2 to 7 Days,2
71E,E38000238,NHS Lincolnshire ICB - 71E,E54000013,NHS Lincolnshire Integrated Care Board,E40000011,Midlands,OCT2022,Unknown,Other Practice staff,Video/Online,22  to 28 Days,16
71E,E38000238,NHS Lincolnshire ICB - 71E,E54000013,NHS Lincolnshire Integrated Care Board,E40000011,Midlands,OCT2022,Unknown,Other Practice staff,Video/Online,8  to 14 Days,9
71E,E38000238,NHS Lincolnshire ICB - 71E,E54000013,NHS Lincolnshire Integrated Care Board,E40000011,Midlands,OCT2022,Unknown,Other Practice staff,Video/Online,More than 28 Days,27
71E,E38000238,NHS Lincolnshire ICB - 71E,E54000013,NHS Lincolnshire Integrated Care Board,E40000011,Midlands,OCT2022,Unknown,Other Practice staff,Video/Online,Same Day,5
71E,E38000238,NHS Lincolnshire ICB - 71E,E54000013,NHS Lincolnshire Integrated Care Board,E40000011,Midlands,OCT2022,Unknown,Unknown,Home Visit,Same Day,1
71E,E38000238,NHS Lincolnshire ICB - 71E,E54000013,NHS Lincolnshire Integrated Care Board,E40000011,Midlands,OCT2022,Unknown,Unknown,Unknown,1 Day,25
71E,E38000238,NHS Lincolnshire ICB - 71E,E54000013,NHS Lincolnshire Integrated Care Board,E40000011,Midlands,OCT2022,Unknown,Unknown,Unknown,15  to 21 Days,142
71E,E38000238,NHS Lincolnshire ICB - 71E,E54000013,NHS Lincolnshire Integrated Care Board,E40000011,Midlands,OCT2022,Unknown,Unknown,Unknown,2 to 7 Days,140
71E,E38000238,NHS Lincolnshire ICB - 71E,E54000013,NHS Lincolnshire Integrated Care Board,E40000011,Midlands,OCT2022,Unknown,Unknown,Unknown,22  to 28 Days,150
71E,E38000238,NHS Lincolnshire ICB - 71E,E54000013,NHS Lincolnshire Integrated Care Board,E40000011,Midlands,OCT2022,Unknown,Unknown,Unknown,8  to 14 Days,213
71E,E38000238,NHS Lincolnshire ICB - 71E,E54000013,NHS Lincolnshire Integrated Care Board,E40000011,Midlands,OCT2022,Unknown,Unknown,Unknown,More than 28 Days,247
71E,E38000238,NHS Lincolnshire ICB - 71E,E54000013,NHS Lincolnshire Integrated Care Board,E40000011,Midlands,OCT2022,Unknown,Unknown,Unknown,Same Day,78
71E,E38000238,NHS Lincolnshire ICB - 71E,E54000013,NHS Lincolnshire Integrated Care Board,E40000011,Midlands,OCT2022,Unknown,Unknown,Unknown,Unknown / Data Quality,1
71E,E38000238,NHS Lincolnshire ICB - 71E,E54000013,NHS Lincolnshire Integrated Care Board,E40000011,Midlands,NOV2022,Attended,GP,Face-to-Face,1 Day,7744
71E,E38000238,NHS Lincolnshire ICB - 71E,E54000013,NHS Lincolnshire Integrated Care Board,E40000011,Midlands,NOV2022,Attended,GP,Face-to-Face,15  to 21 Days,3333
71E,E38000238,NHS Lincolnshire ICB - 71E,E54000013,NHS Lincolnshire Integrated Care Board,E40000011,Midlands,NOV2022,Attended,GP,Face-to-Face,2 to 7 Days,12313
71E,E38000238,NHS Lincolnshire ICB - 71E,E54000013,NHS Lincolnshire Integrated Care Board,E40000011,Midlands,NOV2022,Attended,GP,Face-to-Face,22  to 28 Days,2193
71E,E38000238,NHS Lincolnshire ICB - 71E,E54000013,NHS Lincolnshire Integrated Care Board,E40000011,Midlands,NOV2022,Attended,GP,Face-to-Face,8  to 14 Days,6348
71E,E38000238,NHS Lincolnshire ICB - 71E,E54000013,NHS Lincolnshire Integrated Care Board,E40000011,Midlands,NOV2022,Attended,GP,Face-to-Face,More than 28 Days,1420
71E,E38000238,NHS Lincolnshire ICB - 71E,E54000013,NHS Lincolnshire Integrated Care Board,E40000011,Midlands,NOV2022,Attended,GP,Face-to-Face,Same Day,60935
71E,E38000238,NHS Lincolnshire ICB - 71E,E54000013,NHS Lincolnshire Integrated Care Board,E40000011,Midlands,NOV2022,Attended,GP,Face-to-Face,Unknown / Data Quality,121
71E,E38000238,NHS Lincolnshire ICB - 71E,E54000013,NHS Lincolnshire Integrated Care Board,E40000011,Midlands,NOV2022,Attended,GP,Home Visit,1 Day,59
71E,E38000238,NHS Lincolnshire ICB - 71E,E54000013,NHS Lincolnshire Integrated Care Board,E40000011,Midlands,NOV2022,Attended,GP,Home Visit,15  to 21 Days,1
71E,E38000238,NHS Lincolnshire ICB - 71E,E54000013,NHS Lincolnshire Integrated Care Board,E40000011,Midlands,NOV2022,Attended,GP,Home Visit,2 to 7 Days,45
71E,E38000238,NHS Lincolnshire ICB - 71E,E54000013,NHS Lincolnshire Integrated Care Board,E40000011,Midlands,NOV2022,Attended,GP,Home Visit,22  to 28 Days,1
71E,E38000238,NHS Lincolnshire ICB - 71E,E54000013,NHS Lincolnshire Integrated Care Board,E40000011,Midlands,NOV2022,Attended,GP,Home Visit,8  to 14 Days,3
71E,E38000238,NHS Lincolnshire ICB - 71E,E54000013,NHS Lincolnshire Integrated Care Board,E40000011,Midlands,NOV2022,Attended,GP,Home Visit,Same Day,457
71E,E38000238,NHS Lincolnshire ICB - 71E,E54000013,NHS Lincolnshire Integrated Care Board,E40000011,Midlands,NOV2022,Attended,GP,Home Visit,Unknown / Data Quality,6
71E,E38000238,NHS Lincolnshire ICB - 71E,E54000013,NHS Lincolnshire Integrated Care Board,E40000011,Midlands,NOV2022,Attended,GP,Telephone,1 Day,3829
71E,E38000238,NHS Lincolnshire ICB - 71E,E54000013,NHS Lincolnshire Integrated Care Board,E40000011,Midlands,NOV2022,Attended,GP,Telephone,15  to 21 Days,1273
71E,E38000238,NHS Lincolnshire ICB - 71E,E54000013,NHS Lincolnshire Integrated Care Board,E40000011,Midlands,NOV2022,Attended,GP,Telephone,2 to 7 Days,7802
71E,E38000238,NHS Lincolnshire ICB - 71E,E54000013,NHS Lincolnshire Integrated Care Board,E40000011,Midlands,NOV2022,Attended,GP,Telephone,22  to 28 Days,519
71E,E38000238,NHS Lincolnshire ICB - 71E,E54000013,NHS Lincolnshire Integrated Care Board,E40000011,Midlands,NOV2022,Attended,GP,Telephone,8  to 14 Days,3978
71E,E38000238,NHS Lincolnshire ICB - 71E,E54000013,NHS Lincolnshire Integrated Care Board,E40000011,Midlands,NOV2022,Attended,GP,Telephone,More than 28 Days,302
71E,E38000238,NHS Lincolnshire ICB - 71E,E54000013,NHS Lincolnshire Integrated Care Board,E40000011,Midlands,NOV2022,Attended,GP,Telephone,Same Day,39063
71E,E38000238,NHS Lincolnshire ICB - 71E,E54000013,NHS Lincolnshire Integrated Care Board,E40000011,Midlands,NOV2022,Attended,GP,Telephone,Unknown / Data Quality,37
71E,E38000238,NHS Lincolnshire ICB - 71E,E54000013,NHS Lincolnshire Integrated Care Board,E40000011,Midlands,NOV2022,Attended,GP,Video/Online,1 Day,220
71E,E38000238,NHS Lincolnshire ICB - 71E,E54000013,NHS Lincolnshire Integrated Care Board,E40000011,Midlands,NOV2022,Attended,GP,Video/Online,15  to 21 Days,7
71E,E38000238,NHS Lincolnshire ICB - 71E,E54000013,NHS Lincolnshire Integrated Care Board,E40000011,Midlands,NOV2022,Attended,GP,Video/Online,2 to 7 Days,143
71E,E38000238,NHS Lincolnshire ICB - 71E,E54000013,NHS Lincolnshire Integrated Care Board,E40000011,Midlands,NOV2022,Attended,GP,Video/Online,22  to 28 Days,6
71E,E38000238,NHS Lincolnshire ICB - 71E,E54000013,NHS Lincolnshire Integrated Care Board,E40000011,Midlands,NOV2022,Attended,GP,Video/Online,8  to 14 Days,23
71E,E38000238,NHS Lincolnshire ICB - 71E,E54000013,NHS Lincolnshire Integrated Care Board,E40000011,Midlands,NOV2022,Attended,GP,Video/Online,More than 28 Days,1
71E,E38000238,NHS Lincolnshire ICB - 71E,E54000013,NHS Lincolnshire Integrated Care Board,E40000011,Midlands,NOV2022,Attended,GP,Video/Online,Same Day,565
71E,E38000238,NHS Lincolnshire ICB - 71E,E54000013,NHS Lincolnshire Integrated Care Board,E40000011,Midlands,NOV2022,Attended,GP,Video/Online,Unknown / Data Quality,6
71E,E38000238,NHS Lincolnshire ICB - 71E,E54000013,NHS Lincolnshire Integrated Care Board,E40000011,Midlands,NOV2022,Attended,Other Practice staff,Face-to-Face,1 Day,12576
71E,E38000238,NHS Lincolnshire ICB - 71E,E54000013,NHS Lincolnshire Integrated Care Board,E40000011,Midlands,NOV2022,Attended,Other Practice staff,Face-to-Face,15  to 21 Days,25513
71E,E38000238,NHS Lincolnshire ICB - 71E,E54000013,NHS Lincolnshire Integrated Care Board,E40000011,Midlands,NOV2022,Attended,Other Practice staff,Face-to-Face,2 to 7 Days,42732
71E,E38000238,NHS Lincolnshire ICB - 71E,E54000013,NHS Lincolnshire Integrated Care Board,E40000011,Midlands,NOV2022,Attended,Other Practice staff,Face-to-Face,22  to 28 Days,16465
71E,E38000238,NHS Lincolnshire ICB - 71E,E54000013,NHS Lincolnshire Integrated Care Board,E40000011,Midlands,NOV2022,Attended,Other Practice staff,Face-to-Face,8  to 14 Days,40437
71E,E38000238,NHS Lincolnshire ICB - 71E,E54000013,NHS Lincolnshire Integrated Care Board,E40000011,Midlands,NOV2022,Attended,Other Practice staff,Face-to-Face,More than 28 Days,16796
71E,E38000238,NHS Lincolnshire ICB - 71E,E54000013,NHS Lincolnshire Integrated Care Board,E40000011,Midlands,NOV2022,Attended,Other Practice staff,Face-to-Face,Same Day,55215
71E,E38000238,NHS Lincolnshire ICB - 71E,E54000013,NHS Lincolnshire Integrated Care Board,E40000011,Midlands,NOV2022,Attended,Other Practice staff,Face-to-Face,Unknown / Data Quality,111
71E,E38000238,NHS Lincolnshire ICB - 71E,E54000013,NHS Lincolnshire Integrated Care Board,E40000011,Midlands,NOV2022,Attended,Other Practice staff,Home Visit,1 Day,203
71E,E38000238,NHS Lincolnshire ICB - 71E,E54000013,NHS Lincolnshire Integrated Care Board,E40000011,Midlands,NOV2022,Attended,Other Practice staff,Home Visit,15  to 21 Days,151
71E,E38000238,NHS Lincolnshire ICB - 71E,E54000013,NHS Lincolnshire Integrated Care Board,E40000011,Midlands,NOV2022,Attended,Other Practice staff,Home Visit,2 to 7 Days,571
71E,E38000238,NHS Lincolnshire ICB - 71E,E54000013,NHS Lincolnshire Integrated Care Board,E40000011,Midlands,NOV2022,Attended,Other Practice staff,Home Visit,22  to 28 Days,100
71E,E38000238,NHS Lincolnshire ICB - 71E,E54000013,NHS Lincolnshire Integrated Care Board,E40000011,Midlands,NOV2022,Attended,Other Practice staff,Home Visit,8  to 14 Days,268
71E,E38000238,NHS Lincolnshire ICB - 71E,E54000013,NHS Lincolnshire Integrated Care Board,E40000011,Midlands,NOV2022,Attended,Other Practice staff,Home Visit,More than 28 Days,161
71E,E38000238,NHS Lincolnshire ICB - 71E,E54000013,NHS Lincolnshire Integrated Care Board,E40000011,Midlands,NOV2022,Attended,Other Practice staff,Home Visit,Same Day,1085
71E,E38000238,NHS Lincolnshire ICB - 71E,E54000013,NHS Lincolnshire Integrated Care Board,E40000011,Midlands,NOV2022,Attended,Other Practice staff,Home Visit,Unknown / Data Quality,55
71E,E38000238,NHS Lincolnshire ICB - 71E,E54000013,NHS Lincolnshire Integrated Care Board,E40000011,Midlands,NOV2022,Attended,Other Practice staff,Telephone,1 Day,3195
71E,E38000238,NHS Lincolnshire ICB - 71E,E54000013,NHS Lincolnshire Integrated Care Board,E40000011,Midlands,NOV2022,Attended,Other Practice staff,Telephone,15  to 21 Days,1686
71E,E38000238,NHS Lincolnshire ICB - 71E,E54000013,NHS Lincolnshire Integrated Care Board,E40000011,Midlands,NOV2022,Attended,Other Practice staff,Telephone,2 to 7 Days,6211
71E,E38000238,NHS Lincolnshire ICB - 71E,E54000013,NHS Lincolnshire Integrated Care Board,E40000011,Midlands,NOV2022,Attended,Other Practice staff,Telephone,22  to 28 Days,961
71E,E38000238,NHS Lincolnshire ICB - 71E,E54000013,NHS Lincolnshire Integrated Care Board,E40000011,Midlands,NOV2022,Attended,Other Practice staff,Telephone,8  to 14 Days,3613
71E,E38000238,NHS Lincolnshire ICB - 71E,E54000013,NHS Lincolnshire Integrated Care Board,E40000011,Midlands,NOV2022,Attended,Other Practice staff,Telephone,More than 28 Days,1059
71E,E38000238,NHS Lincolnshire ICB - 71E,E54000013,NHS Lincolnshire Integrated Care Board,E40000011,Midlands,NOV2022,Attended,Other Practice staff,Telephone,Same Day,27648
71E,E38000238,NHS Lincolnshire ICB - 71E,E54000013,NHS Lincolnshire Integrated Care Board,E40000011,Midlands,NOV2022,Attended,Other Practice staff,Telephone,Unknown / Data Quality,8
71E,E38000238,NHS Lincolnshire ICB - 71E,E54000013,NHS Lincolnshire Integrated Care Board,E40000011,Midlands,NOV2022,Attended,Other Practice staff,Video/Online,1 Day,185
71E,E38000238,NHS Lincolnshire ICB - 71E,E54000013,NHS Lincolnshire Integrated Care Board,E40000011,Midlands,NOV2022,Attended,Other Practice staff,Video/Online,15  to 21 Days,80
71E,E38000238,NHS Lincolnshire ICB - 71E,E54000013,NHS Lincolnshire Integrated Care Board,E40000011,Midlands,NOV2022,Attended,Other Practice staff,Video/Online,2 to 7 Days,133
71E,E38000238,NHS Lincolnshire ICB - 71E,E54000013,NHS Lincolnshire Integrated Care Board,E40000011,Midlands,NOV2022,Attended,Other Practice staff,Video/Online,22  to 28 Days,77
71E,E38000238,NHS Lincolnshire ICB - 71E,E54000013,NHS Lincolnshire Integrated Care Board,E40000011,Midlands,NOV2022,Attended,Other Practice staff,Video/Online,8  to 14 Days,127
71E,E38000238,NHS Lincolnshire ICB - 71E,E54000013,NHS Lincolnshire Integrated Care Board,E40000011,Midlands,NOV2022,Attended,Other Practice staff,Video/Online,More than 28 Days,1160
71E,E38000238,NHS Lincolnshire ICB - 71E,E54000013,NHS Lincolnshire Integrated Care Board,E40000011,Midlands,NOV2022,Attended,Other Practice staff,Video/Online,Same Day,567
71E,E38000238,NHS Lincolnshire ICB - 71E,E54000013,NHS Lincolnshire Integrated Care Board,E40000011,Midlands,NOV2022,Attended,Unknown,Unknown,1 Day,1611
71E,E38000238,NHS Lincolnshire ICB - 71E,E54000013,NHS Lincolnshire Integrated Care Board,E40000011,Midlands,NOV2022,Attended,Unknown,Unknown,15  to 21 Days,1004
71E,E38000238,NHS Lincolnshire ICB - 71E,E54000013,NHS Lincolnshire Integrated Care Board,E40000011,Midlands,NOV2022,Attended,Unknown,Unknown,2 to 7 Days,3507
71E,E38000238,NHS Lincolnshire ICB - 71E,E54000013,NHS Lincolnshire Integrated Care Board,E40000011,Midlands,NOV2022,Attended,Unknown,Unknown,22  to 28 Days,487
71E,E38000238,NHS Lincolnshire ICB - 71E,E54000013,NHS Lincolnshire Integrated Care Board,E40000011,Midlands,NOV2022,Attended,Unknown,Unknown,8  to 14 Days,2003
71E,E38000238,NHS Lincolnshire ICB - 71E,E54000013,NHS Lincolnshire Integrated Care Board,E40000011,Midlands,NOV2022,Attended,Unknown,Unknown,More than 28 Days,499
71E,E38000238,NHS Lincolnshire ICB - 71E,E54000013,NHS Lincolnshire Integrated Care Board,E40000011,Midlands,NOV2022,Attended,Unknown,Unknown,Same Day,12894
71E,E38000238,NHS Lincolnshire ICB - 71E,E54000013,NHS Lincolnshire Integrated Care Board,E40000011,Midlands,NOV2022,Attended,Unknown,Unknown,Unknown / Data Quality,27
71E,E38000238,NHS Lincolnshire ICB - 71E,E54000013,NHS Lincolnshire Integrated Care Board,E40000011,Midlands,NOV2022,DNA,GP,Face-to-Face,1 Day,227
71E,E38000238,NHS Lincolnshire ICB - 71E,E54000013,NHS Lincolnshire Integrated Care Board,E40000011,Midlands,NOV2022,DNA,GP,Face-to-Face,15  to 21 Days,208
71E,E38000238,NHS Lincolnshire ICB - 71E,E54000013,NHS Lincolnshire Integrated Care Board,E40000011,Midlands,NOV2022,DNA,GP,Face-to-Face,2 to 7 Days,428
71E,E38000238,NHS Lincolnshire ICB - 71E,E54000013,NHS Lincolnshire Integrated Care Board,E40000011,Midlands,NOV2022,DNA,GP,Face-to-Face,22  to 28 Days,104
71E,E38000238,NHS Lincolnshire ICB - 71E,E54000013,NHS Lincolnshire Integrated Care Board,E40000011,Midlands,NOV2022,DNA,GP,Face-to-Face,8  to 14 Days,338
71E,E38000238,NHS Lincolnshire ICB - 71E,E54000013,NHS Lincolnshire Integrated Care Board,E40000011,Midlands,NOV2022,DNA,GP,Face-to-Face,More than 28 Days,71
71E,E38000238,NHS Lincolnshire ICB - 71E,E54000013,NHS Lincolnshire Integrated Care Board,E40000011,Midlands,NOV2022,DNA,GP,Face-to-Face,Same Day,691
71E,E38000238,NHS Lincolnshire ICB - 71E,E54000013,NHS Lincolnshire Integrated Care Board,E40000011,Midlands,NOV2022,DNA,GP,Face-to-Face,Unknown / Data Quality,2
71E,E38000238,NHS Lincolnshire ICB - 71E,E54000013,NHS Lincolnshire Integrated Care Board,E40000011,Midlands,NOV2022,DNA,GP,Home Visit,1 Day,8
71E,E38000238,NHS Lincolnshire ICB - 71E,E54000013,NHS Lincolnshire Integrated Care Board,E40000011,Midlands,NOV2022,DNA,GP,Home Visit,2 to 7 Days,3
71E,E38000238,NHS Lincolnshire ICB - 71E,E54000013,NHS Lincolnshire Integrated Care Board,E40000011,Midlands,NOV2022,DNA,GP,Home Visit,8  to 14 Days,1
71E,E38000238,NHS Lincolnshire ICB - 71E,E54000013,NHS Lincolnshire Integrated Care Board,E40000011,Midlands,NOV2022,DNA,GP,Home Visit,Same Day,6
71E,E38000238,NHS Lincolnshire ICB - 71E,E54000013,NHS Lincolnshire Integrated Care Board,E40000011,Midlands,NOV2022,DNA,GP,Telephone,1 Day,26
71E,E38000238,NHS Lincolnshire ICB - 71E,E54000013,NHS Lincolnshire Integrated Care Board,E40000011,Midlands,NOV2022,DNA,GP,Telephone,15  to 21 Days,18
71E,E38000238,NHS Lincolnshire ICB - 71E,E54000013,NHS Lincolnshire Integrated Care Board,E40000011,Midlands,NOV2022,DNA,GP,Telephone,2 to 7 Days,63
71E,E38000238,NHS Lincolnshire ICB - 71E,E54000013,NHS Lincolnshire Integrated Care Board,E40000011,Midlands,NOV2022,DNA,GP,Telephone,22  to 28 Days,7
71E,E38000238,NHS Lincolnshire ICB - 71E,E54000013,NHS Lincolnshire Integrated Care Board,E40000011,Midlands,NOV2022,DNA,GP,Telephone,8  to 14 Days,40
71E,E38000238,NHS Lincolnshire ICB - 71E,E54000013,NHS Lincolnshire Integrated Care Board,E40000011,Midlands,NOV2022,DNA,GP,Telephone,More than 28 Days,2
71E,E38000238,NHS Lincolnshire ICB - 71E,E54000013,NHS Lincolnshire Integrated Care Board,E40000011,Midlands,NOV2022,DNA,GP,Telephone,Same Day,338
71E,E38000238,NHS Lincolnshire ICB - 71E,E54000013,NHS Lincolnshire Integrated Care Board,E40000011,Midlands,NOV2022,DNA,GP,Video/Online,1 Day,7
71E,E38000238,NHS Lincolnshire ICB - 71E,E54000013,NHS Lincolnshire Integrated Care Board,E40000011,Midlands,NOV2022,DNA,GP,Video/Online,2 to 7 Days,2
71E,E38000238,NHS Lincolnshire ICB - 71E,E54000013,NHS Lincolnshire Integrated Care Board,E40000011,Midlands,NOV2022,DNA,GP,Video/Online,Same Day,8
71E,E38000238,NHS Lincolnshire ICB - 71E,E54000013,NHS Lincolnshire Integrated Care Board,E40000011,Midlands,NOV2022,DNA,Other Practice staff,Face-to-Face,1 Day,620
71E,E38000238,NHS Lincolnshire ICB - 71E,E54000013,NHS Lincolnshire Integrated Care Board,E40000011,Midlands,NOV2022,DNA,Other Practice staff,Face-to-Face,15  to 21 Days,2326
71E,E38000238,NHS Lincolnshire ICB - 71E,E54000013,NHS Lincolnshire Integrated Care Board,E40000011,Midlands,NOV2022,DNA,Other Practice staff,Face-to-Face,2 to 7 Days,2688
71E,E38000238,NHS Lincolnshire ICB - 71E,E54000013,NHS Lincolnshire Integrated Care Board,E40000011,Midlands,NOV2022,DNA,Other Practice staff,Face-to-Face,22  to 28 Days,1691
71E,E38000238,NHS Lincolnshire ICB - 71E,E54000013,NHS Lincolnshire Integrated Care Board,E40000011,Midlands,NOV2022,DNA,Other Practice staff,Face-to-Face,8  to 14 Days,3379
71E,E38000238,NHS Lincolnshire ICB - 71E,E54000013,NHS Lincolnshire Integrated Care Board,E40000011,Midlands,NOV2022,DNA,Other Practice staff,Face-to-Face,More than 28 Days,3438
71E,E38000238,NHS Lincolnshire ICB - 71E,E54000013,NHS Lincolnshire Integrated Care Board,E40000011,Midlands,NOV2022,DNA,Other Practice staff,Face-to-Face,Same Day,1018
71E,E38000238,NHS Lincolnshire ICB - 71E,E54000013,NHS Lincolnshire Integrated Care Board,E40000011,Midlands,NOV2022,DNA,Other Practice staff,Face-to-Face,Unknown / Data Quality,1
71E,E38000238,NHS Lincolnshire ICB - 71E,E54000013,NHS Lincolnshire Integrated Care Board,E40000011,Midlands,NOV2022,DNA,Other Practice staff,Home Visit,1 Day,12
71E,E38000238,NHS Lincolnshire ICB - 71E,E54000013,NHS Lincolnshire Integrated Care Board,E40000011,Midlands,NOV2022,DNA,Other Practice staff,Home Visit,15  to 21 Days,7
71E,E38000238,NHS Lincolnshire ICB - 71E,E54000013,NHS Lincolnshire Integrated Care Board,E40000011,Midlands,NOV2022,DNA,Other Practice staff,Home Visit,2 to 7 Days,22
71E,E38000238,NHS Lincolnshire ICB - 71E,E54000013,NHS Lincolnshire Integrated Care Board,E40000011,Midlands,NOV2022,DNA,Other Practice staff,Home Visit,8  to 14 Days,6
71E,E38000238,NHS Lincolnshire ICB - 71E,E54000013,NHS Lincolnshire Integrated Care Board,E40000011,Midlands,NOV2022,DNA,Other Practice staff,Home Visit,More than 28 Days,4
71E,E38000238,NHS Lincolnshire ICB - 71E,E54000013,NHS Lincolnshire Integrated Care Board,E40000011,Midlands,NOV2022,DNA,Other Practice staff,Home Visit,Same Day,39
71E,E38000238,NHS Lincolnshire ICB - 71E,E54000013,NHS Lincolnshire Integrated Care Board,E40000011,Midlands,NOV2022,DNA,Other Practice staff,Telephone,1 Day,51
71E,E38000238,NHS Lincolnshire ICB - 71E,E54000013,NHS Lincolnshire Integrated Care Board,E40000011,Midlands,NOV2022,DNA,Other Practice staff,Telephone,15  to 21 Days,49
71E,E38000238,NHS Lincolnshire ICB - 71E,E54000013,NHS Lincolnshire Integrated Care Board,E40000011,Midlands,NOV2022,DNA,Other Practice staff,Telephone,2 to 7 Days,109
71E,E38000238,NHS Lincolnshire ICB - 71E,E54000013,NHS Lincolnshire Integrated Care Board,E40000011,Midlands,NOV2022,DNA,Other Practice staff,Telephone,22  to 28 Days,35
71E,E38000238,NHS Lincolnshire ICB - 71E,E54000013,NHS Lincolnshire Integrated Care Board,E40000011,Midlands,NOV2022,DNA,Other Practice staff,Telephone,8  to 14 Days,108
71E,E38000238,NHS Lincolnshire ICB - 71E,E54000013,NHS Lincolnshire Integrated Care Board,E40000011,Midlands,NOV2022,DNA,Other Practice staff,Telephone,More than 28 Days,37
71E,E38000238,NHS Lincolnshire ICB - 71E,E54000013,NHS Lincolnshire Integrated Care Board,E40000011,Midlands,NOV2022,DNA,Other Practice staff,Telephone,Same Day,236
71E,E38000238,NHS Lincolnshire ICB - 71E,E54000013,NHS Lincolnshire Integrated Care Board,E40000011,Midlands,NOV2022,DNA,Other Practice staff,Video/Online,1 Day,1
71E,E38000238,NHS Lincolnshire ICB - 71E,E54000013,NHS Lincolnshire Integrated Care Board,E40000011,Midlands,NOV2022,DNA,Other Practice staff,Video/Online,15  to 21 Days,3
71E,E38000238,NHS Lincolnshire ICB - 71E,E54000013,NHS Lincolnshire Integrated Care Board,E40000011,Midlands,NOV2022,DNA,Other Practice staff,Video/Online,2 to 7 Days,4
71E,E38000238,NHS Lincolnshire ICB - 71E,E54000013,NHS Lincolnshire Integrated Care Board,E40000011,Midlands,NOV2022,DNA,Other Practice staff,Video/Online,22  to 28 Days,2
71E,E38000238,NHS Lincolnshire ICB - 71E,E54000013,NHS Lincolnshire Integrated Care Board,E40000011,Midlands,NOV2022,DNA,Other Practice staff,Video/Online,8  to 14 Days,7
71E,E38000238,NHS Lincolnshire ICB - 71E,E54000013,NHS Lincolnshire Integrated Care Board,E40000011,Midlands,NOV2022,DNA,Other Practice staff,Video/Online,More than 28 Days,30
71E,E38000238,NHS Lincolnshire ICB - 71E,E54000013,NHS Lincolnshire Integrated Care Board,E40000011,Midlands,NOV2022,DNA,Unknown,Unknown,1 Day,38
71E,E38000238,NHS Lincolnshire ICB - 71E,E54000013,NHS Lincolnshire Integrated Care Board,E40000011,Midlands,NOV2022,DNA,Unknown,Unknown,15  to 21 Days,106
71E,E38000238,NHS Lincolnshire ICB - 71E,E54000013,NHS Lincolnshire Integrated Care Board,E40000011,Midlands,NOV2022,DNA,Unknown,Unknown,2 to 7 Days,211
71E,E38000238,NHS Lincolnshire ICB - 71E,E54000013,NHS Lincolnshire Integrated Care Board,E40000011,Midlands,NOV2022,DNA,Unknown,Unknown,22  to 28 Days,35
71E,E38000238,NHS Lincolnshire ICB - 71E,E54000013,NHS Lincolnshire Integrated Care Board,E40000011,Midlands,NOV2022,DNA,Unknown,Unknown,8  to 14 Days,153
71E,E38000238,NHS Lincolnshire ICB - 71E,E54000013,NHS Lincolnshire Integrated Care Board,E40000011,Midlands,NOV2022,DNA,Unknown,Unknown,More than 28 Days,54
71E,E38000238,NHS Lincolnshire ICB - 71E,E54000013,NHS Lincolnshire Integrated Care Board,E40000011,Midlands,NOV2022,DNA,Unknown,Unknown,Same Day,90
71E,E38000238,NHS Lincolnshire ICB - 71E,E54000013,NHS Lincolnshire Integrated Care Board,E40000011,Midlands,NOV2022,Unknown,GP,Face-to-Face,1 Day,114
71E,E38000238,NHS Lincolnshire ICB - 71E,E54000013,NHS Lincolnshire Integrated Care Board,E40000011,Midlands,NOV2022,Unknown,GP,Face-to-Face,15  to 21 Days,277
71E,E38000238,NHS Lincolnshire ICB - 71E,E54000013,NHS Lincolnshire Integrated Care Board,E40000011,Midlands,NOV2022,Unknown,GP,Face-to-Face,2 to 7 Days,414
71E,E38000238,NHS Lincolnshire ICB - 71E,E54000013,NHS Lincolnshire Integrated Care Board,E40000011,Midlands,NOV2022,Unknown,GP,Face-to-Face,22  to 28 Days,217
71E,E38000238,NHS Lincolnshire ICB - 71E,E54000013,NHS Lincolnshire Integrated Care Board,E40000011,Midlands,NOV2022,Unknown,GP,Face-to-Face,8  to 14 Days,354
71E,E38000238,NHS Lincolnshire ICB - 71E,E54000013,NHS Lincolnshire Integrated Care Board,E40000011,Midlands,NOV2022,Unknown,GP,Face-to-Face,More than 28 Days,219
71E,E38000238,NHS Lincolnshire ICB - 71E,E54000013,NHS Lincolnshire Integrated Care Board,E40000011,Midlands,NOV2022,Unknown,GP,Face-to-Face,Same Day,443
71E,E38000238,NHS Lincolnshire ICB - 71E,E54000013,NHS Lincolnshire Integrated Care Board,E40000011,Midlands,NOV2022,Unknown,GP,Face-to-Face,Unknown / Data Quality,2
71E,E38000238,NHS Lincolnshire ICB - 71E,E54000013,NHS Lincolnshire Integrated Care Board,E40000011,Midlands,NOV2022,Unknown,GP,Home Visit,1 Day,3
71E,E38000238,NHS Lincolnshire ICB - 71E,E54000013,NHS Lincolnshire Integrated Care Board,E40000011,Midlands,NOV2022,Unknown,GP,Home Visit,15  to 21 Days,2
71E,E38000238,NHS Lincolnshire ICB - 71E,E54000013,NHS Lincolnshire Integrated Care Board,E40000011,Midlands,NOV2022,Unknown,GP,Home Visit,2 to 7 Days,6
71E,E38000238,NHS Lincolnshire ICB - 71E,E54000013,NHS Lincolnshire Integrated Care Board,E40000011,Midlands,NOV2022,Unknown,GP,Home Visit,22  to 28 Days,2
71E,E38000238,NHS Lincolnshire ICB - 71E,E54000013,NHS Lincolnshire Integrated Care Board,E40000011,Midlands,NOV2022,Unknown,GP,Home Visit,8  to 14 Days,5
71E,E38000238,NHS Lincolnshire ICB - 71E,E54000013,NHS Lincolnshire Integrated Care Board,E40000011,Midlands,NOV2022,Unknown,GP,Home Visit,More than 28 Days,4
71E,E38000238,NHS Lincolnshire ICB - 71E,E54000013,NHS Lincolnshire Integrated Care Board,E40000011,Midlands,NOV2022,Unknown,GP,Home Visit,Same Day,8
71E,E38000238,NHS Lincolnshire ICB - 71E,E54000013,NHS Lincolnshire Integrated Care Board,E40000011,Midlands,NOV2022,Unknown,GP,Telephone,1 Day,98
71E,E38000238,NHS Lincolnshire ICB - 71E,E54000013,NHS Lincolnshire Integrated Care Board,E40000011,Midlands,NOV2022,Unknown,GP,Telephone,15  to 21 Days,64
71E,E38000238,NHS Lincolnshire ICB - 71E,E54000013,NHS Lincolnshire Integrated Care Board,E40000011,Midlands,NOV2022,Unknown,GP,Telephone,2 to 7 Days,225
71E,E38000238,NHS Lincolnshire ICB - 71E,E54000013,NHS Lincolnshire Integrated Care Board,E40000011,Midlands,NOV2022,Unknown,GP,Telephone,22  to 28 Days,45
71E,E38000238,NHS Lincolnshire ICB - 71E,E54000013,NHS Lincolnshire Integrated Care Board,E40000011,Midlands,NOV2022,Unknown,GP,Telephone,8  to 14 Days,171
71E,E38000238,NHS Lincolnshire ICB - 71E,E54000013,NHS Lincolnshire Integrated Care Board,E40000011,Midlands,NOV2022,Unknown,GP,Telephone,More than 28 Days,65
71E,E38000238,NHS Lincolnshire ICB - 71E,E54000013,NHS Lincolnshire Integrated Care Board,E40000011,Midlands,NOV2022,Unknown,GP,Telephone,Same Day,276
71E,E38000238,NHS Lincolnshire ICB - 71E,E54000013,NHS Lincolnshire Integrated Care Board,E40000011,Midlands,NOV2022,Unknown,GP,Video/Online,1 Day,5
71E,E38000238,NHS Lincolnshire ICB - 71E,E54000013,NHS Lincolnshire Integrated Care Board,E40000011,Midlands,NOV2022,Unknown,GP,Video/Online,15  to 21 Days,2
71E,E38000238,NHS Lincolnshire ICB - 71E,E54000013,NHS Lincolnshire Integrated Care Board,E40000011,Midlands,NOV2022,Unknown,GP,Video/Online,2 to 7 Days,3
71E,E38000238,NHS Lincolnshire ICB - 71E,E54000013,NHS Lincolnshire Integrated Care Board,E40000011,Midlands,NOV2022,Unknown,GP,Video/Online,8  to 14 Days,1
71E,E38000238,NHS Lincolnshire ICB - 71E,E54000013,NHS Lincolnshire Integrated Care Board,E40000011,Midlands,NOV2022,Unknown,GP,Video/Online,Same Day,9
71E,E38000238,NHS Lincolnshire ICB - 71E,E54000013,NHS Lincolnshire Integrated Care Board,E40000011,Midlands,NOV2022,Unknown,Other Practice staff,Face-to-Face,1 Day,231
71E,E38000238,NHS Lincolnshire ICB - 71E,E54000013,NHS Lincolnshire Integrated Care Board,E40000011,Midlands,NOV2022,Unknown,Other Practice staff,Face-to-Face,15  to 21 Days,1495
71E,E38000238,NHS Lincolnshire ICB - 71E,E54000013,NHS Lincolnshire Integrated Care Board,E40000011,Midlands,NOV2022,Unknown,Other Practice staff,Face-to-Face,2 to 7 Days,1645
71E,E38000238,NHS Lincolnshire ICB - 71E,E54000013,NHS Lincolnshire Integrated Care Board,E40000011,Midlands,NOV2022,Unknown,Other Practice staff,Face-to-Face,22  to 28 Days,1171
71E,E38000238,NHS Lincolnshire ICB - 71E,E54000013,NHS Lincolnshire Integrated Care Board,E40000011,Midlands,NOV2022,Unknown,Other Practice staff,Face-to-Face,8  to 14 Days,2158
71E,E38000238,NHS Lincolnshire ICB - 71E,E54000013,NHS Lincolnshire Integrated Care Board,E40000011,Midlands,NOV2022,Unknown,Other Practice staff,Face-to-Face,More than 28 Days,2063
71E,E38000238,NHS Lincolnshire ICB - 71E,E54000013,NHS Lincolnshire Integrated Care Board,E40000011,Midlands,NOV2022,Unknown,Other Practice staff,Face-to-Face,Same Day,838
71E,E38000238,NHS Lincolnshire ICB - 71E,E54000013,NHS Lincolnshire Integrated Care Board,E40000011,Midlands,NOV2022,Unknown,Other Practice staff,Face-to-Face,Unknown / Data Quality,9
71E,E38000238,NHS Lincolnshire ICB - 71E,E54000013,NHS Lincolnshire Integrated Care Board,E40000011,Midlands,NOV2022,Unknown,Other Practice staff,Home Visit,1 Day,8
71E,E38000238,NHS Lincolnshire ICB - 71E,E54000013,NHS Lincolnshire Integrated Care Board,E40000011,Midlands,NOV2022,Unknown,Other Practice staff,Home Visit,15  to 21 Days,21
71E,E38000238,NHS Lincolnshire ICB - 71E,E54000013,NHS Lincolnshire Integrated Care Board,E40000011,Midlands,NOV2022,Unknown,Other Practice staff,Home Visit,2 to 7 Days,33
71E,E38000238,NHS Lincolnshire ICB - 71E,E54000013,NHS Lincolnshire Integrated Care Board,E40000011,Midlands,NOV2022,Unknown,Other Practice staff,Home Visit,22  to 28 Days,15
71E,E38000238,NHS Lincolnshire ICB - 71E,E54000013,NHS Lincolnshire Integrated Care Board,E40000011,Midlands,NOV2022,Unknown,Other Practice staff,Home Visit,8  to 14 Days,23
71E,E38000238,NHS Lincolnshire ICB - 71E,E54000013,NHS Lincolnshire Integrated Care Board,E40000011,Midlands,NOV2022,Unknown,Other Practice staff,Home Visit,More than 28 Days,5
71E,E38000238,NHS Lincolnshire ICB - 71E,E54000013,NHS Lincolnshire Integrated Care Board,E40000011,Midlands,NOV2022,Unknown,Other Practice staff,Home Visit,Same Day,11
71E,E38000238,NHS Lincolnshire ICB - 71E,E54000013,NHS Lincolnshire Integrated Care Board,E40000011,Midlands,NOV2022,Unknown,Other Practice staff,Home Visit,Unknown / Data Quality,2
71E,E38000238,NHS Lincolnshire ICB - 71E,E54000013,NHS Lincolnshire Integrated Care Board,E40000011,Midlands,NOV2022,Unknown,Other Practice staff,Telephone,1 Day,98
71E,E38000238,NHS Lincolnshire ICB - 71E,E54000013,NHS Lincolnshire Integrated Care Board,E40000011,Midlands,NOV2022,Unknown,Other Practice staff,Telephone,15  to 21 Days,154
71E,E38000238,NHS Lincolnshire ICB - 71E,E54000013,NHS Lincolnshire Integrated Care Board,E40000011,Midlands,NOV2022,Unknown,Other Practice staff,Telephone,2 to 7 Days,287
71E,E38000238,NHS Lincolnshire ICB - 71E,E54000013,NHS Lincolnshire Integrated Care Board,E40000011,Midlands,NOV2022,Unknown,Other Practice staff,Telephone,22  to 28 Days,113
71E,E38000238,NHS Lincolnshire ICB - 71E,E54000013,NHS Lincolnshire Integrated Care Board,E40000011,Midlands,NOV2022,Unknown,Other Practice staff,Telephone,8  to 14 Days,210
71E,E38000238,NHS Lincolnshire ICB - 71E,E54000013,NHS Lincolnshire Integrated Care Board,E40000011,Midlands,NOV2022,Unknown,Other Practice staff,Telephone,More than 28 Days,110
71E,E38000238,NHS Lincolnshire ICB - 71E,E54000013,NHS Lincolnshire Integrated Care Board,E40000011,Midlands,NOV2022,Unknown,Other Practice staff,Telephone,Same Day,265
71E,E38000238,NHS Lincolnshire ICB - 71E,E54000013,NHS Lincolnshire Integrated Care Board,E40000011,Midlands,NOV2022,Unknown,Other Practice staff,Telephone,Unknown / Data Quality,1
71E,E38000238,NHS Lincolnshire ICB - 71E,E54000013,NHS Lincolnshire Integrated Care Board,E40000011,Midlands,NOV2022,Unknown,Other Practice staff,Video/Online,15  to 21 Days,25
71E,E38000238,NHS Lincolnshire ICB - 71E,E54000013,NHS Lincolnshire Integrated Care Board,E40000011,Midlands,NOV2022,Unknown,Other Practice staff,Video/Online,2 to 7 Days,10
71E,E38000238,NHS Lincolnshire ICB - 71E,E54000013,NHS Lincolnshire Integrated Care Board,E40000011,Midlands,NOV2022,Unknown,Other Practice staff,Video/Online,22  to 28 Days,2
71E,E38000238,NHS Lincolnshire ICB - 71E,E54000013,NHS Lincolnshire Integrated Care Board,E40000011,Midlands,NOV2022,Unknown,Other Practice staff,Video/Online,8  to 14 Days,13
71E,E38000238,NHS Lincolnshire ICB - 71E,E54000013,NHS Lincolnshire Integrated Care Board,E40000011,Midlands,NOV2022,Unknown,Other Practice staff,Video/Online,More than 28 Days,19
71E,E38000238,NHS Lincolnshire ICB - 71E,E54000013,NHS Lincolnshire Integrated Care Board,E40000011,Midlands,NOV2022,Unknown,Other Practice staff,Video/Online,Same Day,1
71E,E38000238,NHS Lincolnshire ICB - 71E,E54000013,NHS Lincolnshire Integrated Care Board,E40000011,Midlands,NOV2022,Unknown,Unknown,Home Visit,8  to 14 Days,1
71E,E38000238,NHS Lincolnshire ICB - 71E,E54000013,NHS Lincolnshire Integrated Care Board,E40000011,Midlands,NOV2022,Unknown,Unknown,Telephone,2 to 7 Days,1
71E,E38000238,NHS Lincolnshire ICB - 71E,E54000013,NHS Lincolnshire Integrated Care Board,E40000011,Midlands,NOV2022,Unknown,Unknown,Unknown,1 Day,33
71E,E38000238,NHS Lincolnshire ICB - 71E,E54000013,NHS Lincolnshire Integrated Care Board,E40000011,Midlands,NOV2022,Unknown,Unknown,Unknown,15  to 21 Days,208
71E,E38000238,NHS Lincolnshire ICB - 71E,E54000013,NHS Lincolnshire Integrated Care Board,E40000011,Midlands,NOV2022,Unknown,Unknown,Unknown,2 to 7 Days,271
71E,E38000238,NHS Lincolnshire ICB - 71E,E54000013,NHS Lincolnshire Integrated Care Board,E40000011,Midlands,NOV2022,Unknown,Unknown,Unknown,22  to 28 Days,130
71E,E38000238,NHS Lincolnshire ICB - 71E,E54000013,NHS Lincolnshire Integrated Care Board,E40000011,Midlands,NOV2022,Unknown,Unknown,Unknown,8  to 14 Days,266
71E,E38000238,NHS Lincolnshire ICB - 71E,E54000013,NHS Lincolnshire Integrated Care Board,E40000011,Midlands,NOV2022,Unknown,Unknown,Unknown,More than 28 Days,205
71E,E38000238,NHS Lincolnshire ICB - 71E,E54000013,NHS Lincolnshire Integrated Care Board,E40000011,Midlands,NOV2022,Unknown,Unknown,Unknown,Same Day,88
71E,E38000238,NHS Lincolnshire ICB - 71E,E54000013,NHS Lincolnshire Integrated Care Board,E40000011,Midlands,DEC2022,Attended,GP,Face-to-Face,1 Day,6762
71E,E38000238,NHS Lincolnshire ICB - 71E,E54000013,NHS Lincolnshire Integrated Care Board,E40000011,Midlands,DEC2022,Attended,GP,Face-to-Face,15  to 21 Days,2455
71E,E38000238,NHS Lincolnshire ICB - 71E,E54000013,NHS Lincolnshire Integrated Care Board,E40000011,Midlands,DEC2022,Attended,GP,Face-to-Face,2 to 7 Days,9383
71E,E38000238,NHS Lincolnshire ICB - 71E,E54000013,NHS Lincolnshire Integrated Care Board,E40000011,Midlands,DEC2022,Attended,GP,Face-to-Face,22  to 28 Days,1511
71E,E38000238,NHS Lincolnshire ICB - 71E,E54000013,NHS Lincolnshire Integrated Care Board,E40000011,Midlands,DEC2022,Attended,GP,Face-to-Face,8  to 14 Days,4319
71E,E38000238,NHS Lincolnshire ICB - 71E,E54000013,NHS Lincolnshire Integrated Care Board,E40000011,Midlands,DEC2022,Attended,GP,Face-to-Face,More than 28 Days,1003
71E,E38000238,NHS Lincolnshire ICB - 71E,E54000013,NHS Lincolnshire Integrated Care Board,E40000011,Midlands,DEC2022,Attended,GP,Face-to-Face,Same Day,61438
71E,E38000238,NHS Lincolnshire ICB - 71E,E54000013,NHS Lincolnshire Integrated Care Board,E40000011,Midlands,DEC2022,Attended,GP,Face-to-Face,Unknown / Data Quality,85
71E,E38000238,NHS Lincolnshire ICB - 71E,E54000013,NHS Lincolnshire Integrated Care Board,E40000011,Midlands,DEC2022,Attended,GP,Home Visit,1 Day,56
71E,E38000238,NHS Lincolnshire ICB - 71E,E54000013,NHS Lincolnshire Integrated Care Board,E40000011,Midlands,DEC2022,Attended,GP,Home Visit,15  to 21 Days,2
71E,E38000238,NHS Lincolnshire ICB - 71E,E54000013,NHS Lincolnshire Integrated Care Board,E40000011,Midlands,DEC2022,Attended,GP,Home Visit,2 to 7 Days,50
71E,E38000238,NHS Lincolnshire ICB - 71E,E54000013,NHS Lincolnshire Integrated Care Board,E40000011,Midlands,DEC2022,Attended,GP,Home Visit,22  to 28 Days,2
71E,E38000238,NHS Lincolnshire ICB - 71E,E54000013,NHS Lincolnshire Integrated Care Board,E40000011,Midlands,DEC2022,Attended,GP,Home Visit,8  to 14 Days,3
71E,E38000238,NHS Lincolnshire ICB - 71E,E54000013,NHS Lincolnshire Integrated Care Board,E40000011,Midlands,DEC2022,Attended,GP,Home Visit,More than 28 Days,1
71E,E38000238,NHS Lincolnshire ICB - 71E,E54000013,NHS Lincolnshire Integrated Care Board,E40000011,Midlands,DEC2022,Attended,GP,Home Visit,Same Day,426
71E,E38000238,NHS Lincolnshire ICB - 71E,E54000013,NHS Lincolnshire Integrated Care Board,E40000011,Midlands,DEC2022,Attended,GP,Home Visit,Unknown / Data Quality,5
71E,E38000238,NHS Lincolnshire ICB - 71E,E54000013,NHS Lincolnshire Integrated Care Board,E40000011,Midlands,DEC2022,Attended,GP,Telephone,1 Day,2952
71E,E38000238,NHS Lincolnshire ICB - 71E,E54000013,NHS Lincolnshire Integrated Care Board,E40000011,Midlands,DEC2022,Attended,GP,Telephone,15  to 21 Days,1424
71E,E38000238,NHS Lincolnshire ICB - 71E,E54000013,NHS Lincolnshire Integrated Care Board,E40000011,Midlands,DEC2022,Attended,GP,Telephone,2 to 7 Days,5006
71E,E38000238,NHS Lincolnshire ICB - 71E,E54000013,NHS Lincolnshire Integrated Care Board,E40000011,Midlands,DEC2022,Attended,GP,Telephone,22  to 28 Days,529
71E,E38000238,NHS Lincolnshire ICB - 71E,E54000013,NHS Lincolnshire Integrated Care Board,E40000011,Midlands,DEC2022,Attended,GP,Telephone,8  to 14 Days,3286
71E,E38000238,NHS Lincolnshire ICB - 71E,E54000013,NHS Lincolnshire Integrated Care Board,E40000011,Midlands,DEC2022,Attended,GP,Telephone,More than 28 Days,225
71E,E38000238,NHS Lincolnshire ICB - 71E,E54000013,NHS Lincolnshire Integrated Care Board,E40000011,Midlands,DEC2022,Attended,GP,Telephone,Same Day,36845
71E,E38000238,NHS Lincolnshire ICB - 71E,E54000013,NHS Lincolnshire Integrated Care Board,E40000011,Midlands,DEC2022,Attended,GP,Telephone,Unknown / Data Quality,23
71E,E38000238,NHS Lincolnshire ICB - 71E,E54000013,NHS Lincolnshire Integrated Care Board,E40000011,Midlands,DEC2022,Attended,GP,Video/Online,1 Day,228
71E,E38000238,NHS Lincolnshire ICB - 71E,E54000013,NHS Lincolnshire Integrated Care Board,E40000011,Midlands,DEC2022,Attended,GP,Video/Online,15  to 21 Days,12
71E,E38000238,NHS Lincolnshire ICB - 71E,E54000013,NHS Lincolnshire Integrated Care Board,E40000011,Midlands,DEC2022,Attended,GP,Video/Online,2 to 7 Days,537
71E,E38000238,NHS Lincolnshire ICB - 71E,E54000013,NHS Lincolnshire Integrated Care Board,E40000011,Midlands,DEC2022,Attended,GP,Video/Online,22  to 28 Days,3
71E,E38000238,NHS Lincolnshire ICB - 71E,E54000013,NHS Lincolnshire Integrated Care Board,E40000011,Midlands,DEC2022,Attended,GP,Video/Online,8  to 14 Days,32
71E,E38000238,NHS Lincolnshire ICB - 71E,E54000013,NHS Lincolnshire Integrated Care Board,E40000011,Midlands,DEC2022,Attended,GP,Video/Online,More than 28 Days,1
71E,E38000238,NHS Lincolnshire ICB - 71E,E54000013,NHS Lincolnshire Integrated Care Board,E40000011,Midlands,DEC2022,Attended,GP,Video/Online,Same Day,545
71E,E38000238,NHS Lincolnshire ICB - 71E,E54000013,NHS Lincolnshire Integrated Care Board,E40000011,Midlands,DEC2022,Attended,GP,Video/Online,Unknown / Data Quality,5
71E,E38000238,NHS Lincolnshire ICB - 71E,E54000013,NHS Lincolnshire Integrated Care Board,E40000011,Midlands,DEC2022,Attended,Other Practice staff,Face-to-Face,1 Day,10785
71E,E38000238,NHS Lincolnshire ICB - 71E,E54000013,NHS Lincolnshire Integrated Care Board,E40000011,Midlands,DEC2022,Attended,Other Practice staff,Face-to-Face,15  to 21 Days,19358
71E,E38000238,NHS Lincolnshire ICB - 71E,E54000013,NHS Lincolnshire Integrated Care Board,E40000011,Midlands,DEC2022,Attended,Other Practice staff,Face-to-Face,2 to 7 Days,31238
71E,E38000238,NHS Lincolnshire ICB - 71E,E54000013,NHS Lincolnshire Integrated Care Board,E40000011,Midlands,DEC2022,Attended,Other Practice staff,Face-to-Face,22  to 28 Days,12146
71E,E38000238,NHS Lincolnshire ICB - 71E,E54000013,NHS Lincolnshire Integrated Care Board,E40000011,Midlands,DEC2022,Attended,Other Practice staff,Face-to-Face,8  to 14 Days,29564
71E,E38000238,NHS Lincolnshire ICB - 71E,E54000013,NHS Lincolnshire Integrated Care Board,E40000011,Midlands,DEC2022,Attended,Other Practice staff,Face-to-Face,More than 28 Days,11730
71E,E38000238,NHS Lincolnshire ICB - 71E,E54000013,NHS Lincolnshire Integrated Care Board,E40000011,Midlands,DEC2022,Attended,Other Practice staff,Face-to-Face,Same Day,55383
71E,E38000238,NHS Lincolnshire ICB - 71E,E54000013,NHS Lincolnshire Integrated Care Board,E40000011,Midlands,DEC2022,Attended,Other Practice staff,Face-to-Face,Unknown / Data Quality,115
71E,E38000238,NHS Lincolnshire ICB - 71E,E54000013,NHS Lincolnshire Integrated Care Board,E40000011,Midlands,DEC2022,Attended,Other Practice staff,Home Visit,1 Day,236
71E,E38000238,NHS Lincolnshire ICB - 71E,E54000013,NHS Lincolnshire Integrated Care Board,E40000011,Midlands,DEC2022,Attended,Other Practice staff,Home Visit,15  to 21 Days,110
71E,E38000238,NHS Lincolnshire ICB - 71E,E54000013,NHS Lincolnshire Integrated Care Board,E40000011,Midlands,DEC2022,Attended,Other Practice staff,Home Visit,2 to 7 Days,422
71E,E38000238,NHS Lincolnshire ICB - 71E,E54000013,NHS Lincolnshire Integrated Care Board,E40000011,Midlands,DEC2022,Attended,Other Practice staff,Home Visit,22  to 28 Days,68
71E,E38000238,NHS Lincolnshire ICB - 71E,E54000013,NHS Lincolnshire Integrated Care Board,E40000011,Midlands,DEC2022,Attended,Other Practice staff,Home Visit,8  to 14 Days,222
71E,E38000238,NHS Lincolnshire ICB - 71E,E54000013,NHS Lincolnshire Integrated Care Board,E40000011,Midlands,DEC2022,Attended,Other Practice staff,Home Visit,More than 28 Days,65
71E,E38000238,NHS Lincolnshire ICB - 71E,E54000013,NHS Lincolnshire Integrated Care Board,E40000011,Midlands,DEC2022,Attended,Other Practice staff,Home Visit,Same Day,825
71E,E38000238,NHS Lincolnshire ICB - 71E,E54000013,NHS Lincolnshire Integrated Care Board,E40000011,Midlands,DEC2022,Attended,Other Practice staff,Home Visit,Unknown / Data Quality,8
71E,E38000238,NHS Lincolnshire ICB - 71E,E54000013,NHS Lincolnshire Integrated Care Board,E40000011,Midlands,DEC2022,Attended,Other Practice staff,Telephone,1 Day,2455
71E,E38000238,NHS Lincolnshire ICB - 71E,E54000013,NHS Lincolnshire Integrated Care Board,E40000011,Midlands,DEC2022,Attended,Other Practice staff,Telephone,15  to 21 Days,1445
71E,E38000238,NHS Lincolnshire ICB - 71E,E54000013,NHS Lincolnshire Integrated Care Board,E40000011,Midlands,DEC2022,Attended,Other Practice staff,Telephone,2 to 7 Days,4306
71E,E38000238,NHS Lincolnshire ICB - 71E,E54000013,NHS Lincolnshire Integrated Care Board,E40000011,Midlands,DEC2022,Attended,Other Practice staff,Telephone,22  to 28 Days,881
71E,E38000238,NHS Lincolnshire ICB - 71E,E54000013,NHS Lincolnshire Integrated Care Board,E40000011,Midlands,DEC2022,Attended,Other Practice staff,Telephone,8  to 14 Days,3113
71E,E38000238,NHS Lincolnshire ICB - 71E,E54000013,NHS Lincolnshire Integrated Care Board,E40000011,Midlands,DEC2022,Attended,Other Practice staff,Telephone,More than 28 Days,722
71E,E38000238,NHS Lincolnshire ICB - 71E,E54000013,NHS Lincolnshire Integrated Care Board,E40000011,Midlands,DEC2022,Attended,Other Practice staff,Telephone,Same Day,26603
71E,E38000238,NHS Lincolnshire ICB - 71E,E54000013,NHS Lincolnshire Integrated Care Board,E40000011,Midlands,DEC2022,Attended,Other Practice staff,Telephone,Unknown / Data Quality,48
71E,E38000238,NHS Lincolnshire ICB - 71E,E54000013,NHS Lincolnshire Integrated Care Board,E40000011,Midlands,DEC2022,Attended,Other Practice staff,Video/Online,1 Day,531
71E,E38000238,NHS Lincolnshire ICB - 71E,E54000013,NHS Lincolnshire Integrated Care Board,E40000011,Midlands,DEC2022,Attended,Other Practice staff,Video/Online,15  to 21 Days,36
71E,E38000238,NHS Lincolnshire ICB - 71E,E54000013,NHS Lincolnshire Integrated Care Board,E40000011,Midlands,DEC2022,Attended,Other Practice staff,Video/Online,2 to 7 Days,458
71E,E38000238,NHS Lincolnshire ICB - 71E,E54000013,NHS Lincolnshire Integrated Care Board,E40000011,Midlands,DEC2022,Attended,Other Practice staff,Video/Online,22  to 28 Days,47
71E,E38000238,NHS Lincolnshire ICB - 71E,E54000013,NHS Lincolnshire Integrated Care Board,E40000011,Midlands,DEC2022,Attended,Other Practice staff,Video/Online,8  to 14 Days,69
71E,E38000238,NHS Lincolnshire ICB - 71E,E54000013,NHS Lincolnshire Integrated Care Board,E40000011,Midlands,DEC2022,Attended,Other Practice staff,Video/Online,More than 28 Days,198
71E,E38000238,NHS Lincolnshire ICB - 71E,E54000013,NHS Lincolnshire Integrated Care Board,E40000011,Midlands,DEC2022,Attended,Other Practice staff,Video/Online,Same Day,613
71E,E38000238,NHS Lincolnshire ICB - 71E,E54000013,NHS Lincolnshire Integrated Care Board,E40000011,Midlands,DEC2022,Attended,Unknown,Unknown,1 Day,957
71E,E38000238,NHS Lincolnshire ICB - 71E,E54000013,NHS Lincolnshire Integrated Care Board,E40000011,Midlands,DEC2022,Attended,Unknown,Unknown,15  to 21 Days,477
71E,E38000238,NHS Lincolnshire ICB - 71E,E54000013,NHS Lincolnshire Integrated Care Board,E40000011,Midlands,DEC2022,Attended,Unknown,Unknown,2 to 7 Days,1940
71E,E38000238,NHS Lincolnshire ICB - 71E,E54000013,NHS Lincolnshire Integrated Care Board,E40000011,Midlands,DEC2022,Attended,Unknown,Unknown,22  to 28 Days,224
71E,E38000238,NHS Lincolnshire ICB - 71E,E54000013,NHS Lincolnshire Integrated Care Board,E40000011,Midlands,DEC2022,Attended,Unknown,Unknown,8  to 14 Days,929
71E,E38000238,NHS Lincolnshire ICB - 71E,E54000013,NHS Lincolnshire Integrated Care Board,E40000011,Midlands,DEC2022,Attended,Unknown,Unknown,More than 28 Days,191
71E,E38000238,NHS Lincolnshire ICB - 71E,E54000013,NHS Lincolnshire Integrated Care Board,E40000011,Midlands,DEC2022,Attended,Unknown,Unknown,Same Day,11035
71E,E38000238,NHS Lincolnshire ICB - 71E,E54000013,NHS Lincolnshire Integrated Care Board,E40000011,Midlands,DEC2022,Attended,Unknown,Unknown,Unknown / Data Quality,24
71E,E38000238,NHS Lincolnshire ICB - 71E,E54000013,NHS Lincolnshire Integrated Care Board,E40000011,Midlands,DEC2022,DNA,GP,Face-to-Face,1 Day,217
71E,E38000238,NHS Lincolnshire ICB - 71E,E54000013,NHS Lincolnshire Integrated Care Board,E40000011,Midlands,DEC2022,DNA,GP,Face-to-Face,15  to 21 Days,188
71E,E38000238,NHS Lincolnshire ICB - 71E,E54000013,NHS Lincolnshire Integrated Care Board,E40000011,Midlands,DEC2022,DNA,GP,Face-to-Face,2 to 7 Days,367
71E,E38000238,NHS Lincolnshire ICB - 71E,E54000013,NHS Lincolnshire Integrated Care Board,E40000011,Midlands,DEC2022,DNA,GP,Face-to-Face,22  to 28 Days,102
71E,E38000238,NHS Lincolnshire ICB - 71E,E54000013,NHS Lincolnshire Integrated Care Board,E40000011,Midlands,DEC2022,DNA,GP,Face-to-Face,8  to 14 Days,265
71E,E38000238,NHS Lincolnshire ICB - 71E,E54000013,NHS Lincolnshire Integrated Care Board,E40000011,Midlands,DEC2022,DNA,GP,Face-to-Face,More than 28 Days,44
71E,E38000238,NHS Lincolnshire ICB - 71E,E54000013,NHS Lincolnshire Integrated Care Board,E40000011,Midlands,DEC2022,DNA,GP,Face-to-Face,Same Day,668
71E,E38000238,NHS Lincolnshire ICB - 71E,E54000013,NHS Lincolnshire Integrated Care Board,E40000011,Midlands,DEC2022,DNA,GP,Face-to-Face,Unknown / Data Quality,1
71E,E38000238,NHS Lincolnshire ICB - 71E,E54000013,NHS Lincolnshire Integrated Care Board,E40000011,Midlands,DEC2022,DNA,GP,Home Visit,1 Day,2
71E,E38000238,NHS Lincolnshire ICB - 71E,E54000013,NHS Lincolnshire Integrated Care Board,E40000011,Midlands,DEC2022,DNA,GP,Home Visit,2 to 7 Days,1
71E,E38000238,NHS Lincolnshire ICB - 71E,E54000013,NHS Lincolnshire Integrated Care Board,E40000011,Midlands,DEC2022,DNA,GP,Home Visit,Same Day,7
71E,E38000238,NHS Lincolnshire ICB - 71E,E54000013,NHS Lincolnshire Integrated Care Board,E40000011,Midlands,DEC2022,DNA,GP,Telephone,1 Day,26
71E,E38000238,NHS Lincolnshire ICB - 71E,E54000013,NHS Lincolnshire Integrated Care Board,E40000011,Midlands,DEC2022,DNA,GP,Telephone,15  to 21 Days,18
71E,E38000238,NHS Lincolnshire ICB - 71E,E54000013,NHS Lincolnshire Integrated Care Board,E40000011,Midlands,DEC2022,DNA,GP,Telephone,2 to 7 Days,40
71E,E38000238,NHS Lincolnshire ICB - 71E,E54000013,NHS Lincolnshire Integrated Care Board,E40000011,Midlands,DEC2022,DNA,GP,Telephone,22  to 28 Days,14
71E,E38000238,NHS Lincolnshire ICB - 71E,E54000013,NHS Lincolnshire Integrated Care Board,E40000011,Midlands,DEC2022,DNA,GP,Telephone,8  to 14 Days,36
71E,E38000238,NHS Lincolnshire ICB - 71E,E54000013,NHS Lincolnshire Integrated Care Board,E40000011,Midlands,DEC2022,DNA,GP,Telephone,More than 28 Days,4
71E,E38000238,NHS Lincolnshire ICB - 71E,E54000013,NHS Lincolnshire Integrated Care Board,E40000011,Midlands,DEC2022,DNA,GP,Telephone,Same Day,306
71E,E38000238,NHS Lincolnshire ICB - 71E,E54000013,NHS Lincolnshire Integrated Care Board,E40000011,Midlands,DEC2022,DNA,GP,Video/Online,1 Day,2
71E,E38000238,NHS Lincolnshire ICB - 71E,E54000013,NHS Lincolnshire Integrated Care Board,E40000011,Midlands,DEC2022,DNA,GP,Video/Online,15  to 21 Days,1
71E,E38000238,NHS Lincolnshire ICB - 71E,E54000013,NHS Lincolnshire Integrated Care Board,E40000011,Midlands,DEC2022,DNA,GP,Video/Online,2 to 7 Days,2
71E,E38000238,NHS Lincolnshire ICB - 71E,E54000013,NHS Lincolnshire Integrated Care Board,E40000011,Midlands,DEC2022,DNA,GP,Video/Online,22  to 28 Days,1
71E,E38000238,NHS Lincolnshire ICB - 71E,E54000013,NHS Lincolnshire Integrated Care Board,E40000011,Midlands,DEC2022,DNA,GP,Video/Online,8  to 14 Days,2
71E,E38000238,NHS Lincolnshire ICB - 71E,E54000013,NHS Lincolnshire Integrated Care Board,E40000011,Midlands,DEC2022,DNA,GP,Video/Online,Same Day,4
71E,E38000238,NHS Lincolnshire ICB - 71E,E54000013,NHS Lincolnshire Integrated Care Board,E40000011,Midlands,DEC2022,DNA,Other Practice staff,Face-to-Face,1 Day,564
71E,E38000238,NHS Lincolnshire ICB - 71E,E54000013,NHS Lincolnshire Integrated Care Board,E40000011,Midlands,DEC2022,DNA,Other Practice staff,Face-to-Face,15  to 21 Days,2049
71E,E38000238,NHS Lincolnshire ICB - 71E,E54000013,NHS Lincolnshire Integrated Care Board,E40000011,Midlands,DEC2022,DNA,Other Practice staff,Face-to-Face,2 to 7 Days,2226
71E,E38000238,NHS Lincolnshire ICB - 71E,E54000013,NHS Lincolnshire Integrated Care Board,E40000011,Midlands,DEC2022,DNA,Other Practice staff,Face-to-Face,22  to 28 Days,1534
71E,E38000238,NHS Lincolnshire ICB - 71E,E54000013,NHS Lincolnshire Integrated Care Board,E40000011,Midlands,DEC2022,DNA,Other Practice staff,Face-to-Face,8  to 14 Days,2974
71E,E38000238,NHS Lincolnshire ICB - 71E,E54000013,NHS Lincolnshire Integrated Care Board,E40000011,Midlands,DEC2022,DNA,Other Practice staff,Face-to-Face,More than 28 Days,1625
71E,E38000238,NHS Lincolnshire ICB - 71E,E54000013,NHS Lincolnshire Integrated Care Board,E40000011,Midlands,DEC2022,DNA,Other Practice staff,Face-to-Face,Same Day,996
71E,E38000238,NHS Lincolnshire ICB - 71E,E54000013,NHS Lincolnshire Integrated Care Board,E40000011,Midlands,DEC2022,DNA,Other Practice staff,Home Visit,1 Day,10
71E,E38000238,NHS Lincolnshire ICB - 71E,E54000013,NHS Lincolnshire Integrated Care Board,E40000011,Midlands,DEC2022,DNA,Other Practice staff,Home Visit,15  to 21 Days,2
71E,E38000238,NHS Lincolnshire ICB - 71E,E54000013,NHS Lincolnshire Integrated Care Board,E40000011,Midlands,DEC2022,DNA,Other Practice staff,Home Visit,2 to 7 Days,16
71E,E38000238,NHS Lincolnshire ICB - 71E,E54000013,NHS Lincolnshire Integrated Care Board,E40000011,Midlands,DEC2022,DNA,Other Practice staff,Home Visit,22  to 28 Days,1
71E,E38000238,NHS Lincolnshire ICB - 71E,E54000013,NHS Lincolnshire Integrated Care Board,E40000011,Midlands,DEC2022,DNA,Other Practice staff,Home Visit,8  to 14 Days,3
71E,E38000238,NHS Lincolnshire ICB - 71E,E54000013,NHS Lincolnshire Integrated Care Board,E40000011,Midlands,DEC2022,DNA,Other Practice staff,Home Visit,More than 28 Days,4
71E,E38000238,NHS Lincolnshire ICB - 71E,E54000013,NHS Lincolnshire Integrated Care Board,E40000011,Midlands,DEC2022,DNA,Other Practice staff,Home Visit,Same Day,22
71E,E38000238,NHS Lincolnshire ICB - 71E,E54000013,NHS Lincolnshire Integrated Care Board,E40000011,Midlands,DEC2022,DNA,Other Practice staff,Telephone,1 Day,32
71E,E38000238,NHS Lincolnshire ICB - 71E,E54000013,NHS Lincolnshire Integrated Care Board,E40000011,Midlands,DEC2022,DNA,Other Practice staff,Telephone,15  to 21 Days,45
71E,E38000238,NHS Lincolnshire ICB - 71E,E54000013,NHS Lincolnshire Integrated Care Board,E40000011,Midlands,DEC2022,DNA,Other Practice staff,Telephone,2 to 7 Days,129
71E,E38000238,NHS Lincolnshire ICB - 71E,E54000013,NHS Lincolnshire Integrated Care Board,E40000011,Midlands,DEC2022,DNA,Other Practice staff,Telephone,22  to 28 Days,27
71E,E38000238,NHS Lincolnshire ICB - 71E,E54000013,NHS Lincolnshire Integrated Care Board,E40000011,Midlands,DEC2022,DNA,Other Practice staff,Telephone,8  to 14 Days,104
71E,E38000238,NHS Lincolnshire ICB - 71E,E54000013,NHS Lincolnshire Integrated Care Board,E40000011,Midlands,DEC2022,DNA,Other Practice staff,Telephone,More than 28 Days,39
71E,E38000238,NHS Lincolnshire ICB - 71E,E54000013,NHS Lincolnshire Integrated Care Board,E40000011,Midlands,DEC2022,DNA,Other Practice staff,Telephone,Same Day,194
71E,E38000238,NHS Lincolnshire ICB - 71E,E54000013,NHS Lincolnshire Integrated Care Board,E40000011,Midlands,DEC2022,DNA,Other Practice staff,Video/Online,1 Day,7
71E,E38000238,NHS Lincolnshire ICB - 71E,E54000013,NHS Lincolnshire Integrated Care Board,E40000011,Midlands,DEC2022,DNA,Other Practice staff,Video/Online,15  to 21 Days,7
71E,E38000238,NHS Lincolnshire ICB - 71E,E54000013,NHS Lincolnshire Integrated Care Board,E40000011,Midlands,DEC2022,DNA,Other Practice staff,Video/Online,2 to 7 Days,7
71E,E38000238,NHS Lincolnshire ICB - 71E,E54000013,NHS Lincolnshire Integrated Care Board,E40000011,Midlands,DEC2022,DNA,Other Practice staff,Video/Online,22  to 28 Days,3
71E,E38000238,NHS Lincolnshire ICB - 71E,E54000013,NHS Lincolnshire Integrated Care Board,E40000011,Midlands,DEC2022,DNA,Other Practice staff,Video/Online,8  to 14 Days,5
71E,E38000238,NHS Lincolnshire ICB - 71E,E54000013,NHS Lincolnshire Integrated Care Board,E40000011,Midlands,DEC2022,DNA,Other Practice staff,Video/Online,More than 28 Days,11
71E,E38000238,NHS Lincolnshire ICB - 71E,E54000013,NHS Lincolnshire Integrated Care Board,E40000011,Midlands,DEC2022,DNA,Other Practice staff,Video/Online,Same Day,10
71E,E38000238,NHS Lincolnshire ICB - 71E,E54000013,NHS Lincolnshire Integrated Care Board,E40000011,Midlands,DEC2022,DNA,Unknown,Unknown,1 Day,28
71E,E38000238,NHS Lincolnshire ICB - 71E,E54000013,NHS Lincolnshire Integrated Care Board,E40000011,Midlands,DEC2022,DNA,Unknown,Unknown,15  to 21 Days,53
71E,E38000238,NHS Lincolnshire ICB - 71E,E54000013,NHS Lincolnshire Integrated Care Board,E40000011,Midlands,DEC2022,DNA,Unknown,Unknown,2 to 7 Days,98
71E,E38000238,NHS Lincolnshire ICB - 71E,E54000013,NHS Lincolnshire Integrated Care Board,E40000011,Midlands,DEC2022,DNA,Unknown,Unknown,22  to 28 Days,29
71E,E38000238,NHS Lincolnshire ICB - 71E,E54000013,NHS Lincolnshire Integrated Care Board,E40000011,Midlands,DEC2022,DNA,Unknown,Unknown,8  to 14 Days,102
71E,E38000238,NHS Lincolnshire ICB - 71E,E54000013,NHS Lincolnshire Integrated Care Board,E40000011,Midlands,DEC2022,DNA,Unknown,Unknown,More than 28 Days,32
71E,E38000238,NHS Lincolnshire ICB - 71E,E54000013,NHS Lincolnshire Integrated Care Board,E40000011,Midlands,DEC2022,DNA,Unknown,Unknown,Same Day,98
71E,E38000238,NHS Lincolnshire ICB - 71E,E54000013,NHS Lincolnshire Integrated Care Board,E40000011,Midlands,DEC2022,Unknown,GP,Face-to-Face,1 Day,137
71E,E38000238,NHS Lincolnshire ICB - 71E,E54000013,NHS Lincolnshire Integrated Care Board,E40000011,Midlands,DEC2022,Unknown,GP,Face-to-Face,15  to 21 Days,220
71E,E38000238,NHS Lincolnshire ICB - 71E,E54000013,NHS Lincolnshire Integrated Care Board,E40000011,Midlands,DEC2022,Unknown,GP,Face-to-Face,2 to 7 Days,385
71E,E38000238,NHS Lincolnshire ICB - 71E,E54000013,NHS Lincolnshire Integrated Care Board,E40000011,Midlands,DEC2022,Unknown,GP,Face-to-Face,22  to 28 Days,130
71E,E38000238,NHS Lincolnshire ICB - 71E,E54000013,NHS Lincolnshire Integrated Care Board,E40000011,Midlands,DEC2022,Unknown,GP,Face-to-Face,8  to 14 Days,262
71E,E38000238,NHS Lincolnshire ICB - 71E,E54000013,NHS Lincolnshire Integrated Care Board,E40000011,Midlands,DEC2022,Unknown,GP,Face-to-Face,More than 28 Days,147
71E,E38000238,NHS Lincolnshire ICB - 71E,E54000013,NHS Lincolnshire Integrated Care Board,E40000011,Midlands,DEC2022,Unknown,GP,Face-to-Face,Same Day,312
71E,E38000238,NHS Lincolnshire ICB - 71E,E54000013,NHS Lincolnshire Integrated Care Board,E40000011,Midlands,DEC2022,Unknown,GP,Face-to-Face,Unknown / Data Quality,8
71E,E38000238,NHS Lincolnshire ICB - 71E,E54000013,NHS Lincolnshire Integrated Care Board,E40000011,Midlands,DEC2022,Unknown,GP,Home Visit,15  to 21 Days,1
71E,E38000238,NHS Lincolnshire ICB - 71E,E54000013,NHS Lincolnshire Integrated Care Board,E40000011,Midlands,DEC2022,Unknown,GP,Home Visit,2 to 7 Days,3
71E,E38000238,NHS Lincolnshire ICB - 71E,E54000013,NHS Lincolnshire Integrated Care Board,E40000011,Midlands,DEC2022,Unknown,GP,Home Visit,22  to 28 Days,2
71E,E38000238,NHS Lincolnshire ICB - 71E,E54000013,NHS Lincolnshire Integrated Care Board,E40000011,Midlands,DEC2022,Unknown,GP,Home Visit,8  to 14 Days,2
71E,E38000238,NHS Lincolnshire ICB - 71E,E54000013,NHS Lincolnshire Integrated Care Board,E40000011,Midlands,DEC2022,Unknown,GP,Home Visit,More than 28 Days,1
71E,E38000238,NHS Lincolnshire ICB - 71E,E54000013,NHS Lincolnshire Integrated Care Board,E40000011,Midlands,DEC2022,Unknown,GP,Home Visit,Same Day,1
71E,E38000238,NHS Lincolnshire ICB - 71E,E54000013,NHS Lincolnshire Integrated Care Board,E40000011,Midlands,DEC2022,Unknown,GP,Telephone,1 Day,54
71E,E38000238,NHS Lincolnshire ICB - 71E,E54000013,NHS Lincolnshire Integrated Care Board,E40000011,Midlands,DEC2022,Unknown,GP,Telephone,15  to 21 Days,95
71E,E38000238,NHS Lincolnshire ICB - 71E,E54000013,NHS Lincolnshire Integrated Care Board,E40000011,Midlands,DEC2022,Unknown,GP,Telephone,2 to 7 Days,126
71E,E38000238,NHS Lincolnshire ICB - 71E,E54000013,NHS Lincolnshire Integrated Care Board,E40000011,Midlands,DEC2022,Unknown,GP,Telephone,22  to 28 Days,35
71E,E38000238,NHS Lincolnshire ICB - 71E,E54000013,NHS Lincolnshire Integrated Care Board,E40000011,Midlands,DEC2022,Unknown,GP,Telephone,8  to 14 Days,162
71E,E38000238,NHS Lincolnshire ICB - 71E,E54000013,NHS Lincolnshire Integrated Care Board,E40000011,Midlands,DEC2022,Unknown,GP,Telephone,More than 28 Days,23
71E,E38000238,NHS Lincolnshire ICB - 71E,E54000013,NHS Lincolnshire Integrated Care Board,E40000011,Midlands,DEC2022,Unknown,GP,Telephone,Same Day,253
71E,E38000238,NHS Lincolnshire ICB - 71E,E54000013,NHS Lincolnshire Integrated Care Board,E40000011,Midlands,DEC2022,Unknown,GP,Video/Online,1 Day,1
71E,E38000238,NHS Lincolnshire ICB - 71E,E54000013,NHS Lincolnshire Integrated Care Board,E40000011,Midlands,DEC2022,Unknown,GP,Video/Online,2 to 7 Days,7
71E,E38000238,NHS Lincolnshire ICB - 71E,E54000013,NHS Lincolnshire Integrated Care Board,E40000011,Midlands,DEC2022,Unknown,GP,Video/Online,Same Day,2
71E,E38000238,NHS Lincolnshire ICB - 71E,E54000013,NHS Lincolnshire Integrated Care Board,E40000011,Midlands,DEC2022,Unknown,Other Practice staff,Face-to-Face,1 Day,204
71E,E38000238,NHS Lincolnshire ICB - 71E,E54000013,NHS Lincolnshire Integrated Care Board,E40000011,Midlands,DEC2022,Unknown,Other Practice staff,Face-to-Face,15  to 21 Days,1350
71E,E38000238,NHS Lincolnshire ICB - 71E,E54000013,NHS Lincolnshire Integrated Care Board,E40000011,Midlands,DEC2022,Unknown,Other Practice staff,Face-to-Face,2 to 7 Days,1260
71E,E38000238,NHS Lincolnshire ICB - 71E,E54000013,NHS Lincolnshire Integrated Care Board,E40000011,Midlands,DEC2022,Unknown,Other Practice staff,Face-to-Face,22  to 28 Days,932
71E,E38000238,NHS Lincolnshire ICB - 71E,E54000013,NHS Lincolnshire Integrated Care Board,E40000011,Midlands,DEC2022,Unknown,Other Practice staff,Face-to-Face,8  to 14 Days,1759
71E,E38000238,NHS Lincolnshire ICB - 71E,E54000013,NHS Lincolnshire Integrated Care Board,E40000011,Midlands,DEC2022,Unknown,Other Practice staff,Face-to-Face,More than 28 Days,1663
71E,E38000238,NHS Lincolnshire ICB - 71E,E54000013,NHS Lincolnshire Integrated Care Board,E40000011,Midlands,DEC2022,Unknown,Other Practice staff,Face-to-Face,Same Day,811
71E,E38000238,NHS Lincolnshire ICB - 71E,E54000013,NHS Lincolnshire Integrated Care Board,E40000011,Midlands,DEC2022,Unknown,Other Practice staff,Face-to-Face,Unknown / Data Quality,11
71E,E38000238,NHS Lincolnshire ICB - 71E,E54000013,NHS Lincolnshire Integrated Care Board,E40000011,Midlands,DEC2022,Unknown,Other Practice staff,Home Visit,1 Day,4
71E,E38000238,NHS Lincolnshire ICB - 71E,E54000013,NHS Lincolnshire Integrated Care Board,E40000011,Midlands,DEC2022,Unknown,Other Practice staff,Home Visit,15  to 21 Days,19
71E,E38000238,NHS Lincolnshire ICB - 71E,E54000013,NHS Lincolnshire Integrated Care Board,E40000011,Midlands,DEC2022,Unknown,Other Practice staff,Home Visit,2 to 7 Days,22
71E,E38000238,NHS Lincolnshire ICB - 71E,E54000013,NHS Lincolnshire Integrated Care Board,E40000011,Midlands,DEC2022,Unknown,Other Practice staff,Home Visit,22  to 28 Days,11
71E,E38000238,NHS Lincolnshire ICB - 71E,E54000013,NHS Lincolnshire Integrated Care Board,E40000011,Midlands,DEC2022,Unknown,Other Practice staff,Home Visit,8  to 14 Days,27
71E,E38000238,NHS Lincolnshire ICB - 71E,E54000013,NHS Lincolnshire Integrated Care Board,E40000011,Midlands,DEC2022,Unknown,Other Practice staff,Home Visit,More than 28 Days,9
71E,E38000238,NHS Lincolnshire ICB - 71E,E54000013,NHS Lincolnshire Integrated Care Board,E40000011,Midlands,DEC2022,Unknown,Other Practice staff,Home Visit,Same Day,13
71E,E38000238,NHS Lincolnshire ICB - 71E,E54000013,NHS Lincolnshire Integrated Care Board,E40000011,Midlands,DEC2022,Unknown,Other Practice staff,Telephone,1 Day,64
71E,E38000238,NHS Lincolnshire ICB - 71E,E54000013,NHS Lincolnshire Integrated Care Board,E40000011,Midlands,DEC2022,Unknown,Other Practice staff,Telephone,15  to 21 Days,84
71E,E38000238,NHS Lincolnshire ICB - 71E,E54000013,NHS Lincolnshire Integrated Care Board,E40000011,Midlands,DEC2022,Unknown,Other Practice staff,Telephone,2 to 7 Days,193
71E,E38000238,NHS Lincolnshire ICB - 71E,E54000013,NHS Lincolnshire Integrated Care Board,E40000011,Midlands,DEC2022,Unknown,Other Practice staff,Telephone,22  to 28 Days,69
71E,E38000238,NHS Lincolnshire ICB - 71E,E54000013,NHS Lincolnshire Integrated Care Board,E40000011,Midlands,DEC2022,Unknown,Other Practice staff,Telephone,8  to 14 Days,158
71E,E38000238,NHS Lincolnshire ICB - 71E,E54000013,NHS Lincolnshire Integrated Care Board,E40000011,Midlands,DEC2022,Unknown,Other Practice staff,Telephone,More than 28 Days,60
71E,E38000238,NHS Lincolnshire ICB - 71E,E54000013,NHS Lincolnshire Integrated Care Board,E40000011,Midlands,DEC2022,Unknown,Other Practice staff,Telephone,Same Day,276
71E,E38000238,NHS Lincolnshire ICB - 71E,E54000013,NHS Lincolnshire Integrated Care Board,E40000011,Midlands,DEC2022,Unknown,Other Practice staff,Telephone,Unknown / Data Quality,1
71E,E38000238,NHS Lincolnshire ICB - 71E,E54000013,NHS Lincolnshire Integrated Care Board,E40000011,Midlands,DEC2022,Unknown,Other Practice staff,Unknown,2 to 7 Days,1
71E,E38000238,NHS Lincolnshire ICB - 71E,E54000013,NHS Lincolnshire Integrated Care Board,E40000011,Midlands,DEC2022,Unknown,Other Practice staff,Video/Online,1 Day,6
71E,E38000238,NHS Lincolnshire ICB - 71E,E54000013,NHS Lincolnshire Integrated Care Board,E40000011,Midlands,DEC2022,Unknown,Other Practice staff,Video/Online,15  to 21 Days,2
71E,E38000238,NHS Lincolnshire ICB - 71E,E54000013,NHS Lincolnshire Integrated Care Board,E40000011,Midlands,DEC2022,Unknown,Other Practice staff,Video/Online,2 to 7 Days,22
71E,E38000238,NHS Lincolnshire ICB - 71E,E54000013,NHS Lincolnshire Integrated Care Board,E40000011,Midlands,DEC2022,Unknown,Other Practice staff,Video/Online,8  to 14 Days,1
71E,E38000238,NHS Lincolnshire ICB - 71E,E54000013,NHS Lincolnshire Integrated Care Board,E40000011,Midlands,DEC2022,Unknown,Other Practice staff,Video/Online,More than 28 Days,7
71E,E38000238,NHS Lincolnshire ICB - 71E,E54000013,NHS Lincolnshire Integrated Care Board,E40000011,Midlands,DEC2022,Unknown,Other Practice staff,Video/Online,Same Day,6
71E,E38000238,NHS Lincolnshire ICB - 71E,E54000013,NHS Lincolnshire Integrated Care Board,E40000011,Midlands,DEC2022,Unknown,Unknown,Unknown,1 Day,24
71E,E38000238,NHS Lincolnshire ICB - 71E,E54000013,NHS Lincolnshire Integrated Care Board,E40000011,Midlands,DEC2022,Unknown,Unknown,Unknown,15  to 21 Days,197
71E,E38000238,NHS Lincolnshire ICB - 71E,E54000013,NHS Lincolnshire Integrated Care Board,E40000011,Midlands,DEC2022,Unknown,Unknown,Unknown,2 to 7 Days,164
71E,E38000238,NHS Lincolnshire ICB - 71E,E54000013,NHS Lincolnshire Integrated Care Board,E40000011,Midlands,DEC2022,Unknown,Unknown,Unknown,22  to 28 Days,105
71E,E38000238,NHS Lincolnshire ICB - 71E,E54000013,NHS Lincolnshire Integrated Care Board,E40000011,Midlands,DEC2022,Unknown,Unknown,Unknown,8  to 14 Days,225
71E,E38000238,NHS Lincolnshire ICB - 71E,E54000013,NHS Lincolnshire Integrated Care Board,E40000011,Midlands,DEC2022,Unknown,Unknown,Unknown,More than 28 Days,121
71E,E38000238,NHS Lincolnshire ICB - 71E,E54000013,NHS Lincolnshire Integrated Care Board,E40000011,Midlands,DEC2022,Unknown,Unknown,Unknown,Same Day,57
71E,E38000238,NHS Lincolnshire ICB - 71E,E54000013,NHS Lincolnshire Integrated Care Board,E40000011,Midlands,DEC2022,Unknown,Unknown,Unknown,Unknown / Data Quality,1
71E,E38000238,NHS Lincolnshire ICB - 71E,E54000013,NHS Lincolnshire Integrated Care Board,E40000011,Midlands,JAN2023,Attended,GP,Face-to-Face,1 Day,7702
71E,E38000238,NHS Lincolnshire ICB - 71E,E54000013,NHS Lincolnshire Integrated Care Board,E40000011,Midlands,JAN2023,Attended,GP,Face-to-Face,15  to 21 Days,2239
71E,E38000238,NHS Lincolnshire ICB - 71E,E54000013,NHS Lincolnshire Integrated Care Board,E40000011,Midlands,JAN2023,Attended,GP,Face-to-Face,2 to 7 Days,12461
71E,E38000238,NHS Lincolnshire ICB - 71E,E54000013,NHS Lincolnshire Integrated Care Board,E40000011,Midlands,JAN2023,Attended,GP,Face-to-Face,22  to 28 Days,1753
71E,E38000238,NHS Lincolnshire ICB - 71E,E54000013,NHS Lincolnshire Integrated Care Board,E40000011,Midlands,JAN2023,Attended,GP,Face-to-Face,8  to 14 Days,4933
71E,E38000238,NHS Lincolnshire ICB - 71E,E54000013,NHS Lincolnshire Integrated Care Board,E40000011,Midlands,JAN2023,Attended,GP,Face-to-Face,More than 28 Days,1744
71E,E38000238,NHS Lincolnshire ICB - 71E,E54000013,NHS Lincolnshire Integrated Care Board,E40000011,Midlands,JAN2023,Attended,GP,Face-to-Face,Same Day,63963
71E,E38000238,NHS Lincolnshire ICB - 71E,E54000013,NHS Lincolnshire Integrated Care Board,E40000011,Midlands,JAN2023,Attended,GP,Face-to-Face,Unknown / Data Quality,89
71E,E38000238,NHS Lincolnshire ICB - 71E,E54000013,NHS Lincolnshire Integrated Care Board,E40000011,Midlands,JAN2023,Attended,GP,Home Visit,1 Day,72
71E,E38000238,NHS Lincolnshire ICB - 71E,E54000013,NHS Lincolnshire Integrated Care Board,E40000011,Midlands,JAN2023,Attended,GP,Home Visit,2 to 7 Days,69
71E,E38000238,NHS Lincolnshire ICB - 71E,E54000013,NHS Lincolnshire Integrated Care Board,E40000011,Midlands,JAN2023,Attended,GP,Home Visit,22  to 28 Days,1
71E,E38000238,NHS Lincolnshire ICB - 71E,E54000013,NHS Lincolnshire Integrated Care Board,E40000011,Midlands,JAN2023,Attended,GP,Home Visit,8  to 14 Days,7
71E,E38000238,NHS Lincolnshire ICB - 71E,E54000013,NHS Lincolnshire Integrated Care Board,E40000011,Midlands,JAN2023,Attended,GP,Home Visit,More than 28 Days,1
71E,E38000238,NHS Lincolnshire ICB - 71E,E54000013,NHS Lincolnshire Integrated Care Board,E40000011,Midlands,JAN2023,Attended,GP,Home Visit,Same Day,399
71E,E38000238,NHS Lincolnshire ICB - 71E,E54000013,NHS Lincolnshire Integrated Care Board,E40000011,Midlands,JAN2023,Attended,GP,Home Visit,Unknown / Data Quality,3
71E,E38000238,NHS Lincolnshire ICB - 71E,E54000013,NHS Lincolnshire Integrated Care Board,E40000011,Midlands,JAN2023,Attended,GP,Telephone,1 Day,3397
71E,E38000238,NHS Lincolnshire ICB - 71E,E54000013,NHS Lincolnshire Integrated Care Board,E40000011,Midlands,JAN2023,Attended,GP,Telephone,15  to 21 Days,1582
71E,E38000238,NHS Lincolnshire ICB - 71E,E54000013,NHS Lincolnshire Integrated Care Board,E40000011,Midlands,JAN2023,Attended,GP,Telephone,2 to 7 Days,7049
71E,E38000238,NHS Lincolnshire ICB - 71E,E54000013,NHS Lincolnshire Integrated Care Board,E40000011,Midlands,JAN2023,Attended,GP,Telephone,22  to 28 Days,720
71E,E38000238,NHS Lincolnshire ICB - 71E,E54000013,NHS Lincolnshire Integrated Care Board,E40000011,Midlands,JAN2023,Attended,GP,Telephone,8  to 14 Days,3504
71E,E38000238,NHS Lincolnshire ICB - 71E,E54000013,NHS Lincolnshire Integrated Care Board,E40000011,Midlands,JAN2023,Attended,GP,Telephone,More than 28 Days,475
71E,E38000238,NHS Lincolnshire ICB - 71E,E54000013,NHS Lincolnshire Integrated Care Board,E40000011,Midlands,JAN2023,Attended,GP,Telephone,Same Day,38776
71E,E38000238,NHS Lincolnshire ICB - 71E,E54000013,NHS Lincolnshire Integrated Care Board,E40000011,Midlands,JAN2023,Attended,GP,Telephone,Unknown / Data Quality,22
71E,E38000238,NHS Lincolnshire ICB - 71E,E54000013,NHS Lincolnshire Integrated Care Board,E40000011,Midlands,JAN2023,Attended,GP,Video/Online,1 Day,227
71E,E38000238,NHS Lincolnshire ICB - 71E,E54000013,NHS Lincolnshire Integrated Care Board,E40000011,Midlands,JAN2023,Attended,GP,Video/Online,15  to 21 Days,9
71E,E38000238,NHS Lincolnshire ICB - 71E,E54000013,NHS Lincolnshire Integrated Care Board,E40000011,Midlands,JAN2023,Attended,GP,Video/Online,2 to 7 Days,680
71E,E38000238,NHS Lincolnshire ICB - 71E,E54000013,NHS Lincolnshire Integrated Care Board,E40000011,Midlands,JAN2023,Attended,GP,Video/Online,22  to 28 Days,4
71E,E38000238,NHS Lincolnshire ICB - 71E,E54000013,NHS Lincolnshire Integrated Care Board,E40000011,Midlands,JAN2023,Attended,GP,Video/Online,8  to 14 Days,40
71E,E38000238,NHS Lincolnshire ICB - 71E,E54000013,NHS Lincolnshire Integrated Care Board,E40000011,Midlands,JAN2023,Attended,GP,Video/Online,Same Day,544
71E,E38000238,NHS Lincolnshire ICB - 71E,E54000013,NHS Lincolnshire Integrated Care Board,E40000011,Midlands,JAN2023,Attended,Other Practice staff,Face-to-Face,1 Day,13097
71E,E38000238,NHS Lincolnshire ICB - 71E,E54000013,NHS Lincolnshire Integrated Care Board,E40000011,Midlands,JAN2023,Attended,Other Practice staff,Face-to-Face,15  to 21 Days,18725
71E,E38000238,NHS Lincolnshire ICB - 71E,E54000013,NHS Lincolnshire Integrated Care Board,E40000011,Midlands,JAN2023,Attended,Other Practice staff,Face-to-Face,2 to 7 Days,44701
71E,E38000238,NHS Lincolnshire ICB - 71E,E54000013,NHS Lincolnshire Integrated Care Board,E40000011,Midlands,JAN2023,Attended,Other Practice staff,Face-to-Face,22  to 28 Days,12831
71E,E38000238,NHS Lincolnshire ICB - 71E,E54000013,NHS Lincolnshire Integrated Care Board,E40000011,Midlands,JAN2023,Attended,Other Practice staff,Face-to-Face,8  to 14 Days,31631
71E,E38000238,NHS Lincolnshire ICB - 71E,E54000013,NHS Lincolnshire Integrated Care Board,E40000011,Midlands,JAN2023,Attended,Other Practice staff,Face-to-Face,More than 28 Days,13666
71E,E38000238,NHS Lincolnshire ICB - 71E,E54000013,NHS Lincolnshire Integrated Care Board,E40000011,Midlands,JAN2023,Attended,Other Practice staff,Face-to-Face,Same Day,61033
71E,E38000238,NHS Lincolnshire ICB - 71E,E54000013,NHS Lincolnshire Integrated Care Board,E40000011,Midlands,JAN2023,Attended,Other Practice staff,Face-to-Face,Unknown / Data Quality,118
71E,E38000238,NHS Lincolnshire ICB - 71E,E54000013,NHS Lincolnshire Integrated Care Board,E40000011,Midlands,JAN2023,Attended,Other Practice staff,Home Visit,1 Day,260
71E,E38000238,NHS Lincolnshire ICB - 71E,E54000013,NHS Lincolnshire Integrated Care Board,E40000011,Midlands,JAN2023,Attended,Other Practice staff,Home Visit,15  to 21 Days,155
71E,E38000238,NHS Lincolnshire ICB - 71E,E54000013,NHS Lincolnshire Integrated Care Board,E40000011,Midlands,JAN2023,Attended,Other Practice staff,Home Visit,2 to 7 Days,616
71E,E38000238,NHS Lincolnshire ICB - 71E,E54000013,NHS Lincolnshire Integrated Care Board,E40000011,Midlands,JAN2023,Attended,Other Practice staff,Home Visit,22  to 28 Days,93
71E,E38000238,NHS Lincolnshire ICB - 71E,E54000013,NHS Lincolnshire Integrated Care Board,E40000011,Midlands,JAN2023,Attended,Other Practice staff,Home Visit,8  to 14 Days,240
71E,E38000238,NHS Lincolnshire ICB - 71E,E54000013,NHS Lincolnshire Integrated Care Board,E40000011,Midlands,JAN2023,Attended,Other Practice staff,Home Visit,More than 28 Days,86
71E,E38000238,NHS Lincolnshire ICB - 71E,E54000013,NHS Lincolnshire Integrated Care Board,E40000011,Midlands,JAN2023,Attended,Other Practice staff,Home Visit,Same Day,961
71E,E38000238,NHS Lincolnshire ICB - 71E,E54000013,NHS Lincolnshire Integrated Care Board,E40000011,Midlands,JAN2023,Attended,Other Practice staff,Home Visit,Unknown / Data Quality,22
71E,E38000238,NHS Lincolnshire ICB - 71E,E54000013,NHS Lincolnshire Integrated Care Board,E40000011,Midlands,JAN2023,Attended,Other Practice staff,Telephone,1 Day,3008
71E,E38000238,NHS Lincolnshire ICB - 71E,E54000013,NHS Lincolnshire Integrated Care Board,E40000011,Midlands,JAN2023,Attended,Other Practice staff,Telephone,15  to 21 Days,1491
71E,E38000238,NHS Lincolnshire ICB - 71E,E54000013,NHS Lincolnshire Integrated Care Board,E40000011,Midlands,JAN2023,Attended,Other Practice staff,Telephone,2 to 7 Days,6080
71E,E38000238,NHS Lincolnshire ICB - 71E,E54000013,NHS Lincolnshire Integrated Care Board,E40000011,Midlands,JAN2023,Attended,Other Practice staff,Telephone,22  to 28 Days,849
71E,E38000238,NHS Lincolnshire ICB - 71E,E54000013,NHS Lincolnshire Integrated Care Board,E40000011,Midlands,JAN2023,Attended,Other Practice staff,Telephone,8  to 14 Days,2522
71E,E38000238,NHS Lincolnshire ICB - 71E,E54000013,NHS Lincolnshire Integrated Care Board,E40000011,Midlands,JAN2023,Attended,Other Practice staff,Telephone,More than 28 Days,1297
71E,E38000238,NHS Lincolnshire ICB - 71E,E54000013,NHS Lincolnshire Integrated Care Board,E40000011,Midlands,JAN2023,Attended,Other Practice staff,Telephone,Same Day,28083
71E,E38000238,NHS Lincolnshire ICB - 71E,E54000013,NHS Lincolnshire Integrated Care Board,E40000011,Midlands,JAN2023,Attended,Other Practice staff,Telephone,Unknown / Data Quality,49
71E,E38000238,NHS Lincolnshire ICB - 71E,E54000013,NHS Lincolnshire Integrated Care Board,E40000011,Midlands,JAN2023,Attended,Other Practice staff,Video/Online,1 Day,688
71E,E38000238,NHS Lincolnshire ICB - 71E,E54000013,NHS Lincolnshire Integrated Care Board,E40000011,Midlands,JAN2023,Attended,Other Practice staff,Video/Online,15  to 21 Days,20
71E,E38000238,NHS Lincolnshire ICB - 71E,E54000013,NHS Lincolnshire Integrated Care Board,E40000011,Midlands,JAN2023,Attended,Other Practice staff,Video/Online,2 to 7 Days,393
71E,E38000238,NHS Lincolnshire ICB - 71E,E54000013,NHS Lincolnshire Integrated Care Board,E40000011,Midlands,JAN2023,Attended,Other Practice staff,Video/Online,22  to 28 Days,16
71E,E38000238,NHS Lincolnshire ICB - 71E,E54000013,NHS Lincolnshire Integrated Care Board,E40000011,Midlands,JAN2023,Attended,Other Practice staff,Video/Online,8  to 14 Days,45
71E,E38000238,NHS Lincolnshire ICB - 71E,E54000013,NHS Lincolnshire Integrated Care Board,E40000011,Midlands,JAN2023,Attended,Other Practice staff,Video/Online,More than 28 Days,37
71E,E38000238,NHS Lincolnshire ICB - 71E,E54000013,NHS Lincolnshire Integrated Care Board,E40000011,Midlands,JAN2023,Attended,Other Practice staff,Video/Online,Same Day,616
71E,E38000238,NHS Lincolnshire ICB - 71E,E54000013,NHS Lincolnshire Integrated Care Board,E40000011,Midlands,JAN2023,Attended,Unknown,Unknown,1 Day,1071
71E,E38000238,NHS Lincolnshire ICB - 71E,E54000013,NHS Lincolnshire Integrated Care Board,E40000011,Midlands,JAN2023,Attended,Unknown,Unknown,15  to 21 Days,285
71E,E38000238,NHS Lincolnshire ICB - 71E,E54000013,NHS Lincolnshire Integrated Care Board,E40000011,Midlands,JAN2023,Attended,Unknown,Unknown,2 to 7 Days,2007
71E,E38000238,NHS Lincolnshire ICB - 71E,E54000013,NHS Lincolnshire Integrated Care Board,E40000011,Midlands,JAN2023,Attended,Unknown,Unknown,22  to 28 Days,185
71E,E38000238,NHS Lincolnshire ICB - 71E,E54000013,NHS Lincolnshire Integrated Care Board,E40000011,Midlands,JAN2023,Attended,Unknown,Unknown,8  to 14 Days,667
71E,E38000238,NHS Lincolnshire ICB - 71E,E54000013,NHS Lincolnshire Integrated Care Board,E40000011,Midlands,JAN2023,Attended,Unknown,Unknown,More than 28 Days,131
71E,E38000238,NHS Lincolnshire ICB - 71E,E54000013,NHS Lincolnshire Integrated Care Board,E40000011,Midlands,JAN2023,Attended,Unknown,Unknown,Same Day,11377
71E,E38000238,NHS Lincolnshire ICB - 71E,E54000013,NHS Lincolnshire Integrated Care Board,E40000011,Midlands,JAN2023,Attended,Unknown,Unknown,Unknown / Data Quality,41
71E,E38000238,NHS Lincolnshire ICB - 71E,E54000013,NHS Lincolnshire Integrated Care Board,E40000011,Midlands,JAN2023,DNA,GP,Face-to-Face,1 Day,197
71E,E38000238,NHS Lincolnshire ICB - 71E,E54000013,NHS Lincolnshire Integrated Care Board,E40000011,Midlands,JAN2023,DNA,GP,Face-to-Face,15  to 21 Days,139
71E,E38000238,NHS Lincolnshire ICB - 71E,E54000013,NHS Lincolnshire Integrated Care Board,E40000011,Midlands,JAN2023,DNA,GP,Face-to-Face,2 to 7 Days,518
71E,E38000238,NHS Lincolnshire ICB - 71E,E54000013,NHS Lincolnshire Integrated Care Board,E40000011,Midlands,JAN2023,DNA,GP,Face-to-Face,22  to 28 Days,90
71E,E38000238,NHS Lincolnshire ICB - 71E,E54000013,NHS Lincolnshire Integrated Care Board,E40000011,Midlands,JAN2023,DNA,GP,Face-to-Face,8  to 14 Days,278
71E,E38000238,NHS Lincolnshire ICB - 71E,E54000013,NHS Lincolnshire Integrated Care Board,E40000011,Midlands,JAN2023,DNA,GP,Face-to-Face,More than 28 Days,103
71E,E38000238,NHS Lincolnshire ICB - 71E,E54000013,NHS Lincolnshire Integrated Care Board,E40000011,Midlands,JAN2023,DNA,GP,Face-to-Face,Same Day,672
71E,E38000238,NHS Lincolnshire ICB - 71E,E54000013,NHS Lincolnshire Integrated Care Board,E40000011,Midlands,JAN2023,DNA,GP,Home Visit,1 Day,4
71E,E38000238,NHS Lincolnshire ICB - 71E,E54000013,NHS Lincolnshire Integrated Care Board,E40000011,Midlands,JAN2023,DNA,GP,Home Visit,2 to 7 Days,8
71E,E38000238,NHS Lincolnshire ICB - 71E,E54000013,NHS Lincolnshire Integrated Care Board,E40000011,Midlands,JAN2023,DNA,GP,Home Visit,8  to 14 Days,1
71E,E38000238,NHS Lincolnshire ICB - 71E,E54000013,NHS Lincolnshire Integrated Care Board,E40000011,Midlands,JAN2023,DNA,GP,Home Visit,Same Day,5
71E,E38000238,NHS Lincolnshire ICB - 71E,E54000013,NHS Lincolnshire Integrated Care Board,E40000011,Midlands,JAN2023,DNA,GP,Telephone,1 Day,30
71E,E38000238,NHS Lincolnshire ICB - 71E,E54000013,NHS Lincolnshire Integrated Care Board,E40000011,Midlands,JAN2023,DNA,GP,Telephone,15  to 21 Days,25
71E,E38000238,NHS Lincolnshire ICB - 71E,E54000013,NHS Lincolnshire Integrated Care Board,E40000011,Midlands,JAN2023,DNA,GP,Telephone,2 to 7 Days,65
71E,E38000238,NHS Lincolnshire ICB - 71E,E54000013,NHS Lincolnshire Integrated Care Board,E40000011,Midlands,JAN2023,DNA,GP,Telephone,22  to 28 Days,9
71E,E38000238,NHS Lincolnshire ICB - 71E,E54000013,NHS Lincolnshire Integrated Care Board,E40000011,Midlands,JAN2023,DNA,GP,Telephone,8  to 14 Days,41
71E,E38000238,NHS Lincolnshire ICB - 71E,E54000013,NHS Lincolnshire Integrated Care Board,E40000011,Midlands,JAN2023,DNA,GP,Telephone,More than 28 Days,4
71E,E38000238,NHS Lincolnshire ICB - 71E,E54000013,NHS Lincolnshire Integrated Care Board,E40000011,Midlands,JAN2023,DNA,GP,Telephone,Same Day,306
71E,E38000238,NHS Lincolnshire ICB - 71E,E54000013,NHS Lincolnshire Integrated Care Board,E40000011,Midlands,JAN2023,DNA,GP,Video/Online,1 Day,11
71E,E38000238,NHS Lincolnshire ICB - 71E,E54000013,NHS Lincolnshire Integrated Care Board,E40000011,Midlands,JAN2023,DNA,GP,Video/Online,15  to 21 Days,2
71E,E38000238,NHS Lincolnshire ICB - 71E,E54000013,NHS Lincolnshire Integrated Care Board,E40000011,Midlands,JAN2023,DNA,GP,Video/Online,2 to 7 Days,21
71E,E38000238,NHS Lincolnshire ICB - 71E,E54000013,NHS Lincolnshire Integrated Care Board,E40000011,Midlands,JAN2023,DNA,GP,Video/Online,8  to 14 Days,13
71E,E38000238,NHS Lincolnshire ICB - 71E,E54000013,NHS Lincolnshire Integrated Care Board,E40000011,Midlands,JAN2023,DNA,GP,Video/Online,Same Day,5
71E,E38000238,NHS Lincolnshire ICB - 71E,E54000013,NHS Lincolnshire Integrated Care Board,E40000011,Midlands,JAN2023,DNA,Other Practice staff,Face-to-Face,1 Day,602
71E,E38000238,NHS Lincolnshire ICB - 71E,E54000013,NHS Lincolnshire Integrated Care Board,E40000011,Midlands,JAN2023,DNA,Other Practice staff,Face-to-Face,15  to 21 Days,1658
71E,E38000238,NHS Lincolnshire ICB - 71E,E54000013,NHS Lincolnshire Integrated Care Board,E40000011,Midlands,JAN2023,DNA,Other Practice staff,Face-to-Face,2 to 7 Days,2580
71E,E38000238,NHS Lincolnshire ICB - 71E,E54000013,NHS Lincolnshire Integrated Care Board,E40000011,Midlands,JAN2023,DNA,Other Practice staff,Face-to-Face,22  to 28 Days,1288
71E,E38000238,NHS Lincolnshire ICB - 71E,E54000013,NHS Lincolnshire Integrated Care Board,E40000011,Midlands,JAN2023,DNA,Other Practice staff,Face-to-Face,8  to 14 Days,2359
71E,E38000238,NHS Lincolnshire ICB - 71E,E54000013,NHS Lincolnshire Integrated Care Board,E40000011,Midlands,JAN2023,DNA,Other Practice staff,Face-to-Face,More than 28 Days,1592
71E,E38000238,NHS Lincolnshire ICB - 71E,E54000013,NHS Lincolnshire Integrated Care Board,E40000011,Midlands,JAN2023,DNA,Other Practice staff,Face-to-Face,Same Day,1179
71E,E38000238,NHS Lincolnshire ICB - 71E,E54000013,NHS Lincolnshire Integrated Care Board,E40000011,Midlands,JAN2023,DNA,Other Practice staff,Home Visit,1 Day,7
71E,E38000238,NHS Lincolnshire ICB - 71E,E54000013,NHS Lincolnshire Integrated Care Board,E40000011,Midlands,JAN2023,DNA,Other Practice staff,Home Visit,15  to 21 Days,3
71E,E38000238,NHS Lincolnshire ICB - 71E,E54000013,NHS Lincolnshire Integrated Care Board,E40000011,Midlands,JAN2023,DNA,Other Practice staff,Home Visit,2 to 7 Days,16
71E,E38000238,NHS Lincolnshire ICB - 71E,E54000013,NHS Lincolnshire Integrated Care Board,E40000011,Midlands,JAN2023,DNA,Other Practice staff,Home Visit,22  to 28 Days,2
71E,E38000238,NHS Lincolnshire ICB - 71E,E54000013,NHS Lincolnshire Integrated Care Board,E40000011,Midlands,JAN2023,DNA,Other Practice staff,Home Visit,8  to 14 Days,3
71E,E38000238,NHS Lincolnshire ICB - 71E,E54000013,NHS Lincolnshire Integrated Care Board,E40000011,Midlands,JAN2023,DNA,Other Practice staff,Home Visit,More than 28 Days,1
71E,E38000238,NHS Lincolnshire ICB - 71E,E54000013,NHS Lincolnshire Integrated Care Board,E40000011,Midlands,JAN2023,DNA,Other Practice staff,Home Visit,Same Day,28
71E,E38000238,NHS Lincolnshire ICB - 71E,E54000013,NHS Lincolnshire Integrated Care Board,E40000011,Midlands,JAN2023,DNA,Other Practice staff,Home Visit,Unknown / Data Quality,1
71E,E38000238,NHS Lincolnshire ICB - 71E,E54000013,NHS Lincolnshire Integrated Care Board,E40000011,Midlands,JAN2023,DNA,Other Practice staff,Telephone,1 Day,56
71E,E38000238,NHS Lincolnshire ICB - 71E,E54000013,NHS Lincolnshire Integrated Care Board,E40000011,Midlands,JAN2023,DNA,Other Practice staff,Telephone,15  to 21 Days,37
71E,E38000238,NHS Lincolnshire ICB - 71E,E54000013,NHS Lincolnshire Integrated Care Board,E40000011,Midlands,JAN2023,DNA,Other Practice staff,Telephone,2 to 7 Days,182
71E,E38000238,NHS Lincolnshire ICB - 71E,E54000013,NHS Lincolnshire Integrated Care Board,E40000011,Midlands,JAN2023,DNA,Other Practice staff,Telephone,22  to 28 Days,28
71E,E38000238,NHS Lincolnshire ICB - 71E,E54000013,NHS Lincolnshire Integrated Care Board,E40000011,Midlands,JAN2023,DNA,Other Practice staff,Telephone,8  to 14 Days,73
71E,E38000238,NHS Lincolnshire ICB - 71E,E54000013,NHS Lincolnshire Integrated Care Board,E40000011,Midlands,JAN2023,DNA,Other Practice staff,Telephone,More than 28 Days,46
71E,E38000238,NHS Lincolnshire ICB - 71E,E54000013,NHS Lincolnshire Integrated Care Board,E40000011,Midlands,JAN2023,DNA,Other Practice staff,Telephone,Same Day,228
71E,E38000238,NHS Lincolnshire ICB - 71E,E54000013,NHS Lincolnshire Integrated Care Board,E40000011,Midlands,JAN2023,DNA,Other Practice staff,Video/Online,1 Day,2
71E,E38000238,NHS Lincolnshire ICB - 71E,E54000013,NHS Lincolnshire Integrated Care Board,E40000011,Midlands,JAN2023,DNA,Other Practice staff,Video/Online,15  to 21 Days,4
71E,E38000238,NHS Lincolnshire ICB - 71E,E54000013,NHS Lincolnshire Integrated Care Board,E40000011,Midlands,JAN2023,DNA,Other Practice staff,Video/Online,2 to 7 Days,4
71E,E38000238,NHS Lincolnshire ICB - 71E,E54000013,NHS Lincolnshire Integrated Care Board,E40000011,Midlands,JAN2023,DNA,Other Practice staff,Video/Online,22  to 28 Days,1
71E,E38000238,NHS Lincolnshire ICB - 71E,E54000013,NHS Lincolnshire Integrated Care Board,E40000011,Midlands,JAN2023,DNA,Other Practice staff,Video/Online,8  to 14 Days,4
71E,E38000238,NHS Lincolnshire ICB - 71E,E54000013,NHS Lincolnshire Integrated Care Board,E40000011,Midlands,JAN2023,DNA,Other Practice staff,Video/Online,Same Day,10
71E,E38000238,NHS Lincolnshire ICB - 71E,E54000013,NHS Lincolnshire Integrated Care Board,E40000011,Midlands,JAN2023,DNA,Unknown,Unknown,1 Day,24
71E,E38000238,NHS Lincolnshire ICB - 71E,E54000013,NHS Lincolnshire Integrated Care Board,E40000011,Midlands,JAN2023,DNA,Unknown,Unknown,15  to 21 Days,22
71E,E38000238,NHS Lincolnshire ICB - 71E,E54000013,NHS Lincolnshire Integrated Care Board,E40000011,Midlands,JAN2023,DNA,Unknown,Unknown,2 to 7 Days,59
71E,E38000238,NHS Lincolnshire ICB - 71E,E54000013,NHS Lincolnshire Integrated Care Board,E40000011,Midlands,JAN2023,DNA,Unknown,Unknown,22  to 28 Days,10
71E,E38000238,NHS Lincolnshire ICB - 71E,E54000013,NHS Lincolnshire Integrated Care Board,E40000011,Midlands,JAN2023,DNA,Unknown,Unknown,8  to 14 Days,41
71E,E38000238,NHS Lincolnshire ICB - 71E,E54000013,NHS Lincolnshire Integrated Care Board,E40000011,Midlands,JAN2023,DNA,Unknown,Unknown,More than 28 Days,14
71E,E38000238,NHS Lincolnshire ICB - 71E,E54000013,NHS Lincolnshire Integrated Care Board,E40000011,Midlands,JAN2023,DNA,Unknown,Unknown,Same Day,70
71E,E38000238,NHS Lincolnshire ICB - 71E,E54000013,NHS Lincolnshire Integrated Care Board,E40000011,Midlands,JAN2023,Unknown,GP,Face-to-Face,1 Day,129
71E,E38000238,NHS Lincolnshire ICB - 71E,E54000013,NHS Lincolnshire Integrated Care Board,E40000011,Midlands,JAN2023,Unknown,GP,Face-to-Face,15  to 21 Days,141
71E,E38000238,NHS Lincolnshire ICB - 71E,E54000013,NHS Lincolnshire Integrated Care Board,E40000011,Midlands,JAN2023,Unknown,GP,Face-to-Face,2 to 7 Days,394
71E,E38000238,NHS Lincolnshire ICB - 71E,E54000013,NHS Lincolnshire Integrated Care Board,E40000011,Midlands,JAN2023,Unknown,GP,Face-to-Face,22  to 28 Days,120
71E,E38000238,NHS Lincolnshire ICB - 71E,E54000013,NHS Lincolnshire Integrated Care Board,E40000011,Midlands,JAN2023,Unknown,GP,Face-to-Face,8  to 14 Days,319
71E,E38000238,NHS Lincolnshire ICB - 71E,E54000013,NHS Lincolnshire Integrated Care Board,E40000011,Midlands,JAN2023,Unknown,GP,Face-to-Face,More than 28 Days,157
71E,E38000238,NHS Lincolnshire ICB - 71E,E54000013,NHS Lincolnshire Integrated Care Board,E40000011,Midlands,JAN2023,Unknown,GP,Face-to-Face,Same Day,310
71E,E38000238,NHS Lincolnshire ICB - 71E,E54000013,NHS Lincolnshire Integrated Care Board,E40000011,Midlands,JAN2023,Unknown,GP,Face-to-Face,Unknown / Data Quality,3
71E,E38000238,NHS Lincolnshire ICB - 71E,E54000013,NHS Lincolnshire Integrated Care Board,E40000011,Midlands,JAN2023,Unknown,GP,Home Visit,1 Day,3
71E,E38000238,NHS Lincolnshire ICB - 71E,E54000013,NHS Lincolnshire Integrated Care Board,E40000011,Midlands,JAN2023,Unknown,GP,Home Visit,15  to 21 Days,2
71E,E38000238,NHS Lincolnshire ICB - 71E,E54000013,NHS Lincolnshire Integrated Care Board,E40000011,Midlands,JAN2023,Unknown,GP,Home Visit,2 to 7 Days,5
71E,E38000238,NHS Lincolnshire ICB - 71E,E54000013,NHS Lincolnshire Integrated Care Board,E40000011,Midlands,JAN2023,Unknown,GP,Home Visit,22  to 28 Days,3
71E,E38000238,NHS Lincolnshire ICB - 71E,E54000013,NHS Lincolnshire Integrated Care Board,E40000011,Midlands,JAN2023,Unknown,GP,Home Visit,8  to 14 Days,3
71E,E38000238,NHS Lincolnshire ICB - 71E,E54000013,NHS Lincolnshire Integrated Care Board,E40000011,Midlands,JAN2023,Unknown,GP,Home Visit,More than 28 Days,2
71E,E38000238,NHS Lincolnshire ICB - 71E,E54000013,NHS Lincolnshire Integrated Care Board,E40000011,Midlands,JAN2023,Unknown,GP,Home Visit,Same Day,2
71E,E38000238,NHS Lincolnshire ICB - 71E,E54000013,NHS Lincolnshire Integrated Care Board,E40000011,Midlands,JAN2023,Unknown,GP,Telephone,1 Day,80
71E,E38000238,NHS Lincolnshire ICB - 71E,E54000013,NHS Lincolnshire Integrated Care Board,E40000011,Midlands,JAN2023,Unknown,GP,Telephone,15  to 21 Days,65
71E,E38000238,NHS Lincolnshire ICB - 71E,E54000013,NHS Lincolnshire Integrated Care Board,E40000011,Midlands,JAN2023,Unknown,GP,Telephone,2 to 7 Days,166
71E,E38000238,NHS Lincolnshire ICB - 71E,E54000013,NHS Lincolnshire Integrated Care Board,E40000011,Midlands,JAN2023,Unknown,GP,Telephone,22  to 28 Days,55
71E,E38000238,NHS Lincolnshire ICB - 71E,E54000013,NHS Lincolnshire Integrated Care Board,E40000011,Midlands,JAN2023,Unknown,GP,Telephone,8  to 14 Days,137
71E,E38000238,NHS Lincolnshire ICB - 71E,E54000013,NHS Lincolnshire Integrated Care Board,E40000011,Midlands,JAN2023,Unknown,GP,Telephone,More than 28 Days,39
71E,E38000238,NHS Lincolnshire ICB - 71E,E54000013,NHS Lincolnshire Integrated Care Board,E40000011,Midlands,JAN2023,Unknown,GP,Telephone,Same Day,288
71E,E38000238,NHS Lincolnshire ICB - 71E,E54000013,NHS Lincolnshire Integrated Care Board,E40000011,Midlands,JAN2023,Unknown,GP,Telephone,Unknown / Data Quality,2
71E,E38000238,NHS Lincolnshire ICB - 71E,E54000013,NHS Lincolnshire Integrated Care Board,E40000011,Midlands,JAN2023,Unknown,GP,Video/Online,1 Day,1
71E,E38000238,NHS Lincolnshire ICB - 71E,E54000013,NHS Lincolnshire Integrated Care Board,E40000011,Midlands,JAN2023,Unknown,GP,Video/Online,15  to 21 Days,1
71E,E38000238,NHS Lincolnshire ICB - 71E,E54000013,NHS Lincolnshire Integrated Care Board,E40000011,Midlands,JAN2023,Unknown,GP,Video/Online,2 to 7 Days,21
71E,E38000238,NHS Lincolnshire ICB - 71E,E54000013,NHS Lincolnshire Integrated Care Board,E40000011,Midlands,JAN2023,Unknown,Other Practice staff,Face-to-Face,1 Day,254
71E,E38000238,NHS Lincolnshire ICB - 71E,E54000013,NHS Lincolnshire Integrated Care Board,E40000011,Midlands,JAN2023,Unknown,Other Practice staff,Face-to-Face,15  to 21 Days,1186
71E,E38000238,NHS Lincolnshire ICB - 71E,E54000013,NHS Lincolnshire Integrated Care Board,E40000011,Midlands,JAN2023,Unknown,Other Practice staff,Face-to-Face,2 to 7 Days,1319
71E,E38000238,NHS Lincolnshire ICB - 71E,E54000013,NHS Lincolnshire Integrated Care Board,E40000011,Midlands,JAN2023,Unknown,Other Practice staff,Face-to-Face,22  to 28 Days,904
71E,E38000238,NHS Lincolnshire ICB - 71E,E54000013,NHS Lincolnshire Integrated Care Board,E40000011,Midlands,JAN2023,Unknown,Other Practice staff,Face-to-Face,8  to 14 Days,1608
71E,E38000238,NHS Lincolnshire ICB - 71E,E54000013,NHS Lincolnshire Integrated Care Board,E40000011,Midlands,JAN2023,Unknown,Other Practice staff,Face-to-Face,More than 28 Days,1380
71E,E38000238,NHS Lincolnshire ICB - 71E,E54000013,NHS Lincolnshire Integrated Care Board,E40000011,Midlands,JAN2023,Unknown,Other Practice staff,Face-to-Face,Same Day,852
71E,E38000238,NHS Lincolnshire ICB - 71E,E54000013,NHS Lincolnshire Integrated Care Board,E40000011,Midlands,JAN2023,Unknown,Other Practice staff,Face-to-Face,Unknown / Data Quality,6
71E,E38000238,NHS Lincolnshire ICB - 71E,E54000013,NHS Lincolnshire Integrated Care Board,E40000011,Midlands,JAN2023,Unknown,Other Practice staff,Home Visit,1 Day,3
71E,E38000238,NHS Lincolnshire ICB - 71E,E54000013,NHS Lincolnshire Integrated Care Board,E40000011,Midlands,JAN2023,Unknown,Other Practice staff,Home Visit,15  to 21 Days,21
71E,E38000238,NHS Lincolnshire ICB - 71E,E54000013,NHS Lincolnshire Integrated Care Board,E40000011,Midlands,JAN2023,Unknown,Other Practice staff,Home Visit,2 to 7 Days,29
71E,E38000238,NHS Lincolnshire ICB - 71E,E54000013,NHS Lincolnshire Integrated Care Board,E40000011,Midlands,JAN2023,Unknown,Other Practice staff,Home Visit,22  to 28 Days,9
71E,E38000238,NHS Lincolnshire ICB - 71E,E54000013,NHS Lincolnshire Integrated Care Board,E40000011,Midlands,JAN2023,Unknown,Other Practice staff,Home Visit,8  to 14 Days,29
71E,E38000238,NHS Lincolnshire ICB - 71E,E54000013,NHS Lincolnshire Integrated Care Board,E40000011,Midlands,JAN2023,Unknown,Other Practice staff,Home Visit,More than 28 Days,14
71E,E38000238,NHS Lincolnshire ICB - 71E,E54000013,NHS Lincolnshire Integrated Care Board,E40000011,Midlands,JAN2023,Unknown,Other Practice staff,Home Visit,Same Day,23
71E,E38000238,NHS Lincolnshire ICB - 71E,E54000013,NHS Lincolnshire Integrated Care Board,E40000011,Midlands,JAN2023,Unknown,Other Practice staff,Telephone,1 Day,99
71E,E38000238,NHS Lincolnshire ICB - 71E,E54000013,NHS Lincolnshire Integrated Care Board,E40000011,Midlands,JAN2023,Unknown,Other Practice staff,Telephone,15  to 21 Days,92
71E,E38000238,NHS Lincolnshire ICB - 71E,E54000013,NHS Lincolnshire Integrated Care Board,E40000011,Midlands,JAN2023,Unknown,Other Practice staff,Telephone,2 to 7 Days,268
71E,E38000238,NHS Lincolnshire ICB - 71E,E54000013,NHS Lincolnshire Integrated Care Board,E40000011,Midlands,JAN2023,Unknown,Other Practice staff,Telephone,22  to 28 Days,64
71E,E38000238,NHS Lincolnshire ICB - 71E,E54000013,NHS Lincolnshire Integrated Care Board,E40000011,Midlands,JAN2023,Unknown,Other Practice staff,Telephone,8  to 14 Days,144
71E,E38000238,NHS Lincolnshire ICB - 71E,E54000013,NHS Lincolnshire Integrated Care Board,E40000011,Midlands,JAN2023,Unknown,Other Practice staff,Telephone,More than 28 Days,95
71E,E38000238,NHS Lincolnshire ICB - 71E,E54000013,NHS Lincolnshire Integrated Care Board,E40000011,Midlands,JAN2023,Unknown,Other Practice staff,Telephone,Same Day,297
71E,E38000238,NHS Lincolnshire ICB - 71E,E54000013,NHS Lincolnshire Integrated Care Board,E40000011,Midlands,JAN2023,Unknown,Other Practice staff,Telephone,Unknown / Data Quality,3
71E,E38000238,NHS Lincolnshire ICB - 71E,E54000013,NHS Lincolnshire Integrated Care Board,E40000011,Midlands,JAN2023,Unknown,Other Practice staff,Video/Online,1 Day,4
71E,E38000238,NHS Lincolnshire ICB - 71E,E54000013,NHS Lincolnshire Integrated Care Board,E40000011,Midlands,JAN2023,Unknown,Other Practice staff,Video/Online,2 to 7 Days,7
71E,E38000238,NHS Lincolnshire ICB - 71E,E54000013,NHS Lincolnshire Integrated Care Board,E40000011,Midlands,JAN2023,Unknown,Other Practice staff,Video/Online,22  to 28 Days,1
71E,E38000238,NHS Lincolnshire ICB - 71E,E54000013,NHS Lincolnshire Integrated Care Board,E40000011,Midlands,JAN2023,Unknown,Other Practice staff,Video/Online,8  to 14 Days,3
71E,E38000238,NHS Lincolnshire ICB - 71E,E54000013,NHS Lincolnshire Integrated Care Board,E40000011,Midlands,JAN2023,Unknown,Other Practice staff,Video/Online,More than 28 Days,1
71E,E38000238,NHS Lincolnshire ICB - 71E,E54000013,NHS Lincolnshire Integrated Care Board,E40000011,Midlands,JAN2023,Unknown,Other Practice staff,Video/Online,Same Day,7
71E,E38000238,NHS Lincolnshire ICB - 71E,E54000013,NHS Lincolnshire Integrated Care Board,E40000011,Midlands,JAN2023,Unknown,Unknown,Unknown,1 Day,11
71E,E38000238,NHS Lincolnshire ICB - 71E,E54000013,NHS Lincolnshire Integrated Care Board,E40000011,Midlands,JAN2023,Unknown,Unknown,Unknown,15  to 21 Days,75
71E,E38000238,NHS Lincolnshire ICB - 71E,E54000013,NHS Lincolnshire Integrated Care Board,E40000011,Midlands,JAN2023,Unknown,Unknown,Unknown,2 to 7 Days,126
71E,E38000238,NHS Lincolnshire ICB - 71E,E54000013,NHS Lincolnshire Integrated Care Board,E40000011,Midlands,JAN2023,Unknown,Unknown,Unknown,22  to 28 Days,83
71E,E38000238,NHS Lincolnshire ICB - 71E,E54000013,NHS Lincolnshire Integrated Care Board,E40000011,Midlands,JAN2023,Unknown,Unknown,Unknown,8  to 14 Days,92
71E,E38000238,NHS Lincolnshire ICB - 71E,E54000013,NHS Lincolnshire Integrated Care Board,E40000011,Midlands,JAN2023,Unknown,Unknown,Unknown,More than 28 Days,126
71E,E38000238,NHS Lincolnshire ICB - 71E,E54000013,NHS Lincolnshire Integrated Care Board,E40000011,Midlands,JAN2023,Unknown,Unknown,Unknown,Same Day,62
71E,E38000238,NHS Lincolnshire ICB - 71E,E54000013,NHS Lincolnshire Integrated Care Board,E40000011,Midlands,JAN2023,Unknown,Unknown,Unknown,Unknown / Data Quality,2
71E,E38000238,NHS Lincolnshire ICB - 71E,E54000013,NHS Lincolnshire Integrated Care Board,E40000011,Midlands,FEB2023,Attended,GP,Face-to-Face,1 Day,6547
71E,E38000238,NHS Lincolnshire ICB - 71E,E54000013,NHS Lincolnshire Integrated Care Board,E40000011,Midlands,FEB2023,Attended,GP,Face-to-Face,15  to 21 Days,2473
71E,E38000238,NHS Lincolnshire ICB - 71E,E54000013,NHS Lincolnshire Integrated Care Board,E40000011,Midlands,FEB2023,Attended,GP,Face-to-Face,2 to 7 Days,10697
71E,E38000238,NHS Lincolnshire ICB - 71E,E54000013,NHS Lincolnshire Integrated Care Board,E40000011,Midlands,FEB2023,Attended,GP,Face-to-Face,22  to 28 Days,1863
71E,E38000238,NHS Lincolnshire ICB - 71E,E54000013,NHS Lincolnshire Integrated Care Board,E40000011,Midlands,FEB2023,Attended,GP,Face-to-Face,8  to 14 Days,5269
71E,E38000238,NHS Lincolnshire ICB - 71E,E54000013,NHS Lincolnshire Integrated Care Board,E40000011,Midlands,FEB2023,Attended,GP,Face-to-Face,More than 28 Days,1185
71E,E38000238,NHS Lincolnshire ICB - 71E,E54000013,NHS Lincolnshire Integrated Care Board,E40000011,Midlands,FEB2023,Attended,GP,Face-to-Face,Same Day,57554
71E,E38000238,NHS Lincolnshire ICB - 71E,E54000013,NHS Lincolnshire Integrated Care Board,E40000011,Midlands,FEB2023,Attended,GP,Face-to-Face,Unknown / Data Quality,84
71E,E38000238,NHS Lincolnshire ICB - 71E,E54000013,NHS Lincolnshire Integrated Care Board,E40000011,Midlands,FEB2023,Attended,GP,Home Visit,1 Day,87
71E,E38000238,NHS Lincolnshire ICB - 71E,E54000013,NHS Lincolnshire Integrated Care Board,E40000011,Midlands,FEB2023,Attended,GP,Home Visit,15  to 21 Days,17
71E,E38000238,NHS Lincolnshire ICB - 71E,E54000013,NHS Lincolnshire Integrated Care Board,E40000011,Midlands,FEB2023,Attended,GP,Home Visit,2 to 7 Days,92
71E,E38000238,NHS Lincolnshire ICB - 71E,E54000013,NHS Lincolnshire Integrated Care Board,E40000011,Midlands,FEB2023,Attended,GP,Home Visit,8  to 14 Days,19
71E,E38000238,NHS Lincolnshire ICB - 71E,E54000013,NHS Lincolnshire Integrated Care Board,E40000011,Midlands,FEB2023,Attended,GP,Home Visit,More than 28 Days,12
71E,E38000238,NHS Lincolnshire ICB - 71E,E54000013,NHS Lincolnshire Integrated Care Board,E40000011,Midlands,FEB2023,Attended,GP,Home Visit,Same Day,583
71E,E38000238,NHS Lincolnshire ICB - 71E,E54000013,NHS Lincolnshire Integrated Care Board,E40000011,Midlands,FEB2023,Attended,GP,Home Visit,Unknown / Data Quality,1
71E,E38000238,NHS Lincolnshire ICB - 71E,E54000013,NHS Lincolnshire Integrated Care Board,E40000011,Midlands,FEB2023,Attended,GP,Telephone,1 Day,2804
71E,E38000238,NHS Lincolnshire ICB - 71E,E54000013,NHS Lincolnshire Integrated Care Board,E40000011,Midlands,FEB2023,Attended,GP,Telephone,15  to 21 Days,1569
71E,E38000238,NHS Lincolnshire ICB - 71E,E54000013,NHS Lincolnshire Integrated Care Board,E40000011,Midlands,FEB2023,Attended,GP,Telephone,2 to 7 Days,5950
71E,E38000238,NHS Lincolnshire ICB - 71E,E54000013,NHS Lincolnshire Integrated Care Board,E40000011,Midlands,FEB2023,Attended,GP,Telephone,22  to 28 Days,779
71E,E38000238,NHS Lincolnshire ICB - 71E,E54000013,NHS Lincolnshire Integrated Care Board,E40000011,Midlands,FEB2023,Attended,GP,Telephone,8  to 14 Days,3573
71E,E38000238,NHS Lincolnshire ICB - 71E,E54000013,NHS Lincolnshire Integrated Care Board,E40000011,Midlands,FEB2023,Attended,GP,Telephone,More than 28 Days,256
71E,E38000238,NHS Lincolnshire ICB - 71E,E54000013,NHS Lincolnshire Integrated Care Board,E40000011,Midlands,FEB2023,Attended,GP,Telephone,Same Day,35783
71E,E38000238,NHS Lincolnshire ICB - 71E,E54000013,NHS Lincolnshire Integrated Care Board,E40000011,Midlands,FEB2023,Attended,GP,Telephone,Unknown / Data Quality,24
71E,E38000238,NHS Lincolnshire ICB - 71E,E54000013,NHS Lincolnshire Integrated Care Board,E40000011,Midlands,FEB2023,Attended,GP,Video/Online,1 Day,133
71E,E38000238,NHS Lincolnshire ICB - 71E,E54000013,NHS Lincolnshire Integrated Care Board,E40000011,Midlands,FEB2023,Attended,GP,Video/Online,15  to 21 Days,14
71E,E38000238,NHS Lincolnshire ICB - 71E,E54000013,NHS Lincolnshire Integrated Care Board,E40000011,Midlands,FEB2023,Attended,GP,Video/Online,2 to 7 Days,457
71E,E38000238,NHS Lincolnshire ICB - 71E,E54000013,NHS Lincolnshire Integrated Care Board,E40000011,Midlands,FEB2023,Attended,GP,Video/Online,22  to 28 Days,4
71E,E38000238,NHS Lincolnshire ICB - 71E,E54000013,NHS Lincolnshire Integrated Care Board,E40000011,Midlands,FEB2023,Attended,GP,Video/Online,8  to 14 Days,33
71E,E38000238,NHS Lincolnshire ICB - 71E,E54000013,NHS Lincolnshire Integrated Care Board,E40000011,Midlands,FEB2023,Attended,GP,Video/Online,More than 28 Days,4
71E,E38000238,NHS Lincolnshire ICB - 71E,E54000013,NHS Lincolnshire Integrated Care Board,E40000011,Midlands,FEB2023,Attended,GP,Video/Online,Same Day,614
71E,E38000238,NHS Lincolnshire ICB - 71E,E54000013,NHS Lincolnshire Integrated Care Board,E40000011,Midlands,FEB2023,Attended,Other Practice staff,Face-to-Face,1 Day,10776
71E,E38000238,NHS Lincolnshire ICB - 71E,E54000013,NHS Lincolnshire Integrated Care Board,E40000011,Midlands,FEB2023,Attended,Other Practice staff,Face-to-Face,15  to 21 Days,21846
71E,E38000238,NHS Lincolnshire ICB - 71E,E54000013,NHS Lincolnshire Integrated Care Board,E40000011,Midlands,FEB2023,Attended,Other Practice staff,Face-to-Face,2 to 7 Days,38646
71E,E38000238,NHS Lincolnshire ICB - 71E,E54000013,NHS Lincolnshire Integrated Care Board,E40000011,Midlands,FEB2023,Attended,Other Practice staff,Face-to-Face,22  to 28 Days,13078
71E,E38000238,NHS Lincolnshire ICB - 71E,E54000013,NHS Lincolnshire Integrated Care Board,E40000011,Midlands,FEB2023,Attended,Other Practice staff,Face-to-Face,8  to 14 Days,32603
71E,E38000238,NHS Lincolnshire ICB - 71E,E54000013,NHS Lincolnshire Integrated Care Board,E40000011,Midlands,FEB2023,Attended,Other Practice staff,Face-to-Face,More than 28 Days,9950
71E,E38000238,NHS Lincolnshire ICB - 71E,E54000013,NHS Lincolnshire Integrated Care Board,E40000011,Midlands,FEB2023,Attended,Other Practice staff,Face-to-Face,Same Day,53119
71E,E38000238,NHS Lincolnshire ICB - 71E,E54000013,NHS Lincolnshire Integrated Care Board,E40000011,Midlands,FEB2023,Attended,Other Practice staff,Face-to-Face,Unknown / Data Quality,124
71E,E38000238,NHS Lincolnshire ICB - 71E,E54000013,NHS Lincolnshire Integrated Care Board,E40000011,Midlands,FEB2023,Attended,Other Practice staff,Home Visit,1 Day,251
71E,E38000238,NHS Lincolnshire ICB - 71E,E54000013,NHS Lincolnshire Integrated Care Board,E40000011,Midlands,FEB2023,Attended,Other Practice staff,Home Visit,15  to 21 Days,133
71E,E38000238,NHS Lincolnshire ICB - 71E,E54000013,NHS Lincolnshire Integrated Care Board,E40000011,Midlands,FEB2023,Attended,Other Practice staff,Home Visit,2 to 7 Days,548
71E,E38000238,NHS Lincolnshire ICB - 71E,E54000013,NHS Lincolnshire Integrated Care Board,E40000011,Midlands,FEB2023,Attended,Other Practice staff,Home Visit,22  to 28 Days,58
71E,E38000238,NHS Lincolnshire ICB - 71E,E54000013,NHS Lincolnshire Integrated Care Board,E40000011,Midlands,FEB2023,Attended,Other Practice staff,Home Visit,8  to 14 Days,328
71E,E38000238,NHS Lincolnshire ICB - 71E,E54000013,NHS Lincolnshire Integrated Care Board,E40000011,Midlands,FEB2023,Attended,Other Practice staff,Home Visit,More than 28 Days,61
71E,E38000238,NHS Lincolnshire ICB - 71E,E54000013,NHS Lincolnshire Integrated Care Board,E40000011,Midlands,FEB2023,Attended,Other Practice staff,Home Visit,Same Day,833
71E,E38000238,NHS Lincolnshire ICB - 71E,E54000013,NHS Lincolnshire Integrated Care Board,E40000011,Midlands,FEB2023,Attended,Other Practice staff,Home Visit,Unknown / Data Quality,28
71E,E38000238,NHS Lincolnshire ICB - 71E,E54000013,NHS Lincolnshire Integrated Care Board,E40000011,Midlands,FEB2023,Attended,Other Practice staff,Telephone,1 Day,2284
71E,E38000238,NHS Lincolnshire ICB - 71E,E54000013,NHS Lincolnshire Integrated Care Board,E40000011,Midlands,FEB2023,Attended,Other Practice staff,Telephone,15  to 21 Days,1606
71E,E38000238,NHS Lincolnshire ICB - 71E,E54000013,NHS Lincolnshire Integrated Care Board,E40000011,Midlands,FEB2023,Attended,Other Practice staff,Telephone,2 to 7 Days,5058
71E,E38000238,NHS Lincolnshire ICB - 71E,E54000013,NHS Lincolnshire Integrated Care Board,E40000011,Midlands,FEB2023,Attended,Other Practice staff,Telephone,22  to 28 Days,1111
71E,E38000238,NHS Lincolnshire ICB - 71E,E54000013,NHS Lincolnshire Integrated Care Board,E40000011,Midlands,FEB2023,Attended,Other Practice staff,Telephone,8  to 14 Days,2770
71E,E38000238,NHS Lincolnshire ICB - 71E,E54000013,NHS Lincolnshire Integrated Care Board,E40000011,Midlands,FEB2023,Attended,Other Practice staff,Telephone,More than 28 Days,966
71E,E38000238,NHS Lincolnshire ICB - 71E,E54000013,NHS Lincolnshire Integrated Care Board,E40000011,Midlands,FEB2023,Attended,Other Practice staff,Telephone,Same Day,24944
71E,E38000238,NHS Lincolnshire ICB - 71E,E54000013,NHS Lincolnshire Integrated Care Board,E40000011,Midlands,FEB2023,Attended,Other Practice staff,Telephone,Unknown / Data Quality,25
71E,E38000238,NHS Lincolnshire ICB - 71E,E54000013,NHS Lincolnshire Integrated Care Board,E40000011,Midlands,FEB2023,Attended,Other Practice staff,Video/Online,1 Day,560
71E,E38000238,NHS Lincolnshire ICB - 71E,E54000013,NHS Lincolnshire Integrated Care Board,E40000011,Midlands,FEB2023,Attended,Other Practice staff,Video/Online,15  to 21 Days,61
71E,E38000238,NHS Lincolnshire ICB - 71E,E54000013,NHS Lincolnshire Integrated Care Board,E40000011,Midlands,FEB2023,Attended,Other Practice staff,Video/Online,2 to 7 Days,387
71E,E38000238,NHS Lincolnshire ICB - 71E,E54000013,NHS Lincolnshire Integrated Care Board,E40000011,Midlands,FEB2023,Attended,Other Practice staff,Video/Online,22  to 28 Days,15
71E,E38000238,NHS Lincolnshire ICB - 71E,E54000013,NHS Lincolnshire Integrated Care Board,E40000011,Midlands,FEB2023,Attended,Other Practice staff,Video/Online,8  to 14 Days,52
71E,E38000238,NHS Lincolnshire ICB - 71E,E54000013,NHS Lincolnshire Integrated Care Board,E40000011,Midlands,FEB2023,Attended,Other Practice staff,Video/Online,More than 28 Days,31
71E,E38000238,NHS Lincolnshire ICB - 71E,E54000013,NHS Lincolnshire Integrated Care Board,E40000011,Midlands,FEB2023,Attended,Other Practice staff,Video/Online,Same Day,626
71E,E38000238,NHS Lincolnshire ICB - 71E,E54000013,NHS Lincolnshire Integrated Care Board,E40000011,Midlands,FEB2023,Attended,Unknown,Unknown,1 Day,1129
71E,E38000238,NHS Lincolnshire ICB - 71E,E54000013,NHS Lincolnshire Integrated Care Board,E40000011,Midlands,FEB2023,Attended,Unknown,Unknown,15  to 21 Days,271
71E,E38000238,NHS Lincolnshire ICB - 71E,E54000013,NHS Lincolnshire Integrated Care Board,E40000011,Midlands,FEB2023,Attended,Unknown,Unknown,2 to 7 Days,2045
71E,E38000238,NHS Lincolnshire ICB - 71E,E54000013,NHS Lincolnshire Integrated Care Board,E40000011,Midlands,FEB2023,Attended,Unknown,Unknown,22  to 28 Days,108
71E,E38000238,NHS Lincolnshire ICB - 71E,E54000013,NHS Lincolnshire Integrated Care Board,E40000011,Midlands,FEB2023,Attended,Unknown,Unknown,8  to 14 Days,755
71E,E38000238,NHS Lincolnshire ICB - 71E,E54000013,NHS Lincolnshire Integrated Care Board,E40000011,Midlands,FEB2023,Attended,Unknown,Unknown,More than 28 Days,107
71E,E38000238,NHS Lincolnshire ICB - 71E,E54000013,NHS Lincolnshire Integrated Care Board,E40000011,Midlands,FEB2023,Attended,Unknown,Unknown,Same Day,10346
71E,E38000238,NHS Lincolnshire ICB - 71E,E54000013,NHS Lincolnshire Integrated Care Board,E40000011,Midlands,FEB2023,Attended,Unknown,Unknown,Unknown / Data Quality,36
71E,E38000238,NHS Lincolnshire ICB - 71E,E54000013,NHS Lincolnshire Integrated Care Board,E40000011,Midlands,FEB2023,DNA,GP,Face-to-Face,1 Day,140
71E,E38000238,NHS Lincolnshire ICB - 71E,E54000013,NHS Lincolnshire Integrated Care Board,E40000011,Midlands,FEB2023,DNA,GP,Face-to-Face,15  to 21 Days,149
71E,E38000238,NHS Lincolnshire ICB - 71E,E54000013,NHS Lincolnshire Integrated Care Board,E40000011,Midlands,FEB2023,DNA,GP,Face-to-Face,2 to 7 Days,367
71E,E38000238,NHS Lincolnshire ICB - 71E,E54000013,NHS Lincolnshire Integrated Care Board,E40000011,Midlands,FEB2023,DNA,GP,Face-to-Face,22  to 28 Days,109
71E,E38000238,NHS Lincolnshire ICB - 71E,E54000013,NHS Lincolnshire Integrated Care Board,E40000011,Midlands,FEB2023,DNA,GP,Face-to-Face,8  to 14 Days,276
71E,E38000238,NHS Lincolnshire ICB - 71E,E54000013,NHS Lincolnshire Integrated Care Board,E40000011,Midlands,FEB2023,DNA,GP,Face-to-Face,More than 28 Days,72
71E,E38000238,NHS Lincolnshire ICB - 71E,E54000013,NHS Lincolnshire Integrated Care Board,E40000011,Midlands,FEB2023,DNA,GP,Face-to-Face,Same Day,618
71E,E38000238,NHS Lincolnshire ICB - 71E,E54000013,NHS Lincolnshire Integrated Care Board,E40000011,Midlands,FEB2023,DNA,GP,Home Visit,1 Day,5
71E,E38000238,NHS Lincolnshire ICB - 71E,E54000013,NHS Lincolnshire Integrated Care Board,E40000011,Midlands,FEB2023,DNA,GP,Home Visit,2 to 7 Days,4
71E,E38000238,NHS Lincolnshire ICB - 71E,E54000013,NHS Lincolnshire Integrated Care Board,E40000011,Midlands,FEB2023,DNA,GP,Home Visit,Same Day,10
71E,E38000238,NHS Lincolnshire ICB - 71E,E54000013,NHS Lincolnshire Integrated Care Board,E40000011,Midlands,FEB2023,DNA,GP,Telephone,1 Day,21
71E,E38000238,NHS Lincolnshire ICB - 71E,E54000013,NHS Lincolnshire Integrated Care Board,E40000011,Midlands,FEB2023,DNA,GP,Telephone,15  to 21 Days,17
71E,E38000238,NHS Lincolnshire ICB - 71E,E54000013,NHS Lincolnshire Integrated Care Board,E40000011,Midlands,FEB2023,DNA,GP,Telephone,2 to 7 Days,54
71E,E38000238,NHS Lincolnshire ICB - 71E,E54000013,NHS Lincolnshire Integrated Care Board,E40000011,Midlands,FEB2023,DNA,GP,Telephone,22  to 28 Days,14
71E,E38000238,NHS Lincolnshire ICB - 71E,E54000013,NHS Lincolnshire Integrated Care Board,E40000011,Midlands,FEB2023,DNA,GP,Telephone,8  to 14 Days,44
71E,E38000238,NHS Lincolnshire ICB - 71E,E54000013,NHS Lincolnshire Integrated Care Board,E40000011,Midlands,FEB2023,DNA,GP,Telephone,More than 28 Days,8
71E,E38000238,NHS Lincolnshire ICB - 71E,E54000013,NHS Lincolnshire Integrated Care Board,E40000011,Midlands,FEB2023,DNA,GP,Telephone,Same Day,227
71E,E38000238,NHS Lincolnshire ICB - 71E,E54000013,NHS Lincolnshire Integrated Care Board,E40000011,Midlands,FEB2023,DNA,GP,Video/Online,1 Day,2
71E,E38000238,NHS Lincolnshire ICB - 71E,E54000013,NHS Lincolnshire Integrated Care Board,E40000011,Midlands,FEB2023,DNA,GP,Video/Online,15  to 21 Days,1
71E,E38000238,NHS Lincolnshire ICB - 71E,E54000013,NHS Lincolnshire Integrated Care Board,E40000011,Midlands,FEB2023,DNA,GP,Video/Online,2 to 7 Days,3
71E,E38000238,NHS Lincolnshire ICB - 71E,E54000013,NHS Lincolnshire Integrated Care Board,E40000011,Midlands,FEB2023,DNA,GP,Video/Online,8  to 14 Days,3
71E,E38000238,NHS Lincolnshire ICB - 71E,E54000013,NHS Lincolnshire Integrated Care Board,E40000011,Midlands,FEB2023,DNA,GP,Video/Online,Same Day,13
71E,E38000238,NHS Lincolnshire ICB - 71E,E54000013,NHS Lincolnshire Integrated Care Board,E40000011,Midlands,FEB2023,DNA,Other Practice staff,Face-to-Face,1 Day,552
71E,E38000238,NHS Lincolnshire ICB - 71E,E54000013,NHS Lincolnshire Integrated Care Board,E40000011,Midlands,FEB2023,DNA,Other Practice staff,Face-to-Face,15  to 21 Days,1758
71E,E38000238,NHS Lincolnshire ICB - 71E,E54000013,NHS Lincolnshire Integrated Care Board,E40000011,Midlands,FEB2023,DNA,Other Practice staff,Face-to-Face,2 to 7 Days,2095
71E,E38000238,NHS Lincolnshire ICB - 71E,E54000013,NHS Lincolnshire Integrated Care Board,E40000011,Midlands,FEB2023,DNA,Other Practice staff,Face-to-Face,22  to 28 Days,1097
71E,E38000238,NHS Lincolnshire ICB - 71E,E54000013,NHS Lincolnshire Integrated Care Board,E40000011,Midlands,FEB2023,DNA,Other Practice staff,Face-to-Face,8  to 14 Days,2381
71E,E38000238,NHS Lincolnshire ICB - 71E,E54000013,NHS Lincolnshire Integrated Care Board,E40000011,Midlands,FEB2023,DNA,Other Practice staff,Face-to-Face,More than 28 Days,1054
71E,E38000238,NHS Lincolnshire ICB - 71E,E54000013,NHS Lincolnshire Integrated Care Board,E40000011,Midlands,FEB2023,DNA,Other Practice staff,Face-to-Face,Same Day,961
71E,E38000238,NHS Lincolnshire ICB - 71E,E54000013,NHS Lincolnshire Integrated Care Board,E40000011,Midlands,FEB2023,DNA,Other Practice staff,Home Visit,1 Day,19
71E,E38000238,NHS Lincolnshire ICB - 71E,E54000013,NHS Lincolnshire Integrated Care Board,E40000011,Midlands,FEB2023,DNA,Other Practice staff,Home Visit,15  to 21 Days,4
71E,E38000238,NHS Lincolnshire ICB - 71E,E54000013,NHS Lincolnshire Integrated Care Board,E40000011,Midlands,FEB2023,DNA,Other Practice staff,Home Visit,2 to 7 Days,15
71E,E38000238,NHS Lincolnshire ICB - 71E,E54000013,NHS Lincolnshire Integrated Care Board,E40000011,Midlands,FEB2023,DNA,Other Practice staff,Home Visit,22  to 28 Days,1
71E,E38000238,NHS Lincolnshire ICB - 71E,E54000013,NHS Lincolnshire Integrated Care Board,E40000011,Midlands,FEB2023,DNA,Other Practice staff,Home Visit,8  to 14 Days,3
71E,E38000238,NHS Lincolnshire ICB - 71E,E54000013,NHS Lincolnshire Integrated Care Board,E40000011,Midlands,FEB2023,DNA,Other Practice staff,Home Visit,More than 28 Days,4
71E,E38000238,NHS Lincolnshire ICB - 71E,E54000013,NHS Lincolnshire Integrated Care Board,E40000011,Midlands,FEB2023,DNA,Other Practice staff,Home Visit,Same Day,19
71E,E38000238,NHS Lincolnshire ICB - 71E,E54000013,NHS Lincolnshire Integrated Care Board,E40000011,Midlands,FEB2023,DNA,Other Practice staff,Telephone,1 Day,35
71E,E38000238,NHS Lincolnshire ICB - 71E,E54000013,NHS Lincolnshire Integrated Care Board,E40000011,Midlands,FEB2023,DNA,Other Practice staff,Telephone,15  to 21 Days,66
71E,E38000238,NHS Lincolnshire ICB - 71E,E54000013,NHS Lincolnshire Integrated Care Board,E40000011,Midlands,FEB2023,DNA,Other Practice staff,Telephone,2 to 7 Days,131
71E,E38000238,NHS Lincolnshire ICB - 71E,E54000013,NHS Lincolnshire Integrated Care Board,E40000011,Midlands,FEB2023,DNA,Other Practice staff,Telephone,22  to 28 Days,38
71E,E38000238,NHS Lincolnshire ICB - 71E,E54000013,NHS Lincolnshire Integrated Care Board,E40000011,Midlands,FEB2023,DNA,Other Practice staff,Telephone,8  to 14 Days,78
71E,E38000238,NHS Lincolnshire ICB - 71E,E54000013,NHS Lincolnshire Integrated Care Board,E40000011,Midlands,FEB2023,DNA,Other Practice staff,Telephone,More than 28 Days,22
71E,E38000238,NHS Lincolnshire ICB - 71E,E54000013,NHS Lincolnshire Integrated Care Board,E40000011,Midlands,FEB2023,DNA,Other Practice staff,Telephone,Same Day,153
71E,E38000238,NHS Lincolnshire ICB - 71E,E54000013,NHS Lincolnshire Integrated Care Board,E40000011,Midlands,FEB2023,DNA,Other Practice staff,Video/Online,1 Day,1
71E,E38000238,NHS Lincolnshire ICB - 71E,E54000013,NHS Lincolnshire Integrated Care Board,E40000011,Midlands,FEB2023,DNA,Other Practice staff,Video/Online,15  to 21 Days,4
71E,E38000238,NHS Lincolnshire ICB - 71E,E54000013,NHS Lincolnshire Integrated Care Board,E40000011,Midlands,FEB2023,DNA,Other Practice staff,Video/Online,2 to 7 Days,8
71E,E38000238,NHS Lincolnshire ICB - 71E,E54000013,NHS Lincolnshire Integrated Care Board,E40000011,Midlands,FEB2023,DNA,Other Practice staff,Video/Online,22  to 28 Days,3
71E,E38000238,NHS Lincolnshire ICB - 71E,E54000013,NHS Lincolnshire Integrated Care Board,E40000011,Midlands,FEB2023,DNA,Other Practice staff,Video/Online,8  to 14 Days,3
71E,E38000238,NHS Lincolnshire ICB - 71E,E54000013,NHS Lincolnshire Integrated Care Board,E40000011,Midlands,FEB2023,DNA,Other Practice staff,Video/Online,Same Day,4
71E,E38000238,NHS Lincolnshire ICB - 71E,E54000013,NHS Lincolnshire Integrated Care Board,E40000011,Midlands,FEB2023,DNA,Unknown,Unknown,1 Day,23
71E,E38000238,NHS Lincolnshire ICB - 71E,E54000013,NHS Lincolnshire Integrated Care Board,E40000011,Midlands,FEB2023,DNA,Unknown,Unknown,15  to 21 Days,17
71E,E38000238,NHS Lincolnshire ICB - 71E,E54000013,NHS Lincolnshire Integrated Care Board,E40000011,Midlands,FEB2023,DNA,Unknown,Unknown,2 to 7 Days,67
71E,E38000238,NHS Lincolnshire ICB - 71E,E54000013,NHS Lincolnshire Integrated Care Board,E40000011,Midlands,FEB2023,DNA,Unknown,Unknown,22  to 28 Days,8
71E,E38000238,NHS Lincolnshire ICB - 71E,E54000013,NHS Lincolnshire Integrated Care Board,E40000011,Midlands,FEB2023,DNA,Unknown,Unknown,8  to 14 Days,45
71E,E38000238,NHS Lincolnshire ICB - 71E,E54000013,NHS Lincolnshire Integrated Care Board,E40000011,Midlands,FEB2023,DNA,Unknown,Unknown,More than 28 Days,9
71E,E38000238,NHS Lincolnshire ICB - 71E,E54000013,NHS Lincolnshire Integrated Care Board,E40000011,Midlands,FEB2023,DNA,Unknown,Unknown,Same Day,70
71E,E38000238,NHS Lincolnshire ICB - 71E,E54000013,NHS Lincolnshire Integrated Care Board,E40000011,Midlands,FEB2023,Unknown,GP,Face-to-Face,1 Day,81
71E,E38000238,NHS Lincolnshire ICB - 71E,E54000013,NHS Lincolnshire Integrated Care Board,E40000011,Midlands,FEB2023,Unknown,GP,Face-to-Face,15  to 21 Days,201
71E,E38000238,NHS Lincolnshire ICB - 71E,E54000013,NHS Lincolnshire Integrated Care Board,E40000011,Midlands,FEB2023,Unknown,GP,Face-to-Face,2 to 7 Days,387
71E,E38000238,NHS Lincolnshire ICB - 71E,E54000013,NHS Lincolnshire Integrated Care Board,E40000011,Midlands,FEB2023,Unknown,GP,Face-to-Face,22  to 28 Days,149
71E,E38000238,NHS Lincolnshire ICB - 71E,E54000013,NHS Lincolnshire Integrated Care Board,E40000011,Midlands,FEB2023,Unknown,GP,Face-to-Face,8  to 14 Days,249
71E,E38000238,NHS Lincolnshire ICB - 71E,E54000013,NHS Lincolnshire Integrated Care Board,E40000011,Midlands,FEB2023,Unknown,GP,Face-to-Face,More than 28 Days,147
71E,E38000238,NHS Lincolnshire ICB - 71E,E54000013,NHS Lincolnshire Integrated Care Board,E40000011,Midlands,FEB2023,Unknown,GP,Face-to-Face,Same Day,331
71E,E38000238,NHS Lincolnshire ICB - 71E,E54000013,NHS Lincolnshire Integrated Care Board,E40000011,Midlands,FEB2023,Unknown,GP,Face-to-Face,Unknown / Data Quality,1
71E,E38000238,NHS Lincolnshire ICB - 71E,E54000013,NHS Lincolnshire Integrated Care Board,E40000011,Midlands,FEB2023,Unknown,GP,Home Visit,1 Day,2
71E,E38000238,NHS Lincolnshire ICB - 71E,E54000013,NHS Lincolnshire Integrated Care Board,E40000011,Midlands,FEB2023,Unknown,GP,Home Visit,15  to 21 Days,1
71E,E38000238,NHS Lincolnshire ICB - 71E,E54000013,NHS Lincolnshire Integrated Care Board,E40000011,Midlands,FEB2023,Unknown,GP,Home Visit,2 to 7 Days,6
71E,E38000238,NHS Lincolnshire ICB - 71E,E54000013,NHS Lincolnshire Integrated Care Board,E40000011,Midlands,FEB2023,Unknown,GP,Home Visit,22  to 28 Days,2
71E,E38000238,NHS Lincolnshire ICB - 71E,E54000013,NHS Lincolnshire Integrated Care Board,E40000011,Midlands,FEB2023,Unknown,GP,Home Visit,8  to 14 Days,1
71E,E38000238,NHS Lincolnshire ICB - 71E,E54000013,NHS Lincolnshire Integrated Care Board,E40000011,Midlands,FEB2023,Unknown,GP,Home Visit,More than 28 Days,12
71E,E38000238,NHS Lincolnshire ICB - 71E,E54000013,NHS Lincolnshire Integrated Care Board,E40000011,Midlands,FEB2023,Unknown,GP,Home Visit,Same Day,11
71E,E38000238,NHS Lincolnshire ICB - 71E,E54000013,NHS Lincolnshire Integrated Care Board,E40000011,Midlands,FEB2023,Unknown,GP,Telephone,1 Day,55
71E,E38000238,NHS Lincolnshire ICB - 71E,E54000013,NHS Lincolnshire Integrated Care Board,E40000011,Midlands,FEB2023,Unknown,GP,Telephone,15  to 21 Days,60
71E,E38000238,NHS Lincolnshire ICB - 71E,E54000013,NHS Lincolnshire Integrated Care Board,E40000011,Midlands,FEB2023,Unknown,GP,Telephone,2 to 7 Days,143
71E,E38000238,NHS Lincolnshire ICB - 71E,E54000013,NHS Lincolnshire Integrated Care Board,E40000011,Midlands,FEB2023,Unknown,GP,Telephone,22  to 28 Days,49
71E,E38000238,NHS Lincolnshire ICB - 71E,E54000013,NHS Lincolnshire Integrated Care Board,E40000011,Midlands,FEB2023,Unknown,GP,Telephone,8  to 14 Days,138
71E,E38000238,NHS Lincolnshire ICB - 71E,E54000013,NHS Lincolnshire Integrated Care Board,E40000011,Midlands,FEB2023,Unknown,GP,Telephone,More than 28 Days,29
71E,E38000238,NHS Lincolnshire ICB - 71E,E54000013,NHS Lincolnshire Integrated Care Board,E40000011,Midlands,FEB2023,Unknown,GP,Telephone,Same Day,273
71E,E38000238,NHS Lincolnshire ICB - 71E,E54000013,NHS Lincolnshire Integrated Care Board,E40000011,Midlands,FEB2023,Unknown,GP,Telephone,Unknown / Data Quality,2
71E,E38000238,NHS Lincolnshire ICB - 71E,E54000013,NHS Lincolnshire Integrated Care Board,E40000011,Midlands,FEB2023,Unknown,GP,Video/Online,1 Day,2
71E,E38000238,NHS Lincolnshire ICB - 71E,E54000013,NHS Lincolnshire Integrated Care Board,E40000011,Midlands,FEB2023,Unknown,GP,Video/Online,2 to 7 Days,11
71E,E38000238,NHS Lincolnshire ICB - 71E,E54000013,NHS Lincolnshire Integrated Care Board,E40000011,Midlands,FEB2023,Unknown,GP,Video/Online,Same Day,4
71E,E38000238,NHS Lincolnshire ICB - 71E,E54000013,NHS Lincolnshire Integrated Care Board,E40000011,Midlands,FEB2023,Unknown,Other Practice staff,Face-to-Face,1 Day,272
71E,E38000238,NHS Lincolnshire ICB - 71E,E54000013,NHS Lincolnshire Integrated Care Board,E40000011,Midlands,FEB2023,Unknown,Other Practice staff,Face-to-Face,15  to 21 Days,1267
71E,E38000238,NHS Lincolnshire ICB - 71E,E54000013,NHS Lincolnshire Integrated Care Board,E40000011,Midlands,FEB2023,Unknown,Other Practice staff,Face-to-Face,2 to 7 Days,1293
71E,E38000238,NHS Lincolnshire ICB - 71E,E54000013,NHS Lincolnshire Integrated Care Board,E40000011,Midlands,FEB2023,Unknown,Other Practice staff,Face-to-Face,22  to 28 Days,972
71E,E38000238,NHS Lincolnshire ICB - 71E,E54000013,NHS Lincolnshire Integrated Care Board,E40000011,Midlands,FEB2023,Unknown,Other Practice staff,Face-to-Face,8  to 14 Days,1718
71E,E38000238,NHS Lincolnshire ICB - 71E,E54000013,NHS Lincolnshire Integrated Care Board,E40000011,Midlands,FEB2023,Unknown,Other Practice staff,Face-to-Face,More than 28 Days,1127
71E,E38000238,NHS Lincolnshire ICB - 71E,E54000013,NHS Lincolnshire Integrated Care Board,E40000011,Midlands,FEB2023,Unknown,Other Practice staff,Face-to-Face,Same Day,853
71E,E38000238,NHS Lincolnshire ICB - 71E,E54000013,NHS Lincolnshire Integrated Care Board,E40000011,Midlands,FEB2023,Unknown,Other Practice staff,Face-to-Face,Unknown / Data Quality,8
71E,E38000238,NHS Lincolnshire ICB - 71E,E54000013,NHS Lincolnshire Integrated Care Board,E40000011,Midlands,FEB2023,Unknown,Other Practice staff,Home Visit,1 Day,2
71E,E38000238,NHS Lincolnshire ICB - 71E,E54000013,NHS Lincolnshire Integrated Care Board,E40000011,Midlands,FEB2023,Unknown,Other Practice staff,Home Visit,15  to 21 Days,15
71E,E38000238,NHS Lincolnshire ICB - 71E,E54000013,NHS Lincolnshire Integrated Care Board,E40000011,Midlands,FEB2023,Unknown,Other Practice staff,Home Visit,2 to 7 Days,34
71E,E38000238,NHS Lincolnshire ICB - 71E,E54000013,NHS Lincolnshire Integrated Care Board,E40000011,Midlands,FEB2023,Unknown,Other Practice staff,Home Visit,22  to 28 Days,9
71E,E38000238,NHS Lincolnshire ICB - 71E,E54000013,NHS Lincolnshire Integrated Care Board,E40000011,Midlands,FEB2023,Unknown,Other Practice staff,Home Visit,8  to 14 Days,31
71E,E38000238,NHS Lincolnshire ICB - 71E,E54000013,NHS Lincolnshire Integrated Care Board,E40000011,Midlands,FEB2023,Unknown,Other Practice staff,Home Visit,More than 28 Days,18
71E,E38000238,NHS Lincolnshire ICB - 71E,E54000013,NHS Lincolnshire Integrated Care Board,E40000011,Midlands,FEB2023,Unknown,Other Practice staff,Home Visit,Same Day,21
71E,E38000238,NHS Lincolnshire ICB - 71E,E54000013,NHS Lincolnshire Integrated Care Board,E40000011,Midlands,FEB2023,Unknown,Other Practice staff,Telephone,1 Day,60
71E,E38000238,NHS Lincolnshire ICB - 71E,E54000013,NHS Lincolnshire Integrated Care Board,E40000011,Midlands,FEB2023,Unknown,Other Practice staff,Telephone,15  to 21 Days,110
71E,E38000238,NHS Lincolnshire ICB - 71E,E54000013,NHS Lincolnshire Integrated Care Board,E40000011,Midlands,FEB2023,Unknown,Other Practice staff,Telephone,2 to 7 Days,244
71E,E38000238,NHS Lincolnshire ICB - 71E,E54000013,NHS Lincolnshire Integrated Care Board,E40000011,Midlands,FEB2023,Unknown,Other Practice staff,Telephone,22  to 28 Days,78
71E,E38000238,NHS Lincolnshire ICB - 71E,E54000013,NHS Lincolnshire Integrated Care Board,E40000011,Midlands,FEB2023,Unknown,Other Practice staff,Telephone,8  to 14 Days,220
71E,E38000238,NHS Lincolnshire ICB - 71E,E54000013,NHS Lincolnshire Integrated Care Board,E40000011,Midlands,FEB2023,Unknown,Other Practice staff,Telephone,More than 28 Days,67
71E,E38000238,NHS Lincolnshire ICB - 71E,E54000013,NHS Lincolnshire Integrated Care Board,E40000011,Midlands,FEB2023,Unknown,Other Practice staff,Telephone,Same Day,247
71E,E38000238,NHS Lincolnshire ICB - 71E,E54000013,NHS Lincolnshire Integrated Care Board,E40000011,Midlands,FEB2023,Unknown,Other Practice staff,Telephone,Unknown / Data Quality,4
71E,E38000238,NHS Lincolnshire ICB - 71E,E54000013,NHS Lincolnshire Integrated Care Board,E40000011,Midlands,FEB2023,Unknown,Other Practice staff,Video/Online,2 to 7 Days,22
71E,E38000238,NHS Lincolnshire ICB - 71E,E54000013,NHS Lincolnshire Integrated Care Board,E40000011,Midlands,FEB2023,Unknown,Other Practice staff,Video/Online,8  to 14 Days,4
71E,E38000238,NHS Lincolnshire ICB - 71E,E54000013,NHS Lincolnshire Integrated Care Board,E40000011,Midlands,FEB2023,Unknown,Other Practice staff,Video/Online,More than 28 Days,1
71E,E38000238,NHS Lincolnshire ICB - 71E,E54000013,NHS Lincolnshire Integrated Care Board,E40000011,Midlands,FEB2023,Unknown,Other Practice staff,Video/Online,Same Day,12
71E,E38000238,NHS Lincolnshire ICB - 71E,E54000013,NHS Lincolnshire Integrated Care Board,E40000011,Midlands,FEB2023,Unknown,Unknown,Unknown,1 Day,11
71E,E38000238,NHS Lincolnshire ICB - 71E,E54000013,NHS Lincolnshire Integrated Care Board,E40000011,Midlands,FEB2023,Unknown,Unknown,Unknown,15  to 21 Days,140
71E,E38000238,NHS Lincolnshire ICB - 71E,E54000013,NHS Lincolnshire Integrated Care Board,E40000011,Midlands,FEB2023,Unknown,Unknown,Unknown,2 to 7 Days,112
71E,E38000238,NHS Lincolnshire ICB - 71E,E54000013,NHS Lincolnshire Integrated Care Board,E40000011,Midlands,FEB2023,Unknown,Unknown,Unknown,22  to 28 Days,88
71E,E38000238,NHS Lincolnshire ICB - 71E,E54000013,NHS Lincolnshire Integrated Care Board,E40000011,Midlands,FEB2023,Unknown,Unknown,Unknown,8  to 14 Days,168
71E,E38000238,NHS Lincolnshire ICB - 71E,E54000013,NHS Lincolnshire Integrated Care Board,E40000011,Midlands,FEB2023,Unknown,Unknown,Unknown,More than 28 Days,95
71E,E38000238,NHS Lincolnshire ICB - 71E,E54000013,NHS Lincolnshire Integrated Care Board,E40000011,Midlands,FEB2023,Unknown,Unknown,Unknown,Same Day,52
71E,E38000238,NHS Lincolnshire ICB - 71E,E54000013,NHS Lincolnshire Integrated Care Board,E40000011,Midlands,FEB2023,Unknown,Unknown,Unknown,Unknown / Data Quality,3
71E,E38000238,NHS Lincolnshire ICB - 71E,E54000013,NHS Lincolnshire Integrated Care Board,E40000011,Midlands,MAR2023,Attended,GP,Face-to-Face,1 Day,7147
71E,E38000238,NHS Lincolnshire ICB - 71E,E54000013,NHS Lincolnshire Integrated Care Board,E40000011,Midlands,MAR2023,Attended,GP,Face-to-Face,15  to 21 Days,3393
71E,E38000238,NHS Lincolnshire ICB - 71E,E54000013,NHS Lincolnshire Integrated Care Board,E40000011,Midlands,MAR2023,Attended,GP,Face-to-Face,2 to 7 Days,11755
71E,E38000238,NHS Lincolnshire ICB - 71E,E54000013,NHS Lincolnshire Integrated Care Board,E40000011,Midlands,MAR2023,Attended,GP,Face-to-Face,22  to 28 Days,2095
71E,E38000238,NHS Lincolnshire ICB - 71E,E54000013,NHS Lincolnshire Integrated Care Board,E40000011,Midlands,MAR2023,Attended,GP,Face-to-Face,8  to 14 Days,5935
71E,E38000238,NHS Lincolnshire ICB - 71E,E54000013,NHS Lincolnshire Integrated Care Board,E40000011,Midlands,MAR2023,Attended,GP,Face-to-Face,More than 28 Days,1787
71E,E38000238,NHS Lincolnshire ICB - 71E,E54000013,NHS Lincolnshire Integrated Care Board,E40000011,Midlands,MAR2023,Attended,GP,Face-to-Face,Same Day,63561
71E,E38000238,NHS Lincolnshire ICB - 71E,E54000013,NHS Lincolnshire Integrated Care Board,E40000011,Midlands,MAR2023,Attended,GP,Face-to-Face,Unknown / Data Quality,29
71E,E38000238,NHS Lincolnshire ICB - 71E,E54000013,NHS Lincolnshire Integrated Care Board,E40000011,Midlands,MAR2023,Attended,GP,Home Visit,1 Day,81
71E,E38000238,NHS Lincolnshire ICB - 71E,E54000013,NHS Lincolnshire Integrated Care Board,E40000011,Midlands,MAR2023,Attended,GP,Home Visit,15  to 21 Days,7
71E,E38000238,NHS Lincolnshire ICB - 71E,E54000013,NHS Lincolnshire Integrated Care Board,E40000011,Midlands,MAR2023,Attended,GP,Home Visit,2 to 7 Days,80
71E,E38000238,NHS Lincolnshire ICB - 71E,E54000013,NHS Lincolnshire Integrated Care Board,E40000011,Midlands,MAR2023,Attended,GP,Home Visit,22  to 28 Days,3
71E,E38000238,NHS Lincolnshire ICB - 71E,E54000013,NHS Lincolnshire Integrated Care Board,E40000011,Midlands,MAR2023,Attended,GP,Home Visit,8  to 14 Days,19
71E,E38000238,NHS Lincolnshire ICB - 71E,E54000013,NHS Lincolnshire Integrated Care Board,E40000011,Midlands,MAR2023,Attended,GP,Home Visit,More than 28 Days,10
71E,E38000238,NHS Lincolnshire ICB - 71E,E54000013,NHS Lincolnshire Integrated Care Board,E40000011,Midlands,MAR2023,Attended,GP,Home Visit,Same Day,521
71E,E38000238,NHS Lincolnshire ICB - 71E,E54000013,NHS Lincolnshire Integrated Care Board,E40000011,Midlands,MAR2023,Attended,GP,Telephone,1 Day,3708
71E,E38000238,NHS Lincolnshire ICB - 71E,E54000013,NHS Lincolnshire Integrated Care Board,E40000011,Midlands,MAR2023,Attended,GP,Telephone,15  to 21 Days,2069
71E,E38000238,NHS Lincolnshire ICB - 71E,E54000013,NHS Lincolnshire Integrated Care Board,E40000011,Midlands,MAR2023,Attended,GP,Telephone,2 to 7 Days,6422
71E,E38000238,NHS Lincolnshire ICB - 71E,E54000013,NHS Lincolnshire Integrated Care Board,E40000011,Midlands,MAR2023,Attended,GP,Telephone,22  to 28 Days,907
71E,E38000238,NHS Lincolnshire ICB - 71E,E54000013,NHS Lincolnshire Integrated Care Board,E40000011,Midlands,MAR2023,Attended,GP,Telephone,8  to 14 Days,3952
71E,E38000238,NHS Lincolnshire ICB - 71E,E54000013,NHS Lincolnshire Integrated Care Board,E40000011,Midlands,MAR2023,Attended,GP,Telephone,More than 28 Days,446
71E,E38000238,NHS Lincolnshire ICB - 71E,E54000013,NHS Lincolnshire Integrated Care Board,E40000011,Midlands,MAR2023,Attended,GP,Telephone,Same Day,42824
71E,E38000238,NHS Lincolnshire ICB - 71E,E54000013,NHS Lincolnshire Integrated Care Board,E40000011,Midlands,MAR2023,Attended,GP,Telephone,Unknown / Data Quality,28
71E,E38000238,NHS Lincolnshire ICB - 71E,E54000013,NHS Lincolnshire Integrated Care Board,E40000011,Midlands,MAR2023,Attended,GP,Video/Online,1 Day,178
71E,E38000238,NHS Lincolnshire ICB - 71E,E54000013,NHS Lincolnshire Integrated Care Board,E40000011,Midlands,MAR2023,Attended,GP,Video/Online,15  to 21 Days,20
71E,E38000238,NHS Lincolnshire ICB - 71E,E54000013,NHS Lincolnshire Integrated Care Board,E40000011,Midlands,MAR2023,Attended,GP,Video/Online,2 to 7 Days,623
71E,E38000238,NHS Lincolnshire ICB - 71E,E54000013,NHS Lincolnshire Integrated Care Board,E40000011,Midlands,MAR2023,Attended,GP,Video/Online,22  to 28 Days,2
71E,E38000238,NHS Lincolnshire ICB - 71E,E54000013,NHS Lincolnshire Integrated Care Board,E40000011,Midlands,MAR2023,Attended,GP,Video/Online,8  to 14 Days,81
71E,E38000238,NHS Lincolnshire ICB - 71E,E54000013,NHS Lincolnshire Integrated Care Board,E40000011,Midlands,MAR2023,Attended,GP,Video/Online,More than 28 Days,4
71E,E38000238,NHS Lincolnshire ICB - 71E,E54000013,NHS Lincolnshire Integrated Care Board,E40000011,Midlands,MAR2023,Attended,GP,Video/Online,Same Day,1107
71E,E38000238,NHS Lincolnshire ICB - 71E,E54000013,NHS Lincolnshire Integrated Care Board,E40000011,Midlands,MAR2023,Attended,Other Practice staff,Face-to-Face,1 Day,13015
71E,E38000238,NHS Lincolnshire ICB - 71E,E54000013,NHS Lincolnshire Integrated Care Board,E40000011,Midlands,MAR2023,Attended,Other Practice staff,Face-to-Face,15  to 21 Days,23379
71E,E38000238,NHS Lincolnshire ICB - 71E,E54000013,NHS Lincolnshire Integrated Care Board,E40000011,Midlands,MAR2023,Attended,Other Practice staff,Face-to-Face,2 to 7 Days,42319
71E,E38000238,NHS Lincolnshire ICB - 71E,E54000013,NHS Lincolnshire Integrated Care Board,E40000011,Midlands,MAR2023,Attended,Other Practice staff,Face-to-Face,22  to 28 Days,15317
71E,E38000238,NHS Lincolnshire ICB - 71E,E54000013,NHS Lincolnshire Integrated Care Board,E40000011,Midlands,MAR2023,Attended,Other Practice staff,Face-to-Face,8  to 14 Days,36301
71E,E38000238,NHS Lincolnshire ICB - 71E,E54000013,NHS Lincolnshire Integrated Care Board,E40000011,Midlands,MAR2023,Attended,Other Practice staff,Face-to-Face,More than 28 Days,13398
71E,E38000238,NHS Lincolnshire ICB - 71E,E54000013,NHS Lincolnshire Integrated Care Board,E40000011,Midlands,MAR2023,Attended,Other Practice staff,Face-to-Face,Same Day,59297
71E,E38000238,NHS Lincolnshire ICB - 71E,E54000013,NHS Lincolnshire Integrated Care Board,E40000011,Midlands,MAR2023,Attended,Other Practice staff,Face-to-Face,Unknown / Data Quality,67
71E,E38000238,NHS Lincolnshire ICB - 71E,E54000013,NHS Lincolnshire Integrated Care Board,E40000011,Midlands,MAR2023,Attended,Other Practice staff,Home Visit,1 Day,258
71E,E38000238,NHS Lincolnshire ICB - 71E,E54000013,NHS Lincolnshire Integrated Care Board,E40000011,Midlands,MAR2023,Attended,Other Practice staff,Home Visit,15  to 21 Days,187
71E,E38000238,NHS Lincolnshire ICB - 71E,E54000013,NHS Lincolnshire Integrated Care Board,E40000011,Midlands,MAR2023,Attended,Other Practice staff,Home Visit,2 to 7 Days,756
71E,E38000238,NHS Lincolnshire ICB - 71E,E54000013,NHS Lincolnshire Integrated Care Board,E40000011,Midlands,MAR2023,Attended,Other Practice staff,Home Visit,22  to 28 Days,114
71E,E38000238,NHS Lincolnshire ICB - 71E,E54000013,NHS Lincolnshire Integrated Care Board,E40000011,Midlands,MAR2023,Attended,Other Practice staff,Home Visit,8  to 14 Days,320
71E,E38000238,NHS Lincolnshire ICB - 71E,E54000013,NHS Lincolnshire Integrated Care Board,E40000011,Midlands,MAR2023,Attended,Other Practice staff,Home Visit,More than 28 Days,99
71E,E38000238,NHS Lincolnshire ICB - 71E,E54000013,NHS Lincolnshire Integrated Care Board,E40000011,Midlands,MAR2023,Attended,Other Practice staff,Home Visit,Same Day,1016
71E,E38000238,NHS Lincolnshire ICB - 71E,E54000013,NHS Lincolnshire Integrated Care Board,E40000011,Midlands,MAR2023,Attended,Other Practice staff,Home Visit,Unknown / Data Quality,21
71E,E38000238,NHS Lincolnshire ICB - 71E,E54000013,NHS Lincolnshire Integrated Care Board,E40000011,Midlands,MAR2023,Attended,Other Practice staff,Telephone,1 Day,2720
71E,E38000238,NHS Lincolnshire ICB - 71E,E54000013,NHS Lincolnshire Integrated Care Board,E40000011,Midlands,MAR2023,Attended,Other Practice staff,Telephone,15  to 21 Days,1950
71E,E38000238,NHS Lincolnshire ICB - 71E,E54000013,NHS Lincolnshire Integrated Care Board,E40000011,Midlands,MAR2023,Attended,Other Practice staff,Telephone,2 to 7 Days,6124
71E,E38000238,NHS Lincolnshire ICB - 71E,E54000013,NHS Lincolnshire Integrated Care Board,E40000011,Midlands,MAR2023,Attended,Other Practice staff,Telephone,22  to 28 Days,1613
71E,E38000238,NHS Lincolnshire ICB - 71E,E54000013,NHS Lincolnshire Integrated Care Board,E40000011,Midlands,MAR2023,Attended,Other Practice staff,Telephone,8  to 14 Days,3288
71E,E38000238,NHS Lincolnshire ICB - 71E,E54000013,NHS Lincolnshire Integrated Care Board,E40000011,Midlands,MAR2023,Attended,Other Practice staff,Telephone,More than 28 Days,1243
71E,E38000238,NHS Lincolnshire ICB - 71E,E54000013,NHS Lincolnshire Integrated Care Board,E40000011,Midlands,MAR2023,Attended,Other Practice staff,Telephone,Same Day,29213
71E,E38000238,NHS Lincolnshire ICB - 71E,E54000013,NHS Lincolnshire Integrated Care Board,E40000011,Midlands,MAR2023,Attended,Other Practice staff,Telephone,Unknown / Data Quality,147
71E,E38000238,NHS Lincolnshire ICB - 71E,E54000013,NHS Lincolnshire Integrated Care Board,E40000011,Midlands,MAR2023,Attended,Other Practice staff,Video/Online,1 Day,331
71E,E38000238,NHS Lincolnshire ICB - 71E,E54000013,NHS Lincolnshire Integrated Care Board,E40000011,Midlands,MAR2023,Attended,Other Practice staff,Video/Online,15  to 21 Days,77
71E,E38000238,NHS Lincolnshire ICB - 71E,E54000013,NHS Lincolnshire Integrated Care Board,E40000011,Midlands,MAR2023,Attended,Other Practice staff,Video/Online,2 to 7 Days,849
71E,E38000238,NHS Lincolnshire ICB - 71E,E54000013,NHS Lincolnshire Integrated Care Board,E40000011,Midlands,MAR2023,Attended,Other Practice staff,Video/Online,22  to 28 Days,38
71E,E38000238,NHS Lincolnshire ICB - 71E,E54000013,NHS Lincolnshire Integrated Care Board,E40000011,Midlands,MAR2023,Attended,Other Practice staff,Video/Online,8  to 14 Days,148
71E,E38000238,NHS Lincolnshire ICB - 71E,E54000013,NHS Lincolnshire Integrated Care Board,E40000011,Midlands,MAR2023,Attended,Other Practice staff,Video/Online,More than 28 Days,49
71E,E38000238,NHS Lincolnshire ICB - 71E,E54000013,NHS Lincolnshire Integrated Care Board,E40000011,Midlands,MAR2023,Attended,Other Practice staff,Video/Online,Same Day,783
71E,E38000238,NHS Lincolnshire ICB - 71E,E54000013,NHS Lincolnshire Integrated Care Board,E40000011,Midlands,MAR2023,Attended,Unknown,Unknown,1 Day,1262
71E,E38000238,NHS Lincolnshire ICB - 71E,E54000013,NHS Lincolnshire Integrated Care Board,E40000011,Midlands,MAR2023,Attended,Unknown,Unknown,15  to 21 Days,340
71E,E38000238,NHS Lincolnshire ICB - 71E,E54000013,NHS Lincolnshire Integrated Care Board,E40000011,Midlands,MAR2023,Attended,Unknown,Unknown,2 to 7 Days,2377
71E,E38000238,NHS Lincolnshire ICB - 71E,E54000013,NHS Lincolnshire Integrated Care Board,E40000011,Midlands,MAR2023,Attended,Unknown,Unknown,22  to 28 Days,189
71E,E38000238,NHS Lincolnshire ICB - 71E,E54000013,NHS Lincolnshire Integrated Care Board,E40000011,Midlands,MAR2023,Attended,Unknown,Unknown,8  to 14 Days,957
71E,E38000238,NHS Lincolnshire ICB - 71E,E54000013,NHS Lincolnshire Integrated Care Board,E40000011,Midlands,MAR2023,Attended,Unknown,Unknown,More than 28 Days,149
71E,E38000238,NHS Lincolnshire ICB - 71E,E54000013,NHS Lincolnshire Integrated Care Board,E40000011,Midlands,MAR2023,Attended,Unknown,Unknown,Same Day,12098
71E,E38000238,NHS Lincolnshire ICB - 71E,E54000013,NHS Lincolnshire Integrated Care Board,E40000011,Midlands,MAR2023,Attended,Unknown,Unknown,Unknown / Data Quality,22
71E,E38000238,NHS Lincolnshire ICB - 71E,E54000013,NHS Lincolnshire Integrated Care Board,E40000011,Midlands,MAR2023,DNA,GP,Face-to-Face,1 Day,170
71E,E38000238,NHS Lincolnshire ICB - 71E,E54000013,NHS Lincolnshire Integrated Care Board,E40000011,Midlands,MAR2023,DNA,GP,Face-to-Face,15  to 21 Days,209
71E,E38000238,NHS Lincolnshire ICB - 71E,E54000013,NHS Lincolnshire Integrated Care Board,E40000011,Midlands,MAR2023,DNA,GP,Face-to-Face,2 to 7 Days,380
71E,E38000238,NHS Lincolnshire ICB - 71E,E54000013,NHS Lincolnshire Integrated Care Board,E40000011,Midlands,MAR2023,DNA,GP,Face-to-Face,22  to 28 Days,106
71E,E38000238,NHS Lincolnshire ICB - 71E,E54000013,NHS Lincolnshire Integrated Care Board,E40000011,Midlands,MAR2023,DNA,GP,Face-to-Face,8  to 14 Days,278
71E,E38000238,NHS Lincolnshire ICB - 71E,E54000013,NHS Lincolnshire Integrated Care Board,E40000011,Midlands,MAR2023,DNA,GP,Face-to-Face,More than 28 Days,109
71E,E38000238,NHS Lincolnshire ICB - 71E,E54000013,NHS Lincolnshire Integrated Care Board,E40000011,Midlands,MAR2023,DNA,GP,Face-to-Face,Same Day,724
71E,E38000238,NHS Lincolnshire ICB - 71E,E54000013,NHS Lincolnshire Integrated Care Board,E40000011,Midlands,MAR2023,DNA,GP,Home Visit,1 Day,4
71E,E38000238,NHS Lincolnshire ICB - 71E,E54000013,NHS Lincolnshire Integrated Care Board,E40000011,Midlands,MAR2023,DNA,GP,Home Visit,2 to 7 Days,2
71E,E38000238,NHS Lincolnshire ICB - 71E,E54000013,NHS Lincolnshire Integrated Care Board,E40000011,Midlands,MAR2023,DNA,GP,Home Visit,8  to 14 Days,3
71E,E38000238,NHS Lincolnshire ICB - 71E,E54000013,NHS Lincolnshire Integrated Care Board,E40000011,Midlands,MAR2023,DNA,GP,Home Visit,Same Day,10
71E,E38000238,NHS Lincolnshire ICB - 71E,E54000013,NHS Lincolnshire Integrated Care Board,E40000011,Midlands,MAR2023,DNA,GP,Telephone,1 Day,42
71E,E38000238,NHS Lincolnshire ICB - 71E,E54000013,NHS Lincolnshire Integrated Care Board,E40000011,Midlands,MAR2023,DNA,GP,Telephone,15  to 21 Days,34
71E,E38000238,NHS Lincolnshire ICB - 71E,E54000013,NHS Lincolnshire Integrated Care Board,E40000011,Midlands,MAR2023,DNA,GP,Telephone,2 to 7 Days,44
71E,E38000238,NHS Lincolnshire ICB - 71E,E54000013,NHS Lincolnshire Integrated Care Board,E40000011,Midlands,MAR2023,DNA,GP,Telephone,22  to 28 Days,16
71E,E38000238,NHS Lincolnshire ICB - 71E,E54000013,NHS Lincolnshire Integrated Care Board,E40000011,Midlands,MAR2023,DNA,GP,Telephone,8  to 14 Days,44
71E,E38000238,NHS Lincolnshire ICB - 71E,E54000013,NHS Lincolnshire Integrated Care Board,E40000011,Midlands,MAR2023,DNA,GP,Telephone,More than 28 Days,15
71E,E38000238,NHS Lincolnshire ICB - 71E,E54000013,NHS Lincolnshire Integrated Care Board,E40000011,Midlands,MAR2023,DNA,GP,Telephone,Same Day,323
71E,E38000238,NHS Lincolnshire ICB - 71E,E54000013,NHS Lincolnshire Integrated Care Board,E40000011,Midlands,MAR2023,DNA,GP,Video/Online,1 Day,1
71E,E38000238,NHS Lincolnshire ICB - 71E,E54000013,NHS Lincolnshire Integrated Care Board,E40000011,Midlands,MAR2023,DNA,GP,Video/Online,2 to 7 Days,8
71E,E38000238,NHS Lincolnshire ICB - 71E,E54000013,NHS Lincolnshire Integrated Care Board,E40000011,Midlands,MAR2023,DNA,GP,Video/Online,Same Day,8
71E,E38000238,NHS Lincolnshire ICB - 71E,E54000013,NHS Lincolnshire Integrated Care Board,E40000011,Midlands,MAR2023,DNA,Other Practice staff,Face-to-Face,1 Day,578
71E,E38000238,NHS Lincolnshire ICB - 71E,E54000013,NHS Lincolnshire Integrated Care Board,E40000011,Midlands,MAR2023,DNA,Other Practice staff,Face-to-Face,15  to 21 Days,1893
71E,E38000238,NHS Lincolnshire ICB - 71E,E54000013,NHS Lincolnshire Integrated Care Board,E40000011,Midlands,MAR2023,DNA,Other Practice staff,Face-to-Face,2 to 7 Days,2390
71E,E38000238,NHS Lincolnshire ICB - 71E,E54000013,NHS Lincolnshire Integrated Care Board,E40000011,Midlands,MAR2023,DNA,Other Practice staff,Face-to-Face,22  to 28 Days,1419
71E,E38000238,NHS Lincolnshire ICB - 71E,E54000013,NHS Lincolnshire Integrated Care Board,E40000011,Midlands,MAR2023,DNA,Other Practice staff,Face-to-Face,8  to 14 Days,2671
71E,E38000238,NHS Lincolnshire ICB - 71E,E54000013,NHS Lincolnshire Integrated Care Board,E40000011,Midlands,MAR2023,DNA,Other Practice staff,Face-to-Face,More than 28 Days,1507
71E,E38000238,NHS Lincolnshire ICB - 71E,E54000013,NHS Lincolnshire Integrated Care Board,E40000011,Midlands,MAR2023,DNA,Other Practice staff,Face-to-Face,Same Day,1106
71E,E38000238,NHS Lincolnshire ICB - 71E,E54000013,NHS Lincolnshire Integrated Care Board,E40000011,Midlands,MAR2023,DNA,Other Practice staff,Face-to-Face,Unknown / Data Quality,3
71E,E38000238,NHS Lincolnshire ICB - 71E,E54000013,NHS Lincolnshire Integrated Care Board,E40000011,Midlands,MAR2023,DNA,Other Practice staff,Home Visit,1 Day,9
71E,E38000238,NHS Lincolnshire ICB - 71E,E54000013,NHS Lincolnshire Integrated Care Board,E40000011,Midlands,MAR2023,DNA,Other Practice staff,Home Visit,15  to 21 Days,10
71E,E38000238,NHS Lincolnshire ICB - 71E,E54000013,NHS Lincolnshire Integrated Care Board,E40000011,Midlands,MAR2023,DNA,Other Practice staff,Home Visit,2 to 7 Days,19
71E,E38000238,NHS Lincolnshire ICB - 71E,E54000013,NHS Lincolnshire Integrated Care Board,E40000011,Midlands,MAR2023,DNA,Other Practice staff,Home Visit,22  to 28 Days,4
71E,E38000238,NHS Lincolnshire ICB - 71E,E54000013,NHS Lincolnshire Integrated Care Board,E40000011,Midlands,MAR2023,DNA,Other Practice staff,Home Visit,8  to 14 Days,18
71E,E38000238,NHS Lincolnshire ICB - 71E,E54000013,NHS Lincolnshire Integrated Care Board,E40000011,Midlands,MAR2023,DNA,Other Practice staff,Home Visit,Same Day,19
71E,E38000238,NHS Lincolnshire ICB - 71E,E54000013,NHS Lincolnshire Integrated Care Board,E40000011,Midlands,MAR2023,DNA,Other Practice staff,Telephone,1 Day,42
71E,E38000238,NHS Lincolnshire ICB - 71E,E54000013,NHS Lincolnshire Integrated Care Board,E40000011,Midlands,MAR2023,DNA,Other Practice staff,Telephone,15  to 21 Days,69
71E,E38000238,NHS Lincolnshire ICB - 71E,E54000013,NHS Lincolnshire Integrated Care Board,E40000011,Midlands,MAR2023,DNA,Other Practice staff,Telephone,2 to 7 Days,139
71E,E38000238,NHS Lincolnshire ICB - 71E,E54000013,NHS Lincolnshire Integrated Care Board,E40000011,Midlands,MAR2023,DNA,Other Practice staff,Telephone,22  to 28 Days,58
71E,E38000238,NHS Lincolnshire ICB - 71E,E54000013,NHS Lincolnshire Integrated Care Board,E40000011,Midlands,MAR2023,DNA,Other Practice staff,Telephone,8  to 14 Days,95
71E,E38000238,NHS Lincolnshire ICB - 71E,E54000013,NHS Lincolnshire Integrated Care Board,E40000011,Midlands,MAR2023,DNA,Other Practice staff,Telephone,More than 28 Days,34
71E,E38000238,NHS Lincolnshire ICB - 71E,E54000013,NHS Lincolnshire Integrated Care Board,E40000011,Midlands,MAR2023,DNA,Other Practice staff,Telephone,Same Day,211
71E,E38000238,NHS Lincolnshire ICB - 71E,E54000013,NHS Lincolnshire Integrated Care Board,E40000011,Midlands,MAR2023,DNA,Other Practice staff,Video/Online,1 Day,8
71E,E38000238,NHS Lincolnshire ICB - 71E,E54000013,NHS Lincolnshire Integrated Care Board,E40000011,Midlands,MAR2023,DNA,Other Practice staff,Video/Online,15  to 21 Days,5
71E,E38000238,NHS Lincolnshire ICB - 71E,E54000013,NHS Lincolnshire Integrated Care Board,E40000011,Midlands,MAR2023,DNA,Other Practice staff,Video/Online,2 to 7 Days,9
71E,E38000238,NHS Lincolnshire ICB - 71E,E54000013,NHS Lincolnshire Integrated Care Board,E40000011,Midlands,MAR2023,DNA,Other Practice staff,Video/Online,22  to 28 Days,4
71E,E38000238,NHS Lincolnshire ICB - 71E,E54000013,NHS Lincolnshire Integrated Care Board,E40000011,Midlands,MAR2023,DNA,Other Practice staff,Video/Online,8  to 14 Days,12
71E,E38000238,NHS Lincolnshire ICB - 71E,E54000013,NHS Lincolnshire Integrated Care Board,E40000011,Midlands,MAR2023,DNA,Other Practice staff,Video/Online,Same Day,11
71E,E38000238,NHS Lincolnshire ICB - 71E,E54000013,NHS Lincolnshire Integrated Care Board,E40000011,Midlands,MAR2023,DNA,Unknown,Unknown,1 Day,28
71E,E38000238,NHS Lincolnshire ICB - 71E,E54000013,NHS Lincolnshire Integrated Care Board,E40000011,Midlands,MAR2023,DNA,Unknown,Unknown,15  to 21 Days,19
71E,E38000238,NHS Lincolnshire ICB - 71E,E54000013,NHS Lincolnshire Integrated Care Board,E40000011,Midlands,MAR2023,DNA,Unknown,Unknown,2 to 7 Days,83
71E,E38000238,NHS Lincolnshire ICB - 71E,E54000013,NHS Lincolnshire Integrated Care Board,E40000011,Midlands,MAR2023,DNA,Unknown,Unknown,22  to 28 Days,18
71E,E38000238,NHS Lincolnshire ICB - 71E,E54000013,NHS Lincolnshire Integrated Care Board,E40000011,Midlands,MAR2023,DNA,Unknown,Unknown,8  to 14 Days,54
71E,E38000238,NHS Lincolnshire ICB - 71E,E54000013,NHS Lincolnshire Integrated Care Board,E40000011,Midlands,MAR2023,DNA,Unknown,Unknown,More than 28 Days,11
71E,E38000238,NHS Lincolnshire ICB - 71E,E54000013,NHS Lincolnshire Integrated Care Board,E40000011,Midlands,MAR2023,DNA,Unknown,Unknown,Same Day,101
71E,E38000238,NHS Lincolnshire ICB - 71E,E54000013,NHS Lincolnshire Integrated Care Board,E40000011,Midlands,MAR2023,Unknown,GP,Face-to-Face,1 Day,97
71E,E38000238,NHS Lincolnshire ICB - 71E,E54000013,NHS Lincolnshire Integrated Care Board,E40000011,Midlands,MAR2023,Unknown,GP,Face-to-Face,15  to 21 Days,388
71E,E38000238,NHS Lincolnshire ICB - 71E,E54000013,NHS Lincolnshire Integrated Care Board,E40000011,Midlands,MAR2023,Unknown,GP,Face-to-Face,2 to 7 Days,590
71E,E38000238,NHS Lincolnshire ICB - 71E,E54000013,NHS Lincolnshire Integrated Care Board,E40000011,Midlands,MAR2023,Unknown,GP,Face-to-Face,22  to 28 Days,218
71E,E38000238,NHS Lincolnshire ICB - 71E,E54000013,NHS Lincolnshire Integrated Care Board,E40000011,Midlands,MAR2023,Unknown,GP,Face-to-Face,8  to 14 Days,511
71E,E38000238,NHS Lincolnshire ICB - 71E,E54000013,NHS Lincolnshire Integrated Care Board,E40000011,Midlands,MAR2023,Unknown,GP,Face-to-Face,More than 28 Days,286
71E,E38000238,NHS Lincolnshire ICB - 71E,E54000013,NHS Lincolnshire Integrated Care Board,E40000011,Midlands,MAR2023,Unknown,GP,Face-to-Face,Same Day,403
71E,E38000238,NHS Lincolnshire ICB - 71E,E54000013,NHS Lincolnshire Integrated Care Board,E40000011,Midlands,MAR2023,Unknown,GP,Face-to-Face,Unknown / Data Quality,1
71E,E38000238,NHS Lincolnshire ICB - 71E,E54000013,NHS Lincolnshire Integrated Care Board,E40000011,Midlands,MAR2023,Unknown,GP,Home Visit,1 Day,1
71E,E38000238,NHS Lincolnshire ICB - 71E,E54000013,NHS Lincolnshire Integrated Care Board,E40000011,Midlands,MAR2023,Unknown,GP,Home Visit,15  to 21 Days,2
71E,E38000238,NHS Lincolnshire ICB - 71E,E54000013,NHS Lincolnshire Integrated Care Board,E40000011,Midlands,MAR2023,Unknown,GP,Home Visit,2 to 7 Days,3
71E,E38000238,NHS Lincolnshire ICB - 71E,E54000013,NHS Lincolnshire Integrated Care Board,E40000011,Midlands,MAR2023,Unknown,GP,Home Visit,22  to 28 Days,1
71E,E38000238,NHS Lincolnshire ICB - 71E,E54000013,NHS Lincolnshire Integrated Care Board,E40000011,Midlands,MAR2023,Unknown,GP,Home Visit,8  to 14 Days,2
71E,E38000238,NHS Lincolnshire ICB - 71E,E54000013,NHS Lincolnshire Integrated Care Board,E40000011,Midlands,MAR2023,Unknown,GP,Home Visit,More than 28 Days,2
71E,E38000238,NHS Lincolnshire ICB - 71E,E54000013,NHS Lincolnshire Integrated Care Board,E40000011,Midlands,MAR2023,Unknown,GP,Home Visit,Same Day,11
71E,E38000238,NHS Lincolnshire ICB - 71E,E54000013,NHS Lincolnshire Integrated Care Board,E40000011,Midlands,MAR2023,Unknown,GP,Telephone,1 Day,71
71E,E38000238,NHS Lincolnshire ICB - 71E,E54000013,NHS Lincolnshire Integrated Care Board,E40000011,Midlands,MAR2023,Unknown,GP,Telephone,15  to 21 Days,240
71E,E38000238,NHS Lincolnshire ICB - 71E,E54000013,NHS Lincolnshire Integrated Care Board,E40000011,Midlands,MAR2023,Unknown,GP,Telephone,2 to 7 Days,243
71E,E38000238,NHS Lincolnshire ICB - 71E,E54000013,NHS Lincolnshire Integrated Care Board,E40000011,Midlands,MAR2023,Unknown,GP,Telephone,22  to 28 Days,118
71E,E38000238,NHS Lincolnshire ICB - 71E,E54000013,NHS Lincolnshire Integrated Care Board,E40000011,Midlands,MAR2023,Unknown,GP,Telephone,8  to 14 Days,302
71E,E38000238,NHS Lincolnshire ICB - 71E,E54000013,NHS Lincolnshire Integrated Care Board,E40000011,Midlands,MAR2023,Unknown,GP,Telephone,More than 28 Days,91
71E,E38000238,NHS Lincolnshire ICB - 71E,E54000013,NHS Lincolnshire Integrated Care Board,E40000011,Midlands,MAR2023,Unknown,GP,Telephone,Same Day,359
71E,E38000238,NHS Lincolnshire ICB - 71E,E54000013,NHS Lincolnshire Integrated Care Board,E40000011,Midlands,MAR2023,Unknown,GP,Video/Online,1 Day,9
71E,E38000238,NHS Lincolnshire ICB - 71E,E54000013,NHS Lincolnshire Integrated Care Board,E40000011,Midlands,MAR2023,Unknown,GP,Video/Online,2 to 7 Days,23
71E,E38000238,NHS Lincolnshire ICB - 71E,E54000013,NHS Lincolnshire Integrated Care Board,E40000011,Midlands,MAR2023,Unknown,GP,Video/Online,8  to 14 Days,1
71E,E38000238,NHS Lincolnshire ICB - 71E,E54000013,NHS Lincolnshire Integrated Care Board,E40000011,Midlands,MAR2023,Unknown,GP,Video/Online,Same Day,3
71E,E38000238,NHS Lincolnshire ICB - 71E,E54000013,NHS Lincolnshire Integrated Care Board,E40000011,Midlands,MAR2023,Unknown,Other Practice staff,Face-to-Face,1 Day,316
71E,E38000238,NHS Lincolnshire ICB - 71E,E54000013,NHS Lincolnshire Integrated Care Board,E40000011,Midlands,MAR2023,Unknown,Other Practice staff,Face-to-Face,15  to 21 Days,2517
71E,E38000238,NHS Lincolnshire ICB - 71E,E54000013,NHS Lincolnshire Integrated Care Board,E40000011,Midlands,MAR2023,Unknown,Other Practice staff,Face-to-Face,2 to 7 Days,1967
71E,E38000238,NHS Lincolnshire ICB - 71E,E54000013,NHS Lincolnshire Integrated Care Board,E40000011,Midlands,MAR2023,Unknown,Other Practice staff,Face-to-Face,22  to 28 Days,2034
71E,E38000238,NHS Lincolnshire ICB - 71E,E54000013,NHS Lincolnshire Integrated Care Board,E40000011,Midlands,MAR2023,Unknown,Other Practice staff,Face-to-Face,8  to 14 Days,3141
71E,E38000238,NHS Lincolnshire ICB - 71E,E54000013,NHS Lincolnshire Integrated Care Board,E40000011,Midlands,MAR2023,Unknown,Other Practice staff,Face-to-Face,More than 28 Days,2734
71E,E38000238,NHS Lincolnshire ICB - 71E,E54000013,NHS Lincolnshire Integrated Care Board,E40000011,Midlands,MAR2023,Unknown,Other Practice staff,Face-to-Face,Same Day,783
71E,E38000238,NHS Lincolnshire ICB - 71E,E54000013,NHS Lincolnshire Integrated Care Board,E40000011,Midlands,MAR2023,Unknown,Other Practice staff,Face-to-Face,Unknown / Data Quality,4
71E,E38000238,NHS Lincolnshire ICB - 71E,E54000013,NHS Lincolnshire Integrated Care Board,E40000011,Midlands,MAR2023,Unknown,Other Practice staff,Home Visit,1 Day,10
71E,E38000238,NHS Lincolnshire ICB - 71E,E54000013,NHS Lincolnshire Integrated Care Board,E40000011,Midlands,MAR2023,Unknown,Other Practice staff,Home Visit,15  to 21 Days,55
71E,E38000238,NHS Lincolnshire ICB - 71E,E54000013,NHS Lincolnshire Integrated Care Board,E40000011,Midlands,MAR2023,Unknown,Other Practice staff,Home Visit,2 to 7 Days,84
71E,E38000238,NHS Lincolnshire ICB - 71E,E54000013,NHS Lincolnshire Integrated Care Board,E40000011,Midlands,MAR2023,Unknown,Other Practice staff,Home Visit,22  to 28 Days,44
71E,E38000238,NHS Lincolnshire ICB - 71E,E54000013,NHS Lincolnshire Integrated Care Board,E40000011,Midlands,MAR2023,Unknown,Other Practice staff,Home Visit,8  to 14 Days,78
71E,E38000238,NHS Lincolnshire ICB - 71E,E54000013,NHS Lincolnshire Integrated Care Board,E40000011,Midlands,MAR2023,Unknown,Other Practice staff,Home Visit,More than 28 Days,39
71E,E38000238,NHS Lincolnshire ICB - 71E,E54000013,NHS Lincolnshire Integrated Care Board,E40000011,Midlands,MAR2023,Unknown,Other Practice staff,Home Visit,Same Day,23
71E,E38000238,NHS Lincolnshire ICB - 71E,E54000013,NHS Lincolnshire Integrated Care Board,E40000011,Midlands,MAR2023,Unknown,Other Practice staff,Telephone,1 Day,79
71E,E38000238,NHS Lincolnshire ICB - 71E,E54000013,NHS Lincolnshire Integrated Care Board,E40000011,Midlands,MAR2023,Unknown,Other Practice staff,Telephone,15  to 21 Days,254
71E,E38000238,NHS Lincolnshire ICB - 71E,E54000013,NHS Lincolnshire Integrated Care Board,E40000011,Midlands,MAR2023,Unknown,Other Practice staff,Telephone,2 to 7 Days,341
71E,E38000238,NHS Lincolnshire ICB - 71E,E54000013,NHS Lincolnshire Integrated Care Board,E40000011,Midlands,MAR2023,Unknown,Other Practice staff,Telephone,22  to 28 Days,207
71E,E38000238,NHS Lincolnshire ICB - 71E,E54000013,NHS Lincolnshire Integrated Care Board,E40000011,Midlands,MAR2023,Unknown,Other Practice staff,Telephone,8  to 14 Days,372
71E,E38000238,NHS Lincolnshire ICB - 71E,E54000013,NHS Lincolnshire Integrated Care Board,E40000011,Midlands,MAR2023,Unknown,Other Practice staff,Telephone,More than 28 Days,130
71E,E38000238,NHS Lincolnshire ICB - 71E,E54000013,NHS Lincolnshire Integrated Care Board,E40000011,Midlands,MAR2023,Unknown,Other Practice staff,Telephone,Same Day,352
71E,E38000238,NHS Lincolnshire ICB - 71E,E54000013,NHS Lincolnshire Integrated Care Board,E40000011,Midlands,MAR2023,Unknown,Other Practice staff,Video/Online,1 Day,13
71E,E38000238,NHS Lincolnshire ICB - 71E,E54000013,NHS Lincolnshire Integrated Care Board,E40000011,Midlands,MAR2023,Unknown,Other Practice staff,Video/Online,15  to 21 Days,5
71E,E38000238,NHS Lincolnshire ICB - 71E,E54000013,NHS Lincolnshire Integrated Care Board,E40000011,Midlands,MAR2023,Unknown,Other Practice staff,Video/Online,2 to 7 Days,77
71E,E38000238,NHS Lincolnshire ICB - 71E,E54000013,NHS Lincolnshire Integrated Care Board,E40000011,Midlands,MAR2023,Unknown,Other Practice staff,Video/Online,22  to 28 Days,19
71E,E38000238,NHS Lincolnshire ICB - 71E,E54000013,NHS Lincolnshire Integrated Care Board,E40000011,Midlands,MAR2023,Unknown,Other Practice staff,Video/Online,8  to 14 Days,21
71E,E38000238,NHS Lincolnshire ICB - 71E,E54000013,NHS Lincolnshire Integrated Care Board,E40000011,Midlands,MAR2023,Unknown,Other Practice staff,Video/Online,More than 28 Days,11
71E,E38000238,NHS Lincolnshire ICB - 71E,E54000013,NHS Lincolnshire Integrated Care Board,E40000011,Midlands,MAR2023,Unknown,Other Practice staff,Video/Online,Same Day,11
71E,E38000238,NHS Lincolnshire ICB - 71E,E54000013,NHS Lincolnshire Integrated Care Board,E40000011,Midlands,MAR2023,Unknown,Unknown,Telephone,1 Day,2
71E,E38000238,NHS Lincolnshire ICB - 71E,E54000013,NHS Lincolnshire Integrated Care Board,E40000011,Midlands,MAR2023,Unknown,Unknown,Telephone,2 to 7 Days,1
71E,E38000238,NHS Lincolnshire ICB - 71E,E54000013,NHS Lincolnshire Integrated Care Board,E40000011,Midlands,MAR2023,Unknown,Unknown,Unknown,1 Day,33
71E,E38000238,NHS Lincolnshire ICB - 71E,E54000013,NHS Lincolnshire Integrated Care Board,E40000011,Midlands,MAR2023,Unknown,Unknown,Unknown,15  to 21 Days,146
71E,E38000238,NHS Lincolnshire ICB - 71E,E54000013,NHS Lincolnshire Integrated Care Board,E40000011,Midlands,MAR2023,Unknown,Unknown,Unknown,2 to 7 Days,173
71E,E38000238,NHS Lincolnshire ICB - 71E,E54000013,NHS Lincolnshire Integrated Care Board,E40000011,Midlands,MAR2023,Unknown,Unknown,Unknown,22  to 28 Days,101
71E,E38000238,NHS Lincolnshire ICB - 71E,E54000013,NHS Lincolnshire Integrated Care Board,E40000011,Midlands,MAR2023,Unknown,Unknown,Unknown,8  to 14 Days,195
71E,E38000238,NHS Lincolnshire ICB - 71E,E54000013,NHS Lincolnshire Integrated Care Board,E40000011,Midlands,MAR2023,Unknown,Unknown,Unknown,More than 28 Days,155
71E,E38000238,NHS Lincolnshire ICB - 71E,E54000013,NHS Lincolnshire Integrated Care Board,E40000011,Midlands,MAR2023,Unknown,Unknown,Unknown,Same Day,70
71E,E38000238,NHS Lincolnshire ICB - 71E,E54000013,NHS Lincolnshire Integrated Care Board,E40000011,Midlands,MAR2023,Unknown,Unknown,Unknown,Unknown / Data Quality,1
71E,E38000238,NHS Lincolnshire ICB - 71E,E54000013,NHS Lincolnshire Integrated Care Board,E40000011,Midlands,APR2023,Attended,GP,Face-to-Face,1 Day,4683
71E,E38000238,NHS Lincolnshire ICB - 71E,E54000013,NHS Lincolnshire Integrated Care Board,E40000011,Midlands,APR2023,Attended,GP,Face-to-Face,15  to 21 Days,2145
71E,E38000238,NHS Lincolnshire ICB - 71E,E54000013,NHS Lincolnshire Integrated Care Board,E40000011,Midlands,APR2023,Attended,GP,Face-to-Face,2 to 7 Days,8174
71E,E38000238,NHS Lincolnshire ICB - 71E,E54000013,NHS Lincolnshire Integrated Care Board,E40000011,Midlands,APR2023,Attended,GP,Face-to-Face,22  to 28 Days,1826
71E,E38000238,NHS Lincolnshire ICB - 71E,E54000013,NHS Lincolnshire Integrated Care Board,E40000011,Midlands,APR2023,Attended,GP,Face-to-Face,8  to 14 Days,3746
71E,E38000238,NHS Lincolnshire ICB - 71E,E54000013,NHS Lincolnshire Integrated Care Board,E40000011,Midlands,APR2023,Attended,GP,Face-to-Face,More than 28 Days,1773
71E,E38000238,NHS Lincolnshire ICB - 71E,E54000013,NHS Lincolnshire Integrated Care Board,E40000011,Midlands,APR2023,Attended,GP,Face-to-Face,Same Day,48605
71E,E38000238,NHS Lincolnshire ICB - 71E,E54000013,NHS Lincolnshire Integrated Care Board,E40000011,Midlands,APR2023,Attended,GP,Face-to-Face,Unknown / Data Quality,13
71E,E38000238,NHS Lincolnshire ICB - 71E,E54000013,NHS Lincolnshire Integrated Care Board,E40000011,Midlands,APR2023,Attended,GP,Home Visit,1 Day,40
71E,E38000238,NHS Lincolnshire ICB - 71E,E54000013,NHS Lincolnshire Integrated Care Board,E40000011,Midlands,APR2023,Attended,GP,Home Visit,15  to 21 Days,7
71E,E38000238,NHS Lincolnshire ICB - 71E,E54000013,NHS Lincolnshire Integrated Care Board,E40000011,Midlands,APR2023,Attended,GP,Home Visit,2 to 7 Days,52
71E,E38000238,NHS Lincolnshire ICB - 71E,E54000013,NHS Lincolnshire Integrated Care Board,E40000011,Midlands,APR2023,Attended,GP,Home Visit,22  to 28 Days,2
71E,E38000238,NHS Lincolnshire ICB - 71E,E54000013,NHS Lincolnshire Integrated Care Board,E40000011,Midlands,APR2023,Attended,GP,Home Visit,8  to 14 Days,11
71E,E38000238,NHS Lincolnshire ICB - 71E,E54000013,NHS Lincolnshire Integrated Care Board,E40000011,Midlands,APR2023,Attended,GP,Home Visit,More than 28 Days,1
71E,E38000238,NHS Lincolnshire ICB - 71E,E54000013,NHS Lincolnshire Integrated Care Board,E40000011,Midlands,APR2023,Attended,GP,Home Visit,Same Day,354
71E,E38000238,NHS Lincolnshire ICB - 71E,E54000013,NHS Lincolnshire Integrated Care Board,E40000011,Midlands,APR2023,Attended,GP,Telephone,1 Day,3312
71E,E38000238,NHS Lincolnshire ICB - 71E,E54000013,NHS Lincolnshire Integrated Care Board,E40000011,Midlands,APR2023,Attended,GP,Telephone,15  to 21 Days,1594
71E,E38000238,NHS Lincolnshire ICB - 71E,E54000013,NHS Lincolnshire Integrated Care Board,E40000011,Midlands,APR2023,Attended,GP,Telephone,2 to 7 Days,5048
71E,E38000238,NHS Lincolnshire ICB - 71E,E54000013,NHS Lincolnshire Integrated Care Board,E40000011,Midlands,APR2023,Attended,GP,Telephone,22  to 28 Days,677
71E,E38000238,NHS Lincolnshire ICB - 71E,E54000013,NHS Lincolnshire Integrated Care Board,E40000011,Midlands,APR2023,Attended,GP,Telephone,8  to 14 Days,2983
71E,E38000238,NHS Lincolnshire ICB - 71E,E54000013,NHS Lincolnshire Integrated Care Board,E40000011,Midlands,APR2023,Attended,GP,Telephone,More than 28 Days,454
71E,E38000238,NHS Lincolnshire ICB - 71E,E54000013,NHS Lincolnshire Integrated Care Board,E40000011,Midlands,APR2023,Attended,GP,Telephone,Same Day,30731
71E,E38000238,NHS Lincolnshire ICB - 71E,E54000013,NHS Lincolnshire Integrated Care Board,E40000011,Midlands,APR2023,Attended,GP,Telephone,Unknown / Data Quality,16
71E,E38000238,NHS Lincolnshire ICB - 71E,E54000013,NHS Lincolnshire Integrated Care Board,E40000011,Midlands,APR2023,Attended,GP,Unknown,15  to 21 Days,8
71E,E38000238,NHS Lincolnshire ICB - 71E,E54000013,NHS Lincolnshire Integrated Care Board,E40000011,Midlands,APR2023,Attended,GP,Unknown,2 to 7 Days,12
71E,E38000238,NHS Lincolnshire ICB - 71E,E54000013,NHS Lincolnshire Integrated Care Board,E40000011,Midlands,APR2023,Attended,GP,Unknown,22  to 28 Days,9
71E,E38000238,NHS Lincolnshire ICB - 71E,E54000013,NHS Lincolnshire Integrated Care Board,E40000011,Midlands,APR2023,Attended,GP,Unknown,8  to 14 Days,5
71E,E38000238,NHS Lincolnshire ICB - 71E,E54000013,NHS Lincolnshire Integrated Care Board,E40000011,Midlands,APR2023,Attended,GP,Unknown,More than 28 Days,12
71E,E38000238,NHS Lincolnshire ICB - 71E,E54000013,NHS Lincolnshire Integrated Care Board,E40000011,Midlands,APR2023,Attended,GP,Unknown,Same Day,12
71E,E38000238,NHS Lincolnshire ICB - 71E,E54000013,NHS Lincolnshire Integrated Care Board,E40000011,Midlands,APR2023,Attended,GP,Video/Online,1 Day,142
71E,E38000238,NHS Lincolnshire ICB - 71E,E54000013,NHS Lincolnshire Integrated Care Board,E40000011,Midlands,APR2023,Attended,GP,Video/Online,15  to 21 Days,16
71E,E38000238,NHS Lincolnshire ICB - 71E,E54000013,NHS Lincolnshire Integrated Care Board,E40000011,Midlands,APR2023,Attended,GP,Video/Online,2 to 7 Days,174
71E,E38000238,NHS Lincolnshire ICB - 71E,E54000013,NHS Lincolnshire Integrated Care Board,E40000011,Midlands,APR2023,Attended,GP,Video/Online,22  to 28 Days,5
71E,E38000238,NHS Lincolnshire ICB - 71E,E54000013,NHS Lincolnshire Integrated Care Board,E40000011,Midlands,APR2023,Attended,GP,Video/Online,8  to 14 Days,310
71E,E38000238,NHS Lincolnshire ICB - 71E,E54000013,NHS Lincolnshire Integrated Care Board,E40000011,Midlands,APR2023,Attended,GP,Video/Online,More than 28 Days,5
71E,E38000238,NHS Lincolnshire ICB - 71E,E54000013,NHS Lincolnshire Integrated Care Board,E40000011,Midlands,APR2023,Attended,GP,Video/Online,Same Day,1212
71E,E38000238,NHS Lincolnshire ICB - 71E,E54000013,NHS Lincolnshire Integrated Care Board,E40000011,Midlands,APR2023,Attended,Other Practice staff,Face-to-Face,1 Day,9269
71E,E38000238,NHS Lincolnshire ICB - 71E,E54000013,NHS Lincolnshire Integrated Care Board,E40000011,Midlands,APR2023,Attended,Other Practice staff,Face-to-Face,15  to 21 Days,18921
71E,E38000238,NHS Lincolnshire ICB - 71E,E54000013,NHS Lincolnshire Integrated Care Board,E40000011,Midlands,APR2023,Attended,Other Practice staff,Face-to-Face,2 to 7 Days,30428
71E,E38000238,NHS Lincolnshire ICB - 71E,E54000013,NHS Lincolnshire Integrated Care Board,E40000011,Midlands,APR2023,Attended,Other Practice staff,Face-to-Face,22  to 28 Days,13656
71E,E38000238,NHS Lincolnshire ICB - 71E,E54000013,NHS Lincolnshire Integrated Care Board,E40000011,Midlands,APR2023,Attended,Other Practice staff,Face-to-Face,8  to 14 Days,27546
71E,E38000238,NHS Lincolnshire ICB - 71E,E54000013,NHS Lincolnshire Integrated Care Board,E40000011,Midlands,APR2023,Attended,Other Practice staff,Face-to-Face,More than 28 Days,11971
71E,E38000238,NHS Lincolnshire ICB - 71E,E54000013,NHS Lincolnshire Integrated Care Board,E40000011,Midlands,APR2023,Attended,Other Practice staff,Face-to-Face,Same Day,48156
71E,E38000238,NHS Lincolnshire ICB - 71E,E54000013,NHS Lincolnshire Integrated Care Board,E40000011,Midlands,APR2023,Attended,Other Practice staff,Face-to-Face,Unknown / Data Quality,106
71E,E38000238,NHS Lincolnshire ICB - 71E,E54000013,NHS Lincolnshire Integrated Care Board,E40000011,Midlands,APR2023,Attended,Other Practice staff,Home Visit,1 Day,272
71E,E38000238,NHS Lincolnshire ICB - 71E,E54000013,NHS Lincolnshire Integrated Care Board,E40000011,Midlands,APR2023,Attended,Other Practice staff,Home Visit,15  to 21 Days,214
71E,E38000238,NHS Lincolnshire ICB - 71E,E54000013,NHS Lincolnshire Integrated Care Board,E40000011,Midlands,APR2023,Attended,Other Practice staff,Home Visit,2 to 7 Days,667
71E,E38000238,NHS Lincolnshire ICB - 71E,E54000013,NHS Lincolnshire Integrated Care Board,E40000011,Midlands,APR2023,Attended,Other Practice staff,Home Visit,22  to 28 Days,91
71E,E38000238,NHS Lincolnshire ICB - 71E,E54000013,NHS Lincolnshire Integrated Care Board,E40000011,Midlands,APR2023,Attended,Other Practice staff,Home Visit,8  to 14 Days,291
71E,E38000238,NHS Lincolnshire ICB - 71E,E54000013,NHS Lincolnshire Integrated Care Board,E40000011,Midlands,APR2023,Attended,Other Practice staff,Home Visit,More than 28 Days,76
71E,E38000238,NHS Lincolnshire ICB - 71E,E54000013,NHS Lincolnshire Integrated Care Board,E40000011,Midlands,APR2023,Attended,Other Practice staff,Home Visit,Same Day,1222
71E,E38000238,NHS Lincolnshire ICB - 71E,E54000013,NHS Lincolnshire Integrated Care Board,E40000011,Midlands,APR2023,Attended,Other Practice staff,Home Visit,Unknown / Data Quality,32
71E,E38000238,NHS Lincolnshire ICB - 71E,E54000013,NHS Lincolnshire Integrated Care Board,E40000011,Midlands,APR2023,Attended,Other Practice staff,Telephone,1 Day,2123
71E,E38000238,NHS Lincolnshire ICB - 71E,E54000013,NHS Lincolnshire Integrated Care Board,E40000011,Midlands,APR2023,Attended,Other Practice staff,Telephone,15  to 21 Days,1656
71E,E38000238,NHS Lincolnshire ICB - 71E,E54000013,NHS Lincolnshire Integrated Care Board,E40000011,Midlands,APR2023,Attended,Other Practice staff,Telephone,2 to 7 Days,5071
71E,E38000238,NHS Lincolnshire ICB - 71E,E54000013,NHS Lincolnshire Integrated Care Board,E40000011,Midlands,APR2023,Attended,Other Practice staff,Telephone,22  to 28 Days,1316
71E,E38000238,NHS Lincolnshire ICB - 71E,E54000013,NHS Lincolnshire Integrated Care Board,E40000011,Midlands,APR2023,Attended,Other Practice staff,Telephone,8  to 14 Days,2574
71E,E38000238,NHS Lincolnshire ICB - 71E,E54000013,NHS Lincolnshire Integrated Care Board,E40000011,Midlands,APR2023,Attended,Other Practice staff,Telephone,More than 28 Days,1254
71E,E38000238,NHS Lincolnshire ICB - 71E,E54000013,NHS Lincolnshire Integrated Care Board,E40000011,Midlands,APR2023,Attended,Other Practice staff,Telephone,Same Day,22727
71E,E38000238,NHS Lincolnshire ICB - 71E,E54000013,NHS Lincolnshire Integrated Care Board,E40000011,Midlands,APR2023,Attended,Other Practice staff,Telephone,Unknown / Data Quality,56
71E,E38000238,NHS Lincolnshire ICB - 71E,E54000013,NHS Lincolnshire Integrated Care Board,E40000011,Midlands,APR2023,Attended,Other Practice staff,Unknown,1 Day,34
71E,E38000238,NHS Lincolnshire ICB - 71E,E54000013,NHS Lincolnshire Integrated Care Board,E40000011,Midlands,APR2023,Attended,Other Practice staff,Unknown,15  to 21 Days,32
71E,E38000238,NHS Lincolnshire ICB - 71E,E54000013,NHS Lincolnshire Integrated Care Board,E40000011,Midlands,APR2023,Attended,Other Practice staff,Unknown,2 to 7 Days,67
71E,E38000238,NHS Lincolnshire ICB - 71E,E54000013,NHS Lincolnshire Integrated Care Board,E40000011,Midlands,APR2023,Attended,Other Practice staff,Unknown,22  to 28 Days,20
71E,E38000238,NHS Lincolnshire ICB - 71E,E54000013,NHS Lincolnshire Integrated Care Board,E40000011,Midlands,APR2023,Attended,Other Practice staff,Unknown,8  to 14 Days,22
71E,E38000238,NHS Lincolnshire ICB - 71E,E54000013,NHS Lincolnshire Integrated Care Board,E40000011,Midlands,APR2023,Attended,Other Practice staff,Unknown,More than 28 Days,25
71E,E38000238,NHS Lincolnshire ICB - 71E,E54000013,NHS Lincolnshire Integrated Care Board,E40000011,Midlands,APR2023,Attended,Other Practice staff,Unknown,Same Day,51
71E,E38000238,NHS Lincolnshire ICB - 71E,E54000013,NHS Lincolnshire Integrated Care Board,E40000011,Midlands,APR2023,Attended,Other Practice staff,Video/Online,1 Day,199
71E,E38000238,NHS Lincolnshire ICB - 71E,E54000013,NHS Lincolnshire Integrated Care Board,E40000011,Midlands,APR2023,Attended,Other Practice staff,Video/Online,15  to 21 Days,8
71E,E38000238,NHS Lincolnshire ICB - 71E,E54000013,NHS Lincolnshire Integrated Care Board,E40000011,Midlands,APR2023,Attended,Other Practice staff,Video/Online,2 to 7 Days,629
71E,E38000238,NHS Lincolnshire ICB - 71E,E54000013,NHS Lincolnshire Integrated Care Board,E40000011,Midlands,APR2023,Attended,Other Practice staff,Video/Online,22  to 28 Days,5
71E,E38000238,NHS Lincolnshire ICB - 71E,E54000013,NHS Lincolnshire Integrated Care Board,E40000011,Midlands,APR2023,Attended,Other Practice staff,Video/Online,8  to 14 Days,88
71E,E38000238,NHS Lincolnshire ICB - 71E,E54000013,NHS Lincolnshire Integrated Care Board,E40000011,Midlands,APR2023,Attended,Other Practice staff,Video/Online,More than 28 Days,2
71E,E38000238,NHS Lincolnshire ICB - 71E,E54000013,NHS Lincolnshire Integrated Care Board,E40000011,Midlands,APR2023,Attended,Other Practice staff,Video/Online,Same Day,820
71E,E38000238,NHS Lincolnshire ICB - 71E,E54000013,NHS Lincolnshire Integrated Care Board,E40000011,Midlands,APR2023,Attended,Unknown,Unknown,1 Day,1014
71E,E38000238,NHS Lincolnshire ICB - 71E,E54000013,NHS Lincolnshire Integrated Care Board,E40000011,Midlands,APR2023,Attended,Unknown,Unknown,15  to 21 Days,313
71E,E38000238,NHS Lincolnshire ICB - 71E,E54000013,NHS Lincolnshire Integrated Care Board,E40000011,Midlands,APR2023,Attended,Unknown,Unknown,2 to 7 Days,1920
71E,E38000238,NHS Lincolnshire ICB - 71E,E54000013,NHS Lincolnshire Integrated Care Board,E40000011,Midlands,APR2023,Attended,Unknown,Unknown,22  to 28 Days,197
71E,E38000238,NHS Lincolnshire ICB - 71E,E54000013,NHS Lincolnshire Integrated Care Board,E40000011,Midlands,APR2023,Attended,Unknown,Unknown,8  to 14 Days,782
71E,E38000238,NHS Lincolnshire ICB - 71E,E54000013,NHS Lincolnshire Integrated Care Board,E40000011,Midlands,APR2023,Attended,Unknown,Unknown,More than 28 Days,154
71E,E38000238,NHS Lincolnshire ICB - 71E,E54000013,NHS Lincolnshire Integrated Care Board,E40000011,Midlands,APR2023,Attended,Unknown,Unknown,Same Day,10410
71E,E38000238,NHS Lincolnshire ICB - 71E,E54000013,NHS Lincolnshire Integrated Care Board,E40000011,Midlands,APR2023,Attended,Unknown,Unknown,Unknown / Data Quality,19
71E,E38000238,NHS Lincolnshire ICB - 71E,E54000013,NHS Lincolnshire Integrated Care Board,E40000011,Midlands,APR2023,DNA,GP,Face-to-Face,1 Day,143
71E,E38000238,NHS Lincolnshire ICB - 71E,E54000013,NHS Lincolnshire Integrated Care Board,E40000011,Midlands,APR2023,DNA,GP,Face-to-Face,15  to 21 Days,196
71E,E38000238,NHS Lincolnshire ICB - 71E,E54000013,NHS Lincolnshire Integrated Care Board,E40000011,Midlands,APR2023,DNA,GP,Face-to-Face,2 to 7 Days,307
71E,E38000238,NHS Lincolnshire ICB - 71E,E54000013,NHS Lincolnshire Integrated Care Board,E40000011,Midlands,APR2023,DNA,GP,Face-to-Face,22  to 28 Days,85
71E,E38000238,NHS Lincolnshire ICB - 71E,E54000013,NHS Lincolnshire Integrated Care Board,E40000011,Midlands,APR2023,DNA,GP,Face-to-Face,8  to 14 Days,233
71E,E38000238,NHS Lincolnshire ICB - 71E,E54000013,NHS Lincolnshire Integrated Care Board,E40000011,Midlands,APR2023,DNA,GP,Face-to-Face,More than 28 Days,94
71E,E38000238,NHS Lincolnshire ICB - 71E,E54000013,NHS Lincolnshire Integrated Care Board,E40000011,Midlands,APR2023,DNA,GP,Face-to-Face,Same Day,479
71E,E38000238,NHS Lincolnshire ICB - 71E,E54000013,NHS Lincolnshire Integrated Care Board,E40000011,Midlands,APR2023,DNA,GP,Home Visit,1 Day,3
71E,E38000238,NHS Lincolnshire ICB - 71E,E54000013,NHS Lincolnshire Integrated Care Board,E40000011,Midlands,APR2023,DNA,GP,Home Visit,2 to 7 Days,2
71E,E38000238,NHS Lincolnshire ICB - 71E,E54000013,NHS Lincolnshire Integrated Care Board,E40000011,Midlands,APR2023,DNA,GP,Home Visit,8  to 14 Days,1
71E,E38000238,NHS Lincolnshire ICB - 71E,E54000013,NHS Lincolnshire Integrated Care Board,E40000011,Midlands,APR2023,DNA,GP,Home Visit,Same Day,5
71E,E38000238,NHS Lincolnshire ICB - 71E,E54000013,NHS Lincolnshire Integrated Care Board,E40000011,Midlands,APR2023,DNA,GP,Telephone,1 Day,20
71E,E38000238,NHS Lincolnshire ICB - 71E,E54000013,NHS Lincolnshire Integrated Care Board,E40000011,Midlands,APR2023,DNA,GP,Telephone,15  to 21 Days,20
71E,E38000238,NHS Lincolnshire ICB - 71E,E54000013,NHS Lincolnshire Integrated Care Board,E40000011,Midlands,APR2023,DNA,GP,Telephone,2 to 7 Days,32
71E,E38000238,NHS Lincolnshire ICB - 71E,E54000013,NHS Lincolnshire Integrated Care Board,E40000011,Midlands,APR2023,DNA,GP,Telephone,22  to 28 Days,15
71E,E38000238,NHS Lincolnshire ICB - 71E,E54000013,NHS Lincolnshire Integrated Care Board,E40000011,Midlands,APR2023,DNA,GP,Telephone,8  to 14 Days,29
71E,E38000238,NHS Lincolnshire ICB - 71E,E54000013,NHS Lincolnshire Integrated Care Board,E40000011,Midlands,APR2023,DNA,GP,Telephone,More than 28 Days,12
71E,E38000238,NHS Lincolnshire ICB - 71E,E54000013,NHS Lincolnshire Integrated Care Board,E40000011,Midlands,APR2023,DNA,GP,Telephone,Same Day,229
71E,E38000238,NHS Lincolnshire ICB - 71E,E54000013,NHS Lincolnshire Integrated Care Board,E40000011,Midlands,APR2023,DNA,GP,Unknown,1 Day,2
71E,E38000238,NHS Lincolnshire ICB - 71E,E54000013,NHS Lincolnshire Integrated Care Board,E40000011,Midlands,APR2023,DNA,GP,Unknown,2 to 7 Days,1
71E,E38000238,NHS Lincolnshire ICB - 71E,E54000013,NHS Lincolnshire Integrated Care Board,E40000011,Midlands,APR2023,DNA,GP,Unknown,Same Day,1
71E,E38000238,NHS Lincolnshire ICB - 71E,E54000013,NHS Lincolnshire Integrated Care Board,E40000011,Midlands,APR2023,DNA,GP,Video/Online,1 Day,1
71E,E38000238,NHS Lincolnshire ICB - 71E,E54000013,NHS Lincolnshire Integrated Care Board,E40000011,Midlands,APR2023,DNA,GP,Video/Online,15  to 21 Days,2
71E,E38000238,NHS Lincolnshire ICB - 71E,E54000013,NHS Lincolnshire Integrated Care Board,E40000011,Midlands,APR2023,DNA,GP,Video/Online,Same Day,1
71E,E38000238,NHS Lincolnshire ICB - 71E,E54000013,NHS Lincolnshire Integrated Care Board,E40000011,Midlands,APR2023,DNA,Other Practice staff,Face-to-Face,1 Day,381
71E,E38000238,NHS Lincolnshire ICB - 71E,E54000013,NHS Lincolnshire Integrated Care Board,E40000011,Midlands,APR2023,DNA,Other Practice staff,Face-to-Face,15  to 21 Days,1713
71E,E38000238,NHS Lincolnshire ICB - 71E,E54000013,NHS Lincolnshire Integrated Care Board,E40000011,Midlands,APR2023,DNA,Other Practice staff,Face-to-Face,2 to 7 Days,1714
71E,E38000238,NHS Lincolnshire ICB - 71E,E54000013,NHS Lincolnshire Integrated Care Board,E40000011,Midlands,APR2023,DNA,Other Practice staff,Face-to-Face,22  to 28 Days,1262
71E,E38000238,NHS Lincolnshire ICB - 71E,E54000013,NHS Lincolnshire Integrated Care Board,E40000011,Midlands,APR2023,DNA,Other Practice staff,Face-to-Face,8  to 14 Days,2070
71E,E38000238,NHS Lincolnshire ICB - 71E,E54000013,NHS Lincolnshire Integrated Care Board,E40000011,Midlands,APR2023,DNA,Other Practice staff,Face-to-Face,More than 28 Days,1350
71E,E38000238,NHS Lincolnshire ICB - 71E,E54000013,NHS Lincolnshire Integrated Care Board,E40000011,Midlands,APR2023,DNA,Other Practice staff,Face-to-Face,Same Day,734
71E,E38000238,NHS Lincolnshire ICB - 71E,E54000013,NHS Lincolnshire Integrated Care Board,E40000011,Midlands,APR2023,DNA,Other Practice staff,Home Visit,1 Day,25
71E,E38000238,NHS Lincolnshire ICB - 71E,E54000013,NHS Lincolnshire Integrated Care Board,E40000011,Midlands,APR2023,DNA,Other Practice staff,Home Visit,15  to 21 Days,7
71E,E38000238,NHS Lincolnshire ICB - 71E,E54000013,NHS Lincolnshire Integrated Care Board,E40000011,Midlands,APR2023,DNA,Other Practice staff,Home Visit,2 to 7 Days,24
71E,E38000238,NHS Lincolnshire ICB - 71E,E54000013,NHS Lincolnshire Integrated Care Board,E40000011,Midlands,APR2023,DNA,Other Practice staff,Home Visit,22  to 28 Days,2
71E,E38000238,NHS Lincolnshire ICB - 71E,E54000013,NHS Lincolnshire Integrated Care Board,E40000011,Midlands,APR2023,DNA,Other Practice staff,Home Visit,8  to 14 Days,4
71E,E38000238,NHS Lincolnshire ICB - 71E,E54000013,NHS Lincolnshire Integrated Care Board,E40000011,Midlands,APR2023,DNA,Other Practice staff,Home Visit,Same Day,23
71E,E38000238,NHS Lincolnshire ICB - 71E,E54000013,NHS Lincolnshire Integrated Care Board,E40000011,Midlands,APR2023,DNA,Other Practice staff,Telephone,1 Day,41
71E,E38000238,NHS Lincolnshire ICB - 71E,E54000013,NHS Lincolnshire Integrated Care Board,E40000011,Midlands,APR2023,DNA,Other Practice staff,Telephone,15  to 21 Days,65
71E,E38000238,NHS Lincolnshire ICB - 71E,E54000013,NHS Lincolnshire Integrated Care Board,E40000011,Midlands,APR2023,DNA,Other Practice staff,Telephone,2 to 7 Days,121
71E,E38000238,NHS Lincolnshire ICB - 71E,E54000013,NHS Lincolnshire Integrated Care Board,E40000011,Midlands,APR2023,DNA,Other Practice staff,Telephone,22  to 28 Days,48
71E,E38000238,NHS Lincolnshire ICB - 71E,E54000013,NHS Lincolnshire Integrated Care Board,E40000011,Midlands,APR2023,DNA,Other Practice staff,Telephone,8  to 14 Days,65
71E,E38000238,NHS Lincolnshire ICB - 71E,E54000013,NHS Lincolnshire Integrated Care Board,E40000011,Midlands,APR2023,DNA,Other Practice staff,Telephone,More than 28 Days,44
71E,E38000238,NHS Lincolnshire ICB - 71E,E54000013,NHS Lincolnshire Integrated Care Board,E40000011,Midlands,APR2023,DNA,Other Practice staff,Telephone,Same Day,130
71E,E38000238,NHS Lincolnshire ICB - 71E,E54000013,NHS Lincolnshire Integrated Care Board,E40000011,Midlands,APR2023,DNA,Other Practice staff,Unknown,1 Day,6
71E,E38000238,NHS Lincolnshire ICB - 71E,E54000013,NHS Lincolnshire Integrated Care Board,E40000011,Midlands,APR2023,DNA,Other Practice staff,Unknown,15  to 21 Days,5
71E,E38000238,NHS Lincolnshire ICB - 71E,E54000013,NHS Lincolnshire Integrated Care Board,E40000011,Midlands,APR2023,DNA,Other Practice staff,Unknown,2 to 7 Days,4
71E,E38000238,NHS Lincolnshire ICB - 71E,E54000013,NHS Lincolnshire Integrated Care Board,E40000011,Midlands,APR2023,DNA,Other Practice staff,Unknown,22  to 28 Days,12
71E,E38000238,NHS Lincolnshire ICB - 71E,E54000013,NHS Lincolnshire Integrated Care Board,E40000011,Midlands,APR2023,DNA,Other Practice staff,Unknown,8  to 14 Days,11
71E,E38000238,NHS Lincolnshire ICB - 71E,E54000013,NHS Lincolnshire Integrated Care Board,E40000011,Midlands,APR2023,DNA,Other Practice staff,Unknown,More than 28 Days,14
71E,E38000238,NHS Lincolnshire ICB - 71E,E54000013,NHS Lincolnshire Integrated Care Board,E40000011,Midlands,APR2023,DNA,Other Practice staff,Video/Online,1 Day,6
71E,E38000238,NHS Lincolnshire ICB - 71E,E54000013,NHS Lincolnshire Integrated Care Board,E40000011,Midlands,APR2023,DNA,Other Practice staff,Video/Online,15  to 21 Days,1
71E,E38000238,NHS Lincolnshire ICB - 71E,E54000013,NHS Lincolnshire Integrated Care Board,E40000011,Midlands,APR2023,DNA,Other Practice staff,Video/Online,2 to 7 Days,5
71E,E38000238,NHS Lincolnshire ICB - 71E,E54000013,NHS Lincolnshire Integrated Care Board,E40000011,Midlands,APR2023,DNA,Other Practice staff,Video/Online,8  to 14 Days,4
71E,E38000238,NHS Lincolnshire ICB - 71E,E54000013,NHS Lincolnshire Integrated Care Board,E40000011,Midlands,APR2023,DNA,Other Practice staff,Video/Online,Same Day,7
71E,E38000238,NHS Lincolnshire ICB - 71E,E54000013,NHS Lincolnshire Integrated Care Board,E40000011,Midlands,APR2023,DNA,Unknown,Unknown,1 Day,22
71E,E38000238,NHS Lincolnshire ICB - 71E,E54000013,NHS Lincolnshire Integrated Care Board,E40000011,Midlands,APR2023,DNA,Unknown,Unknown,15  to 21 Days,26
71E,E38000238,NHS Lincolnshire ICB - 71E,E54000013,NHS Lincolnshire Integrated Care Board,E40000011,Midlands,APR2023,DNA,Unknown,Unknown,2 to 7 Days,58
71E,E38000238,NHS Lincolnshire ICB - 71E,E54000013,NHS Lincolnshire Integrated Care Board,E40000011,Midlands,APR2023,DNA,Unknown,Unknown,22  to 28 Days,12
71E,E38000238,NHS Lincolnshire ICB - 71E,E54000013,NHS Lincolnshire Integrated Care Board,E40000011,Midlands,APR2023,DNA,Unknown,Unknown,8  to 14 Days,41
71E,E38000238,NHS Lincolnshire ICB - 71E,E54000013,NHS Lincolnshire Integrated Care Board,E40000011,Midlands,APR2023,DNA,Unknown,Unknown,More than 28 Days,16
71E,E38000238,NHS Lincolnshire ICB - 71E,E54000013,NHS Lincolnshire Integrated Care Board,E40000011,Midlands,APR2023,DNA,Unknown,Unknown,Same Day,53
71E,E38000238,NHS Lincolnshire ICB - 71E,E54000013,NHS Lincolnshire Integrated Care Board,E40000011,Midlands,APR2023,Unknown,GP,Face-to-Face,1 Day,86
71E,E38000238,NHS Lincolnshire ICB - 71E,E54000013,NHS Lincolnshire Integrated Care Board,E40000011,Midlands,APR2023,Unknown,GP,Face-to-Face,15  to 21 Days,332
71E,E38000238,NHS Lincolnshire ICB - 71E,E54000013,NHS Lincolnshire Integrated Care Board,E40000011,Midlands,APR2023,Unknown,GP,Face-to-Face,2 to 7 Days,383
71E,E38000238,NHS Lincolnshire ICB - 71E,E54000013,NHS Lincolnshire Integrated Care Board,E40000011,Midlands,APR2023,Unknown,GP,Face-to-Face,22  to 28 Days,254
71E,E38000238,NHS Lincolnshire ICB - 71E,E54000013,NHS Lincolnshire Integrated Care Board,E40000011,Midlands,APR2023,Unknown,GP,Face-to-Face,8  to 14 Days,343
71E,E38000238,NHS Lincolnshire ICB - 71E,E54000013,NHS Lincolnshire Integrated Care Board,E40000011,Midlands,APR2023,Unknown,GP,Face-to-Face,More than 28 Days,332
71E,E38000238,NHS Lincolnshire ICB - 71E,E54000013,NHS Lincolnshire Integrated Care Board,E40000011,Midlands,APR2023,Unknown,GP,Face-to-Face,Same Day,314
71E,E38000238,NHS Lincolnshire ICB - 71E,E54000013,NHS Lincolnshire Integrated Care Board,E40000011,Midlands,APR2023,Unknown,GP,Face-to-Face,Unknown / Data Quality,3
71E,E38000238,NHS Lincolnshire ICB - 71E,E54000013,NHS Lincolnshire Integrated Care Board,E40000011,Midlands,APR2023,Unknown,GP,Home Visit,1 Day,4
71E,E38000238,NHS Lincolnshire ICB - 71E,E54000013,NHS Lincolnshire Integrated Care Board,E40000011,Midlands,APR2023,Unknown,GP,Home Visit,15  to 21 Days,3
71E,E38000238,NHS Lincolnshire ICB - 71E,E54000013,NHS Lincolnshire Integrated Care Board,E40000011,Midlands,APR2023,Unknown,GP,Home Visit,2 to 7 Days,12
71E,E38000238,NHS Lincolnshire ICB - 71E,E54000013,NHS Lincolnshire Integrated Care Board,E40000011,Midlands,APR2023,Unknown,GP,Home Visit,22  to 28 Days,3
71E,E38000238,NHS Lincolnshire ICB - 71E,E54000013,NHS Lincolnshire Integrated Care Board,E40000011,Midlands,APR2023,Unknown,GP,Home Visit,8  to 14 Days,3
71E,E38000238,NHS Lincolnshire ICB - 71E,E54000013,NHS Lincolnshire Integrated Care Board,E40000011,Midlands,APR2023,Unknown,GP,Home Visit,More than 28 Days,6
71E,E38000238,NHS Lincolnshire ICB - 71E,E54000013,NHS Lincolnshire Integrated Care Board,E40000011,Midlands,APR2023,Unknown,GP,Home Visit,Same Day,6
71E,E38000238,NHS Lincolnshire ICB - 71E,E54000013,NHS Lincolnshire Integrated Care Board,E40000011,Midlands,APR2023,Unknown,GP,Telephone,1 Day,82
71E,E38000238,NHS Lincolnshire ICB - 71E,E54000013,NHS Lincolnshire Integrated Care Board,E40000011,Midlands,APR2023,Unknown,GP,Telephone,15  to 21 Days,175
71E,E38000238,NHS Lincolnshire ICB - 71E,E54000013,NHS Lincolnshire Integrated Care Board,E40000011,Midlands,APR2023,Unknown,GP,Telephone,2 to 7 Days,218
71E,E38000238,NHS Lincolnshire ICB - 71E,E54000013,NHS Lincolnshire Integrated Care Board,E40000011,Midlands,APR2023,Unknown,GP,Telephone,22  to 28 Days,99
71E,E38000238,NHS Lincolnshire ICB - 71E,E54000013,NHS Lincolnshire Integrated Care Board,E40000011,Midlands,APR2023,Unknown,GP,Telephone,8  to 14 Days,285
71E,E38000238,NHS Lincolnshire ICB - 71E,E54000013,NHS Lincolnshire Integrated Care Board,E40000011,Midlands,APR2023,Unknown,GP,Telephone,More than 28 Days,126
71E,E38000238,NHS Lincolnshire ICB - 71E,E54000013,NHS Lincolnshire Integrated Care Board,E40000011,Midlands,APR2023,Unknown,GP,Telephone,Same Day,229
71E,E38000238,NHS Lincolnshire ICB - 71E,E54000013,NHS Lincolnshire Integrated Care Board,E40000011,Midlands,APR2023,Unknown,GP,Unknown,1 Day,1
71E,E38000238,NHS Lincolnshire ICB - 71E,E54000013,NHS Lincolnshire Integrated Care Board,E40000011,Midlands,APR2023,Unknown,GP,Unknown,15  to 21 Days,22
71E,E38000238,NHS Lincolnshire ICB - 71E,E54000013,NHS Lincolnshire Integrated Care Board,E40000011,Midlands,APR2023,Unknown,GP,Unknown,2 to 7 Days,29
71E,E38000238,NHS Lincolnshire ICB - 71E,E54000013,NHS Lincolnshire Integrated Care Board,E40000011,Midlands,APR2023,Unknown,GP,Unknown,22  to 28 Days,16
71E,E38000238,NHS Lincolnshire ICB - 71E,E54000013,NHS Lincolnshire Integrated Care Board,E40000011,Midlands,APR2023,Unknown,GP,Unknown,8  to 14 Days,46
71E,E38000238,NHS Lincolnshire ICB - 71E,E54000013,NHS Lincolnshire Integrated Care Board,E40000011,Midlands,APR2023,Unknown,GP,Unknown,More than 28 Days,17
71E,E38000238,NHS Lincolnshire ICB - 71E,E54000013,NHS Lincolnshire Integrated Care Board,E40000011,Midlands,APR2023,Unknown,GP,Unknown,Same Day,7
71E,E38000238,NHS Lincolnshire ICB - 71E,E54000013,NHS Lincolnshire Integrated Care Board,E40000011,Midlands,APR2023,Unknown,GP,Video/Online,1 Day,6
71E,E38000238,NHS Lincolnshire ICB - 71E,E54000013,NHS Lincolnshire Integrated Care Board,E40000011,Midlands,APR2023,Unknown,GP,Video/Online,15  to 21 Days,7
71E,E38000238,NHS Lincolnshire ICB - 71E,E54000013,NHS Lincolnshire Integrated Care Board,E40000011,Midlands,APR2023,Unknown,GP,Video/Online,2 to 7 Days,17
71E,E38000238,NHS Lincolnshire ICB - 71E,E54000013,NHS Lincolnshire Integrated Care Board,E40000011,Midlands,APR2023,Unknown,GP,Video/Online,22  to 28 Days,2
71E,E38000238,NHS Lincolnshire ICB - 71E,E54000013,NHS Lincolnshire Integrated Care Board,E40000011,Midlands,APR2023,Unknown,GP,Video/Online,8  to 14 Days,18
71E,E38000238,NHS Lincolnshire ICB - 71E,E54000013,NHS Lincolnshire Integrated Care Board,E40000011,Midlands,APR2023,Unknown,GP,Video/Online,More than 28 Days,1
71E,E38000238,NHS Lincolnshire ICB - 71E,E54000013,NHS Lincolnshire Integrated Care Board,E40000011,Midlands,APR2023,Unknown,GP,Video/Online,Same Day,1
71E,E38000238,NHS Lincolnshire ICB - 71E,E54000013,NHS Lincolnshire Integrated Care Board,E40000011,Midlands,APR2023,Unknown,Other Practice staff,Face-to-Face,1 Day,165
71E,E38000238,NHS Lincolnshire ICB - 71E,E54000013,NHS Lincolnshire Integrated Care Board,E40000011,Midlands,APR2023,Unknown,Other Practice staff,Face-to-Face,15  to 21 Days,2147
71E,E38000238,NHS Lincolnshire ICB - 71E,E54000013,NHS Lincolnshire Integrated Care Board,E40000011,Midlands,APR2023,Unknown,Other Practice staff,Face-to-Face,2 to 7 Days,1382
71E,E38000238,NHS Lincolnshire ICB - 71E,E54000013,NHS Lincolnshire Integrated Care Board,E40000011,Midlands,APR2023,Unknown,Other Practice staff,Face-to-Face,22  to 28 Days,1864
71E,E38000238,NHS Lincolnshire ICB - 71E,E54000013,NHS Lincolnshire Integrated Care Board,E40000011,Midlands,APR2023,Unknown,Other Practice staff,Face-to-Face,8  to 14 Days,2531
71E,E38000238,NHS Lincolnshire ICB - 71E,E54000013,NHS Lincolnshire Integrated Care Board,E40000011,Midlands,APR2023,Unknown,Other Practice staff,Face-to-Face,More than 28 Days,2822
71E,E38000238,NHS Lincolnshire ICB - 71E,E54000013,NHS Lincolnshire Integrated Care Board,E40000011,Midlands,APR2023,Unknown,Other Practice staff,Face-to-Face,Same Day,595
71E,E38000238,NHS Lincolnshire ICB - 71E,E54000013,NHS Lincolnshire Integrated Care Board,E40000011,Midlands,APR2023,Unknown,Other Practice staff,Face-to-Face,Unknown / Data Quality,9
71E,E38000238,NHS Lincolnshire ICB - 71E,E54000013,NHS Lincolnshire Integrated Care Board,E40000011,Midlands,APR2023,Unknown,Other Practice staff,Home Visit,1 Day,16
71E,E38000238,NHS Lincolnshire ICB - 71E,E54000013,NHS Lincolnshire Integrated Care Board,E40000011,Midlands,APR2023,Unknown,Other Practice staff,Home Visit,15  to 21 Days,62
71E,E38000238,NHS Lincolnshire ICB - 71E,E54000013,NHS Lincolnshire Integrated Care Board,E40000011,Midlands,APR2023,Unknown,Other Practice staff,Home Visit,2 to 7 Days,126
71E,E38000238,NHS Lincolnshire ICB - 71E,E54000013,NHS Lincolnshire Integrated Care Board,E40000011,Midlands,APR2023,Unknown,Other Practice staff,Home Visit,22  to 28 Days,28
71E,E38000238,NHS Lincolnshire ICB - 71E,E54000013,NHS Lincolnshire Integrated Care Board,E40000011,Midlands,APR2023,Unknown,Other Practice staff,Home Visit,8  to 14 Days,104
71E,E38000238,NHS Lincolnshire ICB - 71E,E54000013,NHS Lincolnshire Integrated Care Board,E40000011,Midlands,APR2023,Unknown,Other Practice staff,Home Visit,More than 28 Days,33
71E,E38000238,NHS Lincolnshire ICB - 71E,E54000013,NHS Lincolnshire Integrated Care Board,E40000011,Midlands,APR2023,Unknown,Other Practice staff,Home Visit,Same Day,25
71E,E38000238,NHS Lincolnshire ICB - 71E,E54000013,NHS Lincolnshire Integrated Care Board,E40000011,Midlands,APR2023,Unknown,Other Practice staff,Telephone,1 Day,125
71E,E38000238,NHS Lincolnshire ICB - 71E,E54000013,NHS Lincolnshire Integrated Care Board,E40000011,Midlands,APR2023,Unknown,Other Practice staff,Telephone,15  to 21 Days,214
71E,E38000238,NHS Lincolnshire ICB - 71E,E54000013,NHS Lincolnshire Integrated Care Board,E40000011,Midlands,APR2023,Unknown,Other Practice staff,Telephone,2 to 7 Days,335
71E,E38000238,NHS Lincolnshire ICB - 71E,E54000013,NHS Lincolnshire Integrated Care Board,E40000011,Midlands,APR2023,Unknown,Other Practice staff,Telephone,22  to 28 Days,175
71E,E38000238,NHS Lincolnshire ICB - 71E,E54000013,NHS Lincolnshire Integrated Care Board,E40000011,Midlands,APR2023,Unknown,Other Practice staff,Telephone,8  to 14 Days,276
71E,E38000238,NHS Lincolnshire ICB - 71E,E54000013,NHS Lincolnshire Integrated Care Board,E40000011,Midlands,APR2023,Unknown,Other Practice staff,Telephone,More than 28 Days,236
71E,E38000238,NHS Lincolnshire ICB - 71E,E54000013,NHS Lincolnshire Integrated Care Board,E40000011,Midlands,APR2023,Unknown,Other Practice staff,Telephone,Same Day,318
71E,E38000238,NHS Lincolnshire ICB - 71E,E54000013,NHS Lincolnshire Integrated Care Board,E40000011,Midlands,APR2023,Unknown,Other Practice staff,Telephone,Unknown / Data Quality,2
71E,E38000238,NHS Lincolnshire ICB - 71E,E54000013,NHS Lincolnshire Integrated Care Board,E40000011,Midlands,APR2023,Unknown,Other Practice staff,Unknown,1 Day,3
71E,E38000238,NHS Lincolnshire ICB - 71E,E54000013,NHS Lincolnshire Integrated Care Board,E40000011,Midlands,APR2023,Unknown,Other Practice staff,Unknown,15  to 21 Days,230
71E,E38000238,NHS Lincolnshire ICB - 71E,E54000013,NHS Lincolnshire Integrated Care Board,E40000011,Midlands,APR2023,Unknown,Other Practice staff,Unknown,2 to 7 Days,50
71E,E38000238,NHS Lincolnshire ICB - 71E,E54000013,NHS Lincolnshire Integrated Care Board,E40000011,Midlands,APR2023,Unknown,Other Practice staff,Unknown,22  to 28 Days,185
71E,E38000238,NHS Lincolnshire ICB - 71E,E54000013,NHS Lincolnshire Integrated Care Board,E40000011,Midlands,APR2023,Unknown,Other Practice staff,Unknown,8  to 14 Days,168
71E,E38000238,NHS Lincolnshire ICB - 71E,E54000013,NHS Lincolnshire Integrated Care Board,E40000011,Midlands,APR2023,Unknown,Other Practice staff,Unknown,More than 28 Days,311
71E,E38000238,NHS Lincolnshire ICB - 71E,E54000013,NHS Lincolnshire Integrated Care Board,E40000011,Midlands,APR2023,Unknown,Other Practice staff,Unknown,Same Day,3
71E,E38000238,NHS Lincolnshire ICB - 71E,E54000013,NHS Lincolnshire Integrated Care Board,E40000011,Midlands,APR2023,Unknown,Other Practice staff,Video/Online,1 Day,11
71E,E38000238,NHS Lincolnshire ICB - 71E,E54000013,NHS Lincolnshire Integrated Care Board,E40000011,Midlands,APR2023,Unknown,Other Practice staff,Video/Online,15  to 21 Days,1
71E,E38000238,NHS Lincolnshire ICB - 71E,E54000013,NHS Lincolnshire Integrated Care Board,E40000011,Midlands,APR2023,Unknown,Other Practice staff,Video/Online,2 to 7 Days,60
71E,E38000238,NHS Lincolnshire ICB - 71E,E54000013,NHS Lincolnshire Integrated Care Board,E40000011,Midlands,APR2023,Unknown,Other Practice staff,Video/Online,22  to 28 Days,3
71E,E38000238,NHS Lincolnshire ICB - 71E,E54000013,NHS Lincolnshire Integrated Care Board,E40000011,Midlands,APR2023,Unknown,Other Practice staff,Video/Online,8  to 14 Days,22
71E,E38000238,NHS Lincolnshire ICB - 71E,E54000013,NHS Lincolnshire Integrated Care Board,E40000011,Midlands,APR2023,Unknown,Other Practice staff,Video/Online,More than 28 Days,1
71E,E38000238,NHS Lincolnshire ICB - 71E,E54000013,NHS Lincolnshire Integrated Care Board,E40000011,Midlands,APR2023,Unknown,Other Practice staff,Video/Online,Same Day,3
71E,E38000238,NHS Lincolnshire ICB - 71E,E54000013,NHS Lincolnshire Integrated Care Board,E40000011,Midlands,APR2023,Unknown,Unknown,Unknown,1 Day,34
71E,E38000238,NHS Lincolnshire ICB - 71E,E54000013,NHS Lincolnshire Integrated Care Board,E40000011,Midlands,APR2023,Unknown,Unknown,Unknown,15  to 21 Days,122
71E,E38000238,NHS Lincolnshire ICB - 71E,E54000013,NHS Lincolnshire Integrated Care Board,E40000011,Midlands,APR2023,Unknown,Unknown,Unknown,2 to 7 Days,119
71E,E38000238,NHS Lincolnshire ICB - 71E,E54000013,NHS Lincolnshire Integrated Care Board,E40000011,Midlands,APR2023,Unknown,Unknown,Unknown,22  to 28 Days,82
71E,E38000238,NHS Lincolnshire ICB - 71E,E54000013,NHS Lincolnshire Integrated Care Board,E40000011,Midlands,APR2023,Unknown,Unknown,Unknown,8  to 14 Days,172
71E,E38000238,NHS Lincolnshire ICB - 71E,E54000013,NHS Lincolnshire Integrated Care Board,E40000011,Midlands,APR2023,Unknown,Unknown,Unknown,More than 28 Days,152
71E,E38000238,NHS Lincolnshire ICB - 71E,E54000013,NHS Lincolnshire Integrated Care Board,E40000011,Midlands,APR2023,Unknown,Unknown,Unknown,Same Day,52
71E,E38000238,NHS Lincolnshire ICB - 71E,E54000013,NHS Lincolnshire Integrated Care Board,E40000011,Midlands,APR2023,Unknown,Unknown,Unknown,Unknown / Data Quality,1
71E,E38000238,NHS Lincolnshire ICB - 71E,E54000013,NHS Lincolnshire Integrated Care Board,E40000011,Midlands,MAY2023,Attended,GP,Face-to-Face,1 Day,5249
71E,E38000238,NHS Lincolnshire ICB - 71E,E54000013,NHS Lincolnshire Integrated Care Board,E40000011,Midlands,MAY2023,Attended,GP,Face-to-Face,15  to 21 Days,2919
71E,E38000238,NHS Lincolnshire ICB - 71E,E54000013,NHS Lincolnshire Integrated Care Board,E40000011,Midlands,MAY2023,Attended,GP,Face-to-Face,2 to 7 Days,9265
71E,E38000238,NHS Lincolnshire ICB - 71E,E54000013,NHS Lincolnshire Integrated Care Board,E40000011,Midlands,MAY2023,Attended,GP,Face-to-Face,22  to 28 Days,2234
71E,E38000238,NHS Lincolnshire ICB - 71E,E54000013,NHS Lincolnshire Integrated Care Board,E40000011,Midlands,MAY2023,Attended,GP,Face-to-Face,8  to 14 Days,5555
71E,E38000238,NHS Lincolnshire ICB - 71E,E54000013,NHS Lincolnshire Integrated Care Board,E40000011,Midlands,MAY2023,Attended,GP,Face-to-Face,More than 28 Days,2027
71E,E38000238,NHS Lincolnshire ICB - 71E,E54000013,NHS Lincolnshire Integrated Care Board,E40000011,Midlands,MAY2023,Attended,GP,Face-to-Face,Same Day,54701
71E,E38000238,NHS Lincolnshire ICB - 71E,E54000013,NHS Lincolnshire Integrated Care Board,E40000011,Midlands,MAY2023,Attended,GP,Face-to-Face,Unknown / Data Quality,40
71E,E38000238,NHS Lincolnshire ICB - 71E,E54000013,NHS Lincolnshire Integrated Care Board,E40000011,Midlands,MAY2023,Attended,GP,Home Visit,1 Day,60
71E,E38000238,NHS Lincolnshire ICB - 71E,E54000013,NHS Lincolnshire Integrated Care Board,E40000011,Midlands,MAY2023,Attended,GP,Home Visit,15  to 21 Days,4
71E,E38000238,NHS Lincolnshire ICB - 71E,E54000013,NHS Lincolnshire Integrated Care Board,E40000011,Midlands,MAY2023,Attended,GP,Home Visit,2 to 7 Days,81
71E,E38000238,NHS Lincolnshire ICB - 71E,E54000013,NHS Lincolnshire Integrated Care Board,E40000011,Midlands,MAY2023,Attended,GP,Home Visit,22  to 28 Days,1
71E,E38000238,NHS Lincolnshire ICB - 71E,E54000013,NHS Lincolnshire Integrated Care Board,E40000011,Midlands,MAY2023,Attended,GP,Home Visit,8  to 14 Days,17
71E,E38000238,NHS Lincolnshire ICB - 71E,E54000013,NHS Lincolnshire Integrated Care Board,E40000011,Midlands,MAY2023,Attended,GP,Home Visit,Same Day,487
71E,E38000238,NHS Lincolnshire ICB - 71E,E54000013,NHS Lincolnshire Integrated Care Board,E40000011,Midlands,MAY2023,Attended,GP,Home Visit,Unknown / Data Quality,2
71E,E38000238,NHS Lincolnshire ICB - 71E,E54000013,NHS Lincolnshire Integrated Care Board,E40000011,Midlands,MAY2023,Attended,GP,Telephone,1 Day,3191
71E,E38000238,NHS Lincolnshire ICB - 71E,E54000013,NHS Lincolnshire Integrated Care Board,E40000011,Midlands,MAY2023,Attended,GP,Telephone,15  to 21 Days,2163
71E,E38000238,NHS Lincolnshire ICB - 71E,E54000013,NHS Lincolnshire Integrated Care Board,E40000011,Midlands,MAY2023,Attended,GP,Telephone,2 to 7 Days,5803
71E,E38000238,NHS Lincolnshire ICB - 71E,E54000013,NHS Lincolnshire Integrated Care Board,E40000011,Midlands,MAY2023,Attended,GP,Telephone,22  to 28 Days,676
71E,E38000238,NHS Lincolnshire ICB - 71E,E54000013,NHS Lincolnshire Integrated Care Board,E40000011,Midlands,MAY2023,Attended,GP,Telephone,8  to 14 Days,4172
71E,E38000238,NHS Lincolnshire ICB - 71E,E54000013,NHS Lincolnshire Integrated Care Board,E40000011,Midlands,MAY2023,Attended,GP,Telephone,More than 28 Days,396
71E,E38000238,NHS Lincolnshire ICB - 71E,E54000013,NHS Lincolnshire Integrated Care Board,E40000011,Midlands,MAY2023,Attended,GP,Telephone,Same Day,34461
71E,E38000238,NHS Lincolnshire ICB - 71E,E54000013,NHS Lincolnshire Integrated Care Board,E40000011,Midlands,MAY2023,Attended,GP,Telephone,Unknown / Data Quality,33
71E,E38000238,NHS Lincolnshire ICB - 71E,E54000013,NHS Lincolnshire Integrated Care Board,E40000011,Midlands,MAY2023,Attended,GP,Unknown,1 Day,4
71E,E38000238,NHS Lincolnshire ICB - 71E,E54000013,NHS Lincolnshire Integrated Care Board,E40000011,Midlands,MAY2023,Attended,GP,Unknown,15  to 21 Days,7
71E,E38000238,NHS Lincolnshire ICB - 71E,E54000013,NHS Lincolnshire Integrated Care Board,E40000011,Midlands,MAY2023,Attended,GP,Unknown,2 to 7 Days,9
71E,E38000238,NHS Lincolnshire ICB - 71E,E54000013,NHS Lincolnshire Integrated Care Board,E40000011,Midlands,MAY2023,Attended,GP,Unknown,22  to 28 Days,1
71E,E38000238,NHS Lincolnshire ICB - 71E,E54000013,NHS Lincolnshire Integrated Care Board,E40000011,Midlands,MAY2023,Attended,GP,Unknown,8  to 14 Days,1
71E,E38000238,NHS Lincolnshire ICB - 71E,E54000013,NHS Lincolnshire Integrated Care Board,E40000011,Midlands,MAY2023,Attended,GP,Unknown,More than 28 Days,4
71E,E38000238,NHS Lincolnshire ICB - 71E,E54000013,NHS Lincolnshire Integrated Care Board,E40000011,Midlands,MAY2023,Attended,GP,Unknown,Same Day,36
71E,E38000238,NHS Lincolnshire ICB - 71E,E54000013,NHS Lincolnshire Integrated Care Board,E40000011,Midlands,MAY2023,Attended,GP,Video/Online,1 Day,141
71E,E38000238,NHS Lincolnshire ICB - 71E,E54000013,NHS Lincolnshire Integrated Care Board,E40000011,Midlands,MAY2023,Attended,GP,Video/Online,15  to 21 Days,26
71E,E38000238,NHS Lincolnshire ICB - 71E,E54000013,NHS Lincolnshire Integrated Care Board,E40000011,Midlands,MAY2023,Attended,GP,Video/Online,2 to 7 Days,233
71E,E38000238,NHS Lincolnshire ICB - 71E,E54000013,NHS Lincolnshire Integrated Care Board,E40000011,Midlands,MAY2023,Attended,GP,Video/Online,22  to 28 Days,6
71E,E38000238,NHS Lincolnshire ICB - 71E,E54000013,NHS Lincolnshire Integrated Care Board,E40000011,Midlands,MAY2023,Attended,GP,Video/Online,8  to 14 Days,563
71E,E38000238,NHS Lincolnshire ICB - 71E,E54000013,NHS Lincolnshire Integrated Care Board,E40000011,Midlands,MAY2023,Attended,GP,Video/Online,More than 28 Days,5
71E,E38000238,NHS Lincolnshire ICB - 71E,E54000013,NHS Lincolnshire Integrated Care Board,E40000011,Midlands,MAY2023,Attended,GP,Video/Online,Same Day,2642
71E,E38000238,NHS Lincolnshire ICB - 71E,E54000013,NHS Lincolnshire Integrated Care Board,E40000011,Midlands,MAY2023,Attended,Other Practice staff,Face-to-Face,1 Day,10612
71E,E38000238,NHS Lincolnshire ICB - 71E,E54000013,NHS Lincolnshire Integrated Care Board,E40000011,Midlands,MAY2023,Attended,Other Practice staff,Face-to-Face,15  to 21 Days,22144
71E,E38000238,NHS Lincolnshire ICB - 71E,E54000013,NHS Lincolnshire Integrated Care Board,E40000011,Midlands,MAY2023,Attended,Other Practice staff,Face-to-Face,2 to 7 Days,35599
71E,E38000238,NHS Lincolnshire ICB - 71E,E54000013,NHS Lincolnshire Integrated Care Board,E40000011,Midlands,MAY2023,Attended,Other Practice staff,Face-to-Face,22  to 28 Days,13564
71E,E38000238,NHS Lincolnshire ICB - 71E,E54000013,NHS Lincolnshire Integrated Care Board,E40000011,Midlands,MAY2023,Attended,Other Practice staff,Face-to-Face,8  to 14 Days,32631
71E,E38000238,NHS Lincolnshire ICB - 71E,E54000013,NHS Lincolnshire Integrated Care Board,E40000011,Midlands,MAY2023,Attended,Other Practice staff,Face-to-Face,More than 28 Days,13203
71E,E38000238,NHS Lincolnshire ICB - 71E,E54000013,NHS Lincolnshire Integrated Care Board,E40000011,Midlands,MAY2023,Attended,Other Practice staff,Face-to-Face,Same Day,51006
71E,E38000238,NHS Lincolnshire ICB - 71E,E54000013,NHS Lincolnshire Integrated Care Board,E40000011,Midlands,MAY2023,Attended,Other Practice staff,Face-to-Face,Unknown / Data Quality,143
71E,E38000238,NHS Lincolnshire ICB - 71E,E54000013,NHS Lincolnshire Integrated Care Board,E40000011,Midlands,MAY2023,Attended,Other Practice staff,Home Visit,1 Day,312
71E,E38000238,NHS Lincolnshire ICB - 71E,E54000013,NHS Lincolnshire Integrated Care Board,E40000011,Midlands,MAY2023,Attended,Other Practice staff,Home Visit,15  to 21 Days,135
71E,E38000238,NHS Lincolnshire ICB - 71E,E54000013,NHS Lincolnshire Integrated Care Board,E40000011,Midlands,MAY2023,Attended,Other Practice staff,Home Visit,2 to 7 Days,795
71E,E38000238,NHS Lincolnshire ICB - 71E,E54000013,NHS Lincolnshire Integrated Care Board,E40000011,Midlands,MAY2023,Attended,Other Practice staff,Home Visit,22  to 28 Days,106
71E,E38000238,NHS Lincolnshire ICB - 71E,E54000013,NHS Lincolnshire Integrated Care Board,E40000011,Midlands,MAY2023,Attended,Other Practice staff,Home Visit,8  to 14 Days,337
71E,E38000238,NHS Lincolnshire ICB - 71E,E54000013,NHS Lincolnshire Integrated Care Board,E40000011,Midlands,MAY2023,Attended,Other Practice staff,Home Visit,More than 28 Days,85
71E,E38000238,NHS Lincolnshire ICB - 71E,E54000013,NHS Lincolnshire Integrated Care Board,E40000011,Midlands,MAY2023,Attended,Other Practice staff,Home Visit,Same Day,1050
71E,E38000238,NHS Lincolnshire ICB - 71E,E54000013,NHS Lincolnshire Integrated Care Board,E40000011,Midlands,MAY2023,Attended,Other Practice staff,Home Visit,Unknown / Data Quality,43
71E,E38000238,NHS Lincolnshire ICB - 71E,E54000013,NHS Lincolnshire Integrated Care Board,E40000011,Midlands,MAY2023,Attended,Other Practice staff,Telephone,1 Day,2499
71E,E38000238,NHS Lincolnshire ICB - 71E,E54000013,NHS Lincolnshire Integrated Care Board,E40000011,Midlands,MAY2023,Attended,Other Practice staff,Telephone,15  to 21 Days,2111
71E,E38000238,NHS Lincolnshire ICB - 71E,E54000013,NHS Lincolnshire Integrated Care Board,E40000011,Midlands,MAY2023,Attended,Other Practice staff,Telephone,2 to 7 Days,5993
71E,E38000238,NHS Lincolnshire ICB - 71E,E54000013,NHS Lincolnshire Integrated Care Board,E40000011,Midlands,MAY2023,Attended,Other Practice staff,Telephone,22  to 28 Days,1141
71E,E38000238,NHS Lincolnshire ICB - 71E,E54000013,NHS Lincolnshire Integrated Care Board,E40000011,Midlands,MAY2023,Attended,Other Practice staff,Telephone,8  to 14 Days,3559
71E,E38000238,NHS Lincolnshire ICB - 71E,E54000013,NHS Lincolnshire Integrated Care Board,E40000011,Midlands,MAY2023,Attended,Other Practice staff,Telephone,More than 28 Days,1274
71E,E38000238,NHS Lincolnshire ICB - 71E,E54000013,NHS Lincolnshire Integrated Care Board,E40000011,Midlands,MAY2023,Attended,Other Practice staff,Telephone,Same Day,23893
71E,E38000238,NHS Lincolnshire ICB - 71E,E54000013,NHS Lincolnshire Integrated Care Board,E40000011,Midlands,MAY2023,Attended,Other Practice staff,Telephone,Unknown / Data Quality,137
71E,E38000238,NHS Lincolnshire ICB - 71E,E54000013,NHS Lincolnshire Integrated Care Board,E40000011,Midlands,MAY2023,Attended,Other Practice staff,Unknown,1 Day,27
71E,E38000238,NHS Lincolnshire ICB - 71E,E54000013,NHS Lincolnshire Integrated Care Board,E40000011,Midlands,MAY2023,Attended,Other Practice staff,Unknown,15  to 21 Days,11
71E,E38000238,NHS Lincolnshire ICB - 71E,E54000013,NHS Lincolnshire Integrated Care Board,E40000011,Midlands,MAY2023,Attended,Other Practice staff,Unknown,2 to 7 Days,58
71E,E38000238,NHS Lincolnshire ICB - 71E,E54000013,NHS Lincolnshire Integrated Care Board,E40000011,Midlands,MAY2023,Attended,Other Practice staff,Unknown,22  to 28 Days,17
71E,E38000238,NHS Lincolnshire ICB - 71E,E54000013,NHS Lincolnshire Integrated Care Board,E40000011,Midlands,MAY2023,Attended,Other Practice staff,Unknown,8  to 14 Days,22
71E,E38000238,NHS Lincolnshire ICB - 71E,E54000013,NHS Lincolnshire Integrated Care Board,E40000011,Midlands,MAY2023,Attended,Other Practice staff,Unknown,More than 28 Days,12
71E,E38000238,NHS Lincolnshire ICB - 71E,E54000013,NHS Lincolnshire Integrated Care Board,E40000011,Midlands,MAY2023,Attended,Other Practice staff,Unknown,Same Day,76
71E,E38000238,NHS Lincolnshire ICB - 71E,E54000013,NHS Lincolnshire Integrated Care Board,E40000011,Midlands,MAY2023,Attended,Other Practice staff,Video/Online,1 Day,181
71E,E38000238,NHS Lincolnshire ICB - 71E,E54000013,NHS Lincolnshire Integrated Care Board,E40000011,Midlands,MAY2023,Attended,Other Practice staff,Video/Online,15  to 21 Days,8
71E,E38000238,NHS Lincolnshire ICB - 71E,E54000013,NHS Lincolnshire Integrated Care Board,E40000011,Midlands,MAY2023,Attended,Other Practice staff,Video/Online,2 to 7 Days,511
71E,E38000238,NHS Lincolnshire ICB - 71E,E54000013,NHS Lincolnshire Integrated Care Board,E40000011,Midlands,MAY2023,Attended,Other Practice staff,Video/Online,22  to 28 Days,4
71E,E38000238,NHS Lincolnshire ICB - 71E,E54000013,NHS Lincolnshire Integrated Care Board,E40000011,Midlands,MAY2023,Attended,Other Practice staff,Video/Online,8  to 14 Days,164
71E,E38000238,NHS Lincolnshire ICB - 71E,E54000013,NHS Lincolnshire Integrated Care Board,E40000011,Midlands,MAY2023,Attended,Other Practice staff,Video/Online,More than 28 Days,11
71E,E38000238,NHS Lincolnshire ICB - 71E,E54000013,NHS Lincolnshire Integrated Care Board,E40000011,Midlands,MAY2023,Attended,Other Practice staff,Video/Online,Same Day,2128
71E,E38000238,NHS Lincolnshire ICB - 71E,E54000013,NHS Lincolnshire Integrated Care Board,E40000011,Midlands,MAY2023,Attended,Unknown,Unknown,1 Day,1047
71E,E38000238,NHS Lincolnshire ICB - 71E,E54000013,NHS Lincolnshire Integrated Care Board,E40000011,Midlands,MAY2023,Attended,Unknown,Unknown,15  to 21 Days,346
71E,E38000238,NHS Lincolnshire ICB - 71E,E54000013,NHS Lincolnshire Integrated Care Board,E40000011,Midlands,MAY2023,Attended,Unknown,Unknown,2 to 7 Days,2088
71E,E38000238,NHS Lincolnshire ICB - 71E,E54000013,NHS Lincolnshire Integrated Care Board,E40000011,Midlands,MAY2023,Attended,Unknown,Unknown,22  to 28 Days,190
71E,E38000238,NHS Lincolnshire ICB - 71E,E54000013,NHS Lincolnshire Integrated Care Board,E40000011,Midlands,MAY2023,Attended,Unknown,Unknown,8  to 14 Days,921
71E,E38000238,NHS Lincolnshire ICB - 71E,E54000013,NHS Lincolnshire Integrated Care Board,E40000011,Midlands,MAY2023,Attended,Unknown,Unknown,More than 28 Days,218
71E,E38000238,NHS Lincolnshire ICB - 71E,E54000013,NHS Lincolnshire Integrated Care Board,E40000011,Midlands,MAY2023,Attended,Unknown,Unknown,Same Day,10824
71E,E38000238,NHS Lincolnshire ICB - 71E,E54000013,NHS Lincolnshire Integrated Care Board,E40000011,Midlands,MAY2023,Attended,Unknown,Unknown,Unknown / Data Quality,32
71E,E38000238,NHS Lincolnshire ICB - 71E,E54000013,NHS Lincolnshire Integrated Care Board,E40000011,Midlands,MAY2023,DNA,GP,Face-to-Face,1 Day,182
71E,E38000238,NHS Lincolnshire ICB - 71E,E54000013,NHS Lincolnshire Integrated Care Board,E40000011,Midlands,MAY2023,DNA,GP,Face-to-Face,15  to 21 Days,194
71E,E38000238,NHS Lincolnshire ICB - 71E,E54000013,NHS Lincolnshire Integrated Care Board,E40000011,Midlands,MAY2023,DNA,GP,Face-to-Face,2 to 7 Days,345
71E,E38000238,NHS Lincolnshire ICB - 71E,E54000013,NHS Lincolnshire Integrated Care Board,E40000011,Midlands,MAY2023,DNA,GP,Face-to-Face,22  to 28 Days,134
71E,E38000238,NHS Lincolnshire ICB - 71E,E54000013,NHS Lincolnshire Integrated Care Board,E40000011,Midlands,MAY2023,DNA,GP,Face-to-Face,8  to 14 Days,252
71E,E38000238,NHS Lincolnshire ICB - 71E,E54000013,NHS Lincolnshire Integrated Care Board,E40000011,Midlands,MAY2023,DNA,GP,Face-to-Face,More than 28 Days,115
71E,E38000238,NHS Lincolnshire ICB - 71E,E54000013,NHS Lincolnshire Integrated Care Board,E40000011,Midlands,MAY2023,DNA,GP,Face-to-Face,Same Day,662
71E,E38000238,NHS Lincolnshire ICB - 71E,E54000013,NHS Lincolnshire Integrated Care Board,E40000011,Midlands,MAY2023,DNA,GP,Face-to-Face,Unknown / Data Quality,1
71E,E38000238,NHS Lincolnshire ICB - 71E,E54000013,NHS Lincolnshire Integrated Care Board,E40000011,Midlands,MAY2023,DNA,GP,Home Visit,1 Day,4
71E,E38000238,NHS Lincolnshire ICB - 71E,E54000013,NHS Lincolnshire Integrated Care Board,E40000011,Midlands,MAY2023,DNA,GP,Home Visit,2 to 7 Days,17
71E,E38000238,NHS Lincolnshire ICB - 71E,E54000013,NHS Lincolnshire Integrated Care Board,E40000011,Midlands,MAY2023,DNA,GP,Home Visit,8  to 14 Days,1
71E,E38000238,NHS Lincolnshire ICB - 71E,E54000013,NHS Lincolnshire Integrated Care Board,E40000011,Midlands,MAY2023,DNA,GP,Home Visit,Same Day,13
71E,E38000238,NHS Lincolnshire ICB - 71E,E54000013,NHS Lincolnshire Integrated Care Board,E40000011,Midlands,MAY2023,DNA,GP,Telephone,1 Day,33
71E,E38000238,NHS Lincolnshire ICB - 71E,E54000013,NHS Lincolnshire Integrated Care Board,E40000011,Midlands,MAY2023,DNA,GP,Telephone,15  to 21 Days,26
71E,E38000238,NHS Lincolnshire ICB - 71E,E54000013,NHS Lincolnshire Integrated Care Board,E40000011,Midlands,MAY2023,DNA,GP,Telephone,2 to 7 Days,55
71E,E38000238,NHS Lincolnshire ICB - 71E,E54000013,NHS Lincolnshire Integrated Care Board,E40000011,Midlands,MAY2023,DNA,GP,Telephone,22  to 28 Days,16
71E,E38000238,NHS Lincolnshire ICB - 71E,E54000013,NHS Lincolnshire Integrated Care Board,E40000011,Midlands,MAY2023,DNA,GP,Telephone,8  to 14 Days,50
71E,E38000238,NHS Lincolnshire ICB - 71E,E54000013,NHS Lincolnshire Integrated Care Board,E40000011,Midlands,MAY2023,DNA,GP,Telephone,More than 28 Days,13
71E,E38000238,NHS Lincolnshire ICB - 71E,E54000013,NHS Lincolnshire Integrated Care Board,E40000011,Midlands,MAY2023,DNA,GP,Telephone,Same Day,197
71E,E38000238,NHS Lincolnshire ICB - 71E,E54000013,NHS Lincolnshire Integrated Care Board,E40000011,Midlands,MAY2023,DNA,GP,Unknown,1 Day,2
71E,E38000238,NHS Lincolnshire ICB - 71E,E54000013,NHS Lincolnshire Integrated Care Board,E40000011,Midlands,MAY2023,DNA,GP,Unknown,2 to 7 Days,2
71E,E38000238,NHS Lincolnshire ICB - 71E,E54000013,NHS Lincolnshire Integrated Care Board,E40000011,Midlands,MAY2023,DNA,GP,Unknown,Same Day,10
71E,E38000238,NHS Lincolnshire ICB - 71E,E54000013,NHS Lincolnshire Integrated Care Board,E40000011,Midlands,MAY2023,DNA,GP,Video/Online,2 to 7 Days,3
71E,E38000238,NHS Lincolnshire ICB - 71E,E54000013,NHS Lincolnshire Integrated Care Board,E40000011,Midlands,MAY2023,DNA,GP,Video/Online,8  to 14 Days,1
71E,E38000238,NHS Lincolnshire ICB - 71E,E54000013,NHS Lincolnshire Integrated Care Board,E40000011,Midlands,MAY2023,DNA,GP,Video/Online,Same Day,15
71E,E38000238,NHS Lincolnshire ICB - 71E,E54000013,NHS Lincolnshire Integrated Care Board,E40000011,Midlands,MAY2023,DNA,Other Practice staff,Face-to-Face,1 Day,453
71E,E38000238,NHS Lincolnshire ICB - 71E,E54000013,NHS Lincolnshire Integrated Care Board,E40000011,Midlands,MAY2023,DNA,Other Practice staff,Face-to-Face,15  to 21 Days,1847
71E,E38000238,NHS Lincolnshire ICB - 71E,E54000013,NHS Lincolnshire Integrated Care Board,E40000011,Midlands,MAY2023,DNA,Other Practice staff,Face-to-Face,2 to 7 Days,2216
71E,E38000238,NHS Lincolnshire ICB - 71E,E54000013,NHS Lincolnshire Integrated Care Board,E40000011,Midlands,MAY2023,DNA,Other Practice staff,Face-to-Face,22  to 28 Days,1199
71E,E38000238,NHS Lincolnshire ICB - 71E,E54000013,NHS Lincolnshire Integrated Care Board,E40000011,Midlands,MAY2023,DNA,Other Practice staff,Face-to-Face,8  to 14 Days,2442
71E,E38000238,NHS Lincolnshire ICB - 71E,E54000013,NHS Lincolnshire Integrated Care Board,E40000011,Midlands,MAY2023,DNA,Other Practice staff,Face-to-Face,More than 28 Days,1507
71E,E38000238,NHS Lincolnshire ICB - 71E,E54000013,NHS Lincolnshire Integrated Care Board,E40000011,Midlands,MAY2023,DNA,Other Practice staff,Face-to-Face,Same Day,910
71E,E38000238,NHS Lincolnshire ICB - 71E,E54000013,NHS Lincolnshire Integrated Care Board,E40000011,Midlands,MAY2023,DNA,Other Practice staff,Face-to-Face,Unknown / Data Quality,1
71E,E38000238,NHS Lincolnshire ICB - 71E,E54000013,NHS Lincolnshire Integrated Care Board,E40000011,Midlands,MAY2023,DNA,Other Practice staff,Home Visit,1 Day,6
71E,E38000238,NHS Lincolnshire ICB - 71E,E54000013,NHS Lincolnshire Integrated Care Board,E40000011,Midlands,MAY2023,DNA,Other Practice staff,Home Visit,15  to 21 Days,2
71E,E38000238,NHS Lincolnshire ICB - 71E,E54000013,NHS Lincolnshire Integrated Care Board,E40000011,Midlands,MAY2023,DNA,Other Practice staff,Home Visit,2 to 7 Days,14
71E,E38000238,NHS Lincolnshire ICB - 71E,E54000013,NHS Lincolnshire Integrated Care Board,E40000011,Midlands,MAY2023,DNA,Other Practice staff,Home Visit,8  to 14 Days,6
71E,E38000238,NHS Lincolnshire ICB - 71E,E54000013,NHS Lincolnshire Integrated Care Board,E40000011,Midlands,MAY2023,DNA,Other Practice staff,Home Visit,More than 28 Days,3
71E,E38000238,NHS Lincolnshire ICB - 71E,E54000013,NHS Lincolnshire Integrated Care Board,E40000011,Midlands,MAY2023,DNA,Other Practice staff,Home Visit,Same Day,20
71E,E38000238,NHS Lincolnshire ICB - 71E,E54000013,NHS Lincolnshire Integrated Care Board,E40000011,Midlands,MAY2023,DNA,Other Practice staff,Telephone,1 Day,36
71E,E38000238,NHS Lincolnshire ICB - 71E,E54000013,NHS Lincolnshire Integrated Care Board,E40000011,Midlands,MAY2023,DNA,Other Practice staff,Telephone,15  to 21 Days,69
71E,E38000238,NHS Lincolnshire ICB - 71E,E54000013,NHS Lincolnshire Integrated Care Board,E40000011,Midlands,MAY2023,DNA,Other Practice staff,Telephone,2 to 7 Days,145
71E,E38000238,NHS Lincolnshire ICB - 71E,E54000013,NHS Lincolnshire Integrated Care Board,E40000011,Midlands,MAY2023,DNA,Other Practice staff,Telephone,22  to 28 Days,46
71E,E38000238,NHS Lincolnshire ICB - 71E,E54000013,NHS Lincolnshire Integrated Care Board,E40000011,Midlands,MAY2023,DNA,Other Practice staff,Telephone,8  to 14 Days,103
71E,E38000238,NHS Lincolnshire ICB - 71E,E54000013,NHS Lincolnshire Integrated Care Board,E40000011,Midlands,MAY2023,DNA,Other Practice staff,Telephone,More than 28 Days,47
71E,E38000238,NHS Lincolnshire ICB - 71E,E54000013,NHS Lincolnshire Integrated Care Board,E40000011,Midlands,MAY2023,DNA,Other Practice staff,Telephone,Same Day,152
71E,E38000238,NHS Lincolnshire ICB - 71E,E54000013,NHS Lincolnshire Integrated Care Board,E40000011,Midlands,MAY2023,DNA,Other Practice staff,Unknown,1 Day,6
71E,E38000238,NHS Lincolnshire ICB - 71E,E54000013,NHS Lincolnshire Integrated Care Board,E40000011,Midlands,MAY2023,DNA,Other Practice staff,Unknown,15  to 21 Days,4
71E,E38000238,NHS Lincolnshire ICB - 71E,E54000013,NHS Lincolnshire Integrated Care Board,E40000011,Midlands,MAY2023,DNA,Other Practice staff,Unknown,2 to 7 Days,14
71E,E38000238,NHS Lincolnshire ICB - 71E,E54000013,NHS Lincolnshire Integrated Care Board,E40000011,Midlands,MAY2023,DNA,Other Practice staff,Unknown,22  to 28 Days,12
71E,E38000238,NHS Lincolnshire ICB - 71E,E54000013,NHS Lincolnshire Integrated Care Board,E40000011,Midlands,MAY2023,DNA,Other Practice staff,Unknown,8  to 14 Days,11
71E,E38000238,NHS Lincolnshire ICB - 71E,E54000013,NHS Lincolnshire Integrated Care Board,E40000011,Midlands,MAY2023,DNA,Other Practice staff,Unknown,More than 28 Days,7
71E,E38000238,NHS Lincolnshire ICB - 71E,E54000013,NHS Lincolnshire Integrated Care Board,E40000011,Midlands,MAY2023,DNA,Other Practice staff,Unknown,Same Day,3
71E,E38000238,NHS Lincolnshire ICB - 71E,E54000013,NHS Lincolnshire Integrated Care Board,E40000011,Midlands,MAY2023,DNA,Other Practice staff,Video/Online,1 Day,5
71E,E38000238,NHS Lincolnshire ICB - 71E,E54000013,NHS Lincolnshire Integrated Care Board,E40000011,Midlands,MAY2023,DNA,Other Practice staff,Video/Online,15  to 21 Days,1
71E,E38000238,NHS Lincolnshire ICB - 71E,E54000013,NHS Lincolnshire Integrated Care Board,E40000011,Midlands,MAY2023,DNA,Other Practice staff,Video/Online,2 to 7 Days,31
71E,E38000238,NHS Lincolnshire ICB - 71E,E54000013,NHS Lincolnshire Integrated Care Board,E40000011,Midlands,MAY2023,DNA,Other Practice staff,Video/Online,8  to 14 Days,3
71E,E38000238,NHS Lincolnshire ICB - 71E,E54000013,NHS Lincolnshire Integrated Care Board,E40000011,Midlands,MAY2023,DNA,Other Practice staff,Video/Online,More than 28 Days,1
71E,E38000238,NHS Lincolnshire ICB - 71E,E54000013,NHS Lincolnshire Integrated Care Board,E40000011,Midlands,MAY2023,DNA,Other Practice staff,Video/Online,Same Day,18
71E,E38000238,NHS Lincolnshire ICB - 71E,E54000013,NHS Lincolnshire Integrated Care Board,E40000011,Midlands,MAY2023,DNA,Unknown,Unknown,1 Day,27
71E,E38000238,NHS Lincolnshire ICB - 71E,E54000013,NHS Lincolnshire Integrated Care Board,E40000011,Midlands,MAY2023,DNA,Unknown,Unknown,15  to 21 Days,19
71E,E38000238,NHS Lincolnshire ICB - 71E,E54000013,NHS Lincolnshire Integrated Care Board,E40000011,Midlands,MAY2023,DNA,Unknown,Unknown,2 to 7 Days,83
71E,E38000238,NHS Lincolnshire ICB - 71E,E54000013,NHS Lincolnshire Integrated Care Board,E40000011,Midlands,MAY2023,DNA,Unknown,Unknown,22  to 28 Days,16
71E,E38000238,NHS Lincolnshire ICB - 71E,E54000013,NHS Lincolnshire Integrated Care Board,E40000011,Midlands,MAY2023,DNA,Unknown,Unknown,8  to 14 Days,53
71E,E38000238,NHS Lincolnshire ICB - 71E,E54000013,NHS Lincolnshire Integrated Care Board,E40000011,Midlands,MAY2023,DNA,Unknown,Unknown,More than 28 Days,23
71E,E38000238,NHS Lincolnshire ICB - 71E,E54000013,NHS Lincolnshire Integrated Care Board,E40000011,Midlands,MAY2023,DNA,Unknown,Unknown,Same Day,63
71E,E38000238,NHS Lincolnshire ICB - 71E,E54000013,NHS Lincolnshire Integrated Care Board,E40000011,Midlands,MAY2023,DNA,Unknown,Unknown,Unknown / Data Quality,1
71E,E38000238,NHS Lincolnshire ICB - 71E,E54000013,NHS Lincolnshire Integrated Care Board,E40000011,Midlands,MAY2023,Unknown,GP,Face-to-Face,1 Day,84
71E,E38000238,NHS Lincolnshire ICB - 71E,E54000013,NHS Lincolnshire Integrated Care Board,E40000011,Midlands,MAY2023,Unknown,GP,Face-to-Face,15  to 21 Days,280
71E,E38000238,NHS Lincolnshire ICB - 71E,E54000013,NHS Lincolnshire Integrated Care Board,E40000011,Midlands,MAY2023,Unknown,GP,Face-to-Face,2 to 7 Days,515
71E,E38000238,NHS Lincolnshire ICB - 71E,E54000013,NHS Lincolnshire Integrated Care Board,E40000011,Midlands,MAY2023,Unknown,GP,Face-to-Face,22  to 28 Days,235
71E,E38000238,NHS Lincolnshire ICB - 71E,E54000013,NHS Lincolnshire Integrated Care Board,E40000011,Midlands,MAY2023,Unknown,GP,Face-to-Face,8  to 14 Days,421
71E,E38000238,NHS Lincolnshire ICB - 71E,E54000013,NHS Lincolnshire Integrated Care Board,E40000011,Midlands,MAY2023,Unknown,GP,Face-to-Face,More than 28 Days,413
71E,E38000238,NHS Lincolnshire ICB - 71E,E54000013,NHS Lincolnshire Integrated Care Board,E40000011,Midlands,MAY2023,Unknown,GP,Face-to-Face,Same Day,306
71E,E38000238,NHS Lincolnshire ICB - 71E,E54000013,NHS Lincolnshire Integrated Care Board,E40000011,Midlands,MAY2023,Unknown,GP,Face-to-Face,Unknown / Data Quality,1
71E,E38000238,NHS Lincolnshire ICB - 71E,E54000013,NHS Lincolnshire Integrated Care Board,E40000011,Midlands,MAY2023,Unknown,GP,Home Visit,15  to 21 Days,1
71E,E38000238,NHS Lincolnshire ICB - 71E,E54000013,NHS Lincolnshire Integrated Care Board,E40000011,Midlands,MAY2023,Unknown,GP,Home Visit,2 to 7 Days,6
71E,E38000238,NHS Lincolnshire ICB - 71E,E54000013,NHS Lincolnshire Integrated Care Board,E40000011,Midlands,MAY2023,Unknown,GP,Home Visit,22  to 28 Days,2
71E,E38000238,NHS Lincolnshire ICB - 71E,E54000013,NHS Lincolnshire Integrated Care Board,E40000011,Midlands,MAY2023,Unknown,GP,Home Visit,8  to 14 Days,1
71E,E38000238,NHS Lincolnshire ICB - 71E,E54000013,NHS Lincolnshire Integrated Care Board,E40000011,Midlands,MAY2023,Unknown,GP,Home Visit,More than 28 Days,8
71E,E38000238,NHS Lincolnshire ICB - 71E,E54000013,NHS Lincolnshire Integrated Care Board,E40000011,Midlands,MAY2023,Unknown,GP,Home Visit,Same Day,9
71E,E38000238,NHS Lincolnshire ICB - 71E,E54000013,NHS Lincolnshire Integrated Care Board,E40000011,Midlands,MAY2023,Unknown,GP,Telephone,1 Day,73
71E,E38000238,NHS Lincolnshire ICB - 71E,E54000013,NHS Lincolnshire Integrated Care Board,E40000011,Midlands,MAY2023,Unknown,GP,Telephone,15  to 21 Days,203
71E,E38000238,NHS Lincolnshire ICB - 71E,E54000013,NHS Lincolnshire Integrated Care Board,E40000011,Midlands,MAY2023,Unknown,GP,Telephone,2 to 7 Days,245
71E,E38000238,NHS Lincolnshire ICB - 71E,E54000013,NHS Lincolnshire Integrated Care Board,E40000011,Midlands,MAY2023,Unknown,GP,Telephone,22  to 28 Days,72
71E,E38000238,NHS Lincolnshire ICB - 71E,E54000013,NHS Lincolnshire Integrated Care Board,E40000011,Midlands,MAY2023,Unknown,GP,Telephone,8  to 14 Days,354
71E,E38000238,NHS Lincolnshire ICB - 71E,E54000013,NHS Lincolnshire Integrated Care Board,E40000011,Midlands,MAY2023,Unknown,GP,Telephone,More than 28 Days,104
71E,E38000238,NHS Lincolnshire ICB - 71E,E54000013,NHS Lincolnshire Integrated Care Board,E40000011,Midlands,MAY2023,Unknown,GP,Telephone,Same Day,224
71E,E38000238,NHS Lincolnshire ICB - 71E,E54000013,NHS Lincolnshire Integrated Care Board,E40000011,Midlands,MAY2023,Unknown,GP,Telephone,Unknown / Data Quality,1
71E,E38000238,NHS Lincolnshire ICB - 71E,E54000013,NHS Lincolnshire Integrated Care Board,E40000011,Midlands,MAY2023,Unknown,GP,Unknown,1 Day,2
71E,E38000238,NHS Lincolnshire ICB - 71E,E54000013,NHS Lincolnshire Integrated Care Board,E40000011,Midlands,MAY2023,Unknown,GP,Unknown,15  to 21 Days,36
71E,E38000238,NHS Lincolnshire ICB - 71E,E54000013,NHS Lincolnshire Integrated Care Board,E40000011,Midlands,MAY2023,Unknown,GP,Unknown,2 to 7 Days,37
71E,E38000238,NHS Lincolnshire ICB - 71E,E54000013,NHS Lincolnshire Integrated Care Board,E40000011,Midlands,MAY2023,Unknown,GP,Unknown,22  to 28 Days,9
71E,E38000238,NHS Lincolnshire ICB - 71E,E54000013,NHS Lincolnshire Integrated Care Board,E40000011,Midlands,MAY2023,Unknown,GP,Unknown,8  to 14 Days,53
71E,E38000238,NHS Lincolnshire ICB - 71E,E54000013,NHS Lincolnshire Integrated Care Board,E40000011,Midlands,MAY2023,Unknown,GP,Unknown,More than 28 Days,14
71E,E38000238,NHS Lincolnshire ICB - 71E,E54000013,NHS Lincolnshire Integrated Care Board,E40000011,Midlands,MAY2023,Unknown,GP,Video/Online,1 Day,12
71E,E38000238,NHS Lincolnshire ICB - 71E,E54000013,NHS Lincolnshire Integrated Care Board,E40000011,Midlands,MAY2023,Unknown,GP,Video/Online,15  to 21 Days,11
71E,E38000238,NHS Lincolnshire ICB - 71E,E54000013,NHS Lincolnshire Integrated Care Board,E40000011,Midlands,MAY2023,Unknown,GP,Video/Online,2 to 7 Days,16
71E,E38000238,NHS Lincolnshire ICB - 71E,E54000013,NHS Lincolnshire Integrated Care Board,E40000011,Midlands,MAY2023,Unknown,GP,Video/Online,22  to 28 Days,4
71E,E38000238,NHS Lincolnshire ICB - 71E,E54000013,NHS Lincolnshire Integrated Care Board,E40000011,Midlands,MAY2023,Unknown,GP,Video/Online,8  to 14 Days,26
71E,E38000238,NHS Lincolnshire ICB - 71E,E54000013,NHS Lincolnshire Integrated Care Board,E40000011,Midlands,MAY2023,Unknown,GP,Video/Online,More than 28 Days,1
71E,E38000238,NHS Lincolnshire ICB - 71E,E54000013,NHS Lincolnshire Integrated Care Board,E40000011,Midlands,MAY2023,Unknown,GP,Video/Online,Same Day,2
71E,E38000238,NHS Lincolnshire ICB - 71E,E54000013,NHS Lincolnshire Integrated Care Board,E40000011,Midlands,MAY2023,Unknown,Other Practice staff,Face-to-Face,1 Day,154
71E,E38000238,NHS Lincolnshire ICB - 71E,E54000013,NHS Lincolnshire Integrated Care Board,E40000011,Midlands,MAY2023,Unknown,Other Practice staff,Face-to-Face,15  to 21 Days,2533
71E,E38000238,NHS Lincolnshire ICB - 71E,E54000013,NHS Lincolnshire Integrated Care Board,E40000011,Midlands,MAY2023,Unknown,Other Practice staff,Face-to-Face,2 to 7 Days,1792
71E,E38000238,NHS Lincolnshire ICB - 71E,E54000013,NHS Lincolnshire Integrated Care Board,E40000011,Midlands,MAY2023,Unknown,Other Practice staff,Face-to-Face,22  to 28 Days,1864
71E,E38000238,NHS Lincolnshire ICB - 71E,E54000013,NHS Lincolnshire Integrated Care Board,E40000011,Midlands,MAY2023,Unknown,Other Practice staff,Face-to-Face,8  to 14 Days,3183
71E,E38000238,NHS Lincolnshire ICB - 71E,E54000013,NHS Lincolnshire Integrated Care Board,E40000011,Midlands,MAY2023,Unknown,Other Practice staff,Face-to-Face,More than 28 Days,2613
71E,E38000238,NHS Lincolnshire ICB - 71E,E54000013,NHS Lincolnshire Integrated Care Board,E40000011,Midlands,MAY2023,Unknown,Other Practice staff,Face-to-Face,Same Day,710
71E,E38000238,NHS Lincolnshire ICB - 71E,E54000013,NHS Lincolnshire Integrated Care Board,E40000011,Midlands,MAY2023,Unknown,Other Practice staff,Face-to-Face,Unknown / Data Quality,10
71E,E38000238,NHS Lincolnshire ICB - 71E,E54000013,NHS Lincolnshire Integrated Care Board,E40000011,Midlands,MAY2023,Unknown,Other Practice staff,Home Visit,1 Day,10
71E,E38000238,NHS Lincolnshire ICB - 71E,E54000013,NHS Lincolnshire Integrated Care Board,E40000011,Midlands,MAY2023,Unknown,Other Practice staff,Home Visit,15  to 21 Days,48
71E,E38000238,NHS Lincolnshire ICB - 71E,E54000013,NHS Lincolnshire Integrated Care Board,E40000011,Midlands,MAY2023,Unknown,Other Practice staff,Home Visit,2 to 7 Days,81
71E,E38000238,NHS Lincolnshire ICB - 71E,E54000013,NHS Lincolnshire Integrated Care Board,E40000011,Midlands,MAY2023,Unknown,Other Practice staff,Home Visit,22  to 28 Days,40
71E,E38000238,NHS Lincolnshire ICB - 71E,E54000013,NHS Lincolnshire Integrated Care Board,E40000011,Midlands,MAY2023,Unknown,Other Practice staff,Home Visit,8  to 14 Days,88
71E,E38000238,NHS Lincolnshire ICB - 71E,E54000013,NHS Lincolnshire Integrated Care Board,E40000011,Midlands,MAY2023,Unknown,Other Practice staff,Home Visit,More than 28 Days,38
71E,E38000238,NHS Lincolnshire ICB - 71E,E54000013,NHS Lincolnshire Integrated Care Board,E40000011,Midlands,MAY2023,Unknown,Other Practice staff,Home Visit,Same Day,27
71E,E38000238,NHS Lincolnshire ICB - 71E,E54000013,NHS Lincolnshire Integrated Care Board,E40000011,Midlands,MAY2023,Unknown,Other Practice staff,Telephone,1 Day,126
71E,E38000238,NHS Lincolnshire ICB - 71E,E54000013,NHS Lincolnshire Integrated Care Board,E40000011,Midlands,MAY2023,Unknown,Other Practice staff,Telephone,15  to 21 Days,250
71E,E38000238,NHS Lincolnshire ICB - 71E,E54000013,NHS Lincolnshire Integrated Care Board,E40000011,Midlands,MAY2023,Unknown,Other Practice staff,Telephone,2 to 7 Days,420
71E,E38000238,NHS Lincolnshire ICB - 71E,E54000013,NHS Lincolnshire Integrated Care Board,E40000011,Midlands,MAY2023,Unknown,Other Practice staff,Telephone,22  to 28 Days,158
71E,E38000238,NHS Lincolnshire ICB - 71E,E54000013,NHS Lincolnshire Integrated Care Board,E40000011,Midlands,MAY2023,Unknown,Other Practice staff,Telephone,8  to 14 Days,387
71E,E38000238,NHS Lincolnshire ICB - 71E,E54000013,NHS Lincolnshire Integrated Care Board,E40000011,Midlands,MAY2023,Unknown,Other Practice staff,Telephone,More than 28 Days,289
71E,E38000238,NHS Lincolnshire ICB - 71E,E54000013,NHS Lincolnshire Integrated Care Board,E40000011,Midlands,MAY2023,Unknown,Other Practice staff,Telephone,Same Day,385
71E,E38000238,NHS Lincolnshire ICB - 71E,E54000013,NHS Lincolnshire Integrated Care Board,E40000011,Midlands,MAY2023,Unknown,Other Practice staff,Unknown,1 Day,8
71E,E38000238,NHS Lincolnshire ICB - 71E,E54000013,NHS Lincolnshire Integrated Care Board,E40000011,Midlands,MAY2023,Unknown,Other Practice staff,Unknown,15  to 21 Days,168
71E,E38000238,NHS Lincolnshire ICB - 71E,E54000013,NHS Lincolnshire Integrated Care Board,E40000011,Midlands,MAY2023,Unknown,Other Practice staff,Unknown,2 to 7 Days,95
71E,E38000238,NHS Lincolnshire ICB - 71E,E54000013,NHS Lincolnshire Integrated Care Board,E40000011,Midlands,MAY2023,Unknown,Other Practice staff,Unknown,22  to 28 Days,134
71E,E38000238,NHS Lincolnshire ICB - 71E,E54000013,NHS Lincolnshire Integrated Care Board,E40000011,Midlands,MAY2023,Unknown,Other Practice staff,Unknown,8  to 14 Days,173
71E,E38000238,NHS Lincolnshire ICB - 71E,E54000013,NHS Lincolnshire Integrated Care Board,E40000011,Midlands,MAY2023,Unknown,Other Practice staff,Unknown,More than 28 Days,251
71E,E38000238,NHS Lincolnshire ICB - 71E,E54000013,NHS Lincolnshire Integrated Care Board,E40000011,Midlands,MAY2023,Unknown,Other Practice staff,Unknown,Same Day,2
71E,E38000238,NHS Lincolnshire ICB - 71E,E54000013,NHS Lincolnshire Integrated Care Board,E40000011,Midlands,MAY2023,Unknown,Other Practice staff,Video/Online,1 Day,7
71E,E38000238,NHS Lincolnshire ICB - 71E,E54000013,NHS Lincolnshire Integrated Care Board,E40000011,Midlands,MAY2023,Unknown,Other Practice staff,Video/Online,15  to 21 Days,4
71E,E38000238,NHS Lincolnshire ICB - 71E,E54000013,NHS Lincolnshire Integrated Care Board,E40000011,Midlands,MAY2023,Unknown,Other Practice staff,Video/Online,2 to 7 Days,51
71E,E38000238,NHS Lincolnshire ICB - 71E,E54000013,NHS Lincolnshire Integrated Care Board,E40000011,Midlands,MAY2023,Unknown,Other Practice staff,Video/Online,22  to 28 Days,2
71E,E38000238,NHS Lincolnshire ICB - 71E,E54000013,NHS Lincolnshire Integrated Care Board,E40000011,Midlands,MAY2023,Unknown,Other Practice staff,Video/Online,8  to 14 Days,45
71E,E38000238,NHS Lincolnshire ICB - 71E,E54000013,NHS Lincolnshire Integrated Care Board,E40000011,Midlands,MAY2023,Unknown,Other Practice staff,Video/Online,More than 28 Days,3
71E,E38000238,NHS Lincolnshire ICB - 71E,E54000013,NHS Lincolnshire Integrated Care Board,E40000011,Midlands,MAY2023,Unknown,Other Practice staff,Video/Online,Same Day,19
71E,E38000238,NHS Lincolnshire ICB - 71E,E54000013,NHS Lincolnshire Integrated Care Board,E40000011,Midlands,MAY2023,Unknown,Unknown,Unknown,1 Day,35
71E,E38000238,NHS Lincolnshire ICB - 71E,E54000013,NHS Lincolnshire Integrated Care Board,E40000011,Midlands,MAY2023,Unknown,Unknown,Unknown,15  to 21 Days,114
71E,E38000238,NHS Lincolnshire ICB - 71E,E54000013,NHS Lincolnshire Integrated Care Board,E40000011,Midlands,MAY2023,Unknown,Unknown,Unknown,2 to 7 Days,174
71E,E38000238,NHS Lincolnshire ICB - 71E,E54000013,NHS Lincolnshire Integrated Care Board,E40000011,Midlands,MAY2023,Unknown,Unknown,Unknown,22  to 28 Days,149
71E,E38000238,NHS Lincolnshire ICB - 71E,E54000013,NHS Lincolnshire Integrated Care Board,E40000011,Midlands,MAY2023,Unknown,Unknown,Unknown,8  to 14 Days,209
71E,E38000238,NHS Lincolnshire ICB - 71E,E54000013,NHS Lincolnshire Integrated Care Board,E40000011,Midlands,MAY2023,Unknown,Unknown,Unknown,More than 28 Days,241
71E,E38000238,NHS Lincolnshire ICB - 71E,E54000013,NHS Lincolnshire Integrated Care Board,E40000011,Midlands,MAY2023,Unknown,Unknown,Unknown,Same Day,47
71E,E38000238,NHS Lincolnshire ICB - 71E,E54000013,NHS Lincolnshire Integrated Care Board,E40000011,Midlands,JUN2023,Attended,GP,Face-to-Face,1 Day,5711
71E,E38000238,NHS Lincolnshire ICB - 71E,E54000013,NHS Lincolnshire Integrated Care Board,E40000011,Midlands,JUN2023,Attended,GP,Face-to-Face,15  to 21 Days,3402
71E,E38000238,NHS Lincolnshire ICB - 71E,E54000013,NHS Lincolnshire Integrated Care Board,E40000011,Midlands,JUN2023,Attended,GP,Face-to-Face,2 to 7 Days,10638
71E,E38000238,NHS Lincolnshire ICB - 71E,E54000013,NHS Lincolnshire Integrated Care Board,E40000011,Midlands,JUN2023,Attended,GP,Face-to-Face,22  to 28 Days,2180
71E,E38000238,NHS Lincolnshire ICB - 71E,E54000013,NHS Lincolnshire Integrated Care Board,E40000011,Midlands,JUN2023,Attended,GP,Face-to-Face,8  to 14 Days,5248
71E,E38000238,NHS Lincolnshire ICB - 71E,E54000013,NHS Lincolnshire Integrated Care Board,E40000011,Midlands,JUN2023,Attended,GP,Face-to-Face,More than 28 Days,2055
71E,E38000238,NHS Lincolnshire ICB - 71E,E54000013,NHS Lincolnshire Integrated Care Board,E40000011,Midlands,JUN2023,Attended,GP,Face-to-Face,Same Day,56607
71E,E38000238,NHS Lincolnshire ICB - 71E,E54000013,NHS Lincolnshire Integrated Care Board,E40000011,Midlands,JUN2023,Attended,GP,Face-to-Face,Unknown / Data Quality,19
71E,E38000238,NHS Lincolnshire ICB - 71E,E54000013,NHS Lincolnshire Integrated Care Board,E40000011,Midlands,JUN2023,Attended,GP,Home Visit,1 Day,53
71E,E38000238,NHS Lincolnshire ICB - 71E,E54000013,NHS Lincolnshire Integrated Care Board,E40000011,Midlands,JUN2023,Attended,GP,Home Visit,15  to 21 Days,5
71E,E38000238,NHS Lincolnshire ICB - 71E,E54000013,NHS Lincolnshire Integrated Care Board,E40000011,Midlands,JUN2023,Attended,GP,Home Visit,2 to 7 Days,65
71E,E38000238,NHS Lincolnshire ICB - 71E,E54000013,NHS Lincolnshire Integrated Care Board,E40000011,Midlands,JUN2023,Attended,GP,Home Visit,22  to 28 Days,2
71E,E38000238,NHS Lincolnshire ICB - 71E,E54000013,NHS Lincolnshire Integrated Care Board,E40000011,Midlands,JUN2023,Attended,GP,Home Visit,8  to 14 Days,11
71E,E38000238,NHS Lincolnshire ICB - 71E,E54000013,NHS Lincolnshire Integrated Care Board,E40000011,Midlands,JUN2023,Attended,GP,Home Visit,Same Day,457
71E,E38000238,NHS Lincolnshire ICB - 71E,E54000013,NHS Lincolnshire Integrated Care Board,E40000011,Midlands,JUN2023,Attended,GP,Home Visit,Unknown / Data Quality,2
71E,E38000238,NHS Lincolnshire ICB - 71E,E54000013,NHS Lincolnshire Integrated Care Board,E40000011,Midlands,JUN2023,Attended,GP,Telephone,1 Day,3146
71E,E38000238,NHS Lincolnshire ICB - 71E,E54000013,NHS Lincolnshire Integrated Care Board,E40000011,Midlands,JUN2023,Attended,GP,Telephone,15  to 21 Days,2371
71E,E38000238,NHS Lincolnshire ICB - 71E,E54000013,NHS Lincolnshire Integrated Care Board,E40000011,Midlands,JUN2023,Attended,GP,Telephone,2 to 7 Days,6562
71E,E38000238,NHS Lincolnshire ICB - 71E,E54000013,NHS Lincolnshire Integrated Care Board,E40000011,Midlands,JUN2023,Attended,GP,Telephone,22  to 28 Days,875
71E,E38000238,NHS Lincolnshire ICB - 71E,E54000013,NHS Lincolnshire Integrated Care Board,E40000011,Midlands,JUN2023,Attended,GP,Telephone,8  to 14 Days,4284
71E,E38000238,NHS Lincolnshire ICB - 71E,E54000013,NHS Lincolnshire Integrated Care Board,E40000011,Midlands,JUN2023,Attended,GP,Telephone,More than 28 Days,364
71E,E38000238,NHS Lincolnshire ICB - 71E,E54000013,NHS Lincolnshire Integrated Care Board,E40000011,Midlands,JUN2023,Attended,GP,Telephone,Same Day,35678
71E,E38000238,NHS Lincolnshire ICB - 71E,E54000013,NHS Lincolnshire Integrated Care Board,E40000011,Midlands,JUN2023,Attended,GP,Telephone,Unknown / Data Quality,24
71E,E38000238,NHS Lincolnshire ICB - 71E,E54000013,NHS Lincolnshire Integrated Care Board,E40000011,Midlands,JUN2023,Attended,GP,Unknown,1 Day,2
71E,E38000238,NHS Lincolnshire ICB - 71E,E54000013,NHS Lincolnshire Integrated Care Board,E40000011,Midlands,JUN2023,Attended,GP,Unknown,15  to 21 Days,2
71E,E38000238,NHS Lincolnshire ICB - 71E,E54000013,NHS Lincolnshire Integrated Care Board,E40000011,Midlands,JUN2023,Attended,GP,Unknown,2 to 7 Days,3
71E,E38000238,NHS Lincolnshire ICB - 71E,E54000013,NHS Lincolnshire Integrated Care Board,E40000011,Midlands,JUN2023,Attended,GP,Unknown,22  to 28 Days,1
71E,E38000238,NHS Lincolnshire ICB - 71E,E54000013,NHS Lincolnshire Integrated Care Board,E40000011,Midlands,JUN2023,Attended,GP,Unknown,8  to 14 Days,1
71E,E38000238,NHS Lincolnshire ICB - 71E,E54000013,NHS Lincolnshire Integrated Care Board,E40000011,Midlands,JUN2023,Attended,GP,Unknown,More than 28 Days,5
71E,E38000238,NHS Lincolnshire ICB - 71E,E54000013,NHS Lincolnshire Integrated Care Board,E40000011,Midlands,JUN2023,Attended,GP,Unknown,Same Day,8
71E,E38000238,NHS Lincolnshire ICB - 71E,E54000013,NHS Lincolnshire Integrated Care Board,E40000011,Midlands,JUN2023,Attended,GP,Video/Online,1 Day,149
71E,E38000238,NHS Lincolnshire ICB - 71E,E54000013,NHS Lincolnshire Integrated Care Board,E40000011,Midlands,JUN2023,Attended,GP,Video/Online,15  to 21 Days,16
71E,E38000238,NHS Lincolnshire ICB - 71E,E54000013,NHS Lincolnshire Integrated Care Board,E40000011,Midlands,JUN2023,Attended,GP,Video/Online,2 to 7 Days,504
71E,E38000238,NHS Lincolnshire ICB - 71E,E54000013,NHS Lincolnshire Integrated Care Board,E40000011,Midlands,JUN2023,Attended,GP,Video/Online,22  to 28 Days,1
71E,E38000238,NHS Lincolnshire ICB - 71E,E54000013,NHS Lincolnshire Integrated Care Board,E40000011,Midlands,JUN2023,Attended,GP,Video/Online,8  to 14 Days,453
71E,E38000238,NHS Lincolnshire ICB - 71E,E54000013,NHS Lincolnshire Integrated Care Board,E40000011,Midlands,JUN2023,Attended,GP,Video/Online,Same Day,3533
71E,E38000238,NHS Lincolnshire ICB - 71E,E54000013,NHS Lincolnshire Integrated Care Board,E40000011,Midlands,JUN2023,Attended,Other Practice staff,Face-to-Face,1 Day,11492
71E,E38000238,NHS Lincolnshire ICB - 71E,E54000013,NHS Lincolnshire Integrated Care Board,E40000011,Midlands,JUN2023,Attended,Other Practice staff,Face-to-Face,15  to 21 Days,22119
71E,E38000238,NHS Lincolnshire ICB - 71E,E54000013,NHS Lincolnshire Integrated Care Board,E40000011,Midlands,JUN2023,Attended,Other Practice staff,Face-to-Face,2 to 7 Days,40199
71E,E38000238,NHS Lincolnshire ICB - 71E,E54000013,NHS Lincolnshire Integrated Care Board,E40000011,Midlands,JUN2023,Attended,Other Practice staff,Face-to-Face,22  to 28 Days,14490
71E,E38000238,NHS Lincolnshire ICB - 71E,E54000013,NHS Lincolnshire Integrated Care Board,E40000011,Midlands,JUN2023,Attended,Other Practice staff,Face-to-Face,8  to 14 Days,34032
71E,E38000238,NHS Lincolnshire ICB - 71E,E54000013,NHS Lincolnshire Integrated Care Board,E40000011,Midlands,JUN2023,Attended,Other Practice staff,Face-to-Face,More than 28 Days,13936
71E,E38000238,NHS Lincolnshire ICB - 71E,E54000013,NHS Lincolnshire Integrated Care Board,E40000011,Midlands,JUN2023,Attended,Other Practice staff,Face-to-Face,Same Day,53504
71E,E38000238,NHS Lincolnshire ICB - 71E,E54000013,NHS Lincolnshire Integrated Care Board,E40000011,Midlands,JUN2023,Attended,Other Practice staff,Face-to-Face,Unknown / Data Quality,68
71E,E38000238,NHS Lincolnshire ICB - 71E,E54000013,NHS Lincolnshire Integrated Care Board,E40000011,Midlands,JUN2023,Attended,Other Practice staff,Home Visit,1 Day,381
71E,E38000238,NHS Lincolnshire ICB - 71E,E54000013,NHS Lincolnshire Integrated Care Board,E40000011,Midlands,JUN2023,Attended,Other Practice staff,Home Visit,15  to 21 Days,139
71E,E38000238,NHS Lincolnshire ICB - 71E,E54000013,NHS Lincolnshire Integrated Care Board,E40000011,Midlands,JUN2023,Attended,Other Practice staff,Home Visit,2 to 7 Days,981
71E,E38000238,NHS Lincolnshire ICB - 71E,E54000013,NHS Lincolnshire Integrated Care Board,E40000011,Midlands,JUN2023,Attended,Other Practice staff,Home Visit,22  to 28 Days,100
71E,E38000238,NHS Lincolnshire ICB - 71E,E54000013,NHS Lincolnshire Integrated Care Board,E40000011,Midlands,JUN2023,Attended,Other Practice staff,Home Visit,8  to 14 Days,482
71E,E38000238,NHS Lincolnshire ICB - 71E,E54000013,NHS Lincolnshire Integrated Care Board,E40000011,Midlands,JUN2023,Attended,Other Practice staff,Home Visit,More than 28 Days,66
71E,E38000238,NHS Lincolnshire ICB - 71E,E54000013,NHS Lincolnshire Integrated Care Board,E40000011,Midlands,JUN2023,Attended,Other Practice staff,Home Visit,Same Day,1177
71E,E38000238,NHS Lincolnshire ICB - 71E,E54000013,NHS Lincolnshire Integrated Care Board,E40000011,Midlands,JUN2023,Attended,Other Practice staff,Home Visit,Unknown / Data Quality,46
71E,E38000238,NHS Lincolnshire ICB - 71E,E54000013,NHS Lincolnshire Integrated Care Board,E40000011,Midlands,JUN2023,Attended,Other Practice staff,Telephone,1 Day,3119
71E,E38000238,NHS Lincolnshire ICB - 71E,E54000013,NHS Lincolnshire Integrated Care Board,E40000011,Midlands,JUN2023,Attended,Other Practice staff,Telephone,15  to 21 Days,2113
71E,E38000238,NHS Lincolnshire ICB - 71E,E54000013,NHS Lincolnshire Integrated Care Board,E40000011,Midlands,JUN2023,Attended,Other Practice staff,Telephone,2 to 7 Days,6991
71E,E38000238,NHS Lincolnshire ICB - 71E,E54000013,NHS Lincolnshire Integrated Care Board,E40000011,Midlands,JUN2023,Attended,Other Practice staff,Telephone,22  to 28 Days,1467
71E,E38000238,NHS Lincolnshire ICB - 71E,E54000013,NHS Lincolnshire Integrated Care Board,E40000011,Midlands,JUN2023,Attended,Other Practice staff,Telephone,8  to 14 Days,3622
71E,E38000238,NHS Lincolnshire ICB - 71E,E54000013,NHS Lincolnshire Integrated Care Board,E40000011,Midlands,JUN2023,Attended,Other Practice staff,Telephone,More than 28 Days,1146
71E,E38000238,NHS Lincolnshire ICB - 71E,E54000013,NHS Lincolnshire Integrated Care Board,E40000011,Midlands,JUN2023,Attended,Other Practice staff,Telephone,Same Day,25914
71E,E38000238,NHS Lincolnshire ICB - 71E,E54000013,NHS Lincolnshire Integrated Care Board,E40000011,Midlands,JUN2023,Attended,Other Practice staff,Telephone,Unknown / Data Quality,127
71E,E38000238,NHS Lincolnshire ICB - 71E,E54000013,NHS Lincolnshire Integrated Care Board,E40000011,Midlands,JUN2023,Attended,Other Practice staff,Unknown,1 Day,49
71E,E38000238,NHS Lincolnshire ICB - 71E,E54000013,NHS Lincolnshire Integrated Care Board,E40000011,Midlands,JUN2023,Attended,Other Practice staff,Unknown,15  to 21 Days,12
71E,E38000238,NHS Lincolnshire ICB - 71E,E54000013,NHS Lincolnshire Integrated Care Board,E40000011,Midlands,JUN2023,Attended,Other Practice staff,Unknown,2 to 7 Days,65
71E,E38000238,NHS Lincolnshire ICB - 71E,E54000013,NHS Lincolnshire Integrated Care Board,E40000011,Midlands,JUN2023,Attended,Other Practice staff,Unknown,22  to 28 Days,20
71E,E38000238,NHS Lincolnshire ICB - 71E,E54000013,NHS Lincolnshire Integrated Care Board,E40000011,Midlands,JUN2023,Attended,Other Practice staff,Unknown,8  to 14 Days,19
71E,E38000238,NHS Lincolnshire ICB - 71E,E54000013,NHS Lincolnshire Integrated Care Board,E40000011,Midlands,JUN2023,Attended,Other Practice staff,Unknown,More than 28 Days,31
71E,E38000238,NHS Lincolnshire ICB - 71E,E54000013,NHS Lincolnshire Integrated Care Board,E40000011,Midlands,JUN2023,Attended,Other Practice staff,Unknown,Same Day,137
71E,E38000238,NHS Lincolnshire ICB - 71E,E54000013,NHS Lincolnshire Integrated Care Board,E40000011,Midlands,JUN2023,Attended,Other Practice staff,Video/Online,1 Day,216
71E,E38000238,NHS Lincolnshire ICB - 71E,E54000013,NHS Lincolnshire Integrated Care Board,E40000011,Midlands,JUN2023,Attended,Other Practice staff,Video/Online,15  to 21 Days,16
71E,E38000238,NHS Lincolnshire ICB - 71E,E54000013,NHS Lincolnshire Integrated Care Board,E40000011,Midlands,JUN2023,Attended,Other Practice staff,Video/Online,2 to 7 Days,575
71E,E38000238,NHS Lincolnshire ICB - 71E,E54000013,NHS Lincolnshire Integrated Care Board,E40000011,Midlands,JUN2023,Attended,Other Practice staff,Video/Online,22  to 28 Days,7
71E,E38000238,NHS Lincolnshire ICB - 71E,E54000013,NHS Lincolnshire Integrated Care Board,E40000011,Midlands,JUN2023,Attended,Other Practice staff,Video/Online,8  to 14 Days,263
71E,E38000238,NHS Lincolnshire ICB - 71E,E54000013,NHS Lincolnshire Integrated Care Board,E40000011,Midlands,JUN2023,Attended,Other Practice staff,Video/Online,More than 28 Days,4
71E,E38000238,NHS Lincolnshire ICB - 71E,E54000013,NHS Lincolnshire Integrated Care Board,E40000011,Midlands,JUN2023,Attended,Other Practice staff,Video/Online,Same Day,3098
71E,E38000238,NHS Lincolnshire ICB - 71E,E54000013,NHS Lincolnshire Integrated Care Board,E40000011,Midlands,JUN2023,Attended,Other Practice staff,Video/Online,Unknown / Data Quality,1
71E,E38000238,NHS Lincolnshire ICB - 71E,E54000013,NHS Lincolnshire Integrated Care Board,E40000011,Midlands,JUN2023,Attended,Unknown,Unknown,1 Day,1095
71E,E38000238,NHS Lincolnshire ICB - 71E,E54000013,NHS Lincolnshire Integrated Care Board,E40000011,Midlands,JUN2023,Attended,Unknown,Unknown,15  to 21 Days,347
71E,E38000238,NHS Lincolnshire ICB - 71E,E54000013,NHS Lincolnshire Integrated Care Board,E40000011,Midlands,JUN2023,Attended,Unknown,Unknown,2 to 7 Days,2047
71E,E38000238,NHS Lincolnshire ICB - 71E,E54000013,NHS Lincolnshire Integrated Care Board,E40000011,Midlands,JUN2023,Attended,Unknown,Unknown,22  to 28 Days,239
71E,E38000238,NHS Lincolnshire ICB - 71E,E54000013,NHS Lincolnshire Integrated Care Board,E40000011,Midlands,JUN2023,Attended,Unknown,Unknown,8  to 14 Days,725
71E,E38000238,NHS Lincolnshire ICB - 71E,E54000013,NHS Lincolnshire Integrated Care Board,E40000011,Midlands,JUN2023,Attended,Unknown,Unknown,More than 28 Days,237
71E,E38000238,NHS Lincolnshire ICB - 71E,E54000013,NHS Lincolnshire Integrated Care Board,E40000011,Midlands,JUN2023,Attended,Unknown,Unknown,Same Day,9367
71E,E38000238,NHS Lincolnshire ICB - 71E,E54000013,NHS Lincolnshire Integrated Care Board,E40000011,Midlands,JUN2023,Attended,Unknown,Unknown,Unknown / Data Quality,26
71E,E38000238,NHS Lincolnshire ICB - 71E,E54000013,NHS Lincolnshire Integrated Care Board,E40000011,Midlands,JUN2023,DNA,GP,Face-to-Face,1 Day,197
71E,E38000238,NHS Lincolnshire ICB - 71E,E54000013,NHS Lincolnshire Integrated Care Board,E40000011,Midlands,JUN2023,DNA,GP,Face-to-Face,15  to 21 Days,215
71E,E38000238,NHS Lincolnshire ICB - 71E,E54000013,NHS Lincolnshire Integrated Care Board,E40000011,Midlands,JUN2023,DNA,GP,Face-to-Face,2 to 7 Days,411
71E,E38000238,NHS Lincolnshire ICB - 71E,E54000013,NHS Lincolnshire Integrated Care Board,E40000011,Midlands,JUN2023,DNA,GP,Face-to-Face,22  to 28 Days,124
71E,E38000238,NHS Lincolnshire ICB - 71E,E54000013,NHS Lincolnshire Integrated Care Board,E40000011,Midlands,JUN2023,DNA,GP,Face-to-Face,8  to 14 Days,245
71E,E38000238,NHS Lincolnshire ICB - 71E,E54000013,NHS Lincolnshire Integrated Care Board,E40000011,Midlands,JUN2023,DNA,GP,Face-to-Face,More than 28 Days,107
71E,E38000238,NHS Lincolnshire ICB - 71E,E54000013,NHS Lincolnshire Integrated Care Board,E40000011,Midlands,JUN2023,DNA,GP,Face-to-Face,Same Day,707
71E,E38000238,NHS Lincolnshire ICB - 71E,E54000013,NHS Lincolnshire Integrated Care Board,E40000011,Midlands,JUN2023,DNA,GP,Home Visit,1 Day,7
71E,E38000238,NHS Lincolnshire ICB - 71E,E54000013,NHS Lincolnshire Integrated Care Board,E40000011,Midlands,JUN2023,DNA,GP,Home Visit,15  to 21 Days,1
71E,E38000238,NHS Lincolnshire ICB - 71E,E54000013,NHS Lincolnshire Integrated Care Board,E40000011,Midlands,JUN2023,DNA,GP,Home Visit,2 to 7 Days,2
71E,E38000238,NHS Lincolnshire ICB - 71E,E54000013,NHS Lincolnshire Integrated Care Board,E40000011,Midlands,JUN2023,DNA,GP,Home Visit,More than 28 Days,1
71E,E38000238,NHS Lincolnshire ICB - 71E,E54000013,NHS Lincolnshire Integrated Care Board,E40000011,Midlands,JUN2023,DNA,GP,Home Visit,Same Day,13
71E,E38000238,NHS Lincolnshire ICB - 71E,E54000013,NHS Lincolnshire Integrated Care Board,E40000011,Midlands,JUN2023,DNA,GP,Telephone,1 Day,32
71E,E38000238,NHS Lincolnshire ICB - 71E,E54000013,NHS Lincolnshire Integrated Care Board,E40000011,Midlands,JUN2023,DNA,GP,Telephone,15  to 21 Days,26
71E,E38000238,NHS Lincolnshire ICB - 71E,E54000013,NHS Lincolnshire Integrated Care Board,E40000011,Midlands,JUN2023,DNA,GP,Telephone,2 to 7 Days,46
71E,E38000238,NHS Lincolnshire ICB - 71E,E54000013,NHS Lincolnshire Integrated Care Board,E40000011,Midlands,JUN2023,DNA,GP,Telephone,22  to 28 Days,11
71E,E38000238,NHS Lincolnshire ICB - 71E,E54000013,NHS Lincolnshire Integrated Care Board,E40000011,Midlands,JUN2023,DNA,GP,Telephone,8  to 14 Days,40
71E,E38000238,NHS Lincolnshire ICB - 71E,E54000013,NHS Lincolnshire Integrated Care Board,E40000011,Midlands,JUN2023,DNA,GP,Telephone,More than 28 Days,17
71E,E38000238,NHS Lincolnshire ICB - 71E,E54000013,NHS Lincolnshire Integrated Care Board,E40000011,Midlands,JUN2023,DNA,GP,Telephone,Same Day,207
71E,E38000238,NHS Lincolnshire ICB - 71E,E54000013,NHS Lincolnshire Integrated Care Board,E40000011,Midlands,JUN2023,DNA,GP,Unknown,1 Day,2
71E,E38000238,NHS Lincolnshire ICB - 71E,E54000013,NHS Lincolnshire Integrated Care Board,E40000011,Midlands,JUN2023,DNA,GP,Unknown,More than 28 Days,1
71E,E38000238,NHS Lincolnshire ICB - 71E,E54000013,NHS Lincolnshire Integrated Care Board,E40000011,Midlands,JUN2023,DNA,GP,Video/Online,1 Day,2
71E,E38000238,NHS Lincolnshire ICB - 71E,E54000013,NHS Lincolnshire Integrated Care Board,E40000011,Midlands,JUN2023,DNA,GP,Video/Online,2 to 7 Days,2
71E,E38000238,NHS Lincolnshire ICB - 71E,E54000013,NHS Lincolnshire Integrated Care Board,E40000011,Midlands,JUN2023,DNA,GP,Video/Online,8  to 14 Days,1
71E,E38000238,NHS Lincolnshire ICB - 71E,E54000013,NHS Lincolnshire Integrated Care Board,E40000011,Midlands,JUN2023,DNA,GP,Video/Online,Same Day,17
71E,E38000238,NHS Lincolnshire ICB - 71E,E54000013,NHS Lincolnshire Integrated Care Board,E40000011,Midlands,JUN2023,DNA,Other Practice staff,Face-to-Face,1 Day,486
71E,E38000238,NHS Lincolnshire ICB - 71E,E54000013,NHS Lincolnshire Integrated Care Board,E40000011,Midlands,JUN2023,DNA,Other Practice staff,Face-to-Face,15  to 21 Days,1891
71E,E38000238,NHS Lincolnshire ICB - 71E,E54000013,NHS Lincolnshire Integrated Care Board,E40000011,Midlands,JUN2023,DNA,Other Practice staff,Face-to-Face,2 to 7 Days,2267
71E,E38000238,NHS Lincolnshire ICB - 71E,E54000013,NHS Lincolnshire Integrated Care Board,E40000011,Midlands,JUN2023,DNA,Other Practice staff,Face-to-Face,22  to 28 Days,1282
71E,E38000238,NHS Lincolnshire ICB - 71E,E54000013,NHS Lincolnshire Integrated Care Board,E40000011,Midlands,JUN2023,DNA,Other Practice staff,Face-to-Face,8  to 14 Days,2639
71E,E38000238,NHS Lincolnshire ICB - 71E,E54000013,NHS Lincolnshire Integrated Care Board,E40000011,Midlands,JUN2023,DNA,Other Practice staff,Face-to-Face,More than 28 Days,1436
71E,E38000238,NHS Lincolnshire ICB - 71E,E54000013,NHS Lincolnshire Integrated Care Board,E40000011,Midlands,JUN2023,DNA,Other Practice staff,Face-to-Face,Same Day,864
71E,E38000238,NHS Lincolnshire ICB - 71E,E54000013,NHS Lincolnshire Integrated Care Board,E40000011,Midlands,JUN2023,DNA,Other Practice staff,Face-to-Face,Unknown / Data Quality,2
71E,E38000238,NHS Lincolnshire ICB - 71E,E54000013,NHS Lincolnshire Integrated Care Board,E40000011,Midlands,JUN2023,DNA,Other Practice staff,Home Visit,1 Day,5
71E,E38000238,NHS Lincolnshire ICB - 71E,E54000013,NHS Lincolnshire Integrated Care Board,E40000011,Midlands,JUN2023,DNA,Other Practice staff,Home Visit,2 to 7 Days,26
71E,E38000238,NHS Lincolnshire ICB - 71E,E54000013,NHS Lincolnshire Integrated Care Board,E40000011,Midlands,JUN2023,DNA,Other Practice staff,Home Visit,22  to 28 Days,5
71E,E38000238,NHS Lincolnshire ICB - 71E,E54000013,NHS Lincolnshire Integrated Care Board,E40000011,Midlands,JUN2023,DNA,Other Practice staff,Home Visit,8  to 14 Days,7
71E,E38000238,NHS Lincolnshire ICB - 71E,E54000013,NHS Lincolnshire Integrated Care Board,E40000011,Midlands,JUN2023,DNA,Other Practice staff,Home Visit,More than 28 Days,1
71E,E38000238,NHS Lincolnshire ICB - 71E,E54000013,NHS Lincolnshire Integrated Care Board,E40000011,Midlands,JUN2023,DNA,Other Practice staff,Home Visit,Same Day,23
71E,E38000238,NHS Lincolnshire ICB - 71E,E54000013,NHS Lincolnshire Integrated Care Board,E40000011,Midlands,JUN2023,DNA,Other Practice staff,Telephone,1 Day,48
71E,E38000238,NHS Lincolnshire ICB - 71E,E54000013,NHS Lincolnshire Integrated Care Board,E40000011,Midlands,JUN2023,DNA,Other Practice staff,Telephone,15  to 21 Days,85
71E,E38000238,NHS Lincolnshire ICB - 71E,E54000013,NHS Lincolnshire Integrated Care Board,E40000011,Midlands,JUN2023,DNA,Other Practice staff,Telephone,2 to 7 Days,177
71E,E38000238,NHS Lincolnshire ICB - 71E,E54000013,NHS Lincolnshire Integrated Care Board,E40000011,Midlands,JUN2023,DNA,Other Practice staff,Telephone,22  to 28 Days,48
71E,E38000238,NHS Lincolnshire ICB - 71E,E54000013,NHS Lincolnshire Integrated Care Board,E40000011,Midlands,JUN2023,DNA,Other Practice staff,Telephone,8  to 14 Days,127
71E,E38000238,NHS Lincolnshire ICB - 71E,E54000013,NHS Lincolnshire Integrated Care Board,E40000011,Midlands,JUN2023,DNA,Other Practice staff,Telephone,More than 28 Days,44
71E,E38000238,NHS Lincolnshire ICB - 71E,E54000013,NHS Lincolnshire Integrated Care Board,E40000011,Midlands,JUN2023,DNA,Other Practice staff,Telephone,Same Day,172
71E,E38000238,NHS Lincolnshire ICB - 71E,E54000013,NHS Lincolnshire Integrated Care Board,E40000011,Midlands,JUN2023,DNA,Other Practice staff,Unknown,1 Day,5
71E,E38000238,NHS Lincolnshire ICB - 71E,E54000013,NHS Lincolnshire Integrated Care Board,E40000011,Midlands,JUN2023,DNA,Other Practice staff,Unknown,15  to 21 Days,3
71E,E38000238,NHS Lincolnshire ICB - 71E,E54000013,NHS Lincolnshire Integrated Care Board,E40000011,Midlands,JUN2023,DNA,Other Practice staff,Unknown,2 to 7 Days,10
71E,E38000238,NHS Lincolnshire ICB - 71E,E54000013,NHS Lincolnshire Integrated Care Board,E40000011,Midlands,JUN2023,DNA,Other Practice staff,Unknown,22  to 28 Days,5
71E,E38000238,NHS Lincolnshire ICB - 71E,E54000013,NHS Lincolnshire Integrated Care Board,E40000011,Midlands,JUN2023,DNA,Other Practice staff,Unknown,8  to 14 Days,4
71E,E38000238,NHS Lincolnshire ICB - 71E,E54000013,NHS Lincolnshire Integrated Care Board,E40000011,Midlands,JUN2023,DNA,Other Practice staff,Unknown,More than 28 Days,21
71E,E38000238,NHS Lincolnshire ICB - 71E,E54000013,NHS Lincolnshire Integrated Care Board,E40000011,Midlands,JUN2023,DNA,Other Practice staff,Unknown,Same Day,3
71E,E38000238,NHS Lincolnshire ICB - 71E,E54000013,NHS Lincolnshire Integrated Care Board,E40000011,Midlands,JUN2023,DNA,Other Practice staff,Video/Online,1 Day,14
71E,E38000238,NHS Lincolnshire ICB - 71E,E54000013,NHS Lincolnshire Integrated Care Board,E40000011,Midlands,JUN2023,DNA,Other Practice staff,Video/Online,15  to 21 Days,1
71E,E38000238,NHS Lincolnshire ICB - 71E,E54000013,NHS Lincolnshire Integrated Care Board,E40000011,Midlands,JUN2023,DNA,Other Practice staff,Video/Online,2 to 7 Days,14
71E,E38000238,NHS Lincolnshire ICB - 71E,E54000013,NHS Lincolnshire Integrated Care Board,E40000011,Midlands,JUN2023,DNA,Other Practice staff,Video/Online,8  to 14 Days,3
71E,E38000238,NHS Lincolnshire ICB - 71E,E54000013,NHS Lincolnshire Integrated Care Board,E40000011,Midlands,JUN2023,DNA,Other Practice staff,Video/Online,More than 28 Days,1
71E,E38000238,NHS Lincolnshire ICB - 71E,E54000013,NHS Lincolnshire Integrated Care Board,E40000011,Midlands,JUN2023,DNA,Other Practice staff,Video/Online,Same Day,15
71E,E38000238,NHS Lincolnshire ICB - 71E,E54000013,NHS Lincolnshire Integrated Care Board,E40000011,Midlands,JUN2023,DNA,Unknown,Unknown,1 Day,26
71E,E38000238,NHS Lincolnshire ICB - 71E,E54000013,NHS Lincolnshire Integrated Care Board,E40000011,Midlands,JUN2023,DNA,Unknown,Unknown,15  to 21 Days,23
71E,E38000238,NHS Lincolnshire ICB - 71E,E54000013,NHS Lincolnshire Integrated Care Board,E40000011,Midlands,JUN2023,DNA,Unknown,Unknown,2 to 7 Days,64
71E,E38000238,NHS Lincolnshire ICB - 71E,E54000013,NHS Lincolnshire Integrated Care Board,E40000011,Midlands,JUN2023,DNA,Unknown,Unknown,22  to 28 Days,20
71E,E38000238,NHS Lincolnshire ICB - 71E,E54000013,NHS Lincolnshire Integrated Care Board,E40000011,Midlands,JUN2023,DNA,Unknown,Unknown,8  to 14 Days,48
71E,E38000238,NHS Lincolnshire ICB - 71E,E54000013,NHS Lincolnshire Integrated Care Board,E40000011,Midlands,JUN2023,DNA,Unknown,Unknown,More than 28 Days,33
71E,E38000238,NHS Lincolnshire ICB - 71E,E54000013,NHS Lincolnshire Integrated Care Board,E40000011,Midlands,JUN2023,DNA,Unknown,Unknown,Same Day,94
71E,E38000238,NHS Lincolnshire ICB - 71E,E54000013,NHS Lincolnshire Integrated Care Board,E40000011,Midlands,JUN2023,Unknown,GP,Face-to-Face,1 Day,102
71E,E38000238,NHS Lincolnshire ICB - 71E,E54000013,NHS Lincolnshire Integrated Care Board,E40000011,Midlands,JUN2023,Unknown,GP,Face-to-Face,15  to 21 Days,332
71E,E38000238,NHS Lincolnshire ICB - 71E,E54000013,NHS Lincolnshire Integrated Care Board,E40000011,Midlands,JUN2023,Unknown,GP,Face-to-Face,2 to 7 Days,490
71E,E38000238,NHS Lincolnshire ICB - 71E,E54000013,NHS Lincolnshire Integrated Care Board,E40000011,Midlands,JUN2023,Unknown,GP,Face-to-Face,22  to 28 Days,229
71E,E38000238,NHS Lincolnshire ICB - 71E,E54000013,NHS Lincolnshire Integrated Care Board,E40000011,Midlands,JUN2023,Unknown,GP,Face-to-Face,8  to 14 Days,427
71E,E38000238,NHS Lincolnshire ICB - 71E,E54000013,NHS Lincolnshire Integrated Care Board,E40000011,Midlands,JUN2023,Unknown,GP,Face-to-Face,More than 28 Days,421
71E,E38000238,NHS Lincolnshire ICB - 71E,E54000013,NHS Lincolnshire Integrated Care Board,E40000011,Midlands,JUN2023,Unknown,GP,Face-to-Face,Same Day,431
71E,E38000238,NHS Lincolnshire ICB - 71E,E54000013,NHS Lincolnshire Integrated Care Board,E40000011,Midlands,JUN2023,Unknown,GP,Face-to-Face,Unknown / Data Quality,7
71E,E38000238,NHS Lincolnshire ICB - 71E,E54000013,NHS Lincolnshire Integrated Care Board,E40000011,Midlands,JUN2023,Unknown,GP,Home Visit,1 Day,6
71E,E38000238,NHS Lincolnshire ICB - 71E,E54000013,NHS Lincolnshire Integrated Care Board,E40000011,Midlands,JUN2023,Unknown,GP,Home Visit,15  to 21 Days,8
71E,E38000238,NHS Lincolnshire ICB - 71E,E54000013,NHS Lincolnshire Integrated Care Board,E40000011,Midlands,JUN2023,Unknown,GP,Home Visit,2 to 7 Days,5
71E,E38000238,NHS Lincolnshire ICB - 71E,E54000013,NHS Lincolnshire Integrated Care Board,E40000011,Midlands,JUN2023,Unknown,GP,Home Visit,22  to 28 Days,7
71E,E38000238,NHS Lincolnshire ICB - 71E,E54000013,NHS Lincolnshire Integrated Care Board,E40000011,Midlands,JUN2023,Unknown,GP,Home Visit,8  to 14 Days,7
71E,E38000238,NHS Lincolnshire ICB - 71E,E54000013,NHS Lincolnshire Integrated Care Board,E40000011,Midlands,JUN2023,Unknown,GP,Home Visit,More than 28 Days,17
71E,E38000238,NHS Lincolnshire ICB - 71E,E54000013,NHS Lincolnshire Integrated Care Board,E40000011,Midlands,JUN2023,Unknown,GP,Home Visit,Same Day,8
71E,E38000238,NHS Lincolnshire ICB - 71E,E54000013,NHS Lincolnshire Integrated Care Board,E40000011,Midlands,JUN2023,Unknown,GP,Telephone,1 Day,62
71E,E38000238,NHS Lincolnshire ICB - 71E,E54000013,NHS Lincolnshire Integrated Care Board,E40000011,Midlands,JUN2023,Unknown,GP,Telephone,15  to 21 Days,219
71E,E38000238,NHS Lincolnshire ICB - 71E,E54000013,NHS Lincolnshire Integrated Care Board,E40000011,Midlands,JUN2023,Unknown,GP,Telephone,2 to 7 Days,350
71E,E38000238,NHS Lincolnshire ICB - 71E,E54000013,NHS Lincolnshire Integrated Care Board,E40000011,Midlands,JUN2023,Unknown,GP,Telephone,22  to 28 Days,104
71E,E38000238,NHS Lincolnshire ICB - 71E,E54000013,NHS Lincolnshire Integrated Care Board,E40000011,Midlands,JUN2023,Unknown,GP,Telephone,8  to 14 Days,393
71E,E38000238,NHS Lincolnshire ICB - 71E,E54000013,NHS Lincolnshire Integrated Care Board,E40000011,Midlands,JUN2023,Unknown,GP,Telephone,More than 28 Days,94
71E,E38000238,NHS Lincolnshire ICB - 71E,E54000013,NHS Lincolnshire Integrated Care Board,E40000011,Midlands,JUN2023,Unknown,GP,Telephone,Same Day,274
71E,E38000238,NHS Lincolnshire ICB - 71E,E54000013,NHS Lincolnshire Integrated Care Board,E40000011,Midlands,JUN2023,Unknown,GP,Unknown,1 Day,2
71E,E38000238,NHS Lincolnshire ICB - 71E,E54000013,NHS Lincolnshire Integrated Care Board,E40000011,Midlands,JUN2023,Unknown,GP,Unknown,15  to 21 Days,22
71E,E38000238,NHS Lincolnshire ICB - 71E,E54000013,NHS Lincolnshire Integrated Care Board,E40000011,Midlands,JUN2023,Unknown,GP,Unknown,2 to 7 Days,16
71E,E38000238,NHS Lincolnshire ICB - 71E,E54000013,NHS Lincolnshire Integrated Care Board,E40000011,Midlands,JUN2023,Unknown,GP,Unknown,22  to 28 Days,17
71E,E38000238,NHS Lincolnshire ICB - 71E,E54000013,NHS Lincolnshire Integrated Care Board,E40000011,Midlands,JUN2023,Unknown,GP,Unknown,8  to 14 Days,20
71E,E38000238,NHS Lincolnshire ICB - 71E,E54000013,NHS Lincolnshire Integrated Care Board,E40000011,Midlands,JUN2023,Unknown,GP,Unknown,More than 28 Days,16
71E,E38000238,NHS Lincolnshire ICB - 71E,E54000013,NHS Lincolnshire Integrated Care Board,E40000011,Midlands,JUN2023,Unknown,GP,Video/Online,1 Day,5
71E,E38000238,NHS Lincolnshire ICB - 71E,E54000013,NHS Lincolnshire Integrated Care Board,E40000011,Midlands,JUN2023,Unknown,GP,Video/Online,15  to 21 Days,3
71E,E38000238,NHS Lincolnshire ICB - 71E,E54000013,NHS Lincolnshire Integrated Care Board,E40000011,Midlands,JUN2023,Unknown,GP,Video/Online,2 to 7 Days,47
71E,E38000238,NHS Lincolnshire ICB - 71E,E54000013,NHS Lincolnshire Integrated Care Board,E40000011,Midlands,JUN2023,Unknown,GP,Video/Online,22  to 28 Days,2
71E,E38000238,NHS Lincolnshire ICB - 71E,E54000013,NHS Lincolnshire Integrated Care Board,E40000011,Midlands,JUN2023,Unknown,GP,Video/Online,8  to 14 Days,36
71E,E38000238,NHS Lincolnshire ICB - 71E,E54000013,NHS Lincolnshire Integrated Care Board,E40000011,Midlands,JUN2023,Unknown,GP,Video/Online,More than 28 Days,3
71E,E38000238,NHS Lincolnshire ICB - 71E,E54000013,NHS Lincolnshire Integrated Care Board,E40000011,Midlands,JUN2023,Unknown,GP,Video/Online,Same Day,8
71E,E38000238,NHS Lincolnshire ICB - 71E,E54000013,NHS Lincolnshire Integrated Care Board,E40000011,Midlands,JUN2023,Unknown,Other Practice staff,Face-to-Face,1 Day,214
71E,E38000238,NHS Lincolnshire ICB - 71E,E54000013,NHS Lincolnshire Integrated Care Board,E40000011,Midlands,JUN2023,Unknown,Other Practice staff,Face-to-Face,15  to 21 Days,2593
71E,E38000238,NHS Lincolnshire ICB - 71E,E54000013,NHS Lincolnshire Integrated Care Board,E40000011,Midlands,JUN2023,Unknown,Other Practice staff,Face-to-Face,2 to 7 Days,1662
71E,E38000238,NHS Lincolnshire ICB - 71E,E54000013,NHS Lincolnshire Integrated Care Board,E40000011,Midlands,JUN2023,Unknown,Other Practice staff,Face-to-Face,22  to 28 Days,1941
71E,E38000238,NHS Lincolnshire ICB - 71E,E54000013,NHS Lincolnshire Integrated Care Board,E40000011,Midlands,JUN2023,Unknown,Other Practice staff,Face-to-Face,8  to 14 Days,3050
71E,E38000238,NHS Lincolnshire ICB - 71E,E54000013,NHS Lincolnshire Integrated Care Board,E40000011,Midlands,JUN2023,Unknown,Other Practice staff,Face-to-Face,More than 28 Days,2836
71E,E38000238,NHS Lincolnshire ICB - 71E,E54000013,NHS Lincolnshire Integrated Care Board,E40000011,Midlands,JUN2023,Unknown,Other Practice staff,Face-to-Face,Same Day,645
71E,E38000238,NHS Lincolnshire ICB - 71E,E54000013,NHS Lincolnshire Integrated Care Board,E40000011,Midlands,JUN2023,Unknown,Other Practice staff,Face-to-Face,Unknown / Data Quality,12
71E,E38000238,NHS Lincolnshire ICB - 71E,E54000013,NHS Lincolnshire Integrated Care Board,E40000011,Midlands,JUN2023,Unknown,Other Practice staff,Home Visit,1 Day,19
71E,E38000238,NHS Lincolnshire ICB - 71E,E54000013,NHS Lincolnshire Integrated Care Board,E40000011,Midlands,JUN2023,Unknown,Other Practice staff,Home Visit,15  to 21 Days,53
71E,E38000238,NHS Lincolnshire ICB - 71E,E54000013,NHS Lincolnshire Integrated Care Board,E40000011,Midlands,JUN2023,Unknown,Other Practice staff,Home Visit,2 to 7 Days,109
71E,E38000238,NHS Lincolnshire ICB - 71E,E54000013,NHS Lincolnshire Integrated Care Board,E40000011,Midlands,JUN2023,Unknown,Other Practice staff,Home Visit,22  to 28 Days,31
71E,E38000238,NHS Lincolnshire ICB - 71E,E54000013,NHS Lincolnshire Integrated Care Board,E40000011,Midlands,JUN2023,Unknown,Other Practice staff,Home Visit,8  to 14 Days,94
71E,E38000238,NHS Lincolnshire ICB - 71E,E54000013,NHS Lincolnshire Integrated Care Board,E40000011,Midlands,JUN2023,Unknown,Other Practice staff,Home Visit,More than 28 Days,31
71E,E38000238,NHS Lincolnshire ICB - 71E,E54000013,NHS Lincolnshire Integrated Care Board,E40000011,Midlands,JUN2023,Unknown,Other Practice staff,Home Visit,Same Day,44
71E,E38000238,NHS Lincolnshire ICB - 71E,E54000013,NHS Lincolnshire Integrated Care Board,E40000011,Midlands,JUN2023,Unknown,Other Practice staff,Home Visit,Unknown / Data Quality,8
71E,E38000238,NHS Lincolnshire ICB - 71E,E54000013,NHS Lincolnshire Integrated Care Board,E40000011,Midlands,JUN2023,Unknown,Other Practice staff,Telephone,1 Day,97
71E,E38000238,NHS Lincolnshire ICB - 71E,E54000013,NHS Lincolnshire Integrated Care Board,E40000011,Midlands,JUN2023,Unknown,Other Practice staff,Telephone,15  to 21 Days,305
71E,E38000238,NHS Lincolnshire ICB - 71E,E54000013,NHS Lincolnshire Integrated Care Board,E40000011,Midlands,JUN2023,Unknown,Other Practice staff,Telephone,2 to 7 Days,452
71E,E38000238,NHS Lincolnshire ICB - 71E,E54000013,NHS Lincolnshire Integrated Care Board,E40000011,Midlands,JUN2023,Unknown,Other Practice staff,Telephone,22  to 28 Days,184
71E,E38000238,NHS Lincolnshire ICB - 71E,E54000013,NHS Lincolnshire Integrated Care Board,E40000011,Midlands,JUN2023,Unknown,Other Practice staff,Telephone,8  to 14 Days,392
71E,E38000238,NHS Lincolnshire ICB - 71E,E54000013,NHS Lincolnshire Integrated Care Board,E40000011,Midlands,JUN2023,Unknown,Other Practice staff,Telephone,More than 28 Days,271
71E,E38000238,NHS Lincolnshire ICB - 71E,E54000013,NHS Lincolnshire Integrated Care Board,E40000011,Midlands,JUN2023,Unknown,Other Practice staff,Telephone,Same Day,500
71E,E38000238,NHS Lincolnshire ICB - 71E,E54000013,NHS Lincolnshire Integrated Care Board,E40000011,Midlands,JUN2023,Unknown,Other Practice staff,Telephone,Unknown / Data Quality,9
71E,E38000238,NHS Lincolnshire ICB - 71E,E54000013,NHS Lincolnshire Integrated Care Board,E40000011,Midlands,JUN2023,Unknown,Other Practice staff,Unknown,1 Day,7
71E,E38000238,NHS Lincolnshire ICB - 71E,E54000013,NHS Lincolnshire Integrated Care Board,E40000011,Midlands,JUN2023,Unknown,Other Practice staff,Unknown,15  to 21 Days,192
71E,E38000238,NHS Lincolnshire ICB - 71E,E54000013,NHS Lincolnshire Integrated Care Board,E40000011,Midlands,JUN2023,Unknown,Other Practice staff,Unknown,2 to 7 Days,81
71E,E38000238,NHS Lincolnshire ICB - 71E,E54000013,NHS Lincolnshire Integrated Care Board,E40000011,Midlands,JUN2023,Unknown,Other Practice staff,Unknown,22  to 28 Days,180
71E,E38000238,NHS Lincolnshire ICB - 71E,E54000013,NHS Lincolnshire Integrated Care Board,E40000011,Midlands,JUN2023,Unknown,Other Practice staff,Unknown,8  to 14 Days,206
71E,E38000238,NHS Lincolnshire ICB - 71E,E54000013,NHS Lincolnshire Integrated Care Board,E40000011,Midlands,JUN2023,Unknown,Other Practice staff,Unknown,More than 28 Days,277
71E,E38000238,NHS Lincolnshire ICB - 71E,E54000013,NHS Lincolnshire Integrated Care Board,E40000011,Midlands,JUN2023,Unknown,Other Practice staff,Unknown,Same Day,16
71E,E38000238,NHS Lincolnshire ICB - 71E,E54000013,NHS Lincolnshire Integrated Care Board,E40000011,Midlands,JUN2023,Unknown,Other Practice staff,Unknown,Unknown / Data Quality,3
71E,E38000238,NHS Lincolnshire ICB - 71E,E54000013,NHS Lincolnshire Integrated Care Board,E40000011,Midlands,JUN2023,Unknown,Other Practice staff,Video/Online,1 Day,1
71E,E38000238,NHS Lincolnshire ICB - 71E,E54000013,NHS Lincolnshire Integrated Care Board,E40000011,Midlands,JUN2023,Unknown,Other Practice staff,Video/Online,15  to 21 Days,6
71E,E38000238,NHS Lincolnshire ICB - 71E,E54000013,NHS Lincolnshire Integrated Care Board,E40000011,Midlands,JUN2023,Unknown,Other Practice staff,Video/Online,2 to 7 Days,10
71E,E38000238,NHS Lincolnshire ICB - 71E,E54000013,NHS Lincolnshire Integrated Care Board,E40000011,Midlands,JUN2023,Unknown,Other Practice staff,Video/Online,22  to 28 Days,1
71E,E38000238,NHS Lincolnshire ICB - 71E,E54000013,NHS Lincolnshire Integrated Care Board,E40000011,Midlands,JUN2023,Unknown,Other Practice staff,Video/Online,8  to 14 Days,15
71E,E38000238,NHS Lincolnshire ICB - 71E,E54000013,NHS Lincolnshire Integrated Care Board,E40000011,Midlands,JUN2023,Unknown,Other Practice staff,Video/Online,More than 28 Days,2
71E,E38000238,NHS Lincolnshire ICB - 71E,E54000013,NHS Lincolnshire Integrated Care Board,E40000011,Midlands,JUN2023,Unknown,Other Practice staff,Video/Online,Same Day,10
71E,E38000238,NHS Lincolnshire ICB - 71E,E54000013,NHS Lincolnshire Integrated Care Board,E40000011,Midlands,JUN2023,Unknown,Unknown,Unknown,1 Day,71
71E,E38000238,NHS Lincolnshire ICB - 71E,E54000013,NHS Lincolnshire Integrated Care Board,E40000011,Midlands,JUN2023,Unknown,Unknown,Unknown,15  to 21 Days,172
71E,E38000238,NHS Lincolnshire ICB - 71E,E54000013,NHS Lincolnshire Integrated Care Board,E40000011,Midlands,JUN2023,Unknown,Unknown,Unknown,2 to 7 Days,138
71E,E38000238,NHS Lincolnshire ICB - 71E,E54000013,NHS Lincolnshire Integrated Care Board,E40000011,Midlands,JUN2023,Unknown,Unknown,Unknown,22  to 28 Days,174
71E,E38000238,NHS Lincolnshire ICB - 71E,E54000013,NHS Lincolnshire Integrated Care Board,E40000011,Midlands,JUN2023,Unknown,Unknown,Unknown,8  to 14 Days,176
71E,E38000238,NHS Lincolnshire ICB - 71E,E54000013,NHS Lincolnshire Integrated Care Board,E40000011,Midlands,JUN2023,Unknown,Unknown,Unknown,More than 28 Days,332
71E,E38000238,NHS Lincolnshire ICB - 71E,E54000013,NHS Lincolnshire Integrated Care Board,E40000011,Midlands,JUN2023,Unknown,Unknown,Unknown,Same Day,61
71E,E38000238,NHS Lincolnshire ICB - 71E,E54000013,NHS Lincolnshire Integrated Care Board,E40000011,Midlands,JUN2023,Unknown,Unknown,Unknown,Unknown / Data Quality,1
71E,E38000238,NHS Lincolnshire ICB - 71E,E54000013,NHS Lincolnshire Integrated Care Board,E40000011,Midlands,JUL2023,Attended,GP,Face-to-Face,1 Day,5162
71E,E38000238,NHS Lincolnshire ICB - 71E,E54000013,NHS Lincolnshire Integrated Care Board,E40000011,Midlands,JUL2023,Attended,GP,Face-to-Face,15  to 21 Days,2901
71E,E38000238,NHS Lincolnshire ICB - 71E,E54000013,NHS Lincolnshire Integrated Care Board,E40000011,Midlands,JUL2023,Attended,GP,Face-to-Face,2 to 7 Days,9806
71E,E38000238,NHS Lincolnshire ICB - 71E,E54000013,NHS Lincolnshire Integrated Care Board,E40000011,Midlands,JUL2023,Attended,GP,Face-to-Face,22  to 28 Days,1732
71E,E38000238,NHS Lincolnshire ICB - 71E,E54000013,NHS Lincolnshire Integrated Care Board,E40000011,Midlands,JUL2023,Attended,GP,Face-to-Face,8  to 14 Days,5370
71E,E38000238,NHS Lincolnshire ICB - 71E,E54000013,NHS Lincolnshire Integrated Care Board,E40000011,Midlands,JUL2023,Attended,GP,Face-to-Face,More than 28 Days,1854
71E,E38000238,NHS Lincolnshire ICB - 71E,E54000013,NHS Lincolnshire Integrated Care Board,E40000011,Midlands,JUL2023,Attended,GP,Face-to-Face,Same Day,53361
71E,E38000238,NHS Lincolnshire ICB - 71E,E54000013,NHS Lincolnshire Integrated Care Board,E40000011,Midlands,JUL2023,Attended,GP,Face-to-Face,Unknown / Data Quality,38
71E,E38000238,NHS Lincolnshire ICB - 71E,E54000013,NHS Lincolnshire Integrated Care Board,E40000011,Midlands,JUL2023,Attended,GP,Home Visit,1 Day,49
71E,E38000238,NHS Lincolnshire ICB - 71E,E54000013,NHS Lincolnshire Integrated Care Board,E40000011,Midlands,JUL2023,Attended,GP,Home Visit,15  to 21 Days,2
71E,E38000238,NHS Lincolnshire ICB - 71E,E54000013,NHS Lincolnshire Integrated Care Board,E40000011,Midlands,JUL2023,Attended,GP,Home Visit,2 to 7 Days,42
71E,E38000238,NHS Lincolnshire ICB - 71E,E54000013,NHS Lincolnshire Integrated Care Board,E40000011,Midlands,JUL2023,Attended,GP,Home Visit,8  to 14 Days,11
71E,E38000238,NHS Lincolnshire ICB - 71E,E54000013,NHS Lincolnshire Integrated Care Board,E40000011,Midlands,JUL2023,Attended,GP,Home Visit,More than 28 Days,1
71E,E38000238,NHS Lincolnshire ICB - 71E,E54000013,NHS Lincolnshire Integrated Care Board,E40000011,Midlands,JUL2023,Attended,GP,Home Visit,Same Day,435
71E,E38000238,NHS Lincolnshire ICB - 71E,E54000013,NHS Lincolnshire Integrated Care Board,E40000011,Midlands,JUL2023,Attended,GP,Telephone,1 Day,2861
71E,E38000238,NHS Lincolnshire ICB - 71E,E54000013,NHS Lincolnshire Integrated Care Board,E40000011,Midlands,JUL2023,Attended,GP,Telephone,15  to 21 Days,2003
71E,E38000238,NHS Lincolnshire ICB - 71E,E54000013,NHS Lincolnshire Integrated Care Board,E40000011,Midlands,JUL2023,Attended,GP,Telephone,2 to 7 Days,5584
71E,E38000238,NHS Lincolnshire ICB - 71E,E54000013,NHS Lincolnshire Integrated Care Board,E40000011,Midlands,JUL2023,Attended,GP,Telephone,22  to 28 Days,920
71E,E38000238,NHS Lincolnshire ICB - 71E,E54000013,NHS Lincolnshire Integrated Care Board,E40000011,Midlands,JUL2023,Attended,GP,Telephone,8  to 14 Days,4250
71E,E38000238,NHS Lincolnshire ICB - 71E,E54000013,NHS Lincolnshire Integrated Care Board,E40000011,Midlands,JUL2023,Attended,GP,Telephone,More than 28 Days,389
71E,E38000238,NHS Lincolnshire ICB - 71E,E54000013,NHS Lincolnshire Integrated Care Board,E40000011,Midlands,JUL2023,Attended,GP,Telephone,Same Day,35353
71E,E38000238,NHS Lincolnshire ICB - 71E,E54000013,NHS Lincolnshire Integrated Care Board,E40000011,Midlands,JUL2023,Attended,GP,Telephone,Unknown / Data Quality,2
71E,E38000238,NHS Lincolnshire ICB - 71E,E54000013,NHS Lincolnshire Integrated Care Board,E40000011,Midlands,JUL2023,Attended,GP,Unknown,1 Day,15
71E,E38000238,NHS Lincolnshire ICB - 71E,E54000013,NHS Lincolnshire Integrated Care Board,E40000011,Midlands,JUL2023,Attended,GP,Unknown,15  to 21 Days,9
71E,E38000238,NHS Lincolnshire ICB - 71E,E54000013,NHS Lincolnshire Integrated Care Board,E40000011,Midlands,JUL2023,Attended,GP,Unknown,2 to 7 Days,68
71E,E38000238,NHS Lincolnshire ICB - 71E,E54000013,NHS Lincolnshire Integrated Care Board,E40000011,Midlands,JUL2023,Attended,GP,Unknown,22  to 28 Days,1
71E,E38000238,NHS Lincolnshire ICB - 71E,E54000013,NHS Lincolnshire Integrated Care Board,E40000011,Midlands,JUL2023,Attended,GP,Unknown,8  to 14 Days,5
71E,E38000238,NHS Lincolnshire ICB - 71E,E54000013,NHS Lincolnshire Integrated Care Board,E40000011,Midlands,JUL2023,Attended,GP,Unknown,More than 28 Days,5
71E,E38000238,NHS Lincolnshire ICB - 71E,E54000013,NHS Lincolnshire Integrated Care Board,E40000011,Midlands,JUL2023,Attended,GP,Unknown,Same Day,263
71E,E38000238,NHS Lincolnshire ICB - 71E,E54000013,NHS Lincolnshire Integrated Care Board,E40000011,Midlands,JUL2023,Attended,GP,Video/Online,1 Day,208
71E,E38000238,NHS Lincolnshire ICB - 71E,E54000013,NHS Lincolnshire Integrated Care Board,E40000011,Midlands,JUL2023,Attended,GP,Video/Online,15  to 21 Days,23
71E,E38000238,NHS Lincolnshire ICB - 71E,E54000013,NHS Lincolnshire Integrated Care Board,E40000011,Midlands,JUL2023,Attended,GP,Video/Online,2 to 7 Days,336
71E,E38000238,NHS Lincolnshire ICB - 71E,E54000013,NHS Lincolnshire Integrated Care Board,E40000011,Midlands,JUL2023,Attended,GP,Video/Online,22  to 28 Days,9
71E,E38000238,NHS Lincolnshire ICB - 71E,E54000013,NHS Lincolnshire Integrated Care Board,E40000011,Midlands,JUL2023,Attended,GP,Video/Online,8  to 14 Days,537
71E,E38000238,NHS Lincolnshire ICB - 71E,E54000013,NHS Lincolnshire Integrated Care Board,E40000011,Midlands,JUL2023,Attended,GP,Video/Online,More than 28 Days,16
71E,E38000238,NHS Lincolnshire ICB - 71E,E54000013,NHS Lincolnshire Integrated Care Board,E40000011,Midlands,JUL2023,Attended,GP,Video/Online,Same Day,3214
71E,E38000238,NHS Lincolnshire ICB - 71E,E54000013,NHS Lincolnshire Integrated Care Board,E40000011,Midlands,JUL2023,Attended,Other Practice staff,Face-to-Face,1 Day,11032
71E,E38000238,NHS Lincolnshire ICB - 71E,E54000013,NHS Lincolnshire Integrated Care Board,E40000011,Midlands,JUL2023,Attended,Other Practice staff,Face-to-Face,15  to 21 Days,19636
71E,E38000238,NHS Lincolnshire ICB - 71E,E54000013,NHS Lincolnshire Integrated Care Board,E40000011,Midlands,JUL2023,Attended,Other Practice staff,Face-to-Face,2 to 7 Days,39060
71E,E38000238,NHS Lincolnshire ICB - 71E,E54000013,NHS Lincolnshire Integrated Care Board,E40000011,Midlands,JUL2023,Attended,Other Practice staff,Face-to-Face,22  to 28 Days,12675
71E,E38000238,NHS Lincolnshire ICB - 71E,E54000013,NHS Lincolnshire Integrated Care Board,E40000011,Midlands,JUL2023,Attended,Other Practice staff,Face-to-Face,8  to 14 Days,32740
71E,E38000238,NHS Lincolnshire ICB - 71E,E54000013,NHS Lincolnshire Integrated Care Board,E40000011,Midlands,JUL2023,Attended,Other Practice staff,Face-to-Face,More than 28 Days,13264
71E,E38000238,NHS Lincolnshire ICB - 71E,E54000013,NHS Lincolnshire Integrated Care Board,E40000011,Midlands,JUL2023,Attended,Other Practice staff,Face-to-Face,Same Day,51953
71E,E38000238,NHS Lincolnshire ICB - 71E,E54000013,NHS Lincolnshire Integrated Care Board,E40000011,Midlands,JUL2023,Attended,Other Practice staff,Face-to-Face,Unknown / Data Quality,68
71E,E38000238,NHS Lincolnshire ICB - 71E,E54000013,NHS Lincolnshire Integrated Care Board,E40000011,Midlands,JUL2023,Attended,Other Practice staff,Home Visit,1 Day,413
71E,E38000238,NHS Lincolnshire ICB - 71E,E54000013,NHS Lincolnshire Integrated Care Board,E40000011,Midlands,JUL2023,Attended,Other Practice staff,Home Visit,15  to 21 Days,133
71E,E38000238,NHS Lincolnshire ICB - 71E,E54000013,NHS Lincolnshire Integrated Care Board,E40000011,Midlands,JUL2023,Attended,Other Practice staff,Home Visit,2 to 7 Days,1044
71E,E38000238,NHS Lincolnshire ICB - 71E,E54000013,NHS Lincolnshire Integrated Care Board,E40000011,Midlands,JUL2023,Attended,Other Practice staff,Home Visit,22  to 28 Days,104
71E,E38000238,NHS Lincolnshire ICB - 71E,E54000013,NHS Lincolnshire Integrated Care Board,E40000011,Midlands,JUL2023,Attended,Other Practice staff,Home Visit,8  to 14 Days,332
71E,E38000238,NHS Lincolnshire ICB - 71E,E54000013,NHS Lincolnshire Integrated Care Board,E40000011,Midlands,JUL2023,Attended,Other Practice staff,Home Visit,More than 28 Days,52
71E,E38000238,NHS Lincolnshire ICB - 71E,E54000013,NHS Lincolnshire Integrated Care Board,E40000011,Midlands,JUL2023,Attended,Other Practice staff,Home Visit,Same Day,1250
71E,E38000238,NHS Lincolnshire ICB - 71E,E54000013,NHS Lincolnshire Integrated Care Board,E40000011,Midlands,JUL2023,Attended,Other Practice staff,Home Visit,Unknown / Data Quality,42
71E,E38000238,NHS Lincolnshire ICB - 71E,E54000013,NHS Lincolnshire Integrated Care Board,E40000011,Midlands,JUL2023,Attended,Other Practice staff,Telephone,1 Day,2774
71E,E38000238,NHS Lincolnshire ICB - 71E,E54000013,NHS Lincolnshire Integrated Care Board,E40000011,Midlands,JUL2023,Attended,Other Practice staff,Telephone,15  to 21 Days,1861
71E,E38000238,NHS Lincolnshire ICB - 71E,E54000013,NHS Lincolnshire Integrated Care Board,E40000011,Midlands,JUL2023,Attended,Other Practice staff,Telephone,2 to 7 Days,7029
71E,E38000238,NHS Lincolnshire ICB - 71E,E54000013,NHS Lincolnshire Integrated Care Board,E40000011,Midlands,JUL2023,Attended,Other Practice staff,Telephone,22  to 28 Days,1306
71E,E38000238,NHS Lincolnshire ICB - 71E,E54000013,NHS Lincolnshire Integrated Care Board,E40000011,Midlands,JUL2023,Attended,Other Practice staff,Telephone,8  to 14 Days,3488
71E,E38000238,NHS Lincolnshire ICB - 71E,E54000013,NHS Lincolnshire Integrated Care Board,E40000011,Midlands,JUL2023,Attended,Other Practice staff,Telephone,More than 28 Days,1368
71E,E38000238,NHS Lincolnshire ICB - 71E,E54000013,NHS Lincolnshire Integrated Care Board,E40000011,Midlands,JUL2023,Attended,Other Practice staff,Telephone,Same Day,23248
71E,E38000238,NHS Lincolnshire ICB - 71E,E54000013,NHS Lincolnshire Integrated Care Board,E40000011,Midlands,JUL2023,Attended,Other Practice staff,Telephone,Unknown / Data Quality,105
71E,E38000238,NHS Lincolnshire ICB - 71E,E54000013,NHS Lincolnshire Integrated Care Board,E40000011,Midlands,JUL2023,Attended,Other Practice staff,Unknown,1 Day,85
71E,E38000238,NHS Lincolnshire ICB - 71E,E54000013,NHS Lincolnshire Integrated Care Board,E40000011,Midlands,JUL2023,Attended,Other Practice staff,Unknown,15  to 21 Days,22
71E,E38000238,NHS Lincolnshire ICB - 71E,E54000013,NHS Lincolnshire Integrated Care Board,E40000011,Midlands,JUL2023,Attended,Other Practice staff,Unknown,2 to 7 Days,95
71E,E38000238,NHS Lincolnshire ICB - 71E,E54000013,NHS Lincolnshire Integrated Care Board,E40000011,Midlands,JUL2023,Attended,Other Practice staff,Unknown,22  to 28 Days,14
71E,E38000238,NHS Lincolnshire ICB - 71E,E54000013,NHS Lincolnshire Integrated Care Board,E40000011,Midlands,JUL2023,Attended,Other Practice staff,Unknown,8  to 14 Days,44
71E,E38000238,NHS Lincolnshire ICB - 71E,E54000013,NHS Lincolnshire Integrated Care Board,E40000011,Midlands,JUL2023,Attended,Other Practice staff,Unknown,More than 28 Days,12
71E,E38000238,NHS Lincolnshire ICB - 71E,E54000013,NHS Lincolnshire Integrated Care Board,E40000011,Midlands,JUL2023,Attended,Other Practice staff,Unknown,Same Day,590
71E,E38000238,NHS Lincolnshire ICB - 71E,E54000013,NHS Lincolnshire Integrated Care Board,E40000011,Midlands,JUL2023,Attended,Other Practice staff,Video/Online,1 Day,233
71E,E38000238,NHS Lincolnshire ICB - 71E,E54000013,NHS Lincolnshire Integrated Care Board,E40000011,Midlands,JUL2023,Attended,Other Practice staff,Video/Online,15  to 21 Days,21
71E,E38000238,NHS Lincolnshire ICB - 71E,E54000013,NHS Lincolnshire Integrated Care Board,E40000011,Midlands,JUL2023,Attended,Other Practice staff,Video/Online,2 to 7 Days,340
71E,E38000238,NHS Lincolnshire ICB - 71E,E54000013,NHS Lincolnshire Integrated Care Board,E40000011,Midlands,JUL2023,Attended,Other Practice staff,Video/Online,22  to 28 Days,13
71E,E38000238,NHS Lincolnshire ICB - 71E,E54000013,NHS Lincolnshire Integrated Care Board,E40000011,Midlands,JUL2023,Attended,Other Practice staff,Video/Online,8  to 14 Days,366
71E,E38000238,NHS Lincolnshire ICB - 71E,E54000013,NHS Lincolnshire Integrated Care Board,E40000011,Midlands,JUL2023,Attended,Other Practice staff,Video/Online,More than 28 Days,5
71E,E38000238,NHS Lincolnshire ICB - 71E,E54000013,NHS Lincolnshire Integrated Care Board,E40000011,Midlands,JUL2023,Attended,Other Practice staff,Video/Online,Same Day,2980
71E,E38000238,NHS Lincolnshire ICB - 71E,E54000013,NHS Lincolnshire Integrated Care Board,E40000011,Midlands,JUL2023,Attended,Other Practice staff,Video/Online,Unknown / Data Quality,1
71E,E38000238,NHS Lincolnshire ICB - 71E,E54000013,NHS Lincolnshire Integrated Care Board,E40000011,Midlands,JUL2023,Attended,Unknown,Unknown,1 Day,764
71E,E38000238,NHS Lincolnshire ICB - 71E,E54000013,NHS Lincolnshire Integrated Care Board,E40000011,Midlands,JUL2023,Attended,Unknown,Unknown,15  to 21 Days,276
71E,E38000238,NHS Lincolnshire ICB - 71E,E54000013,NHS Lincolnshire Integrated Care Board,E40000011,Midlands,JUL2023,Attended,Unknown,Unknown,2 to 7 Days,1920
71E,E38000238,NHS Lincolnshire ICB - 71E,E54000013,NHS Lincolnshire Integrated Care Board,E40000011,Midlands,JUL2023,Attended,Unknown,Unknown,22  to 28 Days,183
71E,E38000238,NHS Lincolnshire ICB - 71E,E54000013,NHS Lincolnshire Integrated Care Board,E40000011,Midlands,JUL2023,Attended,Unknown,Unknown,8  to 14 Days,682
71E,E38000238,NHS Lincolnshire ICB - 71E,E54000013,NHS Lincolnshire Integrated Care Board,E40000011,Midlands,JUL2023,Attended,Unknown,Unknown,More than 28 Days,205
71E,E38000238,NHS Lincolnshire ICB - 71E,E54000013,NHS Lincolnshire Integrated Care Board,E40000011,Midlands,JUL2023,Attended,Unknown,Unknown,Same Day,9064
71E,E38000238,NHS Lincolnshire ICB - 71E,E54000013,NHS Lincolnshire Integrated Care Board,E40000011,Midlands,JUL2023,Attended,Unknown,Unknown,Unknown / Data Quality,20
71E,E38000238,NHS Lincolnshire ICB - 71E,E54000013,NHS Lincolnshire Integrated Care Board,E40000011,Midlands,JUL2023,DNA,GP,Face-to-Face,1 Day,146
71E,E38000238,NHS Lincolnshire ICB - 71E,E54000013,NHS Lincolnshire Integrated Care Board,E40000011,Midlands,JUL2023,DNA,GP,Face-to-Face,15  to 21 Days,290
71E,E38000238,NHS Lincolnshire ICB - 71E,E54000013,NHS Lincolnshire Integrated Care Board,E40000011,Midlands,JUL2023,DNA,GP,Face-to-Face,2 to 7 Days,427
71E,E38000238,NHS Lincolnshire ICB - 71E,E54000013,NHS Lincolnshire Integrated Care Board,E40000011,Midlands,JUL2023,DNA,GP,Face-to-Face,22  to 28 Days,129
71E,E38000238,NHS Lincolnshire ICB - 71E,E54000013,NHS Lincolnshire Integrated Care Board,E40000011,Midlands,JUL2023,DNA,GP,Face-to-Face,8  to 14 Days,247
71E,E38000238,NHS Lincolnshire ICB - 71E,E54000013,NHS Lincolnshire Integrated Care Board,E40000011,Midlands,JUL2023,DNA,GP,Face-to-Face,More than 28 Days,131
71E,E38000238,NHS Lincolnshire ICB - 71E,E54000013,NHS Lincolnshire Integrated Care Board,E40000011,Midlands,JUL2023,DNA,GP,Face-to-Face,Same Day,549
71E,E38000238,NHS Lincolnshire ICB - 71E,E54000013,NHS Lincolnshire Integrated Care Board,E40000011,Midlands,JUL2023,DNA,GP,Home Visit,1 Day,10
71E,E38000238,NHS Lincolnshire ICB - 71E,E54000013,NHS Lincolnshire Integrated Care Board,E40000011,Midlands,JUL2023,DNA,GP,Home Visit,2 to 7 Days,5
71E,E38000238,NHS Lincolnshire ICB - 71E,E54000013,NHS Lincolnshire Integrated Care Board,E40000011,Midlands,JUL2023,DNA,GP,Home Visit,Same Day,16
71E,E38000238,NHS Lincolnshire ICB - 71E,E54000013,NHS Lincolnshire Integrated Care Board,E40000011,Midlands,JUL2023,DNA,GP,Telephone,1 Day,28
71E,E38000238,NHS Lincolnshire ICB - 71E,E54000013,NHS Lincolnshire Integrated Care Board,E40000011,Midlands,JUL2023,DNA,GP,Telephone,15  to 21 Days,22
71E,E38000238,NHS Lincolnshire ICB - 71E,E54000013,NHS Lincolnshire Integrated Care Board,E40000011,Midlands,JUL2023,DNA,GP,Telephone,2 to 7 Days,47
71E,E38000238,NHS Lincolnshire ICB - 71E,E54000013,NHS Lincolnshire Integrated Care Board,E40000011,Midlands,JUL2023,DNA,GP,Telephone,22  to 28 Days,14
71E,E38000238,NHS Lincolnshire ICB - 71E,E54000013,NHS Lincolnshire Integrated Care Board,E40000011,Midlands,JUL2023,DNA,GP,Telephone,8  to 14 Days,28
71E,E38000238,NHS Lincolnshire ICB - 71E,E54000013,NHS Lincolnshire Integrated Care Board,E40000011,Midlands,JUL2023,DNA,GP,Telephone,More than 28 Days,23
71E,E38000238,NHS Lincolnshire ICB - 71E,E54000013,NHS Lincolnshire Integrated Care Board,E40000011,Midlands,JUL2023,DNA,GP,Telephone,Same Day,173
71E,E38000238,NHS Lincolnshire ICB - 71E,E54000013,NHS Lincolnshire Integrated Care Board,E40000011,Midlands,JUL2023,DNA,GP,Unknown,2 to 7 Days,1
71E,E38000238,NHS Lincolnshire ICB - 71E,E54000013,NHS Lincolnshire Integrated Care Board,E40000011,Midlands,JUL2023,DNA,GP,Unknown,8  to 14 Days,3
71E,E38000238,NHS Lincolnshire ICB - 71E,E54000013,NHS Lincolnshire Integrated Care Board,E40000011,Midlands,JUL2023,DNA,GP,Unknown,Same Day,5
71E,E38000238,NHS Lincolnshire ICB - 71E,E54000013,NHS Lincolnshire Integrated Care Board,E40000011,Midlands,JUL2023,DNA,GP,Video/Online,1 Day,7
71E,E38000238,NHS Lincolnshire ICB - 71E,E54000013,NHS Lincolnshire Integrated Care Board,E40000011,Midlands,JUL2023,DNA,GP,Video/Online,15  to 21 Days,3
71E,E38000238,NHS Lincolnshire ICB - 71E,E54000013,NHS Lincolnshire Integrated Care Board,E40000011,Midlands,JUL2023,DNA,GP,Video/Online,2 to 7 Days,6
71E,E38000238,NHS Lincolnshire ICB - 71E,E54000013,NHS Lincolnshire Integrated Care Board,E40000011,Midlands,JUL2023,DNA,GP,Video/Online,22  to 28 Days,1
71E,E38000238,NHS Lincolnshire ICB - 71E,E54000013,NHS Lincolnshire Integrated Care Board,E40000011,Midlands,JUL2023,DNA,GP,Video/Online,8  to 14 Days,5
71E,E38000238,NHS Lincolnshire ICB - 71E,E54000013,NHS Lincolnshire Integrated Care Board,E40000011,Midlands,JUL2023,DNA,GP,Video/Online,Same Day,8
71E,E38000238,NHS Lincolnshire ICB - 71E,E54000013,NHS Lincolnshire Integrated Care Board,E40000011,Midlands,JUL2023,DNA,Other Practice staff,Face-to-Face,1 Day,429
71E,E38000238,NHS Lincolnshire ICB - 71E,E54000013,NHS Lincolnshire Integrated Care Board,E40000011,Midlands,JUL2023,DNA,Other Practice staff,Face-to-Face,15  to 21 Days,1652
71E,E38000238,NHS Lincolnshire ICB - 71E,E54000013,NHS Lincolnshire Integrated Care Board,E40000011,Midlands,JUL2023,DNA,Other Practice staff,Face-to-Face,2 to 7 Days,2316
71E,E38000238,NHS Lincolnshire ICB - 71E,E54000013,NHS Lincolnshire Integrated Care Board,E40000011,Midlands,JUL2023,DNA,Other Practice staff,Face-to-Face,22  to 28 Days,1126
71E,E38000238,NHS Lincolnshire ICB - 71E,E54000013,NHS Lincolnshire Integrated Care Board,E40000011,Midlands,JUL2023,DNA,Other Practice staff,Face-to-Face,8  to 14 Days,2509
71E,E38000238,NHS Lincolnshire ICB - 71E,E54000013,NHS Lincolnshire Integrated Care Board,E40000011,Midlands,JUL2023,DNA,Other Practice staff,Face-to-Face,More than 28 Days,1344
71E,E38000238,NHS Lincolnshire ICB - 71E,E54000013,NHS Lincolnshire Integrated Care Board,E40000011,Midlands,JUL2023,DNA,Other Practice staff,Face-to-Face,Same Day,794
71E,E38000238,NHS Lincolnshire ICB - 71E,E54000013,NHS Lincolnshire Integrated Care Board,E40000011,Midlands,JUL2023,DNA,Other Practice staff,Face-to-Face,Unknown / Data Quality,3
71E,E38000238,NHS Lincolnshire ICB - 71E,E54000013,NHS Lincolnshire Integrated Care Board,E40000011,Midlands,JUL2023,DNA,Other Practice staff,Home Visit,1 Day,9
71E,E38000238,NHS Lincolnshire ICB - 71E,E54000013,NHS Lincolnshire Integrated Care Board,E40000011,Midlands,JUL2023,DNA,Other Practice staff,Home Visit,15  to 21 Days,2
71E,E38000238,NHS Lincolnshire ICB - 71E,E54000013,NHS Lincolnshire Integrated Care Board,E40000011,Midlands,JUL2023,DNA,Other Practice staff,Home Visit,2 to 7 Days,44
71E,E38000238,NHS Lincolnshire ICB - 71E,E54000013,NHS Lincolnshire Integrated Care Board,E40000011,Midlands,JUL2023,DNA,Other Practice staff,Home Visit,22  to 28 Days,6
71E,E38000238,NHS Lincolnshire ICB - 71E,E54000013,NHS Lincolnshire Integrated Care Board,E40000011,Midlands,JUL2023,DNA,Other Practice staff,Home Visit,8  to 14 Days,9
71E,E38000238,NHS Lincolnshire ICB - 71E,E54000013,NHS Lincolnshire Integrated Care Board,E40000011,Midlands,JUL2023,DNA,Other Practice staff,Home Visit,More than 28 Days,2
71E,E38000238,NHS Lincolnshire ICB - 71E,E54000013,NHS Lincolnshire Integrated Care Board,E40000011,Midlands,JUL2023,DNA,Other Practice staff,Home Visit,Same Day,22
71E,E38000238,NHS Lincolnshire ICB - 71E,E54000013,NHS Lincolnshire Integrated Care Board,E40000011,Midlands,JUL2023,DNA,Other Practice staff,Telephone,1 Day,50
71E,E38000238,NHS Lincolnshire ICB - 71E,E54000013,NHS Lincolnshire Integrated Care Board,E40000011,Midlands,JUL2023,DNA,Other Practice staff,Telephone,15  to 21 Days,95
71E,E38000238,NHS Lincolnshire ICB - 71E,E54000013,NHS Lincolnshire Integrated Care Board,E40000011,Midlands,JUL2023,DNA,Other Practice staff,Telephone,2 to 7 Days,171
71E,E38000238,NHS Lincolnshire ICB - 71E,E54000013,NHS Lincolnshire Integrated Care Board,E40000011,Midlands,JUL2023,DNA,Other Practice staff,Telephone,22  to 28 Days,49
71E,E38000238,NHS Lincolnshire ICB - 71E,E54000013,NHS Lincolnshire Integrated Care Board,E40000011,Midlands,JUL2023,DNA,Other Practice staff,Telephone,8  to 14 Days,146
71E,E38000238,NHS Lincolnshire ICB - 71E,E54000013,NHS Lincolnshire Integrated Care Board,E40000011,Midlands,JUL2023,DNA,Other Practice staff,Telephone,More than 28 Days,31
71E,E38000238,NHS Lincolnshire ICB - 71E,E54000013,NHS Lincolnshire Integrated Care Board,E40000011,Midlands,JUL2023,DNA,Other Practice staff,Telephone,Same Day,178
71E,E38000238,NHS Lincolnshire ICB - 71E,E54000013,NHS Lincolnshire Integrated Care Board,E40000011,Midlands,JUL2023,DNA,Other Practice staff,Unknown,1 Day,2
71E,E38000238,NHS Lincolnshire ICB - 71E,E54000013,NHS Lincolnshire Integrated Care Board,E40000011,Midlands,JUL2023,DNA,Other Practice staff,Unknown,15  to 21 Days,8
71E,E38000238,NHS Lincolnshire ICB - 71E,E54000013,NHS Lincolnshire Integrated Care Board,E40000011,Midlands,JUL2023,DNA,Other Practice staff,Unknown,2 to 7 Days,1
71E,E38000238,NHS Lincolnshire ICB - 71E,E54000013,NHS Lincolnshire Integrated Care Board,E40000011,Midlands,JUL2023,DNA,Other Practice staff,Unknown,22  to 28 Days,9
71E,E38000238,NHS Lincolnshire ICB - 71E,E54000013,NHS Lincolnshire Integrated Care Board,E40000011,Midlands,JUL2023,DNA,Other Practice staff,Unknown,8  to 14 Days,19
71E,E38000238,NHS Lincolnshire ICB - 71E,E54000013,NHS Lincolnshire Integrated Care Board,E40000011,Midlands,JUL2023,DNA,Other Practice staff,Unknown,More than 28 Days,3
71E,E38000238,NHS Lincolnshire ICB - 71E,E54000013,NHS Lincolnshire Integrated Care Board,E40000011,Midlands,JUL2023,DNA,Other Practice staff,Unknown,Same Day,4
71E,E38000238,NHS Lincolnshire ICB - 71E,E54000013,NHS Lincolnshire Integrated Care Board,E40000011,Midlands,JUL2023,DNA,Other Practice staff,Video/Online,1 Day,5
71E,E38000238,NHS Lincolnshire ICB - 71E,E54000013,NHS Lincolnshire Integrated Care Board,E40000011,Midlands,JUL2023,DNA,Other Practice staff,Video/Online,2 to 7 Days,9
71E,E38000238,NHS Lincolnshire ICB - 71E,E54000013,NHS Lincolnshire Integrated Care Board,E40000011,Midlands,JUL2023,DNA,Other Practice staff,Video/Online,8  to 14 Days,11
71E,E38000238,NHS Lincolnshire ICB - 71E,E54000013,NHS Lincolnshire Integrated Care Board,E40000011,Midlands,JUL2023,DNA,Other Practice staff,Video/Online,Same Day,13
71E,E38000238,NHS Lincolnshire ICB - 71E,E54000013,NHS Lincolnshire Integrated Care Board,E40000011,Midlands,JUL2023,DNA,Unknown,Unknown,1 Day,13
71E,E38000238,NHS Lincolnshire ICB - 71E,E54000013,NHS Lincolnshire Integrated Care Board,E40000011,Midlands,JUL2023,DNA,Unknown,Unknown,15  to 21 Days,24
71E,E38000238,NHS Lincolnshire ICB - 71E,E54000013,NHS Lincolnshire Integrated Care Board,E40000011,Midlands,JUL2023,DNA,Unknown,Unknown,2 to 7 Days,65
71E,E38000238,NHS Lincolnshire ICB - 71E,E54000013,NHS Lincolnshire Integrated Care Board,E40000011,Midlands,JUL2023,DNA,Unknown,Unknown,22  to 28 Days,13
71E,E38000238,NHS Lincolnshire ICB - 71E,E54000013,NHS Lincolnshire Integrated Care Board,E40000011,Midlands,JUL2023,DNA,Unknown,Unknown,8  to 14 Days,40
71E,E38000238,NHS Lincolnshire ICB - 71E,E54000013,NHS Lincolnshire Integrated Care Board,E40000011,Midlands,JUL2023,DNA,Unknown,Unknown,More than 28 Days,25
71E,E38000238,NHS Lincolnshire ICB - 71E,E54000013,NHS Lincolnshire Integrated Care Board,E40000011,Midlands,JUL2023,DNA,Unknown,Unknown,Same Day,57
71E,E38000238,NHS Lincolnshire ICB - 71E,E54000013,NHS Lincolnshire Integrated Care Board,E40000011,Midlands,JUL2023,Unknown,GP,Face-to-Face,1 Day,112
71E,E38000238,NHS Lincolnshire ICB - 71E,E54000013,NHS Lincolnshire Integrated Care Board,E40000011,Midlands,JUL2023,Unknown,GP,Face-to-Face,15  to 21 Days,331
71E,E38000238,NHS Lincolnshire ICB - 71E,E54000013,NHS Lincolnshire Integrated Care Board,E40000011,Midlands,JUL2023,Unknown,GP,Face-to-Face,2 to 7 Days,479
71E,E38000238,NHS Lincolnshire ICB - 71E,E54000013,NHS Lincolnshire Integrated Care Board,E40000011,Midlands,JUL2023,Unknown,GP,Face-to-Face,22  to 28 Days,256
71E,E38000238,NHS Lincolnshire ICB - 71E,E54000013,NHS Lincolnshire Integrated Care Board,E40000011,Midlands,JUL2023,Unknown,GP,Face-to-Face,8  to 14 Days,366
71E,E38000238,NHS Lincolnshire ICB - 71E,E54000013,NHS Lincolnshire Integrated Care Board,E40000011,Midlands,JUL2023,Unknown,GP,Face-to-Face,More than 28 Days,306
71E,E38000238,NHS Lincolnshire ICB - 71E,E54000013,NHS Lincolnshire Integrated Care Board,E40000011,Midlands,JUL2023,Unknown,GP,Face-to-Face,Same Day,305
71E,E38000238,NHS Lincolnshire ICB - 71E,E54000013,NHS Lincolnshire Integrated Care Board,E40000011,Midlands,JUL2023,Unknown,GP,Face-to-Face,Unknown / Data Quality,2
71E,E38000238,NHS Lincolnshire ICB - 71E,E54000013,NHS Lincolnshire Integrated Care Board,E40000011,Midlands,JUL2023,Unknown,GP,Home Visit,1 Day,1
71E,E38000238,NHS Lincolnshire ICB - 71E,E54000013,NHS Lincolnshire Integrated Care Board,E40000011,Midlands,JUL2023,Unknown,GP,Home Visit,15  to 21 Days,3
71E,E38000238,NHS Lincolnshire ICB - 71E,E54000013,NHS Lincolnshire Integrated Care Board,E40000011,Midlands,JUL2023,Unknown,GP,Home Visit,2 to 7 Days,9
71E,E38000238,NHS Lincolnshire ICB - 71E,E54000013,NHS Lincolnshire Integrated Care Board,E40000011,Midlands,JUL2023,Unknown,GP,Home Visit,22  to 28 Days,2
71E,E38000238,NHS Lincolnshire ICB - 71E,E54000013,NHS Lincolnshire Integrated Care Board,E40000011,Midlands,JUL2023,Unknown,GP,Home Visit,8  to 14 Days,2
71E,E38000238,NHS Lincolnshire ICB - 71E,E54000013,NHS Lincolnshire Integrated Care Board,E40000011,Midlands,JUL2023,Unknown,GP,Home Visit,More than 28 Days,5
71E,E38000238,NHS Lincolnshire ICB - 71E,E54000013,NHS Lincolnshire Integrated Care Board,E40000011,Midlands,JUL2023,Unknown,GP,Home Visit,Same Day,7
71E,E38000238,NHS Lincolnshire ICB - 71E,E54000013,NHS Lincolnshire Integrated Care Board,E40000011,Midlands,JUL2023,Unknown,GP,Telephone,1 Day,79
71E,E38000238,NHS Lincolnshire ICB - 71E,E54000013,NHS Lincolnshire Integrated Care Board,E40000011,Midlands,JUL2023,Unknown,GP,Telephone,15  to 21 Days,309
71E,E38000238,NHS Lincolnshire ICB - 71E,E54000013,NHS Lincolnshire Integrated Care Board,E40000011,Midlands,JUL2023,Unknown,GP,Telephone,2 to 7 Days,235
71E,E38000238,NHS Lincolnshire ICB - 71E,E54000013,NHS Lincolnshire Integrated Care Board,E40000011,Midlands,JUL2023,Unknown,GP,Telephone,22  to 28 Days,184
71E,E38000238,NHS Lincolnshire ICB - 71E,E54000013,NHS Lincolnshire Integrated Care Board,E40000011,Midlands,JUL2023,Unknown,GP,Telephone,8  to 14 Days,374
71E,E38000238,NHS Lincolnshire ICB - 71E,E54000013,NHS Lincolnshire Integrated Care Board,E40000011,Midlands,JUL2023,Unknown,GP,Telephone,More than 28 Days,112
71E,E38000238,NHS Lincolnshire ICB - 71E,E54000013,NHS Lincolnshire Integrated Care Board,E40000011,Midlands,JUL2023,Unknown,GP,Telephone,Same Day,212
71E,E38000238,NHS Lincolnshire ICB - 71E,E54000013,NHS Lincolnshire Integrated Care Board,E40000011,Midlands,JUL2023,Unknown,GP,Telephone,Unknown / Data Quality,1
71E,E38000238,NHS Lincolnshire ICB - 71E,E54000013,NHS Lincolnshire Integrated Care Board,E40000011,Midlands,JUL2023,Unknown,GP,Unknown,1 Day,5
71E,E38000238,NHS Lincolnshire ICB - 71E,E54000013,NHS Lincolnshire Integrated Care Board,E40000011,Midlands,JUL2023,Unknown,GP,Unknown,15  to 21 Days,26
71E,E38000238,NHS Lincolnshire ICB - 71E,E54000013,NHS Lincolnshire Integrated Care Board,E40000011,Midlands,JUL2023,Unknown,GP,Unknown,2 to 7 Days,17
71E,E38000238,NHS Lincolnshire ICB - 71E,E54000013,NHS Lincolnshire Integrated Care Board,E40000011,Midlands,JUL2023,Unknown,GP,Unknown,22  to 28 Days,13
71E,E38000238,NHS Lincolnshire ICB - 71E,E54000013,NHS Lincolnshire Integrated Care Board,E40000011,Midlands,JUL2023,Unknown,GP,Unknown,8  to 14 Days,49
71E,E38000238,NHS Lincolnshire ICB - 71E,E54000013,NHS Lincolnshire Integrated Care Board,E40000011,Midlands,JUL2023,Unknown,GP,Unknown,More than 28 Days,28
71E,E38000238,NHS Lincolnshire ICB - 71E,E54000013,NHS Lincolnshire Integrated Care Board,E40000011,Midlands,JUL2023,Unknown,GP,Unknown,Same Day,104
71E,E38000238,NHS Lincolnshire ICB - 71E,E54000013,NHS Lincolnshire Integrated Care Board,E40000011,Midlands,JUL2023,Unknown,GP,Video/Online,1 Day,34
71E,E38000238,NHS Lincolnshire ICB - 71E,E54000013,NHS Lincolnshire Integrated Care Board,E40000011,Midlands,JUL2023,Unknown,GP,Video/Online,15  to 21 Days,5
71E,E38000238,NHS Lincolnshire ICB - 71E,E54000013,NHS Lincolnshire Integrated Care Board,E40000011,Midlands,JUL2023,Unknown,GP,Video/Online,2 to 7 Days,169
71E,E38000238,NHS Lincolnshire ICB - 71E,E54000013,NHS Lincolnshire Integrated Care Board,E40000011,Midlands,JUL2023,Unknown,GP,Video/Online,22  to 28 Days,3
71E,E38000238,NHS Lincolnshire ICB - 71E,E54000013,NHS Lincolnshire Integrated Care Board,E40000011,Midlands,JUL2023,Unknown,GP,Video/Online,8  to 14 Days,38
71E,E38000238,NHS Lincolnshire ICB - 71E,E54000013,NHS Lincolnshire Integrated Care Board,E40000011,Midlands,JUL2023,Unknown,GP,Video/Online,More than 28 Days,10
71E,E38000238,NHS Lincolnshire ICB - 71E,E54000013,NHS Lincolnshire Integrated Care Board,E40000011,Midlands,JUL2023,Unknown,GP,Video/Online,Same Day,401
71E,E38000238,NHS Lincolnshire ICB - 71E,E54000013,NHS Lincolnshire Integrated Care Board,E40000011,Midlands,JUL2023,Unknown,Other Practice staff,Face-to-Face,1 Day,215
71E,E38000238,NHS Lincolnshire ICB - 71E,E54000013,NHS Lincolnshire Integrated Care Board,E40000011,Midlands,JUL2023,Unknown,Other Practice staff,Face-to-Face,15  to 21 Days,2306
71E,E38000238,NHS Lincolnshire ICB - 71E,E54000013,NHS Lincolnshire Integrated Care Board,E40000011,Midlands,JUL2023,Unknown,Other Practice staff,Face-to-Face,2 to 7 Days,1733
71E,E38000238,NHS Lincolnshire ICB - 71E,E54000013,NHS Lincolnshire Integrated Care Board,E40000011,Midlands,JUL2023,Unknown,Other Practice staff,Face-to-Face,22  to 28 Days,1834
71E,E38000238,NHS Lincolnshire ICB - 71E,E54000013,NHS Lincolnshire Integrated Care Board,E40000011,Midlands,JUL2023,Unknown,Other Practice staff,Face-to-Face,8  to 14 Days,2889
71E,E38000238,NHS Lincolnshire ICB - 71E,E54000013,NHS Lincolnshire Integrated Care Board,E40000011,Midlands,JUL2023,Unknown,Other Practice staff,Face-to-Face,More than 28 Days,2536
71E,E38000238,NHS Lincolnshire ICB - 71E,E54000013,NHS Lincolnshire Integrated Care Board,E40000011,Midlands,JUL2023,Unknown,Other Practice staff,Face-to-Face,Same Day,767
71E,E38000238,NHS Lincolnshire ICB - 71E,E54000013,NHS Lincolnshire Integrated Care Board,E40000011,Midlands,JUL2023,Unknown,Other Practice staff,Face-to-Face,Unknown / Data Quality,9
71E,E38000238,NHS Lincolnshire ICB - 71E,E54000013,NHS Lincolnshire Integrated Care Board,E40000011,Midlands,JUL2023,Unknown,Other Practice staff,Home Visit,1 Day,11
71E,E38000238,NHS Lincolnshire ICB - 71E,E54000013,NHS Lincolnshire Integrated Care Board,E40000011,Midlands,JUL2023,Unknown,Other Practice staff,Home Visit,15  to 21 Days,58
71E,E38000238,NHS Lincolnshire ICB - 71E,E54000013,NHS Lincolnshire Integrated Care Board,E40000011,Midlands,JUL2023,Unknown,Other Practice staff,Home Visit,2 to 7 Days,96
71E,E38000238,NHS Lincolnshire ICB - 71E,E54000013,NHS Lincolnshire Integrated Care Board,E40000011,Midlands,JUL2023,Unknown,Other Practice staff,Home Visit,22  to 28 Days,37
71E,E38000238,NHS Lincolnshire ICB - 71E,E54000013,NHS Lincolnshire Integrated Care Board,E40000011,Midlands,JUL2023,Unknown,Other Practice staff,Home Visit,8  to 14 Days,75
71E,E38000238,NHS Lincolnshire ICB - 71E,E54000013,NHS Lincolnshire Integrated Care Board,E40000011,Midlands,JUL2023,Unknown,Other Practice staff,Home Visit,More than 28 Days,37
71E,E38000238,NHS Lincolnshire ICB - 71E,E54000013,NHS Lincolnshire Integrated Care Board,E40000011,Midlands,JUL2023,Unknown,Other Practice staff,Home Visit,Same Day,32
71E,E38000238,NHS Lincolnshire ICB - 71E,E54000013,NHS Lincolnshire Integrated Care Board,E40000011,Midlands,JUL2023,Unknown,Other Practice staff,Home Visit,Unknown / Data Quality,1
71E,E38000238,NHS Lincolnshire ICB - 71E,E54000013,NHS Lincolnshire Integrated Care Board,E40000011,Midlands,JUL2023,Unknown,Other Practice staff,Telephone,1 Day,95
71E,E38000238,NHS Lincolnshire ICB - 71E,E54000013,NHS Lincolnshire Integrated Care Board,E40000011,Midlands,JUL2023,Unknown,Other Practice staff,Telephone,15  to 21 Days,297
71E,E38000238,NHS Lincolnshire ICB - 71E,E54000013,NHS Lincolnshire Integrated Care Board,E40000011,Midlands,JUL2023,Unknown,Other Practice staff,Telephone,2 to 7 Days,391
71E,E38000238,NHS Lincolnshire ICB - 71E,E54000013,NHS Lincolnshire Integrated Care Board,E40000011,Midlands,JUL2023,Unknown,Other Practice staff,Telephone,22  to 28 Days,206
71E,E38000238,NHS Lincolnshire ICB - 71E,E54000013,NHS Lincolnshire Integrated Care Board,E40000011,Midlands,JUL2023,Unknown,Other Practice staff,Telephone,8  to 14 Days,465
71E,E38000238,NHS Lincolnshire ICB - 71E,E54000013,NHS Lincolnshire Integrated Care Board,E40000011,Midlands,JUL2023,Unknown,Other Practice staff,Telephone,More than 28 Days,212
71E,E38000238,NHS Lincolnshire ICB - 71E,E54000013,NHS Lincolnshire Integrated Care Board,E40000011,Midlands,JUL2023,Unknown,Other Practice staff,Telephone,Same Day,374
71E,E38000238,NHS Lincolnshire ICB - 71E,E54000013,NHS Lincolnshire Integrated Care Board,E40000011,Midlands,JUL2023,Unknown,Other Practice staff,Telephone,Unknown / Data Quality,1
71E,E38000238,NHS Lincolnshire ICB - 71E,E54000013,NHS Lincolnshire Integrated Care Board,E40000011,Midlands,JUL2023,Unknown,Other Practice staff,Unknown,1 Day,8
71E,E38000238,NHS Lincolnshire ICB - 71E,E54000013,NHS Lincolnshire Integrated Care Board,E40000011,Midlands,JUL2023,Unknown,Other Practice staff,Unknown,15  to 21 Days,253
71E,E38000238,NHS Lincolnshire ICB - 71E,E54000013,NHS Lincolnshire Integrated Care Board,E40000011,Midlands,JUL2023,Unknown,Other Practice staff,Unknown,2 to 7 Days,66
71E,E38000238,NHS Lincolnshire ICB - 71E,E54000013,NHS Lincolnshire Integrated Care Board,E40000011,Midlands,JUL2023,Unknown,Other Practice staff,Unknown,22  to 28 Days,175
71E,E38000238,NHS Lincolnshire ICB - 71E,E54000013,NHS Lincolnshire Integrated Care Board,E40000011,Midlands,JUL2023,Unknown,Other Practice staff,Unknown,8  to 14 Days,244
71E,E38000238,NHS Lincolnshire ICB - 71E,E54000013,NHS Lincolnshire Integrated Care Board,E40000011,Midlands,JUL2023,Unknown,Other Practice staff,Unknown,More than 28 Days,194
71E,E38000238,NHS Lincolnshire ICB - 71E,E54000013,NHS Lincolnshire Integrated Care Board,E40000011,Midlands,JUL2023,Unknown,Other Practice staff,Unknown,Same Day,17
71E,E38000238,NHS Lincolnshire ICB - 71E,E54000013,NHS Lincolnshire Integrated Care Board,E40000011,Midlands,JUL2023,Unknown,Other Practice staff,Video/Online,1 Day,8
71E,E38000238,NHS Lincolnshire ICB - 71E,E54000013,NHS Lincolnshire Integrated Care Board,E40000011,Midlands,JUL2023,Unknown,Other Practice staff,Video/Online,15  to 21 Days,19
71E,E38000238,NHS Lincolnshire ICB - 71E,E54000013,NHS Lincolnshire Integrated Care Board,E40000011,Midlands,JUL2023,Unknown,Other Practice staff,Video/Online,2 to 7 Days,16
71E,E38000238,NHS Lincolnshire ICB - 71E,E54000013,NHS Lincolnshire Integrated Care Board,E40000011,Midlands,JUL2023,Unknown,Other Practice staff,Video/Online,22  to 28 Days,2
71E,E38000238,NHS Lincolnshire ICB - 71E,E54000013,NHS Lincolnshire Integrated Care Board,E40000011,Midlands,JUL2023,Unknown,Other Practice staff,Video/Online,8  to 14 Days,59
71E,E38000238,NHS Lincolnshire ICB - 71E,E54000013,NHS Lincolnshire Integrated Care Board,E40000011,Midlands,JUL2023,Unknown,Other Practice staff,Video/Online,More than 28 Days,1
71E,E38000238,NHS Lincolnshire ICB - 71E,E54000013,NHS Lincolnshire Integrated Care Board,E40000011,Midlands,JUL2023,Unknown,Other Practice staff,Video/Online,Same Day,4
71E,E38000238,NHS Lincolnshire ICB - 71E,E54000013,NHS Lincolnshire Integrated Care Board,E40000011,Midlands,JUL2023,Unknown,Unknown,Face-to-Face,1 Day,1
71E,E38000238,NHS Lincolnshire ICB - 71E,E54000013,NHS Lincolnshire Integrated Care Board,E40000011,Midlands,JUL2023,Unknown,Unknown,Unknown,1 Day,27
71E,E38000238,NHS Lincolnshire ICB - 71E,E54000013,NHS Lincolnshire Integrated Care Board,E40000011,Midlands,JUL2023,Unknown,Unknown,Unknown,15  to 21 Days,115
71E,E38000238,NHS Lincolnshire ICB - 71E,E54000013,NHS Lincolnshire Integrated Care Board,E40000011,Midlands,JUL2023,Unknown,Unknown,Unknown,2 to 7 Days,103
71E,E38000238,NHS Lincolnshire ICB - 71E,E54000013,NHS Lincolnshire Integrated Care Board,E40000011,Midlands,JUL2023,Unknown,Unknown,Unknown,22  to 28 Days,85
71E,E38000238,NHS Lincolnshire ICB - 71E,E54000013,NHS Lincolnshire Integrated Care Board,E40000011,Midlands,JUL2023,Unknown,Unknown,Unknown,8  to 14 Days,177
71E,E38000238,NHS Lincolnshire ICB - 71E,E54000013,NHS Lincolnshire Integrated Care Board,E40000011,Midlands,JUL2023,Unknown,Unknown,Unknown,More than 28 Days,157
71E,E38000238,NHS Lincolnshire ICB - 71E,E54000013,NHS Lincolnshire Integrated Care Board,E40000011,Midlands,JUL2023,Unknown,Unknown,Unknown,Same Day,63
71E,E38000238,NHS Lincolnshire ICB - 71E,E54000013,NHS Lincolnshire Integrated Care Board,E40000011,Midlands,JUL2023,Unknown,Unknown,Unknown,Unknown / Data Quality,1
71E,E38000238,NHS Lincolnshire ICB - 71E,E54000013,NHS Lincolnshire Integrated Care Board,E40000011,Midlands,AUG2023,Attended,GP,Face-to-Face,1 Day,5230
71E,E38000238,NHS Lincolnshire ICB - 71E,E54000013,NHS Lincolnshire Integrated Care Board,E40000011,Midlands,AUG2023,Attended,GP,Face-to-Face,15  to 21 Days,2768
71E,E38000238,NHS Lincolnshire ICB - 71E,E54000013,NHS Lincolnshire Integrated Care Board,E40000011,Midlands,AUG2023,Attended,GP,Face-to-Face,2 to 7 Days,9156
71E,E38000238,NHS Lincolnshire ICB - 71E,E54000013,NHS Lincolnshire Integrated Care Board,E40000011,Midlands,AUG2023,Attended,GP,Face-to-Face,22  to 28 Days,1860
71E,E38000238,NHS Lincolnshire ICB - 71E,E54000013,NHS Lincolnshire Integrated Care Board,E40000011,Midlands,AUG2023,Attended,GP,Face-to-Face,8  to 14 Days,5107
71E,E38000238,NHS Lincolnshire ICB - 71E,E54000013,NHS Lincolnshire Integrated Care Board,E40000011,Midlands,AUG2023,Attended,GP,Face-to-Face,More than 28 Days,2081
71E,E38000238,NHS Lincolnshire ICB - 71E,E54000013,NHS Lincolnshire Integrated Care Board,E40000011,Midlands,AUG2023,Attended,GP,Face-to-Face,Same Day,53336
71E,E38000238,NHS Lincolnshire ICB - 71E,E54000013,NHS Lincolnshire Integrated Care Board,E40000011,Midlands,AUG2023,Attended,GP,Face-to-Face,Unknown / Data Quality,72
71E,E38000238,NHS Lincolnshire ICB - 71E,E54000013,NHS Lincolnshire Integrated Care Board,E40000011,Midlands,AUG2023,Attended,GP,Home Visit,1 Day,48
71E,E38000238,NHS Lincolnshire ICB - 71E,E54000013,NHS Lincolnshire Integrated Care Board,E40000011,Midlands,AUG2023,Attended,GP,Home Visit,15  to 21 Days,7
71E,E38000238,NHS Lincolnshire ICB - 71E,E54000013,NHS Lincolnshire Integrated Care Board,E40000011,Midlands,AUG2023,Attended,GP,Home Visit,2 to 7 Days,41
71E,E38000238,NHS Lincolnshire ICB - 71E,E54000013,NHS Lincolnshire Integrated Care Board,E40000011,Midlands,AUG2023,Attended,GP,Home Visit,8  to 14 Days,7
71E,E38000238,NHS Lincolnshire ICB - 71E,E54000013,NHS Lincolnshire Integrated Care Board,E40000011,Midlands,AUG2023,Attended,GP,Home Visit,Same Day,381
71E,E38000238,NHS Lincolnshire ICB - 71E,E54000013,NHS Lincolnshire Integrated Care Board,E40000011,Midlands,AUG2023,Attended,GP,Home Visit,Unknown / Data Quality,6
71E,E38000238,NHS Lincolnshire ICB - 71E,E54000013,NHS Lincolnshire Integrated Care Board,E40000011,Midlands,AUG2023,Attended,GP,Telephone,1 Day,3192
71E,E38000238,NHS Lincolnshire ICB - 71E,E54000013,NHS Lincolnshire Integrated Care Board,E40000011,Midlands,AUG2023,Attended,GP,Telephone,15  to 21 Days,2558
71E,E38000238,NHS Lincolnshire ICB - 71E,E54000013,NHS Lincolnshire Integrated Care Board,E40000011,Midlands,AUG2023,Attended,GP,Telephone,2 to 7 Days,5148
71E,E38000238,NHS Lincolnshire ICB - 71E,E54000013,NHS Lincolnshire Integrated Care Board,E40000011,Midlands,AUG2023,Attended,GP,Telephone,22  to 28 Days,1044
71E,E38000238,NHS Lincolnshire ICB - 71E,E54000013,NHS Lincolnshire Integrated Care Board,E40000011,Midlands,AUG2023,Attended,GP,Telephone,8  to 14 Days,3383
71E,E38000238,NHS Lincolnshire ICB - 71E,E54000013,NHS Lincolnshire Integrated Care Board,E40000011,Midlands,AUG2023,Attended,GP,Telephone,More than 28 Days,822
71E,E38000238,NHS Lincolnshire ICB - 71E,E54000013,NHS Lincolnshire Integrated Care Board,E40000011,Midlands,AUG2023,Attended,GP,Telephone,Same Day,33478
71E,E38000238,NHS Lincolnshire ICB - 71E,E54000013,NHS Lincolnshire Integrated Care Board,E40000011,Midlands,AUG2023,Attended,GP,Telephone,Unknown / Data Quality,27
71E,E38000238,NHS Lincolnshire ICB - 71E,E54000013,NHS Lincolnshire Integrated Care Board,E40000011,Midlands,AUG2023,Attended,GP,Unknown,1 Day,38
71E,E38000238,NHS Lincolnshire ICB - 71E,E54000013,NHS Lincolnshire Integrated Care Board,E40000011,Midlands,AUG2023,Attended,GP,Unknown,15  to 21 Days,13
71E,E38000238,NHS Lincolnshire ICB - 71E,E54000013,NHS Lincolnshire Integrated Care Board,E40000011,Midlands,AUG2023,Attended,GP,Unknown,2 to 7 Days,64
71E,E38000238,NHS Lincolnshire ICB - 71E,E54000013,NHS Lincolnshire Integrated Care Board,E40000011,Midlands,AUG2023,Attended,GP,Unknown,22  to 28 Days,3
71E,E38000238,NHS Lincolnshire ICB - 71E,E54000013,NHS Lincolnshire Integrated Care Board,E40000011,Midlands,AUG2023,Attended,GP,Unknown,8  to 14 Days,25
71E,E38000238,NHS Lincolnshire ICB - 71E,E54000013,NHS Lincolnshire Integrated Care Board,E40000011,Midlands,AUG2023,Attended,GP,Unknown,More than 28 Days,1
71E,E38000238,NHS Lincolnshire ICB - 71E,E54000013,NHS Lincolnshire Integrated Care Board,E40000011,Midlands,AUG2023,Attended,GP,Unknown,Same Day,563
71E,E38000238,NHS Lincolnshire ICB - 71E,E54000013,NHS Lincolnshire Integrated Care Board,E40000011,Midlands,AUG2023,Attended,GP,Unknown,Unknown / Data Quality,1
71E,E38000238,NHS Lincolnshire ICB - 71E,E54000013,NHS Lincolnshire Integrated Care Board,E40000011,Midlands,AUG2023,Attended,GP,Video/Online,1 Day,265
71E,E38000238,NHS Lincolnshire ICB - 71E,E54000013,NHS Lincolnshire Integrated Care Board,E40000011,Midlands,AUG2023,Attended,GP,Video/Online,15  to 21 Days,108
71E,E38000238,NHS Lincolnshire ICB - 71E,E54000013,NHS Lincolnshire Integrated Care Board,E40000011,Midlands,AUG2023,Attended,GP,Video/Online,2 to 7 Days,311
71E,E38000238,NHS Lincolnshire ICB - 71E,E54000013,NHS Lincolnshire Integrated Care Board,E40000011,Midlands,AUG2023,Attended,GP,Video/Online,22  to 28 Days,18
71E,E38000238,NHS Lincolnshire ICB - 71E,E54000013,NHS Lincolnshire Integrated Care Board,E40000011,Midlands,AUG2023,Attended,GP,Video/Online,8  to 14 Days,228
71E,E38000238,NHS Lincolnshire ICB - 71E,E54000013,NHS Lincolnshire Integrated Care Board,E40000011,Midlands,AUG2023,Attended,GP,Video/Online,More than 28 Days,12
71E,E38000238,NHS Lincolnshire ICB - 71E,E54000013,NHS Lincolnshire Integrated Care Board,E40000011,Midlands,AUG2023,Attended,GP,Video/Online,Same Day,5132
71E,E38000238,NHS Lincolnshire ICB - 71E,E54000013,NHS Lincolnshire Integrated Care Board,E40000011,Midlands,AUG2023,Attended,GP,Video/Online,Unknown / Data Quality,1
71E,E38000238,NHS Lincolnshire ICB - 71E,E54000013,NHS Lincolnshire Integrated Care Board,E40000011,Midlands,AUG2023,Attended,Other Practice staff,Face-to-Face,1 Day,11675
71E,E38000238,NHS Lincolnshire ICB - 71E,E54000013,NHS Lincolnshire Integrated Care Board,E40000011,Midlands,AUG2023,Attended,Other Practice staff,Face-to-Face,15  to 21 Days,21448
71E,E38000238,NHS Lincolnshire ICB - 71E,E54000013,NHS Lincolnshire Integrated Care Board,E40000011,Midlands,AUG2023,Attended,Other Practice staff,Face-to-Face,2 to 7 Days,37280
71E,E38000238,NHS Lincolnshire ICB - 71E,E54000013,NHS Lincolnshire Integrated Care Board,E40000011,Midlands,AUG2023,Attended,Other Practice staff,Face-to-Face,22  to 28 Days,14102
71E,E38000238,NHS Lincolnshire ICB - 71E,E54000013,NHS Lincolnshire Integrated Care Board,E40000011,Midlands,AUG2023,Attended,Other Practice staff,Face-to-Face,8  to 14 Days,33708
71E,E38000238,NHS Lincolnshire ICB - 71E,E54000013,NHS Lincolnshire Integrated Care Board,E40000011,Midlands,AUG2023,Attended,Other Practice staff,Face-to-Face,More than 28 Days,16015
71E,E38000238,NHS Lincolnshire ICB - 71E,E54000013,NHS Lincolnshire Integrated Care Board,E40000011,Midlands,AUG2023,Attended,Other Practice staff,Face-to-Face,Same Day,52808
71E,E38000238,NHS Lincolnshire ICB - 71E,E54000013,NHS Lincolnshire Integrated Care Board,E40000011,Midlands,AUG2023,Attended,Other Practice staff,Face-to-Face,Unknown / Data Quality,277
71E,E38000238,NHS Lincolnshire ICB - 71E,E54000013,NHS Lincolnshire Integrated Care Board,E40000011,Midlands,AUG2023,Attended,Other Practice staff,Home Visit,1 Day,358
71E,E38000238,NHS Lincolnshire ICB - 71E,E54000013,NHS Lincolnshire Integrated Care Board,E40000011,Midlands,AUG2023,Attended,Other Practice staff,Home Visit,15  to 21 Days,147
71E,E38000238,NHS Lincolnshire ICB - 71E,E54000013,NHS Lincolnshire Integrated Care Board,E40000011,Midlands,AUG2023,Attended,Other Practice staff,Home Visit,2 to 7 Days,1387
71E,E38000238,NHS Lincolnshire ICB - 71E,E54000013,NHS Lincolnshire Integrated Care Board,E40000011,Midlands,AUG2023,Attended,Other Practice staff,Home Visit,22  to 28 Days,113
71E,E38000238,NHS Lincolnshire ICB - 71E,E54000013,NHS Lincolnshire Integrated Care Board,E40000011,Midlands,AUG2023,Attended,Other Practice staff,Home Visit,8  to 14 Days,439
71E,E38000238,NHS Lincolnshire ICB - 71E,E54000013,NHS Lincolnshire Integrated Care Board,E40000011,Midlands,AUG2023,Attended,Other Practice staff,Home Visit,More than 28 Days,96
71E,E38000238,NHS Lincolnshire ICB - 71E,E54000013,NHS Lincolnshire Integrated Care Board,E40000011,Midlands,AUG2023,Attended,Other Practice staff,Home Visit,Same Day,1404
71E,E38000238,NHS Lincolnshire ICB - 71E,E54000013,NHS Lincolnshire Integrated Care Board,E40000011,Midlands,AUG2023,Attended,Other Practice staff,Home Visit,Unknown / Data Quality,48
71E,E38000238,NHS Lincolnshire ICB - 71E,E54000013,NHS Lincolnshire Integrated Care Board,E40000011,Midlands,AUG2023,Attended,Other Practice staff,Telephone,1 Day,3038
71E,E38000238,NHS Lincolnshire ICB - 71E,E54000013,NHS Lincolnshire Integrated Care Board,E40000011,Midlands,AUG2023,Attended,Other Practice staff,Telephone,15  to 21 Days,2538
71E,E38000238,NHS Lincolnshire ICB - 71E,E54000013,NHS Lincolnshire Integrated Care Board,E40000011,Midlands,AUG2023,Attended,Other Practice staff,Telephone,2 to 7 Days,6596
71E,E38000238,NHS Lincolnshire ICB - 71E,E54000013,NHS Lincolnshire Integrated Care Board,E40000011,Midlands,AUG2023,Attended,Other Practice staff,Telephone,22  to 28 Days,1608
71E,E38000238,NHS Lincolnshire ICB - 71E,E54000013,NHS Lincolnshire Integrated Care Board,E40000011,Midlands,AUG2023,Attended,Other Practice staff,Telephone,8  to 14 Days,3369
71E,E38000238,NHS Lincolnshire ICB - 71E,E54000013,NHS Lincolnshire Integrated Care Board,E40000011,Midlands,AUG2023,Attended,Other Practice staff,Telephone,More than 28 Days,1998
71E,E38000238,NHS Lincolnshire ICB - 71E,E54000013,NHS Lincolnshire Integrated Care Board,E40000011,Midlands,AUG2023,Attended,Other Practice staff,Telephone,Same Day,23858
71E,E38000238,NHS Lincolnshire ICB - 71E,E54000013,NHS Lincolnshire Integrated Care Board,E40000011,Midlands,AUG2023,Attended,Other Practice staff,Telephone,Unknown / Data Quality,115
71E,E38000238,NHS Lincolnshire ICB - 71E,E54000013,NHS Lincolnshire Integrated Care Board,E40000011,Midlands,AUG2023,Attended,Other Practice staff,Unknown,1 Day,99
71E,E38000238,NHS Lincolnshire ICB - 71E,E54000013,NHS Lincolnshire Integrated Care Board,E40000011,Midlands,AUG2023,Attended,Other Practice staff,Unknown,15  to 21 Days,17
71E,E38000238,NHS Lincolnshire ICB - 71E,E54000013,NHS Lincolnshire Integrated Care Board,E40000011,Midlands,AUG2023,Attended,Other Practice staff,Unknown,2 to 7 Days,127
71E,E38000238,NHS Lincolnshire ICB - 71E,E54000013,NHS Lincolnshire Integrated Care Board,E40000011,Midlands,AUG2023,Attended,Other Practice staff,Unknown,22  to 28 Days,15
71E,E38000238,NHS Lincolnshire ICB - 71E,E54000013,NHS Lincolnshire Integrated Care Board,E40000011,Midlands,AUG2023,Attended,Other Practice staff,Unknown,8  to 14 Days,34
71E,E38000238,NHS Lincolnshire ICB - 71E,E54000013,NHS Lincolnshire Integrated Care Board,E40000011,Midlands,AUG2023,Attended,Other Practice staff,Unknown,More than 28 Days,11
71E,E38000238,NHS Lincolnshire ICB - 71E,E54000013,NHS Lincolnshire Integrated Care Board,E40000011,Midlands,AUG2023,Attended,Other Practice staff,Unknown,Same Day,937
71E,E38000238,NHS Lincolnshire ICB - 71E,E54000013,NHS Lincolnshire Integrated Care Board,E40000011,Midlands,AUG2023,Attended,Other Practice staff,Video/Online,1 Day,263
71E,E38000238,NHS Lincolnshire ICB - 71E,E54000013,NHS Lincolnshire Integrated Care Board,E40000011,Midlands,AUG2023,Attended,Other Practice staff,Video/Online,15  to 21 Days,15
71E,E38000238,NHS Lincolnshire ICB - 71E,E54000013,NHS Lincolnshire Integrated Care Board,E40000011,Midlands,AUG2023,Attended,Other Practice staff,Video/Online,2 to 7 Days,231
71E,E38000238,NHS Lincolnshire ICB - 71E,E54000013,NHS Lincolnshire Integrated Care Board,E40000011,Midlands,AUG2023,Attended,Other Practice staff,Video/Online,22  to 28 Days,8
71E,E38000238,NHS Lincolnshire ICB - 71E,E54000013,NHS Lincolnshire Integrated Care Board,E40000011,Midlands,AUG2023,Attended,Other Practice staff,Video/Online,8  to 14 Days,103
71E,E38000238,NHS Lincolnshire ICB - 71E,E54000013,NHS Lincolnshire Integrated Care Board,E40000011,Midlands,AUG2023,Attended,Other Practice staff,Video/Online,More than 28 Days,4
71E,E38000238,NHS Lincolnshire ICB - 71E,E54000013,NHS Lincolnshire Integrated Care Board,E40000011,Midlands,AUG2023,Attended,Other Practice staff,Video/Online,Same Day,2948
71E,E38000238,NHS Lincolnshire ICB - 71E,E54000013,NHS Lincolnshire Integrated Care Board,E40000011,Midlands,AUG2023,Attended,Other Practice staff,Video/Online,Unknown / Data Quality,4
71E,E38000238,NHS Lincolnshire ICB - 71E,E54000013,NHS Lincolnshire Integrated Care Board,E40000011,Midlands,AUG2023,Attended,Unknown,Unknown,1 Day,1004
71E,E38000238,NHS Lincolnshire ICB - 71E,E54000013,NHS Lincolnshire Integrated Care Board,E40000011,Midlands,AUG2023,Attended,Unknown,Unknown,15  to 21 Days,305
71E,E38000238,NHS Lincolnshire ICB - 71E,E54000013,NHS Lincolnshire Integrated Care Board,E40000011,Midlands,AUG2023,Attended,Unknown,Unknown,2 to 7 Days,1787
71E,E38000238,NHS Lincolnshire ICB - 71E,E54000013,NHS Lincolnshire Integrated Care Board,E40000011,Midlands,AUG2023,Attended,Unknown,Unknown,22  to 28 Days,178
71E,E38000238,NHS Lincolnshire ICB - 71E,E54000013,NHS Lincolnshire Integrated Care Board,E40000011,Midlands,AUG2023,Attended,Unknown,Unknown,8  to 14 Days,652
71E,E38000238,NHS Lincolnshire ICB - 71E,E54000013,NHS Lincolnshire Integrated Care Board,E40000011,Midlands,AUG2023,Attended,Unknown,Unknown,More than 28 Days,185
71E,E38000238,NHS Lincolnshire ICB - 71E,E54000013,NHS Lincolnshire Integrated Care Board,E40000011,Midlands,AUG2023,Attended,Unknown,Unknown,Same Day,9370
71E,E38000238,NHS Lincolnshire ICB - 71E,E54000013,NHS Lincolnshire Integrated Care Board,E40000011,Midlands,AUG2023,Attended,Unknown,Unknown,Unknown / Data Quality,53
71E,E38000238,NHS Lincolnshire ICB - 71E,E54000013,NHS Lincolnshire Integrated Care Board,E40000011,Midlands,AUG2023,DNA,GP,Face-to-Face,1 Day,142
71E,E38000238,NHS Lincolnshire ICB - 71E,E54000013,NHS Lincolnshire Integrated Care Board,E40000011,Midlands,AUG2023,DNA,GP,Face-to-Face,15  to 21 Days,143
71E,E38000238,NHS Lincolnshire ICB - 71E,E54000013,NHS Lincolnshire Integrated Care Board,E40000011,Midlands,AUG2023,DNA,GP,Face-to-Face,2 to 7 Days,390
71E,E38000238,NHS Lincolnshire ICB - 71E,E54000013,NHS Lincolnshire Integrated Care Board,E40000011,Midlands,AUG2023,DNA,GP,Face-to-Face,22  to 28 Days,136
71E,E38000238,NHS Lincolnshire ICB - 71E,E54000013,NHS Lincolnshire Integrated Care Board,E40000011,Midlands,AUG2023,DNA,GP,Face-to-Face,8  to 14 Days,251
71E,E38000238,NHS Lincolnshire ICB - 71E,E54000013,NHS Lincolnshire Integrated Care Board,E40000011,Midlands,AUG2023,DNA,GP,Face-to-Face,More than 28 Days,156
71E,E38000238,NHS Lincolnshire ICB - 71E,E54000013,NHS Lincolnshire Integrated Care Board,E40000011,Midlands,AUG2023,DNA,GP,Face-to-Face,Same Day,587
71E,E38000238,NHS Lincolnshire ICB - 71E,E54000013,NHS Lincolnshire Integrated Care Board,E40000011,Midlands,AUG2023,DNA,GP,Home Visit,1 Day,5
71E,E38000238,NHS Lincolnshire ICB - 71E,E54000013,NHS Lincolnshire Integrated Care Board,E40000011,Midlands,AUG2023,DNA,GP,Home Visit,15  to 21 Days,1
71E,E38000238,NHS Lincolnshire ICB - 71E,E54000013,NHS Lincolnshire Integrated Care Board,E40000011,Midlands,AUG2023,DNA,GP,Home Visit,2 to 7 Days,4
71E,E38000238,NHS Lincolnshire ICB - 71E,E54000013,NHS Lincolnshire Integrated Care Board,E40000011,Midlands,AUG2023,DNA,GP,Home Visit,8  to 14 Days,1
71E,E38000238,NHS Lincolnshire ICB - 71E,E54000013,NHS Lincolnshire Integrated Care Board,E40000011,Midlands,AUG2023,DNA,GP,Home Visit,Same Day,4
71E,E38000238,NHS Lincolnshire ICB - 71E,E54000013,NHS Lincolnshire Integrated Care Board,E40000011,Midlands,AUG2023,DNA,GP,Telephone,1 Day,33
71E,E38000238,NHS Lincolnshire ICB - 71E,E54000013,NHS Lincolnshire Integrated Care Board,E40000011,Midlands,AUG2023,DNA,GP,Telephone,15  to 21 Days,26
71E,E38000238,NHS Lincolnshire ICB - 71E,E54000013,NHS Lincolnshire Integrated Care Board,E40000011,Midlands,AUG2023,DNA,GP,Telephone,2 to 7 Days,38
71E,E38000238,NHS Lincolnshire ICB - 71E,E54000013,NHS Lincolnshire Integrated Care Board,E40000011,Midlands,AUG2023,DNA,GP,Telephone,22  to 28 Days,10
71E,E38000238,NHS Lincolnshire ICB - 71E,E54000013,NHS Lincolnshire Integrated Care Board,E40000011,Midlands,AUG2023,DNA,GP,Telephone,8  to 14 Days,33
71E,E38000238,NHS Lincolnshire ICB - 71E,E54000013,NHS Lincolnshire Integrated Care Board,E40000011,Midlands,AUG2023,DNA,GP,Telephone,More than 28 Days,20
71E,E38000238,NHS Lincolnshire ICB - 71E,E54000013,NHS Lincolnshire Integrated Care Board,E40000011,Midlands,AUG2023,DNA,GP,Telephone,Same Day,150
71E,E38000238,NHS Lincolnshire ICB - 71E,E54000013,NHS Lincolnshire Integrated Care Board,E40000011,Midlands,AUG2023,DNA,GP,Unknown,1 Day,2
71E,E38000238,NHS Lincolnshire ICB - 71E,E54000013,NHS Lincolnshire Integrated Care Board,E40000011,Midlands,AUG2023,DNA,GP,Unknown,15  to 21 Days,1
71E,E38000238,NHS Lincolnshire ICB - 71E,E54000013,NHS Lincolnshire Integrated Care Board,E40000011,Midlands,AUG2023,DNA,GP,Unknown,2 to 7 Days,1
71E,E38000238,NHS Lincolnshire ICB - 71E,E54000013,NHS Lincolnshire Integrated Care Board,E40000011,Midlands,AUG2023,DNA,GP,Unknown,22  to 28 Days,1
71E,E38000238,NHS Lincolnshire ICB - 71E,E54000013,NHS Lincolnshire Integrated Care Board,E40000011,Midlands,AUG2023,DNA,GP,Unknown,Same Day,3
71E,E38000238,NHS Lincolnshire ICB - 71E,E54000013,NHS Lincolnshire Integrated Care Board,E40000011,Midlands,AUG2023,DNA,GP,Video/Online,1 Day,4
71E,E38000238,NHS Lincolnshire ICB - 71E,E54000013,NHS Lincolnshire Integrated Care Board,E40000011,Midlands,AUG2023,DNA,GP,Video/Online,15  to 21 Days,2
71E,E38000238,NHS Lincolnshire ICB - 71E,E54000013,NHS Lincolnshire Integrated Care Board,E40000011,Midlands,AUG2023,DNA,GP,Video/Online,2 to 7 Days,10
71E,E38000238,NHS Lincolnshire ICB - 71E,E54000013,NHS Lincolnshire Integrated Care Board,E40000011,Midlands,AUG2023,DNA,GP,Video/Online,8  to 14 Days,1
71E,E38000238,NHS Lincolnshire ICB - 71E,E54000013,NHS Lincolnshire Integrated Care Board,E40000011,Midlands,AUG2023,DNA,GP,Video/Online,More than 28 Days,1
71E,E38000238,NHS Lincolnshire ICB - 71E,E54000013,NHS Lincolnshire Integrated Care Board,E40000011,Midlands,AUG2023,DNA,GP,Video/Online,Same Day,8
71E,E38000238,NHS Lincolnshire ICB - 71E,E54000013,NHS Lincolnshire Integrated Care Board,E40000011,Midlands,AUG2023,DNA,Other Practice staff,Face-to-Face,1 Day,401
71E,E38000238,NHS Lincolnshire ICB - 71E,E54000013,NHS Lincolnshire Integrated Care Board,E40000011,Midlands,AUG2023,DNA,Other Practice staff,Face-to-Face,15  to 21 Days,1832
71E,E38000238,NHS Lincolnshire ICB - 71E,E54000013,NHS Lincolnshire Integrated Care Board,E40000011,Midlands,AUG2023,DNA,Other Practice staff,Face-to-Face,2 to 7 Days,2138
71E,E38000238,NHS Lincolnshire ICB - 71E,E54000013,NHS Lincolnshire Integrated Care Board,E40000011,Midlands,AUG2023,DNA,Other Practice staff,Face-to-Face,22  to 28 Days,1237
71E,E38000238,NHS Lincolnshire ICB - 71E,E54000013,NHS Lincolnshire Integrated Care Board,E40000011,Midlands,AUG2023,DNA,Other Practice staff,Face-to-Face,8  to 14 Days,2429
71E,E38000238,NHS Lincolnshire ICB - 71E,E54000013,NHS Lincolnshire Integrated Care Board,E40000011,Midlands,AUG2023,DNA,Other Practice staff,Face-to-Face,More than 28 Days,1811
71E,E38000238,NHS Lincolnshire ICB - 71E,E54000013,NHS Lincolnshire Integrated Care Board,E40000011,Midlands,AUG2023,DNA,Other Practice staff,Face-to-Face,Same Day,1060
71E,E38000238,NHS Lincolnshire ICB - 71E,E54000013,NHS Lincolnshire Integrated Care Board,E40000011,Midlands,AUG2023,DNA,Other Practice staff,Home Visit,1 Day,18
71E,E38000238,NHS Lincolnshire ICB - 71E,E54000013,NHS Lincolnshire Integrated Care Board,E40000011,Midlands,AUG2023,DNA,Other Practice staff,Home Visit,15  to 21 Days,3
71E,E38000238,NHS Lincolnshire ICB - 71E,E54000013,NHS Lincolnshire Integrated Care Board,E40000011,Midlands,AUG2023,DNA,Other Practice staff,Home Visit,2 to 7 Days,22
71E,E38000238,NHS Lincolnshire ICB - 71E,E54000013,NHS Lincolnshire Integrated Care Board,E40000011,Midlands,AUG2023,DNA,Other Practice staff,Home Visit,22  to 28 Days,4
71E,E38000238,NHS Lincolnshire ICB - 71E,E54000013,NHS Lincolnshire Integrated Care Board,E40000011,Midlands,AUG2023,DNA,Other Practice staff,Home Visit,8  to 14 Days,11
71E,E38000238,NHS Lincolnshire ICB - 71E,E54000013,NHS Lincolnshire Integrated Care Board,E40000011,Midlands,AUG2023,DNA,Other Practice staff,Home Visit,More than 28 Days,1
71E,E38000238,NHS Lincolnshire ICB - 71E,E54000013,NHS Lincolnshire Integrated Care Board,E40000011,Midlands,AUG2023,DNA,Other Practice staff,Home Visit,Same Day,22
71E,E38000238,NHS Lincolnshire ICB - 71E,E54000013,NHS Lincolnshire Integrated Care Board,E40000011,Midlands,AUG2023,DNA,Other Practice staff,Telephone,1 Day,67
71E,E38000238,NHS Lincolnshire ICB - 71E,E54000013,NHS Lincolnshire Integrated Care Board,E40000011,Midlands,AUG2023,DNA,Other Practice staff,Telephone,15  to 21 Days,86
71E,E38000238,NHS Lincolnshire ICB - 71E,E54000013,NHS Lincolnshire Integrated Care Board,E40000011,Midlands,AUG2023,DNA,Other Practice staff,Telephone,2 to 7 Days,175
71E,E38000238,NHS Lincolnshire ICB - 71E,E54000013,NHS Lincolnshire Integrated Care Board,E40000011,Midlands,AUG2023,DNA,Other Practice staff,Telephone,22  to 28 Days,61
71E,E38000238,NHS Lincolnshire ICB - 71E,E54000013,NHS Lincolnshire Integrated Care Board,E40000011,Midlands,AUG2023,DNA,Other Practice staff,Telephone,8  to 14 Days,116
71E,E38000238,NHS Lincolnshire ICB - 71E,E54000013,NHS Lincolnshire Integrated Care Board,E40000011,Midlands,AUG2023,DNA,Other Practice staff,Telephone,More than 28 Days,66
71E,E38000238,NHS Lincolnshire ICB - 71E,E54000013,NHS Lincolnshire Integrated Care Board,E40000011,Midlands,AUG2023,DNA,Other Practice staff,Telephone,Same Day,157
71E,E38000238,NHS Lincolnshire ICB - 71E,E54000013,NHS Lincolnshire Integrated Care Board,E40000011,Midlands,AUG2023,DNA,Other Practice staff,Telephone,Unknown / Data Quality,1
71E,E38000238,NHS Lincolnshire ICB - 71E,E54000013,NHS Lincolnshire Integrated Care Board,E40000011,Midlands,AUG2023,DNA,Other Practice staff,Unknown,1 Day,3
71E,E38000238,NHS Lincolnshire ICB - 71E,E54000013,NHS Lincolnshire Integrated Care Board,E40000011,Midlands,AUG2023,DNA,Other Practice staff,Unknown,15  to 21 Days,5
71E,E38000238,NHS Lincolnshire ICB - 71E,E54000013,NHS Lincolnshire Integrated Care Board,E40000011,Midlands,AUG2023,DNA,Other Practice staff,Unknown,2 to 7 Days,13
71E,E38000238,NHS Lincolnshire ICB - 71E,E54000013,NHS Lincolnshire Integrated Care Board,E40000011,Midlands,AUG2023,DNA,Other Practice staff,Unknown,22  to 28 Days,7
71E,E38000238,NHS Lincolnshire ICB - 71E,E54000013,NHS Lincolnshire Integrated Care Board,E40000011,Midlands,AUG2023,DNA,Other Practice staff,Unknown,8  to 14 Days,10
71E,E38000238,NHS Lincolnshire ICB - 71E,E54000013,NHS Lincolnshire Integrated Care Board,E40000011,Midlands,AUG2023,DNA,Other Practice staff,Unknown,More than 28 Days,14
71E,E38000238,NHS Lincolnshire ICB - 71E,E54000013,NHS Lincolnshire Integrated Care Board,E40000011,Midlands,AUG2023,DNA,Other Practice staff,Unknown,Same Day,4
71E,E38000238,NHS Lincolnshire ICB - 71E,E54000013,NHS Lincolnshire Integrated Care Board,E40000011,Midlands,AUG2023,DNA,Other Practice staff,Video/Online,1 Day,6
71E,E38000238,NHS Lincolnshire ICB - 71E,E54000013,NHS Lincolnshire Integrated Care Board,E40000011,Midlands,AUG2023,DNA,Other Practice staff,Video/Online,2 to 7 Days,3
71E,E38000238,NHS Lincolnshire ICB - 71E,E54000013,NHS Lincolnshire Integrated Care Board,E40000011,Midlands,AUG2023,DNA,Other Practice staff,Video/Online,22  to 28 Days,1
71E,E38000238,NHS Lincolnshire ICB - 71E,E54000013,NHS Lincolnshire Integrated Care Board,E40000011,Midlands,AUG2023,DNA,Other Practice staff,Video/Online,8  to 14 Days,1
71E,E38000238,NHS Lincolnshire ICB - 71E,E54000013,NHS Lincolnshire Integrated Care Board,E40000011,Midlands,AUG2023,DNA,Other Practice staff,Video/Online,More than 28 Days,1
71E,E38000238,NHS Lincolnshire ICB - 71E,E54000013,NHS Lincolnshire Integrated Care Board,E40000011,Midlands,AUG2023,DNA,Other Practice staff,Video/Online,Same Day,10
71E,E38000238,NHS Lincolnshire ICB - 71E,E54000013,NHS Lincolnshire Integrated Care Board,E40000011,Midlands,AUG2023,DNA,Unknown,Unknown,1 Day,17
71E,E38000238,NHS Lincolnshire ICB - 71E,E54000013,NHS Lincolnshire Integrated Care Board,E40000011,Midlands,AUG2023,DNA,Unknown,Unknown,15  to 21 Days,16
71E,E38000238,NHS Lincolnshire ICB - 71E,E54000013,NHS Lincolnshire Integrated Care Board,E40000011,Midlands,AUG2023,DNA,Unknown,Unknown,2 to 7 Days,58
71E,E38000238,NHS Lincolnshire ICB - 71E,E54000013,NHS Lincolnshire Integrated Care Board,E40000011,Midlands,AUG2023,DNA,Unknown,Unknown,22  to 28 Days,16
71E,E38000238,NHS Lincolnshire ICB - 71E,E54000013,NHS Lincolnshire Integrated Care Board,E40000011,Midlands,AUG2023,DNA,Unknown,Unknown,8  to 14 Days,29
71E,E38000238,NHS Lincolnshire ICB - 71E,E54000013,NHS Lincolnshire Integrated Care Board,E40000011,Midlands,AUG2023,DNA,Unknown,Unknown,More than 28 Days,28
71E,E38000238,NHS Lincolnshire ICB - 71E,E54000013,NHS Lincolnshire Integrated Care Board,E40000011,Midlands,AUG2023,DNA,Unknown,Unknown,Same Day,76
71E,E38000238,NHS Lincolnshire ICB - 71E,E54000013,NHS Lincolnshire Integrated Care Board,E40000011,Midlands,AUG2023,Unknown,GP,Face-to-Face,1 Day,82
71E,E38000238,NHS Lincolnshire ICB - 71E,E54000013,NHS Lincolnshire Integrated Care Board,E40000011,Midlands,AUG2023,Unknown,GP,Face-to-Face,15  to 21 Days,370
71E,E38000238,NHS Lincolnshire ICB - 71E,E54000013,NHS Lincolnshire Integrated Care Board,E40000011,Midlands,AUG2023,Unknown,GP,Face-to-Face,2 to 7 Days,368
71E,E38000238,NHS Lincolnshire ICB - 71E,E54000013,NHS Lincolnshire Integrated Care Board,E40000011,Midlands,AUG2023,Unknown,GP,Face-to-Face,22  to 28 Days,278
71E,E38000238,NHS Lincolnshire ICB - 71E,E54000013,NHS Lincolnshire Integrated Care Board,E40000011,Midlands,AUG2023,Unknown,GP,Face-to-Face,8  to 14 Days,520
71E,E38000238,NHS Lincolnshire ICB - 71E,E54000013,NHS Lincolnshire Integrated Care Board,E40000011,Midlands,AUG2023,Unknown,GP,Face-to-Face,More than 28 Days,483
71E,E38000238,NHS Lincolnshire ICB - 71E,E54000013,NHS Lincolnshire Integrated Care Board,E40000011,Midlands,AUG2023,Unknown,GP,Face-to-Face,Same Day,283
71E,E38000238,NHS Lincolnshire ICB - 71E,E54000013,NHS Lincolnshire Integrated Care Board,E40000011,Midlands,AUG2023,Unknown,GP,Face-to-Face,Unknown / Data Quality,1
71E,E38000238,NHS Lincolnshire ICB - 71E,E54000013,NHS Lincolnshire Integrated Care Board,E40000011,Midlands,AUG2023,Unknown,GP,Home Visit,1 Day,4
71E,E38000238,NHS Lincolnshire ICB - 71E,E54000013,NHS Lincolnshire Integrated Care Board,E40000011,Midlands,AUG2023,Unknown,GP,Home Visit,15  to 21 Days,5
71E,E38000238,NHS Lincolnshire ICB - 71E,E54000013,NHS Lincolnshire Integrated Care Board,E40000011,Midlands,AUG2023,Unknown,GP,Home Visit,2 to 7 Days,6
71E,E38000238,NHS Lincolnshire ICB - 71E,E54000013,NHS Lincolnshire Integrated Care Board,E40000011,Midlands,AUG2023,Unknown,GP,Home Visit,22  to 28 Days,4
71E,E38000238,NHS Lincolnshire ICB - 71E,E54000013,NHS Lincolnshire Integrated Care Board,E40000011,Midlands,AUG2023,Unknown,GP,Home Visit,8  to 14 Days,3
71E,E38000238,NHS Lincolnshire ICB - 71E,E54000013,NHS Lincolnshire Integrated Care Board,E40000011,Midlands,AUG2023,Unknown,GP,Home Visit,More than 28 Days,10
71E,E38000238,NHS Lincolnshire ICB - 71E,E54000013,NHS Lincolnshire Integrated Care Board,E40000011,Midlands,AUG2023,Unknown,GP,Home Visit,Same Day,4
71E,E38000238,NHS Lincolnshire ICB - 71E,E54000013,NHS Lincolnshire Integrated Care Board,E40000011,Midlands,AUG2023,Unknown,GP,Home Visit,Unknown / Data Quality,2
71E,E38000238,NHS Lincolnshire ICB - 71E,E54000013,NHS Lincolnshire Integrated Care Board,E40000011,Midlands,AUG2023,Unknown,GP,Telephone,1 Day,61
71E,E38000238,NHS Lincolnshire ICB - 71E,E54000013,NHS Lincolnshire Integrated Care Board,E40000011,Midlands,AUG2023,Unknown,GP,Telephone,15  to 21 Days,254
71E,E38000238,NHS Lincolnshire ICB - 71E,E54000013,NHS Lincolnshire Integrated Care Board,E40000011,Midlands,AUG2023,Unknown,GP,Telephone,2 to 7 Days,221
71E,E38000238,NHS Lincolnshire ICB - 71E,E54000013,NHS Lincolnshire Integrated Care Board,E40000011,Midlands,AUG2023,Unknown,GP,Telephone,22  to 28 Days,118
71E,E38000238,NHS Lincolnshire ICB - 71E,E54000013,NHS Lincolnshire Integrated Care Board,E40000011,Midlands,AUG2023,Unknown,GP,Telephone,8  to 14 Days,372
71E,E38000238,NHS Lincolnshire ICB - 71E,E54000013,NHS Lincolnshire Integrated Care Board,E40000011,Midlands,AUG2023,Unknown,GP,Telephone,More than 28 Days,230
71E,E38000238,NHS Lincolnshire ICB - 71E,E54000013,NHS Lincolnshire Integrated Care Board,E40000011,Midlands,AUG2023,Unknown,GP,Telephone,Same Day,252
71E,E38000238,NHS Lincolnshire ICB - 71E,E54000013,NHS Lincolnshire Integrated Care Board,E40000011,Midlands,AUG2023,Unknown,GP,Telephone,Unknown / Data Quality,1
71E,E38000238,NHS Lincolnshire ICB - 71E,E54000013,NHS Lincolnshire Integrated Care Board,E40000011,Midlands,AUG2023,Unknown,GP,Unknown,1 Day,3
71E,E38000238,NHS Lincolnshire ICB - 71E,E54000013,NHS Lincolnshire Integrated Care Board,E40000011,Midlands,AUG2023,Unknown,GP,Unknown,15  to 21 Days,53
71E,E38000238,NHS Lincolnshire ICB - 71E,E54000013,NHS Lincolnshire Integrated Care Board,E40000011,Midlands,AUG2023,Unknown,GP,Unknown,2 to 7 Days,33
71E,E38000238,NHS Lincolnshire ICB - 71E,E54000013,NHS Lincolnshire Integrated Care Board,E40000011,Midlands,AUG2023,Unknown,GP,Unknown,22  to 28 Days,30
71E,E38000238,NHS Lincolnshire ICB - 71E,E54000013,NHS Lincolnshire Integrated Care Board,E40000011,Midlands,AUG2023,Unknown,GP,Unknown,8  to 14 Days,50
71E,E38000238,NHS Lincolnshire ICB - 71E,E54000013,NHS Lincolnshire Integrated Care Board,E40000011,Midlands,AUG2023,Unknown,GP,Unknown,More than 28 Days,21
71E,E38000238,NHS Lincolnshire ICB - 71E,E54000013,NHS Lincolnshire Integrated Care Board,E40000011,Midlands,AUG2023,Unknown,GP,Unknown,Same Day,103
71E,E38000238,NHS Lincolnshire ICB - 71E,E54000013,NHS Lincolnshire Integrated Care Board,E40000011,Midlands,AUG2023,Unknown,GP,Video/Online,1 Day,17
71E,E38000238,NHS Lincolnshire ICB - 71E,E54000013,NHS Lincolnshire Integrated Care Board,E40000011,Midlands,AUG2023,Unknown,GP,Video/Online,15  to 21 Days,17
71E,E38000238,NHS Lincolnshire ICB - 71E,E54000013,NHS Lincolnshire Integrated Care Board,E40000011,Midlands,AUG2023,Unknown,GP,Video/Online,2 to 7 Days,133
71E,E38000238,NHS Lincolnshire ICB - 71E,E54000013,NHS Lincolnshire Integrated Care Board,E40000011,Midlands,AUG2023,Unknown,GP,Video/Online,22  to 28 Days,7
71E,E38000238,NHS Lincolnshire ICB - 71E,E54000013,NHS Lincolnshire Integrated Care Board,E40000011,Midlands,AUG2023,Unknown,GP,Video/Online,8  to 14 Days,18
71E,E38000238,NHS Lincolnshire ICB - 71E,E54000013,NHS Lincolnshire Integrated Care Board,E40000011,Midlands,AUG2023,Unknown,GP,Video/Online,More than 28 Days,12
71E,E38000238,NHS Lincolnshire ICB - 71E,E54000013,NHS Lincolnshire Integrated Care Board,E40000011,Midlands,AUG2023,Unknown,GP,Video/Online,Same Day,400
71E,E38000238,NHS Lincolnshire ICB - 71E,E54000013,NHS Lincolnshire Integrated Care Board,E40000011,Midlands,AUG2023,Unknown,GP,Video/Online,Unknown / Data Quality,1
71E,E38000238,NHS Lincolnshire ICB - 71E,E54000013,NHS Lincolnshire Integrated Care Board,E40000011,Midlands,AUG2023,Unknown,Other Practice staff,Face-to-Face,1 Day,184
71E,E38000238,NHS Lincolnshire ICB - 71E,E54000013,NHS Lincolnshire Integrated Care Board,E40000011,Midlands,AUG2023,Unknown,Other Practice staff,Face-to-Face,15  to 21 Days,2497
71E,E38000238,NHS Lincolnshire ICB - 71E,E54000013,NHS Lincolnshire Integrated Care Board,E40000011,Midlands,AUG2023,Unknown,Other Practice staff,Face-to-Face,2 to 7 Days,1692
71E,E38000238,NHS Lincolnshire ICB - 71E,E54000013,NHS Lincolnshire Integrated Care Board,E40000011,Midlands,AUG2023,Unknown,Other Practice staff,Face-to-Face,22  to 28 Days,1969
71E,E38000238,NHS Lincolnshire ICB - 71E,E54000013,NHS Lincolnshire Integrated Care Board,E40000011,Midlands,AUG2023,Unknown,Other Practice staff,Face-to-Face,8  to 14 Days,2772
71E,E38000238,NHS Lincolnshire ICB - 71E,E54000013,NHS Lincolnshire Integrated Care Board,E40000011,Midlands,AUG2023,Unknown,Other Practice staff,Face-to-Face,More than 28 Days,3103
71E,E38000238,NHS Lincolnshire ICB - 71E,E54000013,NHS Lincolnshire Integrated Care Board,E40000011,Midlands,AUG2023,Unknown,Other Practice staff,Face-to-Face,Same Day,671
71E,E38000238,NHS Lincolnshire ICB - 71E,E54000013,NHS Lincolnshire Integrated Care Board,E40000011,Midlands,AUG2023,Unknown,Other Practice staff,Face-to-Face,Unknown / Data Quality,12
71E,E38000238,NHS Lincolnshire ICB - 71E,E54000013,NHS Lincolnshire Integrated Care Board,E40000011,Midlands,AUG2023,Unknown,Other Practice staff,Home Visit,1 Day,15
71E,E38000238,NHS Lincolnshire ICB - 71E,E54000013,NHS Lincolnshire Integrated Care Board,E40000011,Midlands,AUG2023,Unknown,Other Practice staff,Home Visit,15  to 21 Days,55
71E,E38000238,NHS Lincolnshire ICB - 71E,E54000013,NHS Lincolnshire Integrated Care Board,E40000011,Midlands,AUG2023,Unknown,Other Practice staff,Home Visit,2 to 7 Days,80
71E,E38000238,NHS Lincolnshire ICB - 71E,E54000013,NHS Lincolnshire Integrated Care Board,E40000011,Midlands,AUG2023,Unknown,Other Practice staff,Home Visit,22  to 28 Days,51
71E,E38000238,NHS Lincolnshire ICB - 71E,E54000013,NHS Lincolnshire Integrated Care Board,E40000011,Midlands,AUG2023,Unknown,Other Practice staff,Home Visit,8  to 14 Days,107
71E,E38000238,NHS Lincolnshire ICB - 71E,E54000013,NHS Lincolnshire Integrated Care Board,E40000011,Midlands,AUG2023,Unknown,Other Practice staff,Home Visit,More than 28 Days,30
71E,E38000238,NHS Lincolnshire ICB - 71E,E54000013,NHS Lincolnshire Integrated Care Board,E40000011,Midlands,AUG2023,Unknown,Other Practice staff,Home Visit,Same Day,47
71E,E38000238,NHS Lincolnshire ICB - 71E,E54000013,NHS Lincolnshire Integrated Care Board,E40000011,Midlands,AUG2023,Unknown,Other Practice staff,Telephone,1 Day,99
71E,E38000238,NHS Lincolnshire ICB - 71E,E54000013,NHS Lincolnshire Integrated Care Board,E40000011,Midlands,AUG2023,Unknown,Other Practice staff,Telephone,15  to 21 Days,308
71E,E38000238,NHS Lincolnshire ICB - 71E,E54000013,NHS Lincolnshire Integrated Care Board,E40000011,Midlands,AUG2023,Unknown,Other Practice staff,Telephone,2 to 7 Days,420
71E,E38000238,NHS Lincolnshire ICB - 71E,E54000013,NHS Lincolnshire Integrated Care Board,E40000011,Midlands,AUG2023,Unknown,Other Practice staff,Telephone,22  to 28 Days,323
71E,E38000238,NHS Lincolnshire ICB - 71E,E54000013,NHS Lincolnshire Integrated Care Board,E40000011,Midlands,AUG2023,Unknown,Other Practice staff,Telephone,8  to 14 Days,432
71E,E38000238,NHS Lincolnshire ICB - 71E,E54000013,NHS Lincolnshire Integrated Care Board,E40000011,Midlands,AUG2023,Unknown,Other Practice staff,Telephone,More than 28 Days,317
71E,E38000238,NHS Lincolnshire ICB - 71E,E54000013,NHS Lincolnshire Integrated Care Board,E40000011,Midlands,AUG2023,Unknown,Other Practice staff,Telephone,Same Day,373
71E,E38000238,NHS Lincolnshire ICB - 71E,E54000013,NHS Lincolnshire Integrated Care Board,E40000011,Midlands,AUG2023,Unknown,Other Practice staff,Telephone,Unknown / Data Quality,4
71E,E38000238,NHS Lincolnshire ICB - 71E,E54000013,NHS Lincolnshire Integrated Care Board,E40000011,Midlands,AUG2023,Unknown,Other Practice staff,Unknown,1 Day,7
71E,E38000238,NHS Lincolnshire ICB - 71E,E54000013,NHS Lincolnshire Integrated Care Board,E40000011,Midlands,AUG2023,Unknown,Other Practice staff,Unknown,15  to 21 Days,162
71E,E38000238,NHS Lincolnshire ICB - 71E,E54000013,NHS Lincolnshire Integrated Care Board,E40000011,Midlands,AUG2023,Unknown,Other Practice staff,Unknown,2 to 7 Days,85
71E,E38000238,NHS Lincolnshire ICB - 71E,E54000013,NHS Lincolnshire Integrated Care Board,E40000011,Midlands,AUG2023,Unknown,Other Practice staff,Unknown,22  to 28 Days,127
71E,E38000238,NHS Lincolnshire ICB - 71E,E54000013,NHS Lincolnshire Integrated Care Board,E40000011,Midlands,AUG2023,Unknown,Other Practice staff,Unknown,8  to 14 Days,171
71E,E38000238,NHS Lincolnshire ICB - 71E,E54000013,NHS Lincolnshire Integrated Care Board,E40000011,Midlands,AUG2023,Unknown,Other Practice staff,Unknown,More than 28 Days,299
71E,E38000238,NHS Lincolnshire ICB - 71E,E54000013,NHS Lincolnshire Integrated Care Board,E40000011,Midlands,AUG2023,Unknown,Other Practice staff,Unknown,Same Day,3
71E,E38000238,NHS Lincolnshire ICB - 71E,E54000013,NHS Lincolnshire Integrated Care Board,E40000011,Midlands,AUG2023,Unknown,Other Practice staff,Video/Online,1 Day,2
71E,E38000238,NHS Lincolnshire ICB - 71E,E54000013,NHS Lincolnshire Integrated Care Board,E40000011,Midlands,AUG2023,Unknown,Other Practice staff,Video/Online,15  to 21 Days,6
71E,E38000238,NHS Lincolnshire ICB - 71E,E54000013,NHS Lincolnshire Integrated Care Board,E40000011,Midlands,AUG2023,Unknown,Other Practice staff,Video/Online,2 to 7 Days,6
71E,E38000238,NHS Lincolnshire ICB - 71E,E54000013,NHS Lincolnshire Integrated Care Board,E40000011,Midlands,AUG2023,Unknown,Other Practice staff,Video/Online,8  to 14 Days,2
71E,E38000238,NHS Lincolnshire ICB - 71E,E54000013,NHS Lincolnshire Integrated Care Board,E40000011,Midlands,AUG2023,Unknown,Other Practice staff,Video/Online,More than 28 Days,12
71E,E38000238,NHS Lincolnshire ICB - 71E,E54000013,NHS Lincolnshire Integrated Care Board,E40000011,Midlands,AUG2023,Unknown,Other Practice staff,Video/Online,Same Day,6
71E,E38000238,NHS Lincolnshire ICB - 71E,E54000013,NHS Lincolnshire Integrated Care Board,E40000011,Midlands,AUG2023,Unknown,Unknown,Unknown,1 Day,28
71E,E38000238,NHS Lincolnshire ICB - 71E,E54000013,NHS Lincolnshire Integrated Care Board,E40000011,Midlands,AUG2023,Unknown,Unknown,Unknown,15  to 21 Days,138
71E,E38000238,NHS Lincolnshire ICB - 71E,E54000013,NHS Lincolnshire Integrated Care Board,E40000011,Midlands,AUG2023,Unknown,Unknown,Unknown,2 to 7 Days,124
71E,E38000238,NHS Lincolnshire ICB - 71E,E54000013,NHS Lincolnshire Integrated Care Board,E40000011,Midlands,AUG2023,Unknown,Unknown,Unknown,22  to 28 Days,122
71E,E38000238,NHS Lincolnshire ICB - 71E,E54000013,NHS Lincolnshire Integrated Care Board,E40000011,Midlands,AUG2023,Unknown,Unknown,Unknown,8  to 14 Days,152
71E,E38000238,NHS Lincolnshire ICB - 71E,E54000013,NHS Lincolnshire Integrated Care Board,E40000011,Midlands,AUG2023,Unknown,Unknown,Unknown,More than 28 Days,234
71E,E38000238,NHS Lincolnshire ICB - 71E,E54000013,NHS Lincolnshire Integrated Care Board,E40000011,Midlands,AUG2023,Unknown,Unknown,Unknown,Same Day,46
71E,E38000238,NHS Lincolnshire ICB - 71E,E54000013,NHS Lincolnshire Integrated Care Board,E40000011,Midlands,AUG2023,Unknown,Unknown,Unknown,Unknown / Data Quality,2
71E,E38000238,NHS Lincolnshire ICB - 71E,E54000013,NHS Lincolnshire Integrated Care Board,E40000011,Midlands,SEP2023,Attended,GP,Face-to-Face,1 Day,5630
71E,E38000238,NHS Lincolnshire ICB - 71E,E54000013,NHS Lincolnshire Integrated Care Board,E40000011,Midlands,SEP2023,Attended,GP,Face-to-Face,15  to 21 Days,4268
71E,E38000238,NHS Lincolnshire ICB - 71E,E54000013,NHS Lincolnshire Integrated Care Board,E40000011,Midlands,SEP2023,Attended,GP,Face-to-Face,2 to 7 Days,10409
71E,E38000238,NHS Lincolnshire ICB - 71E,E54000013,NHS Lincolnshire Integrated Care Board,E40000011,Midlands,SEP2023,Attended,GP,Face-to-Face,22  to 28 Days,3071
71E,E38000238,NHS Lincolnshire ICB - 71E,E54000013,NHS Lincolnshire Integrated Care Board,E40000011,Midlands,SEP2023,Attended,GP,Face-to-Face,8  to 14 Days,5836
71E,E38000238,NHS Lincolnshire ICB - 71E,E54000013,NHS Lincolnshire Integrated Care Board,E40000011,Midlands,SEP2023,Attended,GP,Face-to-Face,More than 28 Days,4279
71E,E38000238,NHS Lincolnshire ICB - 71E,E54000013,NHS Lincolnshire Integrated Care Board,E40000011,Midlands,SEP2023,Attended,GP,Face-to-Face,Same Day,54970
71E,E38000238,NHS Lincolnshire ICB - 71E,E54000013,NHS Lincolnshire Integrated Care Board,E40000011,Midlands,SEP2023,Attended,GP,Face-to-Face,Unknown / Data Quality,31
71E,E38000238,NHS Lincolnshire ICB - 71E,E54000013,NHS Lincolnshire Integrated Care Board,E40000011,Midlands,SEP2023,Attended,GP,Home Visit,1 Day,22
71E,E38000238,NHS Lincolnshire ICB - 71E,E54000013,NHS Lincolnshire Integrated Care Board,E40000011,Midlands,SEP2023,Attended,GP,Home Visit,15  to 21 Days,4
71E,E38000238,NHS Lincolnshire ICB - 71E,E54000013,NHS Lincolnshire Integrated Care Board,E40000011,Midlands,SEP2023,Attended,GP,Home Visit,2 to 7 Days,88
71E,E38000238,NHS Lincolnshire ICB - 71E,E54000013,NHS Lincolnshire Integrated Care Board,E40000011,Midlands,SEP2023,Attended,GP,Home Visit,22  to 28 Days,22
71E,E38000238,NHS Lincolnshire ICB - 71E,E54000013,NHS Lincolnshire Integrated Care Board,E40000011,Midlands,SEP2023,Attended,GP,Home Visit,8  to 14 Days,90
71E,E38000238,NHS Lincolnshire ICB - 71E,E54000013,NHS Lincolnshire Integrated Care Board,E40000011,Midlands,SEP2023,Attended,GP,Home Visit,More than 28 Days,6
71E,E38000238,NHS Lincolnshire ICB - 71E,E54000013,NHS Lincolnshire Integrated Care Board,E40000011,Midlands,SEP2023,Attended,GP,Home Visit,Same Day,367
71E,E38000238,NHS Lincolnshire ICB - 71E,E54000013,NHS Lincolnshire Integrated Care Board,E40000011,Midlands,SEP2023,Attended,GP,Home Visit,Unknown / Data Quality,7
71E,E38000238,NHS Lincolnshire ICB - 71E,E54000013,NHS Lincolnshire Integrated Care Board,E40000011,Midlands,SEP2023,Attended,GP,Telephone,1 Day,2948
71E,E38000238,NHS Lincolnshire ICB - 71E,E54000013,NHS Lincolnshire Integrated Care Board,E40000011,Midlands,SEP2023,Attended,GP,Telephone,15  to 21 Days,1859
71E,E38000238,NHS Lincolnshire ICB - 71E,E54000013,NHS Lincolnshire Integrated Care Board,E40000011,Midlands,SEP2023,Attended,GP,Telephone,2 to 7 Days,6630
71E,E38000238,NHS Lincolnshire ICB - 71E,E54000013,NHS Lincolnshire Integrated Care Board,E40000011,Midlands,SEP2023,Attended,GP,Telephone,22  to 28 Days,1249
71E,E38000238,NHS Lincolnshire ICB - 71E,E54000013,NHS Lincolnshire Integrated Care Board,E40000011,Midlands,SEP2023,Attended,GP,Telephone,8  to 14 Days,3353
71E,E38000238,NHS Lincolnshire ICB - 71E,E54000013,NHS Lincolnshire Integrated Care Board,E40000011,Midlands,SEP2023,Attended,GP,Telephone,More than 28 Days,950
71E,E38000238,NHS Lincolnshire ICB - 71E,E54000013,NHS Lincolnshire Integrated Care Board,E40000011,Midlands,SEP2023,Attended,GP,Telephone,Same Day,34214
71E,E38000238,NHS Lincolnshire ICB - 71E,E54000013,NHS Lincolnshire Integrated Care Board,E40000011,Midlands,SEP2023,Attended,GP,Telephone,Unknown / Data Quality,25
71E,E38000238,NHS Lincolnshire ICB - 71E,E54000013,NHS Lincolnshire Integrated Care Board,E40000011,Midlands,SEP2023,Attended,GP,Unknown,1 Day,39
71E,E38000238,NHS Lincolnshire ICB - 71E,E54000013,NHS Lincolnshire Integrated Care Board,E40000011,Midlands,SEP2023,Attended,GP,Unknown,15  to 21 Days,154
71E,E38000238,NHS Lincolnshire ICB - 71E,E54000013,NHS Lincolnshire Integrated Care Board,E40000011,Midlands,SEP2023,Attended,GP,Unknown,2 to 7 Days,78
71E,E38000238,NHS Lincolnshire ICB - 71E,E54000013,NHS Lincolnshire Integrated Care Board,E40000011,Midlands,SEP2023,Attended,GP,Unknown,22  to 28 Days,4
71E,E38000238,NHS Lincolnshire ICB - 71E,E54000013,NHS Lincolnshire Integrated Care Board,E40000011,Midlands,SEP2023,Attended,GP,Unknown,8  to 14 Days,35
71E,E38000238,NHS Lincolnshire ICB - 71E,E54000013,NHS Lincolnshire Integrated Care Board,E40000011,Midlands,SEP2023,Attended,GP,Unknown,More than 28 Days,144
71E,E38000238,NHS Lincolnshire ICB - 71E,E54000013,NHS Lincolnshire Integrated Care Board,E40000011,Midlands,SEP2023,Attended,GP,Unknown,Same Day,543
71E,E38000238,NHS Lincolnshire ICB - 71E,E54000013,NHS Lincolnshire Integrated Care Board,E40000011,Midlands,SEP2023,Attended,GP,Video/Online,1 Day,256
71E,E38000238,NHS Lincolnshire ICB - 71E,E54000013,NHS Lincolnshire Integrated Care Board,E40000011,Midlands,SEP2023,Attended,GP,Video/Online,15  to 21 Days,46
71E,E38000238,NHS Lincolnshire ICB - 71E,E54000013,NHS Lincolnshire Integrated Care Board,E40000011,Midlands,SEP2023,Attended,GP,Video/Online,2 to 7 Days,579
71E,E38000238,NHS Lincolnshire ICB - 71E,E54000013,NHS Lincolnshire Integrated Care Board,E40000011,Midlands,SEP2023,Attended,GP,Video/Online,22  to 28 Days,22
71E,E38000238,NHS Lincolnshire ICB - 71E,E54000013,NHS Lincolnshire Integrated Care Board,E40000011,Midlands,SEP2023,Attended,GP,Video/Online,8  to 14 Days,131
71E,E38000238,NHS Lincolnshire ICB - 71E,E54000013,NHS Lincolnshire Integrated Care Board,E40000011,Midlands,SEP2023,Attended,GP,Video/Online,More than 28 Days,15
71E,E38000238,NHS Lincolnshire ICB - 71E,E54000013,NHS Lincolnshire Integrated Care Board,E40000011,Midlands,SEP2023,Attended,GP,Video/Online,Same Day,5956
71E,E38000238,NHS Lincolnshire ICB - 71E,E54000013,NHS Lincolnshire Integrated Care Board,E40000011,Midlands,SEP2023,Attended,Other Practice staff,Face-to-Face,1 Day,11781
71E,E38000238,NHS Lincolnshire ICB - 71E,E54000013,NHS Lincolnshire Integrated Care Board,E40000011,Midlands,SEP2023,Attended,Other Practice staff,Face-to-Face,15  to 21 Days,26183
71E,E38000238,NHS Lincolnshire ICB - 71E,E54000013,NHS Lincolnshire Integrated Care Board,E40000011,Midlands,SEP2023,Attended,Other Practice staff,Face-to-Face,2 to 7 Days,39194
71E,E38000238,NHS Lincolnshire ICB - 71E,E54000013,NHS Lincolnshire Integrated Care Board,E40000011,Midlands,SEP2023,Attended,Other Practice staff,Face-to-Face,22  to 28 Days,20812
71E,E38000238,NHS Lincolnshire ICB - 71E,E54000013,NHS Lincolnshire Integrated Care Board,E40000011,Midlands,SEP2023,Attended,Other Practice staff,Face-to-Face,8  to 14 Days,36132
71E,E38000238,NHS Lincolnshire ICB - 71E,E54000013,NHS Lincolnshire Integrated Care Board,E40000011,Midlands,SEP2023,Attended,Other Practice staff,Face-to-Face,More than 28 Days,27828
71E,E38000238,NHS Lincolnshire ICB - 71E,E54000013,NHS Lincolnshire Integrated Care Board,E40000011,Midlands,SEP2023,Attended,Other Practice staff,Face-to-Face,Same Day,49962
71E,E38000238,NHS Lincolnshire ICB - 71E,E54000013,NHS Lincolnshire Integrated Care Board,E40000011,Midlands,SEP2023,Attended,Other Practice staff,Face-to-Face,Unknown / Data Quality,184
71E,E38000238,NHS Lincolnshire ICB - 71E,E54000013,NHS Lincolnshire Integrated Care Board,E40000011,Midlands,SEP2023,Attended,Other Practice staff,Home Visit,1 Day,395
71E,E38000238,NHS Lincolnshire ICB - 71E,E54000013,NHS Lincolnshire Integrated Care Board,E40000011,Midlands,SEP2023,Attended,Other Practice staff,Home Visit,15  to 21 Days,141
71E,E38000238,NHS Lincolnshire ICB - 71E,E54000013,NHS Lincolnshire Integrated Care Board,E40000011,Midlands,SEP2023,Attended,Other Practice staff,Home Visit,2 to 7 Days,1296
71E,E38000238,NHS Lincolnshire ICB - 71E,E54000013,NHS Lincolnshire Integrated Care Board,E40000011,Midlands,SEP2023,Attended,Other Practice staff,Home Visit,22  to 28 Days,91
71E,E38000238,NHS Lincolnshire ICB - 71E,E54000013,NHS Lincolnshire Integrated Care Board,E40000011,Midlands,SEP2023,Attended,Other Practice staff,Home Visit,8  to 14 Days,316
71E,E38000238,NHS Lincolnshire ICB - 71E,E54000013,NHS Lincolnshire Integrated Care Board,E40000011,Midlands,SEP2023,Attended,Other Practice staff,Home Visit,More than 28 Days,141
71E,E38000238,NHS Lincolnshire ICB - 71E,E54000013,NHS Lincolnshire Integrated Care Board,E40000011,Midlands,SEP2023,Attended,Other Practice staff,Home Visit,Same Day,1343
71E,E38000238,NHS Lincolnshire ICB - 71E,E54000013,NHS Lincolnshire Integrated Care Board,E40000011,Midlands,SEP2023,Attended,Other Practice staff,Home Visit,Unknown / Data Quality,31
71E,E38000238,NHS Lincolnshire ICB - 71E,E54000013,NHS Lincolnshire Integrated Care Board,E40000011,Midlands,SEP2023,Attended,Other Practice staff,Telephone,1 Day,2537
71E,E38000238,NHS Lincolnshire ICB - 71E,E54000013,NHS Lincolnshire Integrated Care Board,E40000011,Midlands,SEP2023,Attended,Other Practice staff,Telephone,15  to 21 Days,1974
71E,E38000238,NHS Lincolnshire ICB - 71E,E54000013,NHS Lincolnshire Integrated Care Board,E40000011,Midlands,SEP2023,Attended,Other Practice staff,Telephone,2 to 7 Days,6968
71E,E38000238,NHS Lincolnshire ICB - 71E,E54000013,NHS Lincolnshire Integrated Care Board,E40000011,Midlands,SEP2023,Attended,Other Practice staff,Telephone,22  to 28 Days,1469
71E,E38000238,NHS Lincolnshire ICB - 71E,E54000013,NHS Lincolnshire Integrated Care Board,E40000011,Midlands,SEP2023,Attended,Other Practice staff,Telephone,8  to 14 Days,3334
71E,E38000238,NHS Lincolnshire ICB - 71E,E54000013,NHS Lincolnshire Integrated Care Board,E40000011,Midlands,SEP2023,Attended,Other Practice staff,Telephone,More than 28 Days,2024
71E,E38000238,NHS Lincolnshire ICB - 71E,E54000013,NHS Lincolnshire Integrated Care Board,E40000011,Midlands,SEP2023,Attended,Other Practice staff,Telephone,Same Day,22224
71E,E38000238,NHS Lincolnshire ICB - 71E,E54000013,NHS Lincolnshire Integrated Care Board,E40000011,Midlands,SEP2023,Attended,Other Practice staff,Telephone,Unknown / Data Quality,30
71E,E38000238,NHS Lincolnshire ICB - 71E,E54000013,NHS Lincolnshire Integrated Care Board,E40000011,Midlands,SEP2023,Attended,Other Practice staff,Unknown,1 Day,152
71E,E38000238,NHS Lincolnshire ICB - 71E,E54000013,NHS Lincolnshire Integrated Care Board,E40000011,Midlands,SEP2023,Attended,Other Practice staff,Unknown,15  to 21 Days,222
71E,E38000238,NHS Lincolnshire ICB - 71E,E54000013,NHS Lincolnshire Integrated Care Board,E40000011,Midlands,SEP2023,Attended,Other Practice staff,Unknown,2 to 7 Days,112
71E,E38000238,NHS Lincolnshire ICB - 71E,E54000013,NHS Lincolnshire Integrated Care Board,E40000011,Midlands,SEP2023,Attended,Other Practice staff,Unknown,22  to 28 Days,41
71E,E38000238,NHS Lincolnshire ICB - 71E,E54000013,NHS Lincolnshire Integrated Care Board,E40000011,Midlands,SEP2023,Attended,Other Practice staff,Unknown,8  to 14 Days,80
71E,E38000238,NHS Lincolnshire ICB - 71E,E54000013,NHS Lincolnshire Integrated Care Board,E40000011,Midlands,SEP2023,Attended,Other Practice staff,Unknown,More than 28 Days,815
71E,E38000238,NHS Lincolnshire ICB - 71E,E54000013,NHS Lincolnshire Integrated Care Board,E40000011,Midlands,SEP2023,Attended,Other Practice staff,Unknown,Same Day,1291
71E,E38000238,NHS Lincolnshire ICB - 71E,E54000013,NHS Lincolnshire Integrated Care Board,E40000011,Midlands,SEP2023,Attended,Other Practice staff,Unknown,Unknown / Data Quality,1
71E,E38000238,NHS Lincolnshire ICB - 71E,E54000013,NHS Lincolnshire Integrated Care Board,E40000011,Midlands,SEP2023,Attended,Other Practice staff,Video/Online,1 Day,212
71E,E38000238,NHS Lincolnshire ICB - 71E,E54000013,NHS Lincolnshire Integrated Care Board,E40000011,Midlands,SEP2023,Attended,Other Practice staff,Video/Online,15  to 21 Days,7
71E,E38000238,NHS Lincolnshire ICB - 71E,E54000013,NHS Lincolnshire Integrated Care Board,E40000011,Midlands,SEP2023,Attended,Other Practice staff,Video/Online,2 to 7 Days,313
71E,E38000238,NHS Lincolnshire ICB - 71E,E54000013,NHS Lincolnshire Integrated Care Board,E40000011,Midlands,SEP2023,Attended,Other Practice staff,Video/Online,22  to 28 Days,9
71E,E38000238,NHS Lincolnshire ICB - 71E,E54000013,NHS Lincolnshire Integrated Care Board,E40000011,Midlands,SEP2023,Attended,Other Practice staff,Video/Online,8  to 14 Days,35
71E,E38000238,NHS Lincolnshire ICB - 71E,E54000013,NHS Lincolnshire Integrated Care Board,E40000011,Midlands,SEP2023,Attended,Other Practice staff,Video/Online,More than 28 Days,9
71E,E38000238,NHS Lincolnshire ICB - 71E,E54000013,NHS Lincolnshire Integrated Care Board,E40000011,Midlands,SEP2023,Attended,Other Practice staff,Video/Online,Same Day,2612
71E,E38000238,NHS Lincolnshire ICB - 71E,E54000013,NHS Lincolnshire Integrated Care Board,E40000011,Midlands,SEP2023,Attended,Unknown,Unknown,1 Day,1003
71E,E38000238,NHS Lincolnshire ICB - 71E,E54000013,NHS Lincolnshire Integrated Care Board,E40000011,Midlands,SEP2023,Attended,Unknown,Unknown,15  to 21 Days,397
71E,E38000238,NHS Lincolnshire ICB - 71E,E54000013,NHS Lincolnshire Integrated Care Board,E40000011,Midlands,SEP2023,Attended,Unknown,Unknown,2 to 7 Days,2005
71E,E38000238,NHS Lincolnshire ICB - 71E,E54000013,NHS Lincolnshire Integrated Care Board,E40000011,Midlands,SEP2023,Attended,Unknown,Unknown,22  to 28 Days,237
71E,E38000238,NHS Lincolnshire ICB - 71E,E54000013,NHS Lincolnshire Integrated Care Board,E40000011,Midlands,SEP2023,Attended,Unknown,Unknown,8  to 14 Days,726
71E,E38000238,NHS Lincolnshire ICB - 71E,E54000013,NHS Lincolnshire Integrated Care Board,E40000011,Midlands,SEP2023,Attended,Unknown,Unknown,More than 28 Days,326
71E,E38000238,NHS Lincolnshire ICB - 71E,E54000013,NHS Lincolnshire Integrated Care Board,E40000011,Midlands,SEP2023,Attended,Unknown,Unknown,Same Day,9817
71E,E38000238,NHS Lincolnshire ICB - 71E,E54000013,NHS Lincolnshire Integrated Care Board,E40000011,Midlands,SEP2023,Attended,Unknown,Unknown,Unknown / Data Quality,38
71E,E38000238,NHS Lincolnshire ICB - 71E,E54000013,NHS Lincolnshire Integrated Care Board,E40000011,Midlands,SEP2023,DNA,GP,Face-to-Face,1 Day,214
71E,E38000238,NHS Lincolnshire ICB - 71E,E54000013,NHS Lincolnshire Integrated Care Board,E40000011,Midlands,SEP2023,DNA,GP,Face-to-Face,15  to 21 Days,217
71E,E38000238,NHS Lincolnshire ICB - 71E,E54000013,NHS Lincolnshire Integrated Care Board,E40000011,Midlands,SEP2023,DNA,GP,Face-to-Face,2 to 7 Days,485
71E,E38000238,NHS Lincolnshire ICB - 71E,E54000013,NHS Lincolnshire Integrated Care Board,E40000011,Midlands,SEP2023,DNA,GP,Face-to-Face,22  to 28 Days,222
71E,E38000238,NHS Lincolnshire ICB - 71E,E54000013,NHS Lincolnshire Integrated Care Board,E40000011,Midlands,SEP2023,DNA,GP,Face-to-Face,8  to 14 Days,316
71E,E38000238,NHS Lincolnshire ICB - 71E,E54000013,NHS Lincolnshire Integrated Care Board,E40000011,Midlands,SEP2023,DNA,GP,Face-to-Face,More than 28 Days,476
71E,E38000238,NHS Lincolnshire ICB - 71E,E54000013,NHS Lincolnshire Integrated Care Board,E40000011,Midlands,SEP2023,DNA,GP,Face-to-Face,Same Day,656
71E,E38000238,NHS Lincolnshire ICB - 71E,E54000013,NHS Lincolnshire Integrated Care Board,E40000011,Midlands,SEP2023,DNA,GP,Home Visit,2 to 7 Days,2
71E,E38000238,NHS Lincolnshire ICB - 71E,E54000013,NHS Lincolnshire Integrated Care Board,E40000011,Midlands,SEP2023,DNA,GP,Home Visit,Same Day,13
71E,E38000238,NHS Lincolnshire ICB - 71E,E54000013,NHS Lincolnshire Integrated Care Board,E40000011,Midlands,SEP2023,DNA,GP,Telephone,1 Day,38
71E,E38000238,NHS Lincolnshire ICB - 71E,E54000013,NHS Lincolnshire Integrated Care Board,E40000011,Midlands,SEP2023,DNA,GP,Telephone,15  to 21 Days,34
71E,E38000238,NHS Lincolnshire ICB - 71E,E54000013,NHS Lincolnshire Integrated Care Board,E40000011,Midlands,SEP2023,DNA,GP,Telephone,2 to 7 Days,55
71E,E38000238,NHS Lincolnshire ICB - 71E,E54000013,NHS Lincolnshire Integrated Care Board,E40000011,Midlands,SEP2023,DNA,GP,Telephone,22  to 28 Days,30
71E,E38000238,NHS Lincolnshire ICB - 71E,E54000013,NHS Lincolnshire Integrated Care Board,E40000011,Midlands,SEP2023,DNA,GP,Telephone,8  to 14 Days,45
71E,E38000238,NHS Lincolnshire ICB - 71E,E54000013,NHS Lincolnshire Integrated Care Board,E40000011,Midlands,SEP2023,DNA,GP,Telephone,More than 28 Days,21
71E,E38000238,NHS Lincolnshire ICB - 71E,E54000013,NHS Lincolnshire Integrated Care Board,E40000011,Midlands,SEP2023,DNA,GP,Telephone,Same Day,363
71E,E38000238,NHS Lincolnshire ICB - 71E,E54000013,NHS Lincolnshire Integrated Care Board,E40000011,Midlands,SEP2023,DNA,GP,Unknown,1 Day,2
71E,E38000238,NHS Lincolnshire ICB - 71E,E54000013,NHS Lincolnshire Integrated Care Board,E40000011,Midlands,SEP2023,DNA,GP,Unknown,15  to 21 Days,4
71E,E38000238,NHS Lincolnshire ICB - 71E,E54000013,NHS Lincolnshire Integrated Care Board,E40000011,Midlands,SEP2023,DNA,GP,Unknown,2 to 7 Days,2
71E,E38000238,NHS Lincolnshire ICB - 71E,E54000013,NHS Lincolnshire Integrated Care Board,E40000011,Midlands,SEP2023,DNA,GP,Unknown,8  to 14 Days,5
71E,E38000238,NHS Lincolnshire ICB - 71E,E54000013,NHS Lincolnshire Integrated Care Board,E40000011,Midlands,SEP2023,DNA,GP,Unknown,More than 28 Days,4
71E,E38000238,NHS Lincolnshire ICB - 71E,E54000013,NHS Lincolnshire Integrated Care Board,E40000011,Midlands,SEP2023,DNA,GP,Unknown,Same Day,3
71E,E38000238,NHS Lincolnshire ICB - 71E,E54000013,NHS Lincolnshire Integrated Care Board,E40000011,Midlands,SEP2023,DNA,GP,Video/Online,1 Day,4
71E,E38000238,NHS Lincolnshire ICB - 71E,E54000013,NHS Lincolnshire Integrated Care Board,E40000011,Midlands,SEP2023,DNA,GP,Video/Online,15  to 21 Days,1
71E,E38000238,NHS Lincolnshire ICB - 71E,E54000013,NHS Lincolnshire Integrated Care Board,E40000011,Midlands,SEP2023,DNA,GP,Video/Online,2 to 7 Days,13
71E,E38000238,NHS Lincolnshire ICB - 71E,E54000013,NHS Lincolnshire Integrated Care Board,E40000011,Midlands,SEP2023,DNA,GP,Video/Online,8  to 14 Days,2
71E,E38000238,NHS Lincolnshire ICB - 71E,E54000013,NHS Lincolnshire Integrated Care Board,E40000011,Midlands,SEP2023,DNA,GP,Video/Online,Same Day,6
71E,E38000238,NHS Lincolnshire ICB - 71E,E54000013,NHS Lincolnshire Integrated Care Board,E40000011,Midlands,SEP2023,DNA,Other Practice staff,Face-to-Face,1 Day,592
71E,E38000238,NHS Lincolnshire ICB - 71E,E54000013,NHS Lincolnshire Integrated Care Board,E40000011,Midlands,SEP2023,DNA,Other Practice staff,Face-to-Face,15  to 21 Days,1918
71E,E38000238,NHS Lincolnshire ICB - 71E,E54000013,NHS Lincolnshire Integrated Care Board,E40000011,Midlands,SEP2023,DNA,Other Practice staff,Face-to-Face,2 to 7 Days,2389
71E,E38000238,NHS Lincolnshire ICB - 71E,E54000013,NHS Lincolnshire Integrated Care Board,E40000011,Midlands,SEP2023,DNA,Other Practice staff,Face-to-Face,22  to 28 Days,1642
71E,E38000238,NHS Lincolnshire ICB - 71E,E54000013,NHS Lincolnshire Integrated Care Board,E40000011,Midlands,SEP2023,DNA,Other Practice staff,Face-to-Face,8  to 14 Days,2639
71E,E38000238,NHS Lincolnshire ICB - 71E,E54000013,NHS Lincolnshire Integrated Care Board,E40000011,Midlands,SEP2023,DNA,Other Practice staff,Face-to-Face,More than 28 Days,2402
71E,E38000238,NHS Lincolnshire ICB - 71E,E54000013,NHS Lincolnshire Integrated Care Board,E40000011,Midlands,SEP2023,DNA,Other Practice staff,Face-to-Face,Same Day,1029
71E,E38000238,NHS Lincolnshire ICB - 71E,E54000013,NHS Lincolnshire Integrated Care Board,E40000011,Midlands,SEP2023,DNA,Other Practice staff,Face-to-Face,Unknown / Data Quality,1
71E,E38000238,NHS Lincolnshire ICB - 71E,E54000013,NHS Lincolnshire Integrated Care Board,E40000011,Midlands,SEP2023,DNA,Other Practice staff,Home Visit,1 Day,11
71E,E38000238,NHS Lincolnshire ICB - 71E,E54000013,NHS Lincolnshire Integrated Care Board,E40000011,Midlands,SEP2023,DNA,Other Practice staff,Home Visit,15  to 21 Days,9
71E,E38000238,NHS Lincolnshire ICB - 71E,E54000013,NHS Lincolnshire Integrated Care Board,E40000011,Midlands,SEP2023,DNA,Other Practice staff,Home Visit,2 to 7 Days,71
71E,E38000238,NHS Lincolnshire ICB - 71E,E54000013,NHS Lincolnshire Integrated Care Board,E40000011,Midlands,SEP2023,DNA,Other Practice staff,Home Visit,22  to 28 Days,7
71E,E38000238,NHS Lincolnshire ICB - 71E,E54000013,NHS Lincolnshire Integrated Care Board,E40000011,Midlands,SEP2023,DNA,Other Practice staff,Home Visit,8  to 14 Days,5
71E,E38000238,NHS Lincolnshire ICB - 71E,E54000013,NHS Lincolnshire Integrated Care Board,E40000011,Midlands,SEP2023,DNA,Other Practice staff,Home Visit,More than 28 Days,10
71E,E38000238,NHS Lincolnshire ICB - 71E,E54000013,NHS Lincolnshire Integrated Care Board,E40000011,Midlands,SEP2023,DNA,Other Practice staff,Home Visit,Same Day,34
71E,E38000238,NHS Lincolnshire ICB - 71E,E54000013,NHS Lincolnshire Integrated Care Board,E40000011,Midlands,SEP2023,DNA,Other Practice staff,Telephone,1 Day,48
71E,E38000238,NHS Lincolnshire ICB - 71E,E54000013,NHS Lincolnshire Integrated Care Board,E40000011,Midlands,SEP2023,DNA,Other Practice staff,Telephone,15  to 21 Days,84
71E,E38000238,NHS Lincolnshire ICB - 71E,E54000013,NHS Lincolnshire Integrated Care Board,E40000011,Midlands,SEP2023,DNA,Other Practice staff,Telephone,2 to 7 Days,222
71E,E38000238,NHS Lincolnshire ICB - 71E,E54000013,NHS Lincolnshire Integrated Care Board,E40000011,Midlands,SEP2023,DNA,Other Practice staff,Telephone,22  to 28 Days,65
71E,E38000238,NHS Lincolnshire ICB - 71E,E54000013,NHS Lincolnshire Integrated Care Board,E40000011,Midlands,SEP2023,DNA,Other Practice staff,Telephone,8  to 14 Days,137
71E,E38000238,NHS Lincolnshire ICB - 71E,E54000013,NHS Lincolnshire Integrated Care Board,E40000011,Midlands,SEP2023,DNA,Other Practice staff,Telephone,More than 28 Days,87
71E,E38000238,NHS Lincolnshire ICB - 71E,E54000013,NHS Lincolnshire Integrated Care Board,E40000011,Midlands,SEP2023,DNA,Other Practice staff,Telephone,Same Day,158
71E,E38000238,NHS Lincolnshire ICB - 71E,E54000013,NHS Lincolnshire Integrated Care Board,E40000011,Midlands,SEP2023,DNA,Other Practice staff,Unknown,1 Day,9
71E,E38000238,NHS Lincolnshire ICB - 71E,E54000013,NHS Lincolnshire Integrated Care Board,E40000011,Midlands,SEP2023,DNA,Other Practice staff,Unknown,15  to 21 Days,9
71E,E38000238,NHS Lincolnshire ICB - 71E,E54000013,NHS Lincolnshire Integrated Care Board,E40000011,Midlands,SEP2023,DNA,Other Practice staff,Unknown,2 to 7 Days,9
71E,E38000238,NHS Lincolnshire ICB - 71E,E54000013,NHS Lincolnshire Integrated Care Board,E40000011,Midlands,SEP2023,DNA,Other Practice staff,Unknown,22  to 28 Days,3
71E,E38000238,NHS Lincolnshire ICB - 71E,E54000013,NHS Lincolnshire Integrated Care Board,E40000011,Midlands,SEP2023,DNA,Other Practice staff,Unknown,8  to 14 Days,9
71E,E38000238,NHS Lincolnshire ICB - 71E,E54000013,NHS Lincolnshire Integrated Care Board,E40000011,Midlands,SEP2023,DNA,Other Practice staff,Unknown,More than 28 Days,35
71E,E38000238,NHS Lincolnshire ICB - 71E,E54000013,NHS Lincolnshire Integrated Care Board,E40000011,Midlands,SEP2023,DNA,Other Practice staff,Unknown,Same Day,12
71E,E38000238,NHS Lincolnshire ICB - 71E,E54000013,NHS Lincolnshire Integrated Care Board,E40000011,Midlands,SEP2023,DNA,Other Practice staff,Video/Online,1 Day,5
71E,E38000238,NHS Lincolnshire ICB - 71E,E54000013,NHS Lincolnshire Integrated Care Board,E40000011,Midlands,SEP2023,DNA,Other Practice staff,Video/Online,15  to 21 Days,1
71E,E38000238,NHS Lincolnshire ICB - 71E,E54000013,NHS Lincolnshire Integrated Care Board,E40000011,Midlands,SEP2023,DNA,Other Practice staff,Video/Online,2 to 7 Days,7
71E,E38000238,NHS Lincolnshire ICB - 71E,E54000013,NHS Lincolnshire Integrated Care Board,E40000011,Midlands,SEP2023,DNA,Other Practice staff,Video/Online,22  to 28 Days,1
71E,E38000238,NHS Lincolnshire ICB - 71E,E54000013,NHS Lincolnshire Integrated Care Board,E40000011,Midlands,SEP2023,DNA,Other Practice staff,Video/Online,8  to 14 Days,1
71E,E38000238,NHS Lincolnshire ICB - 71E,E54000013,NHS Lincolnshire Integrated Care Board,E40000011,Midlands,SEP2023,DNA,Other Practice staff,Video/Online,More than 28 Days,2
71E,E38000238,NHS Lincolnshire ICB - 71E,E54000013,NHS Lincolnshire Integrated Care Board,E40000011,Midlands,SEP2023,DNA,Other Practice staff,Video/Online,Same Day,11
71E,E38000238,NHS Lincolnshire ICB - 71E,E54000013,NHS Lincolnshire Integrated Care Board,E40000011,Midlands,SEP2023,DNA,Unknown,Unknown,1 Day,17
71E,E38000238,NHS Lincolnshire ICB - 71E,E54000013,NHS Lincolnshire Integrated Care Board,E40000011,Midlands,SEP2023,DNA,Unknown,Unknown,15  to 21 Days,23
71E,E38000238,NHS Lincolnshire ICB - 71E,E54000013,NHS Lincolnshire Integrated Care Board,E40000011,Midlands,SEP2023,DNA,Unknown,Unknown,2 to 7 Days,79
71E,E38000238,NHS Lincolnshire ICB - 71E,E54000013,NHS Lincolnshire Integrated Care Board,E40000011,Midlands,SEP2023,DNA,Unknown,Unknown,22  to 28 Days,24
71E,E38000238,NHS Lincolnshire ICB - 71E,E54000013,NHS Lincolnshire Integrated Care Board,E40000011,Midlands,SEP2023,DNA,Unknown,Unknown,8  to 14 Days,38
71E,E38000238,NHS Lincolnshire ICB - 71E,E54000013,NHS Lincolnshire Integrated Care Board,E40000011,Midlands,SEP2023,DNA,Unknown,Unknown,More than 28 Days,29
71E,E38000238,NHS Lincolnshire ICB - 71E,E54000013,NHS Lincolnshire Integrated Care Board,E40000011,Midlands,SEP2023,DNA,Unknown,Unknown,Same Day,70
71E,E38000238,NHS Lincolnshire ICB - 71E,E54000013,NHS Lincolnshire Integrated Care Board,E40000011,Midlands,SEP2023,Unknown,GP,Face-to-Face,1 Day,112
71E,E38000238,NHS Lincolnshire ICB - 71E,E54000013,NHS Lincolnshire Integrated Care Board,E40000011,Midlands,SEP2023,Unknown,GP,Face-to-Face,15  to 21 Days,386
71E,E38000238,NHS Lincolnshire ICB - 71E,E54000013,NHS Lincolnshire Integrated Care Board,E40000011,Midlands,SEP2023,Unknown,GP,Face-to-Face,2 to 7 Days,480
71E,E38000238,NHS Lincolnshire ICB - 71E,E54000013,NHS Lincolnshire Integrated Care Board,E40000011,Midlands,SEP2023,Unknown,GP,Face-to-Face,22  to 28 Days,282
71E,E38000238,NHS Lincolnshire ICB - 71E,E54000013,NHS Lincolnshire Integrated Care Board,E40000011,Midlands,SEP2023,Unknown,GP,Face-to-Face,8  to 14 Days,383
71E,E38000238,NHS Lincolnshire ICB - 71E,E54000013,NHS Lincolnshire Integrated Care Board,E40000011,Midlands,SEP2023,Unknown,GP,Face-to-Face,More than 28 Days,598
71E,E38000238,NHS Lincolnshire ICB - 71E,E54000013,NHS Lincolnshire Integrated Care Board,E40000011,Midlands,SEP2023,Unknown,GP,Face-to-Face,Same Day,305
71E,E38000238,NHS Lincolnshire ICB - 71E,E54000013,NHS Lincolnshire Integrated Care Board,E40000011,Midlands,SEP2023,Unknown,GP,Face-to-Face,Unknown / Data Quality,4
71E,E38000238,NHS Lincolnshire ICB - 71E,E54000013,NHS Lincolnshire Integrated Care Board,E40000011,Midlands,SEP2023,Unknown,GP,Home Visit,1 Day,2
71E,E38000238,NHS Lincolnshire ICB - 71E,E54000013,NHS Lincolnshire Integrated Care Board,E40000011,Midlands,SEP2023,Unknown,GP,Home Visit,15  to 21 Days,4
71E,E38000238,NHS Lincolnshire ICB - 71E,E54000013,NHS Lincolnshire Integrated Care Board,E40000011,Midlands,SEP2023,Unknown,GP,Home Visit,2 to 7 Days,5
71E,E38000238,NHS Lincolnshire ICB - 71E,E54000013,NHS Lincolnshire Integrated Care Board,E40000011,Midlands,SEP2023,Unknown,GP,Home Visit,22  to 28 Days,10
71E,E38000238,NHS Lincolnshire ICB - 71E,E54000013,NHS Lincolnshire Integrated Care Board,E40000011,Midlands,SEP2023,Unknown,GP,Home Visit,8  to 14 Days,1
71E,E38000238,NHS Lincolnshire ICB - 71E,E54000013,NHS Lincolnshire Integrated Care Board,E40000011,Midlands,SEP2023,Unknown,GP,Home Visit,More than 28 Days,12
71E,E38000238,NHS Lincolnshire ICB - 71E,E54000013,NHS Lincolnshire Integrated Care Board,E40000011,Midlands,SEP2023,Unknown,GP,Home Visit,Same Day,12
71E,E38000238,NHS Lincolnshire ICB - 71E,E54000013,NHS Lincolnshire Integrated Care Board,E40000011,Midlands,SEP2023,Unknown,GP,Telephone,1 Day,63
71E,E38000238,NHS Lincolnshire ICB - 71E,E54000013,NHS Lincolnshire Integrated Care Board,E40000011,Midlands,SEP2023,Unknown,GP,Telephone,15  to 21 Days,196
71E,E38000238,NHS Lincolnshire ICB - 71E,E54000013,NHS Lincolnshire Integrated Care Board,E40000011,Midlands,SEP2023,Unknown,GP,Telephone,2 to 7 Days,328
71E,E38000238,NHS Lincolnshire ICB - 71E,E54000013,NHS Lincolnshire Integrated Care Board,E40000011,Midlands,SEP2023,Unknown,GP,Telephone,22  to 28 Days,147
71E,E38000238,NHS Lincolnshire ICB - 71E,E54000013,NHS Lincolnshire Integrated Care Board,E40000011,Midlands,SEP2023,Unknown,GP,Telephone,8  to 14 Days,284
71E,E38000238,NHS Lincolnshire ICB - 71E,E54000013,NHS Lincolnshire Integrated Care Board,E40000011,Midlands,SEP2023,Unknown,GP,Telephone,More than 28 Days,154
71E,E38000238,NHS Lincolnshire ICB - 71E,E54000013,NHS Lincolnshire Integrated Care Board,E40000011,Midlands,SEP2023,Unknown,GP,Telephone,Same Day,223
71E,E38000238,NHS Lincolnshire ICB - 71E,E54000013,NHS Lincolnshire Integrated Care Board,E40000011,Midlands,SEP2023,Unknown,GP,Telephone,Unknown / Data Quality,14
71E,E38000238,NHS Lincolnshire ICB - 71E,E54000013,NHS Lincolnshire Integrated Care Board,E40000011,Midlands,SEP2023,Unknown,GP,Unknown,1 Day,2
71E,E38000238,NHS Lincolnshire ICB - 71E,E54000013,NHS Lincolnshire Integrated Care Board,E40000011,Midlands,SEP2023,Unknown,GP,Unknown,15  to 21 Days,40
71E,E38000238,NHS Lincolnshire ICB - 71E,E54000013,NHS Lincolnshire Integrated Care Board,E40000011,Midlands,SEP2023,Unknown,GP,Unknown,2 to 7 Days,34
71E,E38000238,NHS Lincolnshire ICB - 71E,E54000013,NHS Lincolnshire Integrated Care Board,E40000011,Midlands,SEP2023,Unknown,GP,Unknown,22  to 28 Days,24
71E,E38000238,NHS Lincolnshire ICB - 71E,E54000013,NHS Lincolnshire Integrated Care Board,E40000011,Midlands,SEP2023,Unknown,GP,Unknown,8  to 14 Days,45
71E,E38000238,NHS Lincolnshire ICB - 71E,E54000013,NHS Lincolnshire Integrated Care Board,E40000011,Midlands,SEP2023,Unknown,GP,Unknown,More than 28 Days,28
71E,E38000238,NHS Lincolnshire ICB - 71E,E54000013,NHS Lincolnshire Integrated Care Board,E40000011,Midlands,SEP2023,Unknown,GP,Unknown,Same Day,152
71E,E38000238,NHS Lincolnshire ICB - 71E,E54000013,NHS Lincolnshire Integrated Care Board,E40000011,Midlands,SEP2023,Unknown,GP,Video/Online,1 Day,30
71E,E38000238,NHS Lincolnshire ICB - 71E,E54000013,NHS Lincolnshire Integrated Care Board,E40000011,Midlands,SEP2023,Unknown,GP,Video/Online,15  to 21 Days,32
71E,E38000238,NHS Lincolnshire ICB - 71E,E54000013,NHS Lincolnshire Integrated Care Board,E40000011,Midlands,SEP2023,Unknown,GP,Video/Online,2 to 7 Days,207
71E,E38000238,NHS Lincolnshire ICB - 71E,E54000013,NHS Lincolnshire Integrated Care Board,E40000011,Midlands,SEP2023,Unknown,GP,Video/Online,22  to 28 Days,22
71E,E38000238,NHS Lincolnshire ICB - 71E,E54000013,NHS Lincolnshire Integrated Care Board,E40000011,Midlands,SEP2023,Unknown,GP,Video/Online,8  to 14 Days,24
71E,E38000238,NHS Lincolnshire ICB - 71E,E54000013,NHS Lincolnshire Integrated Care Board,E40000011,Midlands,SEP2023,Unknown,GP,Video/Online,More than 28 Days,22
71E,E38000238,NHS Lincolnshire ICB - 71E,E54000013,NHS Lincolnshire Integrated Care Board,E40000011,Midlands,SEP2023,Unknown,GP,Video/Online,Same Day,42
71E,E38000238,NHS Lincolnshire ICB - 71E,E54000013,NHS Lincolnshire Integrated Care Board,E40000011,Midlands,SEP2023,Unknown,GP,Video/Online,Unknown / Data Quality,1
71E,E38000238,NHS Lincolnshire ICB - 71E,E54000013,NHS Lincolnshire Integrated Care Board,E40000011,Midlands,SEP2023,Unknown,Other Practice staff,Face-to-Face,1 Day,292
71E,E38000238,NHS Lincolnshire ICB - 71E,E54000013,NHS Lincolnshire Integrated Care Board,E40000011,Midlands,SEP2023,Unknown,Other Practice staff,Face-to-Face,15  to 21 Days,3181
71E,E38000238,NHS Lincolnshire ICB - 71E,E54000013,NHS Lincolnshire Integrated Care Board,E40000011,Midlands,SEP2023,Unknown,Other Practice staff,Face-to-Face,2 to 7 Days,1988
71E,E38000238,NHS Lincolnshire ICB - 71E,E54000013,NHS Lincolnshire Integrated Care Board,E40000011,Midlands,SEP2023,Unknown,Other Practice staff,Face-to-Face,22  to 28 Days,2700
71E,E38000238,NHS Lincolnshire ICB - 71E,E54000013,NHS Lincolnshire Integrated Care Board,E40000011,Midlands,SEP2023,Unknown,Other Practice staff,Face-to-Face,8  to 14 Days,3261
71E,E38000238,NHS Lincolnshire ICB - 71E,E54000013,NHS Lincolnshire Integrated Care Board,E40000011,Midlands,SEP2023,Unknown,Other Practice staff,Face-to-Face,More than 28 Days,5094
71E,E38000238,NHS Lincolnshire ICB - 71E,E54000013,NHS Lincolnshire Integrated Care Board,E40000011,Midlands,SEP2023,Unknown,Other Practice staff,Face-to-Face,Same Day,758
71E,E38000238,NHS Lincolnshire ICB - 71E,E54000013,NHS Lincolnshire Integrated Care Board,E40000011,Midlands,SEP2023,Unknown,Other Practice staff,Face-to-Face,Unknown / Data Quality,10
71E,E38000238,NHS Lincolnshire ICB - 71E,E54000013,NHS Lincolnshire Integrated Care Board,E40000011,Midlands,SEP2023,Unknown,Other Practice staff,Home Visit,1 Day,10
71E,E38000238,NHS Lincolnshire ICB - 71E,E54000013,NHS Lincolnshire Integrated Care Board,E40000011,Midlands,SEP2023,Unknown,Other Practice staff,Home Visit,15  to 21 Days,64
71E,E38000238,NHS Lincolnshire ICB - 71E,E54000013,NHS Lincolnshire Integrated Care Board,E40000011,Midlands,SEP2023,Unknown,Other Practice staff,Home Visit,2 to 7 Days,110
71E,E38000238,NHS Lincolnshire ICB - 71E,E54000013,NHS Lincolnshire Integrated Care Board,E40000011,Midlands,SEP2023,Unknown,Other Practice staff,Home Visit,22  to 28 Days,32
71E,E38000238,NHS Lincolnshire ICB - 71E,E54000013,NHS Lincolnshire Integrated Care Board,E40000011,Midlands,SEP2023,Unknown,Other Practice staff,Home Visit,8  to 14 Days,109
71E,E38000238,NHS Lincolnshire ICB - 71E,E54000013,NHS Lincolnshire Integrated Care Board,E40000011,Midlands,SEP2023,Unknown,Other Practice staff,Home Visit,More than 28 Days,50
71E,E38000238,NHS Lincolnshire ICB - 71E,E54000013,NHS Lincolnshire Integrated Care Board,E40000011,Midlands,SEP2023,Unknown,Other Practice staff,Home Visit,Same Day,42
71E,E38000238,NHS Lincolnshire ICB - 71E,E54000013,NHS Lincolnshire Integrated Care Board,E40000011,Midlands,SEP2023,Unknown,Other Practice staff,Home Visit,Unknown / Data Quality,4
71E,E38000238,NHS Lincolnshire ICB - 71E,E54000013,NHS Lincolnshire Integrated Care Board,E40000011,Midlands,SEP2023,Unknown,Other Practice staff,Telephone,1 Day,120
71E,E38000238,NHS Lincolnshire ICB - 71E,E54000013,NHS Lincolnshire Integrated Care Board,E40000011,Midlands,SEP2023,Unknown,Other Practice staff,Telephone,15  to 21 Days,352
71E,E38000238,NHS Lincolnshire ICB - 71E,E54000013,NHS Lincolnshire Integrated Care Board,E40000011,Midlands,SEP2023,Unknown,Other Practice staff,Telephone,2 to 7 Days,479
71E,E38000238,NHS Lincolnshire ICB - 71E,E54000013,NHS Lincolnshire Integrated Care Board,E40000011,Midlands,SEP2023,Unknown,Other Practice staff,Telephone,22  to 28 Days,237
71E,E38000238,NHS Lincolnshire ICB - 71E,E54000013,NHS Lincolnshire Integrated Care Board,E40000011,Midlands,SEP2023,Unknown,Other Practice staff,Telephone,8  to 14 Days,412
71E,E38000238,NHS Lincolnshire ICB - 71E,E54000013,NHS Lincolnshire Integrated Care Board,E40000011,Midlands,SEP2023,Unknown,Other Practice staff,Telephone,More than 28 Days,509
71E,E38000238,NHS Lincolnshire ICB - 71E,E54000013,NHS Lincolnshire Integrated Care Board,E40000011,Midlands,SEP2023,Unknown,Other Practice staff,Telephone,Same Day,316
71E,E38000238,NHS Lincolnshire ICB - 71E,E54000013,NHS Lincolnshire Integrated Care Board,E40000011,Midlands,SEP2023,Unknown,Other Practice staff,Telephone,Unknown / Data Quality,2
71E,E38000238,NHS Lincolnshire ICB - 71E,E54000013,NHS Lincolnshire Integrated Care Board,E40000011,Midlands,SEP2023,Unknown,Other Practice staff,Unknown,1 Day,4
71E,E38000238,NHS Lincolnshire ICB - 71E,E54000013,NHS Lincolnshire Integrated Care Board,E40000011,Midlands,SEP2023,Unknown,Other Practice staff,Unknown,15  to 21 Days,288
71E,E38000238,NHS Lincolnshire ICB - 71E,E54000013,NHS Lincolnshire Integrated Care Board,E40000011,Midlands,SEP2023,Unknown,Other Practice staff,Unknown,2 to 7 Days,89
71E,E38000238,NHS Lincolnshire ICB - 71E,E54000013,NHS Lincolnshire Integrated Care Board,E40000011,Midlands,SEP2023,Unknown,Other Practice staff,Unknown,22  to 28 Days,188
71E,E38000238,NHS Lincolnshire ICB - 71E,E54000013,NHS Lincolnshire Integrated Care Board,E40000011,Midlands,SEP2023,Unknown,Other Practice staff,Unknown,8  to 14 Days,201
71E,E38000238,NHS Lincolnshire ICB - 71E,E54000013,NHS Lincolnshire Integrated Care Board,E40000011,Midlands,SEP2023,Unknown,Other Practice staff,Unknown,More than 28 Days,422
71E,E38000238,NHS Lincolnshire ICB - 71E,E54000013,NHS Lincolnshire Integrated Care Board,E40000011,Midlands,SEP2023,Unknown,Other Practice staff,Unknown,Same Day,7
71E,E38000238,NHS Lincolnshire ICB - 71E,E54000013,NHS Lincolnshire Integrated Care Board,E40000011,Midlands,SEP2023,Unknown,Other Practice staff,Video/Online,1 Day,7
71E,E38000238,NHS Lincolnshire ICB - 71E,E54000013,NHS Lincolnshire Integrated Care Board,E40000011,Midlands,SEP2023,Unknown,Other Practice staff,Video/Online,15  to 21 Days,4
71E,E38000238,NHS Lincolnshire ICB - 71E,E54000013,NHS Lincolnshire Integrated Care Board,E40000011,Midlands,SEP2023,Unknown,Other Practice staff,Video/Online,2 to 7 Days,16
71E,E38000238,NHS Lincolnshire ICB - 71E,E54000013,NHS Lincolnshire Integrated Care Board,E40000011,Midlands,SEP2023,Unknown,Other Practice staff,Video/Online,22  to 28 Days,3
71E,E38000238,NHS Lincolnshire ICB - 71E,E54000013,NHS Lincolnshire Integrated Care Board,E40000011,Midlands,SEP2023,Unknown,Other Practice staff,Video/Online,8  to 14 Days,1
71E,E38000238,NHS Lincolnshire ICB - 71E,E54000013,NHS Lincolnshire Integrated Care Board,E40000011,Midlands,SEP2023,Unknown,Other Practice staff,Video/Online,More than 28 Days,5
71E,E38000238,NHS Lincolnshire ICB - 71E,E54000013,NHS Lincolnshire Integrated Care Board,E40000011,Midlands,SEP2023,Unknown,Other Practice staff,Video/Online,Same Day,9
71E,E38000238,NHS Lincolnshire ICB - 71E,E54000013,NHS Lincolnshire Integrated Care Board,E40000011,Midlands,SEP2023,Unknown,Unknown,Unknown,1 Day,22
71E,E38000238,NHS Lincolnshire ICB - 71E,E54000013,NHS Lincolnshire Integrated Care Board,E40000011,Midlands,SEP2023,Unknown,Unknown,Unknown,15  to 21 Days,194
71E,E38000238,NHS Lincolnshire ICB - 71E,E54000013,NHS Lincolnshire Integrated Care Board,E40000011,Midlands,SEP2023,Unknown,Unknown,Unknown,2 to 7 Days,168
71E,E38000238,NHS Lincolnshire ICB - 71E,E54000013,NHS Lincolnshire Integrated Care Board,E40000011,Midlands,SEP2023,Unknown,Unknown,Unknown,22  to 28 Days,171
71E,E38000238,NHS Lincolnshire ICB - 71E,E54000013,NHS Lincolnshire Integrated Care Board,E40000011,Midlands,SEP2023,Unknown,Unknown,Unknown,8  to 14 Days,215
71E,E38000238,NHS Lincolnshire ICB - 71E,E54000013,NHS Lincolnshire Integrated Care Board,E40000011,Midlands,SEP2023,Unknown,Unknown,Unknown,More than 28 Days,378
71E,E38000238,NHS Lincolnshire ICB - 71E,E54000013,NHS Lincolnshire Integrated Care Board,E40000011,Midlands,SEP2023,Unknown,Unknown,Unknown,Same Day,55
71E,E38000238,NHS Lincolnshire ICB - 71E,E54000013,NHS Lincolnshire Integrated Care Board,E40000011,Midlands,SEP2023,Unknown,Unknown,Unknown,Unknown / Data Quality,2
71E,E38000238,NHS Lincolnshire ICB - 71E,E54000013,NHS Lincolnshire Integrated Care Board,E40000011,Midlands,OCT2023,Attended,GP,Face-to-Face,1 Day,5659
71E,E38000238,NHS Lincolnshire ICB - 71E,E54000013,NHS Lincolnshire Integrated Care Board,E40000011,Midlands,OCT2023,Attended,GP,Face-to-Face,15  to 21 Days,5051
71E,E38000238,NHS Lincolnshire ICB - 71E,E54000013,NHS Lincolnshire Integrated Care Board,E40000011,Midlands,OCT2023,Attended,GP,Face-to-Face,2 to 7 Days,11100
71E,E38000238,NHS Lincolnshire ICB - 71E,E54000013,NHS Lincolnshire Integrated Care Board,E40000011,Midlands,OCT2023,Attended,GP,Face-to-Face,22  to 28 Days,3135
71E,E38000238,NHS Lincolnshire ICB - 71E,E54000013,NHS Lincolnshire Integrated Care Board,E40000011,Midlands,OCT2023,Attended,GP,Face-to-Face,8  to 14 Days,6818
71E,E38000238,NHS Lincolnshire ICB - 71E,E54000013,NHS Lincolnshire Integrated Care Board,E40000011,Midlands,OCT2023,Attended,GP,Face-to-Face,More than 28 Days,7238
71E,E38000238,NHS Lincolnshire ICB - 71E,E54000013,NHS Lincolnshire Integrated Care Board,E40000011,Midlands,OCT2023,Attended,GP,Face-to-Face,Same Day,57463
71E,E38000238,NHS Lincolnshire ICB - 71E,E54000013,NHS Lincolnshire Integrated Care Board,E40000011,Midlands,OCT2023,Attended,GP,Face-to-Face,Unknown / Data Quality,34
71E,E38000238,NHS Lincolnshire ICB - 71E,E54000013,NHS Lincolnshire Integrated Care Board,E40000011,Midlands,OCT2023,Attended,GP,Home Visit,1 Day,54
71E,E38000238,NHS Lincolnshire ICB - 71E,E54000013,NHS Lincolnshire Integrated Care Board,E40000011,Midlands,OCT2023,Attended,GP,Home Visit,15  to 21 Days,68
71E,E38000238,NHS Lincolnshire ICB - 71E,E54000013,NHS Lincolnshire Integrated Care Board,E40000011,Midlands,OCT2023,Attended,GP,Home Visit,2 to 7 Days,119
71E,E38000238,NHS Lincolnshire ICB - 71E,E54000013,NHS Lincolnshire Integrated Care Board,E40000011,Midlands,OCT2023,Attended,GP,Home Visit,22  to 28 Days,1
71E,E38000238,NHS Lincolnshire ICB - 71E,E54000013,NHS Lincolnshire Integrated Care Board,E40000011,Midlands,OCT2023,Attended,GP,Home Visit,8  to 14 Days,164
71E,E38000238,NHS Lincolnshire ICB - 71E,E54000013,NHS Lincolnshire Integrated Care Board,E40000011,Midlands,OCT2023,Attended,GP,Home Visit,More than 28 Days,3
71E,E38000238,NHS Lincolnshire ICB - 71E,E54000013,NHS Lincolnshire Integrated Care Board,E40000011,Midlands,OCT2023,Attended,GP,Home Visit,Same Day,427
71E,E38000238,NHS Lincolnshire ICB - 71E,E54000013,NHS Lincolnshire Integrated Care Board,E40000011,Midlands,OCT2023,Attended,GP,Telephone,1 Day,3036
71E,E38000238,NHS Lincolnshire ICB - 71E,E54000013,NHS Lincolnshire Integrated Care Board,E40000011,Midlands,OCT2023,Attended,GP,Telephone,15  to 21 Days,2036
71E,E38000238,NHS Lincolnshire ICB - 71E,E54000013,NHS Lincolnshire Integrated Care Board,E40000011,Midlands,OCT2023,Attended,GP,Telephone,2 to 7 Days,6135
71E,E38000238,NHS Lincolnshire ICB - 71E,E54000013,NHS Lincolnshire Integrated Care Board,E40000011,Midlands,OCT2023,Attended,GP,Telephone,22  to 28 Days,953
71E,E38000238,NHS Lincolnshire ICB - 71E,E54000013,NHS Lincolnshire Integrated Care Board,E40000011,Midlands,OCT2023,Attended,GP,Telephone,8  to 14 Days,4620
71E,E38000238,NHS Lincolnshire ICB - 71E,E54000013,NHS Lincolnshire Integrated Care Board,E40000011,Midlands,OCT2023,Attended,GP,Telephone,More than 28 Days,487
71E,E38000238,NHS Lincolnshire ICB - 71E,E54000013,NHS Lincolnshire Integrated Care Board,E40000011,Midlands,OCT2023,Attended,GP,Telephone,Same Day,35792
71E,E38000238,NHS Lincolnshire ICB - 71E,E54000013,NHS Lincolnshire Integrated Care Board,E40000011,Midlands,OCT2023,Attended,GP,Telephone,Unknown / Data Quality,21
71E,E38000238,NHS Lincolnshire ICB - 71E,E54000013,NHS Lincolnshire Integrated Care Board,E40000011,Midlands,OCT2023,Attended,GP,Unknown,1 Day,41
71E,E38000238,NHS Lincolnshire ICB - 71E,E54000013,NHS Lincolnshire Integrated Care Board,E40000011,Midlands,OCT2023,Attended,GP,Unknown,15  to 21 Days,35
71E,E38000238,NHS Lincolnshire ICB - 71E,E54000013,NHS Lincolnshire Integrated Care Board,E40000011,Midlands,OCT2023,Attended,GP,Unknown,2 to 7 Days,72
71E,E38000238,NHS Lincolnshire ICB - 71E,E54000013,NHS Lincolnshire Integrated Care Board,E40000011,Midlands,OCT2023,Attended,GP,Unknown,22  to 28 Days,19
71E,E38000238,NHS Lincolnshire ICB - 71E,E54000013,NHS Lincolnshire Integrated Care Board,E40000011,Midlands,OCT2023,Attended,GP,Unknown,8  to 14 Days,77
71E,E38000238,NHS Lincolnshire ICB - 71E,E54000013,NHS Lincolnshire Integrated Care Board,E40000011,Midlands,OCT2023,Attended,GP,Unknown,More than 28 Days,5
71E,E38000238,NHS Lincolnshire ICB - 71E,E54000013,NHS Lincolnshire Integrated Care Board,E40000011,Midlands,OCT2023,Attended,GP,Unknown,Same Day,628
71E,E38000238,NHS Lincolnshire ICB - 71E,E54000013,NHS Lincolnshire Integrated Care Board,E40000011,Midlands,OCT2023,Attended,GP,Video/Online,1 Day,241
71E,E38000238,NHS Lincolnshire ICB - 71E,E54000013,NHS Lincolnshire Integrated Care Board,E40000011,Midlands,OCT2023,Attended,GP,Video/Online,15  to 21 Days,56
71E,E38000238,NHS Lincolnshire ICB - 71E,E54000013,NHS Lincolnshire Integrated Care Board,E40000011,Midlands,OCT2023,Attended,GP,Video/Online,2 to 7 Days,609
71E,E38000238,NHS Lincolnshire ICB - 71E,E54000013,NHS Lincolnshire Integrated Care Board,E40000011,Midlands,OCT2023,Attended,GP,Video/Online,22  to 28 Days,20
71E,E38000238,NHS Lincolnshire ICB - 71E,E54000013,NHS Lincolnshire Integrated Care Board,E40000011,Midlands,OCT2023,Attended,GP,Video/Online,8  to 14 Days,295
71E,E38000238,NHS Lincolnshire ICB - 71E,E54000013,NHS Lincolnshire Integrated Care Board,E40000011,Midlands,OCT2023,Attended,GP,Video/Online,More than 28 Days,23
71E,E38000238,NHS Lincolnshire ICB - 71E,E54000013,NHS Lincolnshire Integrated Care Board,E40000011,Midlands,OCT2023,Attended,GP,Video/Online,Same Day,7049
71E,E38000238,NHS Lincolnshire ICB - 71E,E54000013,NHS Lincolnshire Integrated Care Board,E40000011,Midlands,OCT2023,Attended,GP,Video/Online,Unknown / Data Quality,11
71E,E38000238,NHS Lincolnshire ICB - 71E,E54000013,NHS Lincolnshire Integrated Care Board,E40000011,Midlands,OCT2023,Attended,Other Practice staff,Face-to-Face,1 Day,12590
71E,E38000238,NHS Lincolnshire ICB - 71E,E54000013,NHS Lincolnshire Integrated Care Board,E40000011,Midlands,OCT2023,Attended,Other Practice staff,Face-to-Face,15  to 21 Days,35123
71E,E38000238,NHS Lincolnshire ICB - 71E,E54000013,NHS Lincolnshire Integrated Care Board,E40000011,Midlands,OCT2023,Attended,Other Practice staff,Face-to-Face,2 to 7 Days,44271
71E,E38000238,NHS Lincolnshire ICB - 71E,E54000013,NHS Lincolnshire Integrated Care Board,E40000011,Midlands,OCT2023,Attended,Other Practice staff,Face-to-Face,22  to 28 Days,26233
71E,E38000238,NHS Lincolnshire ICB - 71E,E54000013,NHS Lincolnshire Integrated Care Board,E40000011,Midlands,OCT2023,Attended,Other Practice staff,Face-to-Face,8  to 14 Days,43042
71E,E38000238,NHS Lincolnshire ICB - 71E,E54000013,NHS Lincolnshire Integrated Care Board,E40000011,Midlands,OCT2023,Attended,Other Practice staff,Face-to-Face,More than 28 Days,39751
71E,E38000238,NHS Lincolnshire ICB - 71E,E54000013,NHS Lincolnshire Integrated Care Board,E40000011,Midlands,OCT2023,Attended,Other Practice staff,Face-to-Face,Same Day,53902
71E,E38000238,NHS Lincolnshire ICB - 71E,E54000013,NHS Lincolnshire Integrated Care Board,E40000011,Midlands,OCT2023,Attended,Other Practice staff,Face-to-Face,Unknown / Data Quality,269
71E,E38000238,NHS Lincolnshire ICB - 71E,E54000013,NHS Lincolnshire Integrated Care Board,E40000011,Midlands,OCT2023,Attended,Other Practice staff,Home Visit,1 Day,358
71E,E38000238,NHS Lincolnshire ICB - 71E,E54000013,NHS Lincolnshire Integrated Care Board,E40000011,Midlands,OCT2023,Attended,Other Practice staff,Home Visit,15  to 21 Days,122
71E,E38000238,NHS Lincolnshire ICB - 71E,E54000013,NHS Lincolnshire Integrated Care Board,E40000011,Midlands,OCT2023,Attended,Other Practice staff,Home Visit,2 to 7 Days,1553
71E,E38000238,NHS Lincolnshire ICB - 71E,E54000013,NHS Lincolnshire Integrated Care Board,E40000011,Midlands,OCT2023,Attended,Other Practice staff,Home Visit,22  to 28 Days,89
71E,E38000238,NHS Lincolnshire ICB - 71E,E54000013,NHS Lincolnshire Integrated Care Board,E40000011,Midlands,OCT2023,Attended,Other Practice staff,Home Visit,8  to 14 Days,397
71E,E38000238,NHS Lincolnshire ICB - 71E,E54000013,NHS Lincolnshire Integrated Care Board,E40000011,Midlands,OCT2023,Attended,Other Practice staff,Home Visit,More than 28 Days,106
71E,E38000238,NHS Lincolnshire ICB - 71E,E54000013,NHS Lincolnshire Integrated Care Board,E40000011,Midlands,OCT2023,Attended,Other Practice staff,Home Visit,Same Day,1465
71E,E38000238,NHS Lincolnshire ICB - 71E,E54000013,NHS Lincolnshire Integrated Care Board,E40000011,Midlands,OCT2023,Attended,Other Practice staff,Home Visit,Unknown / Data Quality,83
71E,E38000238,NHS Lincolnshire ICB - 71E,E54000013,NHS Lincolnshire Integrated Care Board,E40000011,Midlands,OCT2023,Attended,Other Practice staff,Telephone,1 Day,2665
71E,E38000238,NHS Lincolnshire ICB - 71E,E54000013,NHS Lincolnshire Integrated Care Board,E40000011,Midlands,OCT2023,Attended,Other Practice staff,Telephone,15  to 21 Days,2535
71E,E38000238,NHS Lincolnshire ICB - 71E,E54000013,NHS Lincolnshire Integrated Care Board,E40000011,Midlands,OCT2023,Attended,Other Practice staff,Telephone,2 to 7 Days,7380
71E,E38000238,NHS Lincolnshire ICB - 71E,E54000013,NHS Lincolnshire Integrated Care Board,E40000011,Midlands,OCT2023,Attended,Other Practice staff,Telephone,22  to 28 Days,1157
71E,E38000238,NHS Lincolnshire ICB - 71E,E54000013,NHS Lincolnshire Integrated Care Board,E40000011,Midlands,OCT2023,Attended,Other Practice staff,Telephone,8  to 14 Days,4290
71E,E38000238,NHS Lincolnshire ICB - 71E,E54000013,NHS Lincolnshire Integrated Care Board,E40000011,Midlands,OCT2023,Attended,Other Practice staff,Telephone,More than 28 Days,1571
71E,E38000238,NHS Lincolnshire ICB - 71E,E54000013,NHS Lincolnshire Integrated Care Board,E40000011,Midlands,OCT2023,Attended,Other Practice staff,Telephone,Same Day,24687
71E,E38000238,NHS Lincolnshire ICB - 71E,E54000013,NHS Lincolnshire Integrated Care Board,E40000011,Midlands,OCT2023,Attended,Other Practice staff,Telephone,Unknown / Data Quality,41
71E,E38000238,NHS Lincolnshire ICB - 71E,E54000013,NHS Lincolnshire Integrated Care Board,E40000011,Midlands,OCT2023,Attended,Other Practice staff,Unknown,1 Day,110
71E,E38000238,NHS Lincolnshire ICB - 71E,E54000013,NHS Lincolnshire Integrated Care Board,E40000011,Midlands,OCT2023,Attended,Other Practice staff,Unknown,15  to 21 Days,249
71E,E38000238,NHS Lincolnshire ICB - 71E,E54000013,NHS Lincolnshire Integrated Care Board,E40000011,Midlands,OCT2023,Attended,Other Practice staff,Unknown,2 to 7 Days,250
71E,E38000238,NHS Lincolnshire ICB - 71E,E54000013,NHS Lincolnshire Integrated Care Board,E40000011,Midlands,OCT2023,Attended,Other Practice staff,Unknown,22  to 28 Days,296
71E,E38000238,NHS Lincolnshire ICB - 71E,E54000013,NHS Lincolnshire Integrated Care Board,E40000011,Midlands,OCT2023,Attended,Other Practice staff,Unknown,8  to 14 Days,202
71E,E38000238,NHS Lincolnshire ICB - 71E,E54000013,NHS Lincolnshire Integrated Care Board,E40000011,Midlands,OCT2023,Attended,Other Practice staff,Unknown,More than 28 Days,419
71E,E38000238,NHS Lincolnshire ICB - 71E,E54000013,NHS Lincolnshire Integrated Care Board,E40000011,Midlands,OCT2023,Attended,Other Practice staff,Unknown,Same Day,1082
71E,E38000238,NHS Lincolnshire ICB - 71E,E54000013,NHS Lincolnshire Integrated Care Board,E40000011,Midlands,OCT2023,Attended,Other Practice staff,Unknown,Unknown / Data Quality,3
71E,E38000238,NHS Lincolnshire ICB - 71E,E54000013,NHS Lincolnshire Integrated Care Board,E40000011,Midlands,OCT2023,Attended,Other Practice staff,Video/Online,1 Day,316
71E,E38000238,NHS Lincolnshire ICB - 71E,E54000013,NHS Lincolnshire Integrated Care Board,E40000011,Midlands,OCT2023,Attended,Other Practice staff,Video/Online,15  to 21 Days,10
71E,E38000238,NHS Lincolnshire ICB - 71E,E54000013,NHS Lincolnshire Integrated Care Board,E40000011,Midlands,OCT2023,Attended,Other Practice staff,Video/Online,2 to 7 Days,507
71E,E38000238,NHS Lincolnshire ICB - 71E,E54000013,NHS Lincolnshire Integrated Care Board,E40000011,Midlands,OCT2023,Attended,Other Practice staff,Video/Online,22  to 28 Days,4
71E,E38000238,NHS Lincolnshire ICB - 71E,E54000013,NHS Lincolnshire Integrated Care Board,E40000011,Midlands,OCT2023,Attended,Other Practice staff,Video/Online,8  to 14 Days,27
71E,E38000238,NHS Lincolnshire ICB - 71E,E54000013,NHS Lincolnshire Integrated Care Board,E40000011,Midlands,OCT2023,Attended,Other Practice staff,Video/Online,More than 28 Days,9
71E,E38000238,NHS Lincolnshire ICB - 71E,E54000013,NHS Lincolnshire Integrated Care Board,E40000011,Midlands,OCT2023,Attended,Other Practice staff,Video/Online,Same Day,2856
71E,E38000238,NHS Lincolnshire ICB - 71E,E54000013,NHS Lincolnshire Integrated Care Board,E40000011,Midlands,OCT2023,Attended,Other Practice staff,Video/Online,Unknown / Data Quality,4
71E,E38000238,NHS Lincolnshire ICB - 71E,E54000013,NHS Lincolnshire Integrated Care Board,E40000011,Midlands,OCT2023,Attended,Unknown,Unknown,1 Day,1101
71E,E38000238,NHS Lincolnshire ICB - 71E,E54000013,NHS Lincolnshire Integrated Care Board,E40000011,Midlands,OCT2023,Attended,Unknown,Unknown,15  to 21 Days,1051
71E,E38000238,NHS Lincolnshire ICB - 71E,E54000013,NHS Lincolnshire Integrated Care Board,E40000011,Midlands,OCT2023,Attended,Unknown,Unknown,2 to 7 Days,3136
71E,E38000238,NHS Lincolnshire ICB - 71E,E54000013,NHS Lincolnshire Integrated Care Board,E40000011,Midlands,OCT2023,Attended,Unknown,Unknown,22  to 28 Days,644
71E,E38000238,NHS Lincolnshire ICB - 71E,E54000013,NHS Lincolnshire Integrated Care Board,E40000011,Midlands,OCT2023,Attended,Unknown,Unknown,8  to 14 Days,1545
71E,E38000238,NHS Lincolnshire ICB - 71E,E54000013,NHS Lincolnshire Integrated Care Board,E40000011,Midlands,OCT2023,Attended,Unknown,Unknown,More than 28 Days,679
71E,E38000238,NHS Lincolnshire ICB - 71E,E54000013,NHS Lincolnshire Integrated Care Board,E40000011,Midlands,OCT2023,Attended,Unknown,Unknown,Same Day,11121
71E,E38000238,NHS Lincolnshire ICB - 71E,E54000013,NHS Lincolnshire Integrated Care Board,E40000011,Midlands,OCT2023,Attended,Unknown,Unknown,Unknown / Data Quality,47
71E,E38000238,NHS Lincolnshire ICB - 71E,E54000013,NHS Lincolnshire Integrated Care Board,E40000011,Midlands,OCT2023,DNA,GP,Face-to-Face,1 Day,195
71E,E38000238,NHS Lincolnshire ICB - 71E,E54000013,NHS Lincolnshire Integrated Care Board,E40000011,Midlands,OCT2023,DNA,GP,Face-to-Face,15  to 21 Days,291
71E,E38000238,NHS Lincolnshire ICB - 71E,E54000013,NHS Lincolnshire Integrated Care Board,E40000011,Midlands,OCT2023,DNA,GP,Face-to-Face,2 to 7 Days,481
71E,E38000238,NHS Lincolnshire ICB - 71E,E54000013,NHS Lincolnshire Integrated Care Board,E40000011,Midlands,OCT2023,DNA,GP,Face-to-Face,22  to 28 Days,216
71E,E38000238,NHS Lincolnshire ICB - 71E,E54000013,NHS Lincolnshire Integrated Care Board,E40000011,Midlands,OCT2023,DNA,GP,Face-to-Face,8  to 14 Days,403
71E,E38000238,NHS Lincolnshire ICB - 71E,E54000013,NHS Lincolnshire Integrated Care Board,E40000011,Midlands,OCT2023,DNA,GP,Face-to-Face,More than 28 Days,670
71E,E38000238,NHS Lincolnshire ICB - 71E,E54000013,NHS Lincolnshire Integrated Care Board,E40000011,Midlands,OCT2023,DNA,GP,Face-to-Face,Same Day,700
71E,E38000238,NHS Lincolnshire ICB - 71E,E54000013,NHS Lincolnshire Integrated Care Board,E40000011,Midlands,OCT2023,DNA,GP,Home Visit,1 Day,6
71E,E38000238,NHS Lincolnshire ICB - 71E,E54000013,NHS Lincolnshire Integrated Care Board,E40000011,Midlands,OCT2023,DNA,GP,Home Visit,2 to 7 Days,1
71E,E38000238,NHS Lincolnshire ICB - 71E,E54000013,NHS Lincolnshire Integrated Care Board,E40000011,Midlands,OCT2023,DNA,GP,Home Visit,Same Day,12
71E,E38000238,NHS Lincolnshire ICB - 71E,E54000013,NHS Lincolnshire Integrated Care Board,E40000011,Midlands,OCT2023,DNA,GP,Telephone,1 Day,23
71E,E38000238,NHS Lincolnshire ICB - 71E,E54000013,NHS Lincolnshire Integrated Care Board,E40000011,Midlands,OCT2023,DNA,GP,Telephone,15  to 21 Days,23
71E,E38000238,NHS Lincolnshire ICB - 71E,E54000013,NHS Lincolnshire Integrated Care Board,E40000011,Midlands,OCT2023,DNA,GP,Telephone,2 to 7 Days,51
71E,E38000238,NHS Lincolnshire ICB - 71E,E54000013,NHS Lincolnshire Integrated Care Board,E40000011,Midlands,OCT2023,DNA,GP,Telephone,22  to 28 Days,25
71E,E38000238,NHS Lincolnshire ICB - 71E,E54000013,NHS Lincolnshire Integrated Care Board,E40000011,Midlands,OCT2023,DNA,GP,Telephone,8  to 14 Days,47
71E,E38000238,NHS Lincolnshire ICB - 71E,E54000013,NHS Lincolnshire Integrated Care Board,E40000011,Midlands,OCT2023,DNA,GP,Telephone,More than 28 Days,4
71E,E38000238,NHS Lincolnshire ICB - 71E,E54000013,NHS Lincolnshire Integrated Care Board,E40000011,Midlands,OCT2023,DNA,GP,Telephone,Same Day,321
71E,E38000238,NHS Lincolnshire ICB - 71E,E54000013,NHS Lincolnshire Integrated Care Board,E40000011,Midlands,OCT2023,DNA,GP,Unknown,15  to 21 Days,1
71E,E38000238,NHS Lincolnshire ICB - 71E,E54000013,NHS Lincolnshire Integrated Care Board,E40000011,Midlands,OCT2023,DNA,GP,Unknown,2 to 7 Days,5
71E,E38000238,NHS Lincolnshire ICB - 71E,E54000013,NHS Lincolnshire Integrated Care Board,E40000011,Midlands,OCT2023,DNA,GP,Unknown,8  to 14 Days,9
71E,E38000238,NHS Lincolnshire ICB - 71E,E54000013,NHS Lincolnshire Integrated Care Board,E40000011,Midlands,OCT2023,DNA,GP,Unknown,Same Day,1
71E,E38000238,NHS Lincolnshire ICB - 71E,E54000013,NHS Lincolnshire Integrated Care Board,E40000011,Midlands,OCT2023,DNA,GP,Video/Online,1 Day,6
71E,E38000238,NHS Lincolnshire ICB - 71E,E54000013,NHS Lincolnshire Integrated Care Board,E40000011,Midlands,OCT2023,DNA,GP,Video/Online,15  to 21 Days,1
71E,E38000238,NHS Lincolnshire ICB - 71E,E54000013,NHS Lincolnshire Integrated Care Board,E40000011,Midlands,OCT2023,DNA,GP,Video/Online,2 to 7 Days,12
71E,E38000238,NHS Lincolnshire ICB - 71E,E54000013,NHS Lincolnshire Integrated Care Board,E40000011,Midlands,OCT2023,DNA,GP,Video/Online,22  to 28 Days,4
71E,E38000238,NHS Lincolnshire ICB - 71E,E54000013,NHS Lincolnshire Integrated Care Board,E40000011,Midlands,OCT2023,DNA,GP,Video/Online,8  to 14 Days,1
71E,E38000238,NHS Lincolnshire ICB - 71E,E54000013,NHS Lincolnshire Integrated Care Board,E40000011,Midlands,OCT2023,DNA,GP,Video/Online,More than 28 Days,9
71E,E38000238,NHS Lincolnshire ICB - 71E,E54000013,NHS Lincolnshire Integrated Care Board,E40000011,Midlands,OCT2023,DNA,GP,Video/Online,Same Day,15
71E,E38000238,NHS Lincolnshire ICB - 71E,E54000013,NHS Lincolnshire Integrated Care Board,E40000011,Midlands,OCT2023,DNA,Other Practice staff,Face-to-Face,1 Day,538
71E,E38000238,NHS Lincolnshire ICB - 71E,E54000013,NHS Lincolnshire Integrated Care Board,E40000011,Midlands,OCT2023,DNA,Other Practice staff,Face-to-Face,15  to 21 Days,2520
71E,E38000238,NHS Lincolnshire ICB - 71E,E54000013,NHS Lincolnshire Integrated Care Board,E40000011,Midlands,OCT2023,DNA,Other Practice staff,Face-to-Face,2 to 7 Days,2632
71E,E38000238,NHS Lincolnshire ICB - 71E,E54000013,NHS Lincolnshire Integrated Care Board,E40000011,Midlands,OCT2023,DNA,Other Practice staff,Face-to-Face,22  to 28 Days,1861
71E,E38000238,NHS Lincolnshire ICB - 71E,E54000013,NHS Lincolnshire Integrated Care Board,E40000011,Midlands,OCT2023,DNA,Other Practice staff,Face-to-Face,8  to 14 Days,3328
71E,E38000238,NHS Lincolnshire ICB - 71E,E54000013,NHS Lincolnshire Integrated Care Board,E40000011,Midlands,OCT2023,DNA,Other Practice staff,Face-to-Face,More than 28 Days,2991
71E,E38000238,NHS Lincolnshire ICB - 71E,E54000013,NHS Lincolnshire Integrated Care Board,E40000011,Midlands,OCT2023,DNA,Other Practice staff,Face-to-Face,Same Day,1101
71E,E38000238,NHS Lincolnshire ICB - 71E,E54000013,NHS Lincolnshire Integrated Care Board,E40000011,Midlands,OCT2023,DNA,Other Practice staff,Face-to-Face,Unknown / Data Quality,2
71E,E38000238,NHS Lincolnshire ICB - 71E,E54000013,NHS Lincolnshire Integrated Care Board,E40000011,Midlands,OCT2023,DNA,Other Practice staff,Home Visit,1 Day,19
71E,E38000238,NHS Lincolnshire ICB - 71E,E54000013,NHS Lincolnshire Integrated Care Board,E40000011,Midlands,OCT2023,DNA,Other Practice staff,Home Visit,15  to 21 Days,5
71E,E38000238,NHS Lincolnshire ICB - 71E,E54000013,NHS Lincolnshire Integrated Care Board,E40000011,Midlands,OCT2023,DNA,Other Practice staff,Home Visit,2 to 7 Days,158
71E,E38000238,NHS Lincolnshire ICB - 71E,E54000013,NHS Lincolnshire Integrated Care Board,E40000011,Midlands,OCT2023,DNA,Other Practice staff,Home Visit,22  to 28 Days,5
71E,E38000238,NHS Lincolnshire ICB - 71E,E54000013,NHS Lincolnshire Integrated Care Board,E40000011,Midlands,OCT2023,DNA,Other Practice staff,Home Visit,8  to 14 Days,10
71E,E38000238,NHS Lincolnshire ICB - 71E,E54000013,NHS Lincolnshire Integrated Care Board,E40000011,Midlands,OCT2023,DNA,Other Practice staff,Home Visit,More than 28 Days,3
71E,E38000238,NHS Lincolnshire ICB - 71E,E54000013,NHS Lincolnshire Integrated Care Board,E40000011,Midlands,OCT2023,DNA,Other Practice staff,Home Visit,Same Day,28
71E,E38000238,NHS Lincolnshire ICB - 71E,E54000013,NHS Lincolnshire Integrated Care Board,E40000011,Midlands,OCT2023,DNA,Other Practice staff,Telephone,1 Day,41
71E,E38000238,NHS Lincolnshire ICB - 71E,E54000013,NHS Lincolnshire Integrated Care Board,E40000011,Midlands,OCT2023,DNA,Other Practice staff,Telephone,15  to 21 Days,78
71E,E38000238,NHS Lincolnshire ICB - 71E,E54000013,NHS Lincolnshire Integrated Care Board,E40000011,Midlands,OCT2023,DNA,Other Practice staff,Telephone,2 to 7 Days,183
71E,E38000238,NHS Lincolnshire ICB - 71E,E54000013,NHS Lincolnshire Integrated Care Board,E40000011,Midlands,OCT2023,DNA,Other Practice staff,Telephone,22  to 28 Days,39
71E,E38000238,NHS Lincolnshire ICB - 71E,E54000013,NHS Lincolnshire Integrated Care Board,E40000011,Midlands,OCT2023,DNA,Other Practice staff,Telephone,8  to 14 Days,149
71E,E38000238,NHS Lincolnshire ICB - 71E,E54000013,NHS Lincolnshire Integrated Care Board,E40000011,Midlands,OCT2023,DNA,Other Practice staff,Telephone,More than 28 Days,92
71E,E38000238,NHS Lincolnshire ICB - 71E,E54000013,NHS Lincolnshire Integrated Care Board,E40000011,Midlands,OCT2023,DNA,Other Practice staff,Telephone,Same Day,171
71E,E38000238,NHS Lincolnshire ICB - 71E,E54000013,NHS Lincolnshire Integrated Care Board,E40000011,Midlands,OCT2023,DNA,Other Practice staff,Telephone,Unknown / Data Quality,1
71E,E38000238,NHS Lincolnshire ICB - 71E,E54000013,NHS Lincolnshire Integrated Care Board,E40000011,Midlands,OCT2023,DNA,Other Practice staff,Unknown,1 Day,5
71E,E38000238,NHS Lincolnshire ICB - 71E,E54000013,NHS Lincolnshire Integrated Care Board,E40000011,Midlands,OCT2023,DNA,Other Practice staff,Unknown,15  to 21 Days,32
71E,E38000238,NHS Lincolnshire ICB - 71E,E54000013,NHS Lincolnshire Integrated Care Board,E40000011,Midlands,OCT2023,DNA,Other Practice staff,Unknown,2 to 7 Days,15
71E,E38000238,NHS Lincolnshire ICB - 71E,E54000013,NHS Lincolnshire Integrated Care Board,E40000011,Midlands,OCT2023,DNA,Other Practice staff,Unknown,22  to 28 Days,19
71E,E38000238,NHS Lincolnshire ICB - 71E,E54000013,NHS Lincolnshire Integrated Care Board,E40000011,Midlands,OCT2023,DNA,Other Practice staff,Unknown,8  to 14 Days,28
71E,E38000238,NHS Lincolnshire ICB - 71E,E54000013,NHS Lincolnshire Integrated Care Board,E40000011,Midlands,OCT2023,DNA,Other Practice staff,Unknown,More than 28 Days,34
71E,E38000238,NHS Lincolnshire ICB - 71E,E54000013,NHS Lincolnshire Integrated Care Board,E40000011,Midlands,OCT2023,DNA,Other Practice staff,Unknown,Same Day,28
71E,E38000238,NHS Lincolnshire ICB - 71E,E54000013,NHS Lincolnshire Integrated Care Board,E40000011,Midlands,OCT2023,DNA,Other Practice staff,Video/Online,1 Day,7
71E,E38000238,NHS Lincolnshire ICB - 71E,E54000013,NHS Lincolnshire Integrated Care Board,E40000011,Midlands,OCT2023,DNA,Other Practice staff,Video/Online,2 to 7 Days,5
71E,E38000238,NHS Lincolnshire ICB - 71E,E54000013,NHS Lincolnshire Integrated Care Board,E40000011,Midlands,OCT2023,DNA,Other Practice staff,Video/Online,More than 28 Days,3
71E,E38000238,NHS Lincolnshire ICB - 71E,E54000013,NHS Lincolnshire Integrated Care Board,E40000011,Midlands,OCT2023,DNA,Other Practice staff,Video/Online,Same Day,9
71E,E38000238,NHS Lincolnshire ICB - 71E,E54000013,NHS Lincolnshire Integrated Care Board,E40000011,Midlands,OCT2023,DNA,Unknown,Unknown,1 Day,22
71E,E38000238,NHS Lincolnshire ICB - 71E,E54000013,NHS Lincolnshire Integrated Care Board,E40000011,Midlands,OCT2023,DNA,Unknown,Unknown,15  to 21 Days,60
71E,E38000238,NHS Lincolnshire ICB - 71E,E54000013,NHS Lincolnshire Integrated Care Board,E40000011,Midlands,OCT2023,DNA,Unknown,Unknown,2 to 7 Days,110
71E,E38000238,NHS Lincolnshire ICB - 71E,E54000013,NHS Lincolnshire Integrated Care Board,E40000011,Midlands,OCT2023,DNA,Unknown,Unknown,22  to 28 Days,30
71E,E38000238,NHS Lincolnshire ICB - 71E,E54000013,NHS Lincolnshire Integrated Care Board,E40000011,Midlands,OCT2023,DNA,Unknown,Unknown,8  to 14 Days,83
71E,E38000238,NHS Lincolnshire ICB - 71E,E54000013,NHS Lincolnshire Integrated Care Board,E40000011,Midlands,OCT2023,DNA,Unknown,Unknown,More than 28 Days,46
71E,E38000238,NHS Lincolnshire ICB - 71E,E54000013,NHS Lincolnshire Integrated Care Board,E40000011,Midlands,OCT2023,DNA,Unknown,Unknown,Same Day,70
71E,E38000238,NHS Lincolnshire ICB - 71E,E54000013,NHS Lincolnshire Integrated Care Board,E40000011,Midlands,OCT2023,Unknown,GP,Face-to-Face,1 Day,141
71E,E38000238,NHS Lincolnshire ICB - 71E,E54000013,NHS Lincolnshire Integrated Care Board,E40000011,Midlands,OCT2023,Unknown,GP,Face-to-Face,15  to 21 Days,461
71E,E38000238,NHS Lincolnshire ICB - 71E,E54000013,NHS Lincolnshire Integrated Care Board,E40000011,Midlands,OCT2023,Unknown,GP,Face-to-Face,2 to 7 Days,552
71E,E38000238,NHS Lincolnshire ICB - 71E,E54000013,NHS Lincolnshire Integrated Care Board,E40000011,Midlands,OCT2023,Unknown,GP,Face-to-Face,22  to 28 Days,361
71E,E38000238,NHS Lincolnshire ICB - 71E,E54000013,NHS Lincolnshire Integrated Care Board,E40000011,Midlands,OCT2023,Unknown,GP,Face-to-Face,8  to 14 Days,589
71E,E38000238,NHS Lincolnshire ICB - 71E,E54000013,NHS Lincolnshire Integrated Care Board,E40000011,Midlands,OCT2023,Unknown,GP,Face-to-Face,More than 28 Days,1877
71E,E38000238,NHS Lincolnshire ICB - 71E,E54000013,NHS Lincolnshire Integrated Care Board,E40000011,Midlands,OCT2023,Unknown,GP,Face-to-Face,Same Day,299
71E,E38000238,NHS Lincolnshire ICB - 71E,E54000013,NHS Lincolnshire Integrated Care Board,E40000011,Midlands,OCT2023,Unknown,GP,Face-to-Face,Unknown / Data Quality,9
71E,E38000238,NHS Lincolnshire ICB - 71E,E54000013,NHS Lincolnshire Integrated Care Board,E40000011,Midlands,OCT2023,Unknown,GP,Home Visit,1 Day,2
71E,E38000238,NHS Lincolnshire ICB - 71E,E54000013,NHS Lincolnshire Integrated Care Board,E40000011,Midlands,OCT2023,Unknown,GP,Home Visit,15  to 21 Days,6
71E,E38000238,NHS Lincolnshire ICB - 71E,E54000013,NHS Lincolnshire Integrated Care Board,E40000011,Midlands,OCT2023,Unknown,GP,Home Visit,2 to 7 Days,9
71E,E38000238,NHS Lincolnshire ICB - 71E,E54000013,NHS Lincolnshire Integrated Care Board,E40000011,Midlands,OCT2023,Unknown,GP,Home Visit,22  to 28 Days,1
71E,E38000238,NHS Lincolnshire ICB - 71E,E54000013,NHS Lincolnshire Integrated Care Board,E40000011,Midlands,OCT2023,Unknown,GP,Home Visit,8  to 14 Days,13
71E,E38000238,NHS Lincolnshire ICB - 71E,E54000013,NHS Lincolnshire Integrated Care Board,E40000011,Midlands,OCT2023,Unknown,GP,Home Visit,More than 28 Days,3
71E,E38000238,NHS Lincolnshire ICB - 71E,E54000013,NHS Lincolnshire Integrated Care Board,E40000011,Midlands,OCT2023,Unknown,GP,Home Visit,Same Day,8
71E,E38000238,NHS Lincolnshire ICB - 71E,E54000013,NHS Lincolnshire Integrated Care Board,E40000011,Midlands,OCT2023,Unknown,GP,Telephone,1 Day,78
71E,E38000238,NHS Lincolnshire ICB - 71E,E54000013,NHS Lincolnshire Integrated Care Board,E40000011,Midlands,OCT2023,Unknown,GP,Telephone,15  to 21 Days,207
71E,E38000238,NHS Lincolnshire ICB - 71E,E54000013,NHS Lincolnshire Integrated Care Board,E40000011,Midlands,OCT2023,Unknown,GP,Telephone,2 to 7 Days,337
71E,E38000238,NHS Lincolnshire ICB - 71E,E54000013,NHS Lincolnshire Integrated Care Board,E40000011,Midlands,OCT2023,Unknown,GP,Telephone,22  to 28 Days,222
71E,E38000238,NHS Lincolnshire ICB - 71E,E54000013,NHS Lincolnshire Integrated Care Board,E40000011,Midlands,OCT2023,Unknown,GP,Telephone,8  to 14 Days,447
71E,E38000238,NHS Lincolnshire ICB - 71E,E54000013,NHS Lincolnshire Integrated Care Board,E40000011,Midlands,OCT2023,Unknown,GP,Telephone,More than 28 Days,128
71E,E38000238,NHS Lincolnshire ICB - 71E,E54000013,NHS Lincolnshire Integrated Care Board,E40000011,Midlands,OCT2023,Unknown,GP,Telephone,Same Day,231
71E,E38000238,NHS Lincolnshire ICB - 71E,E54000013,NHS Lincolnshire Integrated Care Board,E40000011,Midlands,OCT2023,Unknown,GP,Telephone,Unknown / Data Quality,17
71E,E38000238,NHS Lincolnshire ICB - 71E,E54000013,NHS Lincolnshire Integrated Care Board,E40000011,Midlands,OCT2023,Unknown,GP,Unknown,1 Day,23
71E,E38000238,NHS Lincolnshire ICB - 71E,E54000013,NHS Lincolnshire Integrated Care Board,E40000011,Midlands,OCT2023,Unknown,GP,Unknown,15  to 21 Days,32
71E,E38000238,NHS Lincolnshire ICB - 71E,E54000013,NHS Lincolnshire Integrated Care Board,E40000011,Midlands,OCT2023,Unknown,GP,Unknown,2 to 7 Days,40
71E,E38000238,NHS Lincolnshire ICB - 71E,E54000013,NHS Lincolnshire Integrated Care Board,E40000011,Midlands,OCT2023,Unknown,GP,Unknown,22  to 28 Days,15
71E,E38000238,NHS Lincolnshire ICB - 71E,E54000013,NHS Lincolnshire Integrated Care Board,E40000011,Midlands,OCT2023,Unknown,GP,Unknown,8  to 14 Days,50
71E,E38000238,NHS Lincolnshire ICB - 71E,E54000013,NHS Lincolnshire Integrated Care Board,E40000011,Midlands,OCT2023,Unknown,GP,Unknown,More than 28 Days,38
71E,E38000238,NHS Lincolnshire ICB - 71E,E54000013,NHS Lincolnshire Integrated Care Board,E40000011,Midlands,OCT2023,Unknown,GP,Unknown,Same Day,64
71E,E38000238,NHS Lincolnshire ICB - 71E,E54000013,NHS Lincolnshire Integrated Care Board,E40000011,Midlands,OCT2023,Unknown,GP,Video/Online,1 Day,11
71E,E38000238,NHS Lincolnshire ICB - 71E,E54000013,NHS Lincolnshire Integrated Care Board,E40000011,Midlands,OCT2023,Unknown,GP,Video/Online,15  to 21 Days,48
71E,E38000238,NHS Lincolnshire ICB - 71E,E54000013,NHS Lincolnshire Integrated Care Board,E40000011,Midlands,OCT2023,Unknown,GP,Video/Online,2 to 7 Days,400
71E,E38000238,NHS Lincolnshire ICB - 71E,E54000013,NHS Lincolnshire Integrated Care Board,E40000011,Midlands,OCT2023,Unknown,GP,Video/Online,22  to 28 Days,21
71E,E38000238,NHS Lincolnshire ICB - 71E,E54000013,NHS Lincolnshire Integrated Care Board,E40000011,Midlands,OCT2023,Unknown,GP,Video/Online,8  to 14 Days,208
71E,E38000238,NHS Lincolnshire ICB - 71E,E54000013,NHS Lincolnshire Integrated Care Board,E40000011,Midlands,OCT2023,Unknown,GP,Video/Online,More than 28 Days,27
71E,E38000238,NHS Lincolnshire ICB - 71E,E54000013,NHS Lincolnshire Integrated Care Board,E40000011,Midlands,OCT2023,Unknown,GP,Video/Online,Same Day,14
71E,E38000238,NHS Lincolnshire ICB - 71E,E54000013,NHS Lincolnshire Integrated Care Board,E40000011,Midlands,OCT2023,Unknown,Other Practice staff,Face-to-Face,1 Day,395
71E,E38000238,NHS Lincolnshire ICB - 71E,E54000013,NHS Lincolnshire Integrated Care Board,E40000011,Midlands,OCT2023,Unknown,Other Practice staff,Face-to-Face,15  to 21 Days,3632
71E,E38000238,NHS Lincolnshire ICB - 71E,E54000013,NHS Lincolnshire Integrated Care Board,E40000011,Midlands,OCT2023,Unknown,Other Practice staff,Face-to-Face,2 to 7 Days,2239
71E,E38000238,NHS Lincolnshire ICB - 71E,E54000013,NHS Lincolnshire Integrated Care Board,E40000011,Midlands,OCT2023,Unknown,Other Practice staff,Face-to-Face,22  to 28 Days,3340
71E,E38000238,NHS Lincolnshire ICB - 71E,E54000013,NHS Lincolnshire Integrated Care Board,E40000011,Midlands,OCT2023,Unknown,Other Practice staff,Face-to-Face,8  to 14 Days,3838
71E,E38000238,NHS Lincolnshire ICB - 71E,E54000013,NHS Lincolnshire Integrated Care Board,E40000011,Midlands,OCT2023,Unknown,Other Practice staff,Face-to-Face,More than 28 Days,7318
71E,E38000238,NHS Lincolnshire ICB - 71E,E54000013,NHS Lincolnshire Integrated Care Board,E40000011,Midlands,OCT2023,Unknown,Other Practice staff,Face-to-Face,Same Day,948
71E,E38000238,NHS Lincolnshire ICB - 71E,E54000013,NHS Lincolnshire Integrated Care Board,E40000011,Midlands,OCT2023,Unknown,Other Practice staff,Face-to-Face,Unknown / Data Quality,11
71E,E38000238,NHS Lincolnshire ICB - 71E,E54000013,NHS Lincolnshire Integrated Care Board,E40000011,Midlands,OCT2023,Unknown,Other Practice staff,Home Visit,1 Day,13
71E,E38000238,NHS Lincolnshire ICB - 71E,E54000013,NHS Lincolnshire Integrated Care Board,E40000011,Midlands,OCT2023,Unknown,Other Practice staff,Home Visit,15  to 21 Days,65
71E,E38000238,NHS Lincolnshire ICB - 71E,E54000013,NHS Lincolnshire Integrated Care Board,E40000011,Midlands,OCT2023,Unknown,Other Practice staff,Home Visit,2 to 7 Days,148
71E,E38000238,NHS Lincolnshire ICB - 71E,E54000013,NHS Lincolnshire Integrated Care Board,E40000011,Midlands,OCT2023,Unknown,Other Practice staff,Home Visit,22  to 28 Days,45
71E,E38000238,NHS Lincolnshire ICB - 71E,E54000013,NHS Lincolnshire Integrated Care Board,E40000011,Midlands,OCT2023,Unknown,Other Practice staff,Home Visit,8  to 14 Days,116
71E,E38000238,NHS Lincolnshire ICB - 71E,E54000013,NHS Lincolnshire Integrated Care Board,E40000011,Midlands,OCT2023,Unknown,Other Practice staff,Home Visit,More than 28 Days,42
71E,E38000238,NHS Lincolnshire ICB - 71E,E54000013,NHS Lincolnshire Integrated Care Board,E40000011,Midlands,OCT2023,Unknown,Other Practice staff,Home Visit,Same Day,47
71E,E38000238,NHS Lincolnshire ICB - 71E,E54000013,NHS Lincolnshire Integrated Care Board,E40000011,Midlands,OCT2023,Unknown,Other Practice staff,Telephone,1 Day,129
71E,E38000238,NHS Lincolnshire ICB - 71E,E54000013,NHS Lincolnshire Integrated Care Board,E40000011,Midlands,OCT2023,Unknown,Other Practice staff,Telephone,15  to 21 Days,407
71E,E38000238,NHS Lincolnshire ICB - 71E,E54000013,NHS Lincolnshire Integrated Care Board,E40000011,Midlands,OCT2023,Unknown,Other Practice staff,Telephone,2 to 7 Days,542
71E,E38000238,NHS Lincolnshire ICB - 71E,E54000013,NHS Lincolnshire Integrated Care Board,E40000011,Midlands,OCT2023,Unknown,Other Practice staff,Telephone,22  to 28 Days,230
71E,E38000238,NHS Lincolnshire ICB - 71E,E54000013,NHS Lincolnshire Integrated Care Board,E40000011,Midlands,OCT2023,Unknown,Other Practice staff,Telephone,8  to 14 Days,563
71E,E38000238,NHS Lincolnshire ICB - 71E,E54000013,NHS Lincolnshire Integrated Care Board,E40000011,Midlands,OCT2023,Unknown,Other Practice staff,Telephone,More than 28 Days,307
71E,E38000238,NHS Lincolnshire ICB - 71E,E54000013,NHS Lincolnshire Integrated Care Board,E40000011,Midlands,OCT2023,Unknown,Other Practice staff,Telephone,Same Day,362
71E,E38000238,NHS Lincolnshire ICB - 71E,E54000013,NHS Lincolnshire Integrated Care Board,E40000011,Midlands,OCT2023,Unknown,Other Practice staff,Unknown,1 Day,20
71E,E38000238,NHS Lincolnshire ICB - 71E,E54000013,NHS Lincolnshire Integrated Care Board,E40000011,Midlands,OCT2023,Unknown,Other Practice staff,Unknown,15  to 21 Days,319
71E,E38000238,NHS Lincolnshire ICB - 71E,E54000013,NHS Lincolnshire Integrated Care Board,E40000011,Midlands,OCT2023,Unknown,Other Practice staff,Unknown,2 to 7 Days,191
71E,E38000238,NHS Lincolnshire ICB - 71E,E54000013,NHS Lincolnshire Integrated Care Board,E40000011,Midlands,OCT2023,Unknown,Other Practice staff,Unknown,22  to 28 Days,205
71E,E38000238,NHS Lincolnshire ICB - 71E,E54000013,NHS Lincolnshire Integrated Care Board,E40000011,Midlands,OCT2023,Unknown,Other Practice staff,Unknown,8  to 14 Days,312
71E,E38000238,NHS Lincolnshire ICB - 71E,E54000013,NHS Lincolnshire Integrated Care Board,E40000011,Midlands,OCT2023,Unknown,Other Practice staff,Unknown,More than 28 Days,331
71E,E38000238,NHS Lincolnshire ICB - 71E,E54000013,NHS Lincolnshire Integrated Care Board,E40000011,Midlands,OCT2023,Unknown,Other Practice staff,Unknown,Same Day,33
71E,E38000238,NHS Lincolnshire ICB - 71E,E54000013,NHS Lincolnshire Integrated Care Board,E40000011,Midlands,OCT2023,Unknown,Other Practice staff,Video/Online,1 Day,16
71E,E38000238,NHS Lincolnshire ICB - 71E,E54000013,NHS Lincolnshire Integrated Care Board,E40000011,Midlands,OCT2023,Unknown,Other Practice staff,Video/Online,15  to 21 Days,1
71E,E38000238,NHS Lincolnshire ICB - 71E,E54000013,NHS Lincolnshire Integrated Care Board,E40000011,Midlands,OCT2023,Unknown,Other Practice staff,Video/Online,2 to 7 Days,61
71E,E38000238,NHS Lincolnshire ICB - 71E,E54000013,NHS Lincolnshire Integrated Care Board,E40000011,Midlands,OCT2023,Unknown,Other Practice staff,Video/Online,22  to 28 Days,7
71E,E38000238,NHS Lincolnshire ICB - 71E,E54000013,NHS Lincolnshire Integrated Care Board,E40000011,Midlands,OCT2023,Unknown,Other Practice staff,Video/Online,8  to 14 Days,16
71E,E38000238,NHS Lincolnshire ICB - 71E,E54000013,NHS Lincolnshire Integrated Care Board,E40000011,Midlands,OCT2023,Unknown,Other Practice staff,Video/Online,More than 28 Days,11
71E,E38000238,NHS Lincolnshire ICB - 71E,E54000013,NHS Lincolnshire Integrated Care Board,E40000011,Midlands,OCT2023,Unknown,Other Practice staff,Video/Online,Same Day,6
71E,E38000238,NHS Lincolnshire ICB - 71E,E54000013,NHS Lincolnshire Integrated Care Board,E40000011,Midlands,OCT2023,Unknown,Unknown,Unknown,1 Day,41
71E,E38000238,NHS Lincolnshire ICB - 71E,E54000013,NHS Lincolnshire Integrated Care Board,E40000011,Midlands,OCT2023,Unknown,Unknown,Unknown,15  to 21 Days,348
71E,E38000238,NHS Lincolnshire ICB - 71E,E54000013,NHS Lincolnshire Integrated Care Board,E40000011,Midlands,OCT2023,Unknown,Unknown,Unknown,2 to 7 Days,260
71E,E38000238,NHS Lincolnshire ICB - 71E,E54000013,NHS Lincolnshire Integrated Care Board,E40000011,Midlands,OCT2023,Unknown,Unknown,Unknown,22  to 28 Days,203
71E,E38000238,NHS Lincolnshire ICB - 71E,E54000013,NHS Lincolnshire Integrated Care Board,E40000011,Midlands,OCT2023,Unknown,Unknown,Unknown,8  to 14 Days,385
71E,E38000238,NHS Lincolnshire ICB - 71E,E54000013,NHS Lincolnshire Integrated Care Board,E40000011,Midlands,OCT2023,Unknown,Unknown,Unknown,More than 28 Days,426
71E,E38000238,NHS Lincolnshire ICB - 71E,E54000013,NHS Lincolnshire Integrated Care Board,E40000011,Midlands,OCT2023,Unknown,Unknown,Unknown,Same Day,53
71E,E38000238,NHS Lincolnshire ICB - 71E,E54000013,NHS Lincolnshire Integrated Care Board,E40000011,Midlands,OCT2023,Unknown,Unknown,Unknown,Unknown / Data Quality,1
71E,E38000238,NHS Lincolnshire ICB - 71E,E54000013,NHS Lincolnshire Integrated Care Board,E40000011,Midlands,NOV2023,Attended,GP,Face-to-Face,1 Day,6134
71E,E38000238,NHS Lincolnshire ICB - 71E,E54000013,NHS Lincolnshire Integrated Care Board,E40000011,Midlands,NOV2023,Attended,GP,Face-to-Face,15  to 21 Days,4178
71E,E38000238,NHS Lincolnshire ICB - 71E,E54000013,NHS Lincolnshire Integrated Care Board,E40000011,Midlands,NOV2023,Attended,GP,Face-to-Face,2 to 7 Days,10815
71E,E38000238,NHS Lincolnshire ICB - 71E,E54000013,NHS Lincolnshire Integrated Care Board,E40000011,Midlands,NOV2023,Attended,GP,Face-to-Face,22  to 28 Days,2298
71E,E38000238,NHS Lincolnshire ICB - 71E,E54000013,NHS Lincolnshire Integrated Care Board,E40000011,Midlands,NOV2023,Attended,GP,Face-to-Face,8  to 14 Days,6203
71E,E38000238,NHS Lincolnshire ICB - 71E,E54000013,NHS Lincolnshire Integrated Care Board,E40000011,Midlands,NOV2023,Attended,GP,Face-to-Face,More than 28 Days,2538
71E,E38000238,NHS Lincolnshire ICB - 71E,E54000013,NHS Lincolnshire Integrated Care Board,E40000011,Midlands,NOV2023,Attended,GP,Face-to-Face,Same Day,56690
71E,E38000238,NHS Lincolnshire ICB - 71E,E54000013,NHS Lincolnshire Integrated Care Board,E40000011,Midlands,NOV2023,Attended,GP,Face-to-Face,Unknown / Data Quality,46
71E,E38000238,NHS Lincolnshire ICB - 71E,E54000013,NHS Lincolnshire Integrated Care Board,E40000011,Midlands,NOV2023,Attended,GP,Home Visit,1 Day,67
71E,E38000238,NHS Lincolnshire ICB - 71E,E54000013,NHS Lincolnshire Integrated Care Board,E40000011,Midlands,NOV2023,Attended,GP,Home Visit,15  to 21 Days,20
71E,E38000238,NHS Lincolnshire ICB - 71E,E54000013,NHS Lincolnshire Integrated Care Board,E40000011,Midlands,NOV2023,Attended,GP,Home Visit,2 to 7 Days,39
71E,E38000238,NHS Lincolnshire ICB - 71E,E54000013,NHS Lincolnshire Integrated Care Board,E40000011,Midlands,NOV2023,Attended,GP,Home Visit,22  to 28 Days,8
71E,E38000238,NHS Lincolnshire ICB - 71E,E54000013,NHS Lincolnshire Integrated Care Board,E40000011,Midlands,NOV2023,Attended,GP,Home Visit,8  to 14 Days,8
71E,E38000238,NHS Lincolnshire ICB - 71E,E54000013,NHS Lincolnshire Integrated Care Board,E40000011,Midlands,NOV2023,Attended,GP,Home Visit,More than 28 Days,1
71E,E38000238,NHS Lincolnshire ICB - 71E,E54000013,NHS Lincolnshire Integrated Care Board,E40000011,Midlands,NOV2023,Attended,GP,Home Visit,Same Day,447
71E,E38000238,NHS Lincolnshire ICB - 71E,E54000013,NHS Lincolnshire Integrated Care Board,E40000011,Midlands,NOV2023,Attended,GP,Home Visit,Unknown / Data Quality,1
71E,E38000238,NHS Lincolnshire ICB - 71E,E54000013,NHS Lincolnshire Integrated Care Board,E40000011,Midlands,NOV2023,Attended,GP,Telephone,1 Day,3363
71E,E38000238,NHS Lincolnshire ICB - 71E,E54000013,NHS Lincolnshire Integrated Care Board,E40000011,Midlands,NOV2023,Attended,GP,Telephone,15  to 21 Days,2552
71E,E38000238,NHS Lincolnshire ICB - 71E,E54000013,NHS Lincolnshire Integrated Care Board,E40000011,Midlands,NOV2023,Attended,GP,Telephone,2 to 7 Days,6142
71E,E38000238,NHS Lincolnshire ICB - 71E,E54000013,NHS Lincolnshire Integrated Care Board,E40000011,Midlands,NOV2023,Attended,GP,Telephone,22  to 28 Days,1124
71E,E38000238,NHS Lincolnshire ICB - 71E,E54000013,NHS Lincolnshire Integrated Care Board,E40000011,Midlands,NOV2023,Attended,GP,Telephone,8  to 14 Days,5001
71E,E38000238,NHS Lincolnshire ICB - 71E,E54000013,NHS Lincolnshire Integrated Care Board,E40000011,Midlands,NOV2023,Attended,GP,Telephone,More than 28 Days,575
71E,E38000238,NHS Lincolnshire ICB - 71E,E54000013,NHS Lincolnshire Integrated Care Board,E40000011,Midlands,NOV2023,Attended,GP,Telephone,Same Day,35400
71E,E38000238,NHS Lincolnshire ICB - 71E,E54000013,NHS Lincolnshire Integrated Care Board,E40000011,Midlands,NOV2023,Attended,GP,Telephone,Unknown / Data Quality,29
71E,E38000238,NHS Lincolnshire ICB - 71E,E54000013,NHS Lincolnshire Integrated Care Board,E40000011,Midlands,NOV2023,Attended,GP,Unknown,1 Day,49
71E,E38000238,NHS Lincolnshire ICB - 71E,E54000013,NHS Lincolnshire Integrated Care Board,E40000011,Midlands,NOV2023,Attended,GP,Unknown,15  to 21 Days,12
71E,E38000238,NHS Lincolnshire ICB - 71E,E54000013,NHS Lincolnshire Integrated Care Board,E40000011,Midlands,NOV2023,Attended,GP,Unknown,2 to 7 Days,88
71E,E38000238,NHS Lincolnshire ICB - 71E,E54000013,NHS Lincolnshire Integrated Care Board,E40000011,Midlands,NOV2023,Attended,GP,Unknown,22  to 28 Days,7
71E,E38000238,NHS Lincolnshire ICB - 71E,E54000013,NHS Lincolnshire Integrated Care Board,E40000011,Midlands,NOV2023,Attended,GP,Unknown,8  to 14 Days,57
71E,E38000238,NHS Lincolnshire ICB - 71E,E54000013,NHS Lincolnshire Integrated Care Board,E40000011,Midlands,NOV2023,Attended,GP,Unknown,More than 28 Days,8
71E,E38000238,NHS Lincolnshire ICB - 71E,E54000013,NHS Lincolnshire Integrated Care Board,E40000011,Midlands,NOV2023,Attended,GP,Unknown,Same Day,548
71E,E38000238,NHS Lincolnshire ICB - 71E,E54000013,NHS Lincolnshire Integrated Care Board,E40000011,Midlands,NOV2023,Attended,GP,Video/Online,1 Day,294
71E,E38000238,NHS Lincolnshire ICB - 71E,E54000013,NHS Lincolnshire Integrated Care Board,E40000011,Midlands,NOV2023,Attended,GP,Video/Online,15  to 21 Days,111
71E,E38000238,NHS Lincolnshire ICB - 71E,E54000013,NHS Lincolnshire Integrated Care Board,E40000011,Midlands,NOV2023,Attended,GP,Video/Online,2 to 7 Days,698
71E,E38000238,NHS Lincolnshire ICB - 71E,E54000013,NHS Lincolnshire Integrated Care Board,E40000011,Midlands,NOV2023,Attended,GP,Video/Online,22  to 28 Days,34
71E,E38000238,NHS Lincolnshire ICB - 71E,E54000013,NHS Lincolnshire Integrated Care Board,E40000011,Midlands,NOV2023,Attended,GP,Video/Online,8  to 14 Days,143
71E,E38000238,NHS Lincolnshire ICB - 71E,E54000013,NHS Lincolnshire Integrated Care Board,E40000011,Midlands,NOV2023,Attended,GP,Video/Online,More than 28 Days,42
71E,E38000238,NHS Lincolnshire ICB - 71E,E54000013,NHS Lincolnshire Integrated Care Board,E40000011,Midlands,NOV2023,Attended,GP,Video/Online,Same Day,6591
71E,E38000238,NHS Lincolnshire ICB - 71E,E54000013,NHS Lincolnshire Integrated Care Board,E40000011,Midlands,NOV2023,Attended,GP,Video/Online,Unknown / Data Quality,2
71E,E38000238,NHS Lincolnshire ICB - 71E,E54000013,NHS Lincolnshire Integrated Care Board,E40000011,Midlands,NOV2023,Attended,Other Practice staff,Face-to-Face,1 Day,12238
71E,E38000238,NHS Lincolnshire ICB - 71E,E54000013,NHS Lincolnshire Integrated Care Board,E40000011,Midlands,NOV2023,Attended,Other Practice staff,Face-to-Face,15  to 21 Days,25659
71E,E38000238,NHS Lincolnshire ICB - 71E,E54000013,NHS Lincolnshire Integrated Care Board,E40000011,Midlands,NOV2023,Attended,Other Practice staff,Face-to-Face,2 to 7 Days,41887
71E,E38000238,NHS Lincolnshire ICB - 71E,E54000013,NHS Lincolnshire Integrated Care Board,E40000011,Midlands,NOV2023,Attended,Other Practice staff,Face-to-Face,22  to 28 Days,16649
71E,E38000238,NHS Lincolnshire ICB - 71E,E54000013,NHS Lincolnshire Integrated Care Board,E40000011,Midlands,NOV2023,Attended,Other Practice staff,Face-to-Face,8  to 14 Days,37634
71E,E38000238,NHS Lincolnshire ICB - 71E,E54000013,NHS Lincolnshire Integrated Care Board,E40000011,Midlands,NOV2023,Attended,Other Practice staff,Face-to-Face,More than 28 Days,20807
71E,E38000238,NHS Lincolnshire ICB - 71E,E54000013,NHS Lincolnshire Integrated Care Board,E40000011,Midlands,NOV2023,Attended,Other Practice staff,Face-to-Face,Same Day,54619
71E,E38000238,NHS Lincolnshire ICB - 71E,E54000013,NHS Lincolnshire Integrated Care Board,E40000011,Midlands,NOV2023,Attended,Other Practice staff,Face-to-Face,Unknown / Data Quality,202
71E,E38000238,NHS Lincolnshire ICB - 71E,E54000013,NHS Lincolnshire Integrated Care Board,E40000011,Midlands,NOV2023,Attended,Other Practice staff,Home Visit,1 Day,422
71E,E38000238,NHS Lincolnshire ICB - 71E,E54000013,NHS Lincolnshire Integrated Care Board,E40000011,Midlands,NOV2023,Attended,Other Practice staff,Home Visit,15  to 21 Days,188
71E,E38000238,NHS Lincolnshire ICB - 71E,E54000013,NHS Lincolnshire Integrated Care Board,E40000011,Midlands,NOV2023,Attended,Other Practice staff,Home Visit,2 to 7 Days,1305
71E,E38000238,NHS Lincolnshire ICB - 71E,E54000013,NHS Lincolnshire Integrated Care Board,E40000011,Midlands,NOV2023,Attended,Other Practice staff,Home Visit,22  to 28 Days,111
71E,E38000238,NHS Lincolnshire ICB - 71E,E54000013,NHS Lincolnshire Integrated Care Board,E40000011,Midlands,NOV2023,Attended,Other Practice staff,Home Visit,8  to 14 Days,473
71E,E38000238,NHS Lincolnshire ICB - 71E,E54000013,NHS Lincolnshire Integrated Care Board,E40000011,Midlands,NOV2023,Attended,Other Practice staff,Home Visit,More than 28 Days,125
71E,E38000238,NHS Lincolnshire ICB - 71E,E54000013,NHS Lincolnshire Integrated Care Board,E40000011,Midlands,NOV2023,Attended,Other Practice staff,Home Visit,Same Day,1605
71E,E38000238,NHS Lincolnshire ICB - 71E,E54000013,NHS Lincolnshire Integrated Care Board,E40000011,Midlands,NOV2023,Attended,Other Practice staff,Home Visit,Unknown / Data Quality,50
71E,E38000238,NHS Lincolnshire ICB - 71E,E54000013,NHS Lincolnshire Integrated Care Board,E40000011,Midlands,NOV2023,Attended,Other Practice staff,Telephone,1 Day,3293
71E,E38000238,NHS Lincolnshire ICB - 71E,E54000013,NHS Lincolnshire Integrated Care Board,E40000011,Midlands,NOV2023,Attended,Other Practice staff,Telephone,15  to 21 Days,2688
71E,E38000238,NHS Lincolnshire ICB - 71E,E54000013,NHS Lincolnshire Integrated Care Board,E40000011,Midlands,NOV2023,Attended,Other Practice staff,Telephone,2 to 7 Days,8102
71E,E38000238,NHS Lincolnshire ICB - 71E,E54000013,NHS Lincolnshire Integrated Care Board,E40000011,Midlands,NOV2023,Attended,Other Practice staff,Telephone,22  to 28 Days,1836
71E,E38000238,NHS Lincolnshire ICB - 71E,E54000013,NHS Lincolnshire Integrated Care Board,E40000011,Midlands,NOV2023,Attended,Other Practice staff,Telephone,8  to 14 Days,3868
71E,E38000238,NHS Lincolnshire ICB - 71E,E54000013,NHS Lincolnshire Integrated Care Board,E40000011,Midlands,NOV2023,Attended,Other Practice staff,Telephone,More than 28 Days,2032
71E,E38000238,NHS Lincolnshire ICB - 71E,E54000013,NHS Lincolnshire Integrated Care Board,E40000011,Midlands,NOV2023,Attended,Other Practice staff,Telephone,Same Day,24953
71E,E38000238,NHS Lincolnshire ICB - 71E,E54000013,NHS Lincolnshire Integrated Care Board,E40000011,Midlands,NOV2023,Attended,Other Practice staff,Telephone,Unknown / Data Quality,39
71E,E38000238,NHS Lincolnshire ICB - 71E,E54000013,NHS Lincolnshire Integrated Care Board,E40000011,Midlands,NOV2023,Attended,Other Practice staff,Unknown,1 Day,114
71E,E38000238,NHS Lincolnshire ICB - 71E,E54000013,NHS Lincolnshire Integrated Care Board,E40000011,Midlands,NOV2023,Attended,Other Practice staff,Unknown,15  to 21 Days,53
71E,E38000238,NHS Lincolnshire ICB - 71E,E54000013,NHS Lincolnshire Integrated Care Board,E40000011,Midlands,NOV2023,Attended,Other Practice staff,Unknown,2 to 7 Days,211
71E,E38000238,NHS Lincolnshire ICB - 71E,E54000013,NHS Lincolnshire Integrated Care Board,E40000011,Midlands,NOV2023,Attended,Other Practice staff,Unknown,22  to 28 Days,80
71E,E38000238,NHS Lincolnshire ICB - 71E,E54000013,NHS Lincolnshire Integrated Care Board,E40000011,Midlands,NOV2023,Attended,Other Practice staff,Unknown,8  to 14 Days,78
71E,E38000238,NHS Lincolnshire ICB - 71E,E54000013,NHS Lincolnshire Integrated Care Board,E40000011,Midlands,NOV2023,Attended,Other Practice staff,Unknown,More than 28 Days,92
71E,E38000238,NHS Lincolnshire ICB - 71E,E54000013,NHS Lincolnshire Integrated Care Board,E40000011,Midlands,NOV2023,Attended,Other Practice staff,Unknown,Same Day,1181
71E,E38000238,NHS Lincolnshire ICB - 71E,E54000013,NHS Lincolnshire Integrated Care Board,E40000011,Midlands,NOV2023,Attended,Other Practice staff,Unknown,Unknown / Data Quality,1
71E,E38000238,NHS Lincolnshire ICB - 71E,E54000013,NHS Lincolnshire Integrated Care Board,E40000011,Midlands,NOV2023,Attended,Other Practice staff,Video/Online,1 Day,390
71E,E38000238,NHS Lincolnshire ICB - 71E,E54000013,NHS Lincolnshire Integrated Care Board,E40000011,Midlands,NOV2023,Attended,Other Practice staff,Video/Online,15  to 21 Days,3
71E,E38000238,NHS Lincolnshire ICB - 71E,E54000013,NHS Lincolnshire Integrated Care Board,E40000011,Midlands,NOV2023,Attended,Other Practice staff,Video/Online,2 to 7 Days,418
71E,E38000238,NHS Lincolnshire ICB - 71E,E54000013,NHS Lincolnshire Integrated Care Board,E40000011,Midlands,NOV2023,Attended,Other Practice staff,Video/Online,22  to 28 Days,4
71E,E38000238,NHS Lincolnshire ICB - 71E,E54000013,NHS Lincolnshire Integrated Care Board,E40000011,Midlands,NOV2023,Attended,Other Practice staff,Video/Online,8  to 14 Days,44
71E,E38000238,NHS Lincolnshire ICB - 71E,E54000013,NHS Lincolnshire Integrated Care Board,E40000011,Midlands,NOV2023,Attended,Other Practice staff,Video/Online,More than 28 Days,5
71E,E38000238,NHS Lincolnshire ICB - 71E,E54000013,NHS Lincolnshire Integrated Care Board,E40000011,Midlands,NOV2023,Attended,Other Practice staff,Video/Online,Same Day,3573
71E,E38000238,NHS Lincolnshire ICB - 71E,E54000013,NHS Lincolnshire Integrated Care Board,E40000011,Midlands,NOV2023,Attended,Other Practice staff,Video/Online,Unknown / Data Quality,5
71E,E38000238,NHS Lincolnshire ICB - 71E,E54000013,NHS Lincolnshire Integrated Care Board,E40000011,Midlands,NOV2023,Attended,Unknown,Unknown,1 Day,954
71E,E38000238,NHS Lincolnshire ICB - 71E,E54000013,NHS Lincolnshire Integrated Care Board,E40000011,Midlands,NOV2023,Attended,Unknown,Unknown,15  to 21 Days,583
71E,E38000238,NHS Lincolnshire ICB - 71E,E54000013,NHS Lincolnshire Integrated Care Board,E40000011,Midlands,NOV2023,Attended,Unknown,Unknown,2 to 7 Days,2319
71E,E38000238,NHS Lincolnshire ICB - 71E,E54000013,NHS Lincolnshire Integrated Care Board,E40000011,Midlands,NOV2023,Attended,Unknown,Unknown,22  to 28 Days,283
71E,E38000238,NHS Lincolnshire ICB - 71E,E54000013,NHS Lincolnshire Integrated Care Board,E40000011,Midlands,NOV2023,Attended,Unknown,Unknown,8  to 14 Days,1089
71E,E38000238,NHS Lincolnshire ICB - 71E,E54000013,NHS Lincolnshire Integrated Care Board,E40000011,Midlands,NOV2023,Attended,Unknown,Unknown,More than 28 Days,355
71E,E38000238,NHS Lincolnshire ICB - 71E,E54000013,NHS Lincolnshire Integrated Care Board,E40000011,Midlands,NOV2023,Attended,Unknown,Unknown,Same Day,10283
71E,E38000238,NHS Lincolnshire ICB - 71E,E54000013,NHS Lincolnshire Integrated Care Board,E40000011,Midlands,NOV2023,Attended,Unknown,Unknown,Unknown / Data Quality,51
71E,E38000238,NHS Lincolnshire ICB - 71E,E54000013,NHS Lincolnshire Integrated Care Board,E40000011,Midlands,NOV2023,DNA,GP,Face-to-Face,1 Day,219
71E,E38000238,NHS Lincolnshire ICB - 71E,E54000013,NHS Lincolnshire Integrated Care Board,E40000011,Midlands,NOV2023,DNA,GP,Face-to-Face,15  to 21 Days,246
71E,E38000238,NHS Lincolnshire ICB - 71E,E54000013,NHS Lincolnshire Integrated Care Board,E40000011,Midlands,NOV2023,DNA,GP,Face-to-Face,2 to 7 Days,421
71E,E38000238,NHS Lincolnshire ICB - 71E,E54000013,NHS Lincolnshire Integrated Care Board,E40000011,Midlands,NOV2023,DNA,GP,Face-to-Face,22  to 28 Days,148
71E,E38000238,NHS Lincolnshire ICB - 71E,E54000013,NHS Lincolnshire Integrated Care Board,E40000011,Midlands,NOV2023,DNA,GP,Face-to-Face,8  to 14 Days,345
71E,E38000238,NHS Lincolnshire ICB - 71E,E54000013,NHS Lincolnshire Integrated Care Board,E40000011,Midlands,NOV2023,DNA,GP,Face-to-Face,More than 28 Days,181
71E,E38000238,NHS Lincolnshire ICB - 71E,E54000013,NHS Lincolnshire Integrated Care Board,E40000011,Midlands,NOV2023,DNA,GP,Face-to-Face,Same Day,634
71E,E38000238,NHS Lincolnshire ICB - 71E,E54000013,NHS Lincolnshire Integrated Care Board,E40000011,Midlands,NOV2023,DNA,GP,Home Visit,15  to 21 Days,2
71E,E38000238,NHS Lincolnshire ICB - 71E,E54000013,NHS Lincolnshire Integrated Care Board,E40000011,Midlands,NOV2023,DNA,GP,Home Visit,22  to 28 Days,1
71E,E38000238,NHS Lincolnshire ICB - 71E,E54000013,NHS Lincolnshire Integrated Care Board,E40000011,Midlands,NOV2023,DNA,GP,Home Visit,8  to 14 Days,1
71E,E38000238,NHS Lincolnshire ICB - 71E,E54000013,NHS Lincolnshire Integrated Care Board,E40000011,Midlands,NOV2023,DNA,GP,Home Visit,More than 28 Days,6
71E,E38000238,NHS Lincolnshire ICB - 71E,E54000013,NHS Lincolnshire Integrated Care Board,E40000011,Midlands,NOV2023,DNA,GP,Home Visit,Same Day,7
71E,E38000238,NHS Lincolnshire ICB - 71E,E54000013,NHS Lincolnshire Integrated Care Board,E40000011,Midlands,NOV2023,DNA,GP,Telephone,1 Day,32
71E,E38000238,NHS Lincolnshire ICB - 71E,E54000013,NHS Lincolnshire Integrated Care Board,E40000011,Midlands,NOV2023,DNA,GP,Telephone,15  to 21 Days,31
71E,E38000238,NHS Lincolnshire ICB - 71E,E54000013,NHS Lincolnshire Integrated Care Board,E40000011,Midlands,NOV2023,DNA,GP,Telephone,2 to 7 Days,53
71E,E38000238,NHS Lincolnshire ICB - 71E,E54000013,NHS Lincolnshire Integrated Care Board,E40000011,Midlands,NOV2023,DNA,GP,Telephone,22  to 28 Days,31
71E,E38000238,NHS Lincolnshire ICB - 71E,E54000013,NHS Lincolnshire Integrated Care Board,E40000011,Midlands,NOV2023,DNA,GP,Telephone,8  to 14 Days,38
71E,E38000238,NHS Lincolnshire ICB - 71E,E54000013,NHS Lincolnshire Integrated Care Board,E40000011,Midlands,NOV2023,DNA,GP,Telephone,More than 28 Days,5
71E,E38000238,NHS Lincolnshire ICB - 71E,E54000013,NHS Lincolnshire Integrated Care Board,E40000011,Midlands,NOV2023,DNA,GP,Telephone,Same Day,301
71E,E38000238,NHS Lincolnshire ICB - 71E,E54000013,NHS Lincolnshire Integrated Care Board,E40000011,Midlands,NOV2023,DNA,GP,Unknown,1 Day,1
71E,E38000238,NHS Lincolnshire ICB - 71E,E54000013,NHS Lincolnshire Integrated Care Board,E40000011,Midlands,NOV2023,DNA,GP,Unknown,15  to 21 Days,1
71E,E38000238,NHS Lincolnshire ICB - 71E,E54000013,NHS Lincolnshire Integrated Care Board,E40000011,Midlands,NOV2023,DNA,GP,Unknown,2 to 7 Days,1
71E,E38000238,NHS Lincolnshire ICB - 71E,E54000013,NHS Lincolnshire Integrated Care Board,E40000011,Midlands,NOV2023,DNA,GP,Unknown,8  to 14 Days,1
71E,E38000238,NHS Lincolnshire ICB - 71E,E54000013,NHS Lincolnshire Integrated Care Board,E40000011,Midlands,NOV2023,DNA,GP,Unknown,Same Day,5
71E,E38000238,NHS Lincolnshire ICB - 71E,E54000013,NHS Lincolnshire Integrated Care Board,E40000011,Midlands,NOV2023,DNA,GP,Video/Online,1 Day,2
71E,E38000238,NHS Lincolnshire ICB - 71E,E54000013,NHS Lincolnshire Integrated Care Board,E40000011,Midlands,NOV2023,DNA,GP,Video/Online,15  to 21 Days,2
71E,E38000238,NHS Lincolnshire ICB - 71E,E54000013,NHS Lincolnshire Integrated Care Board,E40000011,Midlands,NOV2023,DNA,GP,Video/Online,2 to 7 Days,7
71E,E38000238,NHS Lincolnshire ICB - 71E,E54000013,NHS Lincolnshire Integrated Care Board,E40000011,Midlands,NOV2023,DNA,GP,Video/Online,8  to 14 Days,4
71E,E38000238,NHS Lincolnshire ICB - 71E,E54000013,NHS Lincolnshire Integrated Care Board,E40000011,Midlands,NOV2023,DNA,GP,Video/Online,More than 28 Days,7
71E,E38000238,NHS Lincolnshire ICB - 71E,E54000013,NHS Lincolnshire Integrated Care Board,E40000011,Midlands,NOV2023,DNA,GP,Video/Online,Same Day,15
71E,E38000238,NHS Lincolnshire ICB - 71E,E54000013,NHS Lincolnshire Integrated Care Board,E40000011,Midlands,NOV2023,DNA,Other Practice staff,Face-to-Face,1 Day,578
71E,E38000238,NHS Lincolnshire ICB - 71E,E54000013,NHS Lincolnshire Integrated Care Board,E40000011,Midlands,NOV2023,DNA,Other Practice staff,Face-to-Face,15  to 21 Days,2194
71E,E38000238,NHS Lincolnshire ICB - 71E,E54000013,NHS Lincolnshire Integrated Care Board,E40000011,Midlands,NOV2023,DNA,Other Practice staff,Face-to-Face,2 to 7 Days,2396
71E,E38000238,NHS Lincolnshire ICB - 71E,E54000013,NHS Lincolnshire Integrated Care Board,E40000011,Midlands,NOV2023,DNA,Other Practice staff,Face-to-Face,22  to 28 Days,1452
71E,E38000238,NHS Lincolnshire ICB - 71E,E54000013,NHS Lincolnshire Integrated Care Board,E40000011,Midlands,NOV2023,DNA,Other Practice staff,Face-to-Face,8  to 14 Days,2901
71E,E38000238,NHS Lincolnshire ICB - 71E,E54000013,NHS Lincolnshire Integrated Care Board,E40000011,Midlands,NOV2023,DNA,Other Practice staff,Face-to-Face,More than 28 Days,2094
71E,E38000238,NHS Lincolnshire ICB - 71E,E54000013,NHS Lincolnshire Integrated Care Board,E40000011,Midlands,NOV2023,DNA,Other Practice staff,Face-to-Face,Same Day,1235
71E,E38000238,NHS Lincolnshire ICB - 71E,E54000013,NHS Lincolnshire Integrated Care Board,E40000011,Midlands,NOV2023,DNA,Other Practice staff,Face-to-Face,Unknown / Data Quality,1
71E,E38000238,NHS Lincolnshire ICB - 71E,E54000013,NHS Lincolnshire Integrated Care Board,E40000011,Midlands,NOV2023,DNA,Other Practice staff,Home Visit,1 Day,6
71E,E38000238,NHS Lincolnshire ICB - 71E,E54000013,NHS Lincolnshire Integrated Care Board,E40000011,Midlands,NOV2023,DNA,Other Practice staff,Home Visit,15  to 21 Days,8
71E,E38000238,NHS Lincolnshire ICB - 71E,E54000013,NHS Lincolnshire Integrated Care Board,E40000011,Midlands,NOV2023,DNA,Other Practice staff,Home Visit,2 to 7 Days,107
71E,E38000238,NHS Lincolnshire ICB - 71E,E54000013,NHS Lincolnshire Integrated Care Board,E40000011,Midlands,NOV2023,DNA,Other Practice staff,Home Visit,22  to 28 Days,2
71E,E38000238,NHS Lincolnshire ICB - 71E,E54000013,NHS Lincolnshire Integrated Care Board,E40000011,Midlands,NOV2023,DNA,Other Practice staff,Home Visit,8  to 14 Days,15
71E,E38000238,NHS Lincolnshire ICB - 71E,E54000013,NHS Lincolnshire Integrated Care Board,E40000011,Midlands,NOV2023,DNA,Other Practice staff,Home Visit,More than 28 Days,7
71E,E38000238,NHS Lincolnshire ICB - 71E,E54000013,NHS Lincolnshire Integrated Care Board,E40000011,Midlands,NOV2023,DNA,Other Practice staff,Home Visit,Same Day,34
71E,E38000238,NHS Lincolnshire ICB - 71E,E54000013,NHS Lincolnshire Integrated Care Board,E40000011,Midlands,NOV2023,DNA,Other Practice staff,Telephone,1 Day,73
71E,E38000238,NHS Lincolnshire ICB - 71E,E54000013,NHS Lincolnshire Integrated Care Board,E40000011,Midlands,NOV2023,DNA,Other Practice staff,Telephone,15  to 21 Days,109
71E,E38000238,NHS Lincolnshire ICB - 71E,E54000013,NHS Lincolnshire Integrated Care Board,E40000011,Midlands,NOV2023,DNA,Other Practice staff,Telephone,2 to 7 Days,221
71E,E38000238,NHS Lincolnshire ICB - 71E,E54000013,NHS Lincolnshire Integrated Care Board,E40000011,Midlands,NOV2023,DNA,Other Practice staff,Telephone,22  to 28 Days,72
71E,E38000238,NHS Lincolnshire ICB - 71E,E54000013,NHS Lincolnshire Integrated Care Board,E40000011,Midlands,NOV2023,DNA,Other Practice staff,Telephone,8  to 14 Days,155
71E,E38000238,NHS Lincolnshire ICB - 71E,E54000013,NHS Lincolnshire Integrated Care Board,E40000011,Midlands,NOV2023,DNA,Other Practice staff,Telephone,More than 28 Days,141
71E,E38000238,NHS Lincolnshire ICB - 71E,E54000013,NHS Lincolnshire Integrated Care Board,E40000011,Midlands,NOV2023,DNA,Other Practice staff,Telephone,Same Day,168
71E,E38000238,NHS Lincolnshire ICB - 71E,E54000013,NHS Lincolnshire Integrated Care Board,E40000011,Midlands,NOV2023,DNA,Other Practice staff,Telephone,Unknown / Data Quality,1
71E,E38000238,NHS Lincolnshire ICB - 71E,E54000013,NHS Lincolnshire Integrated Care Board,E40000011,Midlands,NOV2023,DNA,Other Practice staff,Unknown,1 Day,27
71E,E38000238,NHS Lincolnshire ICB - 71E,E54000013,NHS Lincolnshire Integrated Care Board,E40000011,Midlands,NOV2023,DNA,Other Practice staff,Unknown,15  to 21 Days,13
71E,E38000238,NHS Lincolnshire ICB - 71E,E54000013,NHS Lincolnshire Integrated Care Board,E40000011,Midlands,NOV2023,DNA,Other Practice staff,Unknown,2 to 7 Days,25
71E,E38000238,NHS Lincolnshire ICB - 71E,E54000013,NHS Lincolnshire Integrated Care Board,E40000011,Midlands,NOV2023,DNA,Other Practice staff,Unknown,22  to 28 Days,13
71E,E38000238,NHS Lincolnshire ICB - 71E,E54000013,NHS Lincolnshire Integrated Care Board,E40000011,Midlands,NOV2023,DNA,Other Practice staff,Unknown,8  to 14 Days,16
71E,E38000238,NHS Lincolnshire ICB - 71E,E54000013,NHS Lincolnshire Integrated Care Board,E40000011,Midlands,NOV2023,DNA,Other Practice staff,Unknown,More than 28 Days,20
71E,E38000238,NHS Lincolnshire ICB - 71E,E54000013,NHS Lincolnshire Integrated Care Board,E40000011,Midlands,NOV2023,DNA,Other Practice staff,Unknown,Same Day,9
71E,E38000238,NHS Lincolnshire ICB - 71E,E54000013,NHS Lincolnshire Integrated Care Board,E40000011,Midlands,NOV2023,DNA,Other Practice staff,Video/Online,1 Day,11
71E,E38000238,NHS Lincolnshire ICB - 71E,E54000013,NHS Lincolnshire Integrated Care Board,E40000011,Midlands,NOV2023,DNA,Other Practice staff,Video/Online,15  to 21 Days,2
71E,E38000238,NHS Lincolnshire ICB - 71E,E54000013,NHS Lincolnshire Integrated Care Board,E40000011,Midlands,NOV2023,DNA,Other Practice staff,Video/Online,2 to 7 Days,7
71E,E38000238,NHS Lincolnshire ICB - 71E,E54000013,NHS Lincolnshire Integrated Care Board,E40000011,Midlands,NOV2023,DNA,Other Practice staff,Video/Online,22  to 28 Days,1
71E,E38000238,NHS Lincolnshire ICB - 71E,E54000013,NHS Lincolnshire Integrated Care Board,E40000011,Midlands,NOV2023,DNA,Other Practice staff,Video/Online,8  to 14 Days,2
71E,E38000238,NHS Lincolnshire ICB - 71E,E54000013,NHS Lincolnshire Integrated Care Board,E40000011,Midlands,NOV2023,DNA,Other Practice staff,Video/Online,More than 28 Days,3
71E,E38000238,NHS Lincolnshire ICB - 71E,E54000013,NHS Lincolnshire Integrated Care Board,E40000011,Midlands,NOV2023,DNA,Other Practice staff,Video/Online,Same Day,14
71E,E38000238,NHS Lincolnshire ICB - 71E,E54000013,NHS Lincolnshire Integrated Care Board,E40000011,Midlands,NOV2023,DNA,Unknown,Unknown,1 Day,33
71E,E38000238,NHS Lincolnshire ICB - 71E,E54000013,NHS Lincolnshire Integrated Care Board,E40000011,Midlands,NOV2023,DNA,Unknown,Unknown,15  to 21 Days,45
71E,E38000238,NHS Lincolnshire ICB - 71E,E54000013,NHS Lincolnshire Integrated Care Board,E40000011,Midlands,NOV2023,DNA,Unknown,Unknown,2 to 7 Days,111
71E,E38000238,NHS Lincolnshire ICB - 71E,E54000013,NHS Lincolnshire Integrated Care Board,E40000011,Midlands,NOV2023,DNA,Unknown,Unknown,22  to 28 Days,29
71E,E38000238,NHS Lincolnshire ICB - 71E,E54000013,NHS Lincolnshire Integrated Care Board,E40000011,Midlands,NOV2023,DNA,Unknown,Unknown,8  to 14 Days,113
71E,E38000238,NHS Lincolnshire ICB - 71E,E54000013,NHS Lincolnshire Integrated Care Board,E40000011,Midlands,NOV2023,DNA,Unknown,Unknown,More than 28 Days,25
71E,E38000238,NHS Lincolnshire ICB - 71E,E54000013,NHS Lincolnshire Integrated Care Board,E40000011,Midlands,NOV2023,DNA,Unknown,Unknown,Same Day,71
71E,E38000238,NHS Lincolnshire ICB - 71E,E54000013,NHS Lincolnshire Integrated Care Board,E40000011,Midlands,NOV2023,Unknown,GP,Face-to-Face,1 Day,129
71E,E38000238,NHS Lincolnshire ICB - 71E,E54000013,NHS Lincolnshire Integrated Care Board,E40000011,Midlands,NOV2023,Unknown,GP,Face-to-Face,15  to 21 Days,484
71E,E38000238,NHS Lincolnshire ICB - 71E,E54000013,NHS Lincolnshire Integrated Care Board,E40000011,Midlands,NOV2023,Unknown,GP,Face-to-Face,2 to 7 Days,581
71E,E38000238,NHS Lincolnshire ICB - 71E,E54000013,NHS Lincolnshire Integrated Care Board,E40000011,Midlands,NOV2023,Unknown,GP,Face-to-Face,22  to 28 Days,338
71E,E38000238,NHS Lincolnshire ICB - 71E,E54000013,NHS Lincolnshire Integrated Care Board,E40000011,Midlands,NOV2023,Unknown,GP,Face-to-Face,8  to 14 Days,573
71E,E38000238,NHS Lincolnshire ICB - 71E,E54000013,NHS Lincolnshire Integrated Care Board,E40000011,Midlands,NOV2023,Unknown,GP,Face-to-Face,More than 28 Days,435
71E,E38000238,NHS Lincolnshire ICB - 71E,E54000013,NHS Lincolnshire Integrated Care Board,E40000011,Midlands,NOV2023,Unknown,GP,Face-to-Face,Same Day,368
71E,E38000238,NHS Lincolnshire ICB - 71E,E54000013,NHS Lincolnshire Integrated Care Board,E40000011,Midlands,NOV2023,Unknown,GP,Face-to-Face,Unknown / Data Quality,8
71E,E38000238,NHS Lincolnshire ICB - 71E,E54000013,NHS Lincolnshire Integrated Care Board,E40000011,Midlands,NOV2023,Unknown,GP,Home Visit,1 Day,11
71E,E38000238,NHS Lincolnshire ICB - 71E,E54000013,NHS Lincolnshire Integrated Care Board,E40000011,Midlands,NOV2023,Unknown,GP,Home Visit,15  to 21 Days,14
71E,E38000238,NHS Lincolnshire ICB - 71E,E54000013,NHS Lincolnshire Integrated Care Board,E40000011,Midlands,NOV2023,Unknown,GP,Home Visit,2 to 7 Days,3
71E,E38000238,NHS Lincolnshire ICB - 71E,E54000013,NHS Lincolnshire Integrated Care Board,E40000011,Midlands,NOV2023,Unknown,GP,Home Visit,22  to 28 Days,4
71E,E38000238,NHS Lincolnshire ICB - 71E,E54000013,NHS Lincolnshire Integrated Care Board,E40000011,Midlands,NOV2023,Unknown,GP,Home Visit,8  to 14 Days,3
71E,E38000238,NHS Lincolnshire ICB - 71E,E54000013,NHS Lincolnshire Integrated Care Board,E40000011,Midlands,NOV2023,Unknown,GP,Home Visit,Same Day,7
71E,E38000238,NHS Lincolnshire ICB - 71E,E54000013,NHS Lincolnshire Integrated Care Board,E40000011,Midlands,NOV2023,Unknown,GP,Telephone,1 Day,52
71E,E38000238,NHS Lincolnshire ICB - 71E,E54000013,NHS Lincolnshire Integrated Care Board,E40000011,Midlands,NOV2023,Unknown,GP,Telephone,15  to 21 Days,233
71E,E38000238,NHS Lincolnshire ICB - 71E,E54000013,NHS Lincolnshire Integrated Care Board,E40000011,Midlands,NOV2023,Unknown,GP,Telephone,2 to 7 Days,274
71E,E38000238,NHS Lincolnshire ICB - 71E,E54000013,NHS Lincolnshire Integrated Care Board,E40000011,Midlands,NOV2023,Unknown,GP,Telephone,22  to 28 Days,184
71E,E38000238,NHS Lincolnshire ICB - 71E,E54000013,NHS Lincolnshire Integrated Care Board,E40000011,Midlands,NOV2023,Unknown,GP,Telephone,8  to 14 Days,443
71E,E38000238,NHS Lincolnshire ICB - 71E,E54000013,NHS Lincolnshire Integrated Care Board,E40000011,Midlands,NOV2023,Unknown,GP,Telephone,More than 28 Days,108
71E,E38000238,NHS Lincolnshire ICB - 71E,E54000013,NHS Lincolnshire Integrated Care Board,E40000011,Midlands,NOV2023,Unknown,GP,Telephone,Same Day,224
71E,E38000238,NHS Lincolnshire ICB - 71E,E54000013,NHS Lincolnshire Integrated Care Board,E40000011,Midlands,NOV2023,Unknown,GP,Telephone,Unknown / Data Quality,7
71E,E38000238,NHS Lincolnshire ICB - 71E,E54000013,NHS Lincolnshire Integrated Care Board,E40000011,Midlands,NOV2023,Unknown,GP,Unknown,1 Day,15
71E,E38000238,NHS Lincolnshire ICB - 71E,E54000013,NHS Lincolnshire Integrated Care Board,E40000011,Midlands,NOV2023,Unknown,GP,Unknown,15  to 21 Days,15
71E,E38000238,NHS Lincolnshire ICB - 71E,E54000013,NHS Lincolnshire Integrated Care Board,E40000011,Midlands,NOV2023,Unknown,GP,Unknown,2 to 7 Days,28
71E,E38000238,NHS Lincolnshire ICB - 71E,E54000013,NHS Lincolnshire Integrated Care Board,E40000011,Midlands,NOV2023,Unknown,GP,Unknown,22  to 28 Days,19
71E,E38000238,NHS Lincolnshire ICB - 71E,E54000013,NHS Lincolnshire Integrated Care Board,E40000011,Midlands,NOV2023,Unknown,GP,Unknown,8  to 14 Days,35
71E,E38000238,NHS Lincolnshire ICB - 71E,E54000013,NHS Lincolnshire Integrated Care Board,E40000011,Midlands,NOV2023,Unknown,GP,Unknown,More than 28 Days,8
71E,E38000238,NHS Lincolnshire ICB - 71E,E54000013,NHS Lincolnshire Integrated Care Board,E40000011,Midlands,NOV2023,Unknown,GP,Unknown,Same Day,33
71E,E38000238,NHS Lincolnshire ICB - 71E,E54000013,NHS Lincolnshire Integrated Care Board,E40000011,Midlands,NOV2023,Unknown,GP,Video/Online,1 Day,15
71E,E38000238,NHS Lincolnshire ICB - 71E,E54000013,NHS Lincolnshire Integrated Care Board,E40000011,Midlands,NOV2023,Unknown,GP,Video/Online,15  to 21 Days,62
71E,E38000238,NHS Lincolnshire ICB - 71E,E54000013,NHS Lincolnshire Integrated Care Board,E40000011,Midlands,NOV2023,Unknown,GP,Video/Online,2 to 7 Days,76
71E,E38000238,NHS Lincolnshire ICB - 71E,E54000013,NHS Lincolnshire Integrated Care Board,E40000011,Midlands,NOV2023,Unknown,GP,Video/Online,22  to 28 Days,20
71E,E38000238,NHS Lincolnshire ICB - 71E,E54000013,NHS Lincolnshire Integrated Care Board,E40000011,Midlands,NOV2023,Unknown,GP,Video/Online,8  to 14 Days,81
71E,E38000238,NHS Lincolnshire ICB - 71E,E54000013,NHS Lincolnshire Integrated Care Board,E40000011,Midlands,NOV2023,Unknown,GP,Video/Online,More than 28 Days,15
71E,E38000238,NHS Lincolnshire ICB - 71E,E54000013,NHS Lincolnshire Integrated Care Board,E40000011,Midlands,NOV2023,Unknown,GP,Video/Online,Same Day,60
71E,E38000238,NHS Lincolnshire ICB - 71E,E54000013,NHS Lincolnshire Integrated Care Board,E40000011,Midlands,NOV2023,Unknown,Other Practice staff,Face-to-Face,1 Day,302
71E,E38000238,NHS Lincolnshire ICB - 71E,E54000013,NHS Lincolnshire Integrated Care Board,E40000011,Midlands,NOV2023,Unknown,Other Practice staff,Face-to-Face,15  to 21 Days,3117
71E,E38000238,NHS Lincolnshire ICB - 71E,E54000013,NHS Lincolnshire Integrated Care Board,E40000011,Midlands,NOV2023,Unknown,Other Practice staff,Face-to-Face,2 to 7 Days,2098
71E,E38000238,NHS Lincolnshire ICB - 71E,E54000013,NHS Lincolnshire Integrated Care Board,E40000011,Midlands,NOV2023,Unknown,Other Practice staff,Face-to-Face,22  to 28 Days,2443
71E,E38000238,NHS Lincolnshire ICB - 71E,E54000013,NHS Lincolnshire Integrated Care Board,E40000011,Midlands,NOV2023,Unknown,Other Practice staff,Face-to-Face,8  to 14 Days,3494
71E,E38000238,NHS Lincolnshire ICB - 71E,E54000013,NHS Lincolnshire Integrated Care Board,E40000011,Midlands,NOV2023,Unknown,Other Practice staff,Face-to-Face,More than 28 Days,5085
71E,E38000238,NHS Lincolnshire ICB - 71E,E54000013,NHS Lincolnshire Integrated Care Board,E40000011,Midlands,NOV2023,Unknown,Other Practice staff,Face-to-Face,Same Day,867
71E,E38000238,NHS Lincolnshire ICB - 71E,E54000013,NHS Lincolnshire Integrated Care Board,E40000011,Midlands,NOV2023,Unknown,Other Practice staff,Face-to-Face,Unknown / Data Quality,6
71E,E38000238,NHS Lincolnshire ICB - 71E,E54000013,NHS Lincolnshire Integrated Care Board,E40000011,Midlands,NOV2023,Unknown,Other Practice staff,Home Visit,1 Day,17
71E,E38000238,NHS Lincolnshire ICB - 71E,E54000013,NHS Lincolnshire Integrated Care Board,E40000011,Midlands,NOV2023,Unknown,Other Practice staff,Home Visit,15  to 21 Days,70
71E,E38000238,NHS Lincolnshire ICB - 71E,E54000013,NHS Lincolnshire Integrated Care Board,E40000011,Midlands,NOV2023,Unknown,Other Practice staff,Home Visit,2 to 7 Days,172
71E,E38000238,NHS Lincolnshire ICB - 71E,E54000013,NHS Lincolnshire Integrated Care Board,E40000011,Midlands,NOV2023,Unknown,Other Practice staff,Home Visit,22  to 28 Days,45
71E,E38000238,NHS Lincolnshire ICB - 71E,E54000013,NHS Lincolnshire Integrated Care Board,E40000011,Midlands,NOV2023,Unknown,Other Practice staff,Home Visit,8  to 14 Days,90
71E,E38000238,NHS Lincolnshire ICB - 71E,E54000013,NHS Lincolnshire Integrated Care Board,E40000011,Midlands,NOV2023,Unknown,Other Practice staff,Home Visit,More than 28 Days,58
71E,E38000238,NHS Lincolnshire ICB - 71E,E54000013,NHS Lincolnshire Integrated Care Board,E40000011,Midlands,NOV2023,Unknown,Other Practice staff,Home Visit,Same Day,40
71E,E38000238,NHS Lincolnshire ICB - 71E,E54000013,NHS Lincolnshire Integrated Care Board,E40000011,Midlands,NOV2023,Unknown,Other Practice staff,Home Visit,Unknown / Data Quality,1
71E,E38000238,NHS Lincolnshire ICB - 71E,E54000013,NHS Lincolnshire Integrated Care Board,E40000011,Midlands,NOV2023,Unknown,Other Practice staff,Telephone,1 Day,119
71E,E38000238,NHS Lincolnshire ICB - 71E,E54000013,NHS Lincolnshire Integrated Care Board,E40000011,Midlands,NOV2023,Unknown,Other Practice staff,Telephone,15  to 21 Days,363
71E,E38000238,NHS Lincolnshire ICB - 71E,E54000013,NHS Lincolnshire Integrated Care Board,E40000011,Midlands,NOV2023,Unknown,Other Practice staff,Telephone,2 to 7 Days,521
71E,E38000238,NHS Lincolnshire ICB - 71E,E54000013,NHS Lincolnshire Integrated Care Board,E40000011,Midlands,NOV2023,Unknown,Other Practice staff,Telephone,22  to 28 Days,270
71E,E38000238,NHS Lincolnshire ICB - 71E,E54000013,NHS Lincolnshire Integrated Care Board,E40000011,Midlands,NOV2023,Unknown,Other Practice staff,Telephone,8  to 14 Days,445
71E,E38000238,NHS Lincolnshire ICB - 71E,E54000013,NHS Lincolnshire Integrated Care Board,E40000011,Midlands,NOV2023,Unknown,Other Practice staff,Telephone,More than 28 Days,233
71E,E38000238,NHS Lincolnshire ICB - 71E,E54000013,NHS Lincolnshire Integrated Care Board,E40000011,Midlands,NOV2023,Unknown,Other Practice staff,Telephone,Same Day,343
71E,E38000238,NHS Lincolnshire ICB - 71E,E54000013,NHS Lincolnshire Integrated Care Board,E40000011,Midlands,NOV2023,Unknown,Other Practice staff,Telephone,Unknown / Data Quality,2
71E,E38000238,NHS Lincolnshire ICB - 71E,E54000013,NHS Lincolnshire Integrated Care Board,E40000011,Midlands,NOV2023,Unknown,Other Practice staff,Unknown,1 Day,18
71E,E38000238,NHS Lincolnshire ICB - 71E,E54000013,NHS Lincolnshire Integrated Care Board,E40000011,Midlands,NOV2023,Unknown,Other Practice staff,Unknown,15  to 21 Days,368
71E,E38000238,NHS Lincolnshire ICB - 71E,E54000013,NHS Lincolnshire Integrated Care Board,E40000011,Midlands,NOV2023,Unknown,Other Practice staff,Unknown,2 to 7 Days,151
71E,E38000238,NHS Lincolnshire ICB - 71E,E54000013,NHS Lincolnshire Integrated Care Board,E40000011,Midlands,NOV2023,Unknown,Other Practice staff,Unknown,22  to 28 Days,172
71E,E38000238,NHS Lincolnshire ICB - 71E,E54000013,NHS Lincolnshire Integrated Care Board,E40000011,Midlands,NOV2023,Unknown,Other Practice staff,Unknown,8  to 14 Days,348
71E,E38000238,NHS Lincolnshire ICB - 71E,E54000013,NHS Lincolnshire Integrated Care Board,E40000011,Midlands,NOV2023,Unknown,Other Practice staff,Unknown,More than 28 Days,359
71E,E38000238,NHS Lincolnshire ICB - 71E,E54000013,NHS Lincolnshire Integrated Care Board,E40000011,Midlands,NOV2023,Unknown,Other Practice staff,Unknown,Same Day,6
71E,E38000238,NHS Lincolnshire ICB - 71E,E54000013,NHS Lincolnshire Integrated Care Board,E40000011,Midlands,NOV2023,Unknown,Other Practice staff,Video/Online,1 Day,2
71E,E38000238,NHS Lincolnshire ICB - 71E,E54000013,NHS Lincolnshire Integrated Care Board,E40000011,Midlands,NOV2023,Unknown,Other Practice staff,Video/Online,15  to 21 Days,3
71E,E38000238,NHS Lincolnshire ICB - 71E,E54000013,NHS Lincolnshire Integrated Care Board,E40000011,Midlands,NOV2023,Unknown,Other Practice staff,Video/Online,2 to 7 Days,12
71E,E38000238,NHS Lincolnshire ICB - 71E,E54000013,NHS Lincolnshire Integrated Care Board,E40000011,Midlands,NOV2023,Unknown,Other Practice staff,Video/Online,22  to 28 Days,3
71E,E38000238,NHS Lincolnshire ICB - 71E,E54000013,NHS Lincolnshire Integrated Care Board,E40000011,Midlands,NOV2023,Unknown,Other Practice staff,Video/Online,8  to 14 Days,6
71E,E38000238,NHS Lincolnshire ICB - 71E,E54000013,NHS Lincolnshire Integrated Care Board,E40000011,Midlands,NOV2023,Unknown,Other Practice staff,Video/Online,More than 28 Days,8
71E,E38000238,NHS Lincolnshire ICB - 71E,E54000013,NHS Lincolnshire Integrated Care Board,E40000011,Midlands,NOV2023,Unknown,Other Practice staff,Video/Online,Same Day,7
71E,E38000238,NHS Lincolnshire ICB - 71E,E54000013,NHS Lincolnshire Integrated Care Board,E40000011,Midlands,NOV2023,Unknown,Unknown,Unknown,1 Day,41
71E,E38000238,NHS Lincolnshire ICB - 71E,E54000013,NHS Lincolnshire Integrated Care Board,E40000011,Midlands,NOV2023,Unknown,Unknown,Unknown,15  to 21 Days,238
71E,E38000238,NHS Lincolnshire ICB - 71E,E54000013,NHS Lincolnshire Integrated Care Board,E40000011,Midlands,NOV2023,Unknown,Unknown,Unknown,2 to 7 Days,189
71E,E38000238,NHS Lincolnshire ICB - 71E,E54000013,NHS Lincolnshire Integrated Care Board,E40000011,Midlands,NOV2023,Unknown,Unknown,Unknown,22  to 28 Days,189
71E,E38000238,NHS Lincolnshire ICB - 71E,E54000013,NHS Lincolnshire Integrated Care Board,E40000011,Midlands,NOV2023,Unknown,Unknown,Unknown,8  to 14 Days,272
71E,E38000238,NHS Lincolnshire ICB - 71E,E54000013,NHS Lincolnshire Integrated Care Board,E40000011,Midlands,NOV2023,Unknown,Unknown,Unknown,More than 28 Days,768
71E,E38000238,NHS Lincolnshire ICB - 71E,E54000013,NHS Lincolnshire Integrated Care Board,E40000011,Midlands,NOV2023,Unknown,Unknown,Unknown,Same Day,43
71E,E38000238,NHS Lincolnshire ICB - 71E,E54000013,NHS Lincolnshire Integrated Care Board,E40000011,Midlands,DEC2023,Attended,GP,Face-to-Face,1 Day,4550
71E,E38000238,NHS Lincolnshire ICB - 71E,E54000013,NHS Lincolnshire Integrated Care Board,E40000011,Midlands,DEC2023,Attended,GP,Face-to-Face,15  to 21 Days,2906
71E,E38000238,NHS Lincolnshire ICB - 71E,E54000013,NHS Lincolnshire Integrated Care Board,E40000011,Midlands,DEC2023,Attended,GP,Face-to-Face,2 to 7 Days,7666
71E,E38000238,NHS Lincolnshire ICB - 71E,E54000013,NHS Lincolnshire Integrated Care Board,E40000011,Midlands,DEC2023,Attended,GP,Face-to-Face,22  to 28 Days,1749
71E,E38000238,NHS Lincolnshire ICB - 71E,E54000013,NHS Lincolnshire Integrated Care Board,E40000011,Midlands,DEC2023,Attended,GP,Face-to-Face,8  to 14 Days,4626
71E,E38000238,NHS Lincolnshire ICB - 71E,E54000013,NHS Lincolnshire Integrated Care Board,E40000011,Midlands,DEC2023,Attended,GP,Face-to-Face,More than 28 Days,1313
71E,E38000238,NHS Lincolnshire ICB - 71E,E54000013,NHS Lincolnshire Integrated Care Board,E40000011,Midlands,DEC2023,Attended,GP,Face-to-Face,Same Day,51024
71E,E38000238,NHS Lincolnshire ICB - 71E,E54000013,NHS Lincolnshire Integrated Care Board,E40000011,Midlands,DEC2023,Attended,GP,Face-to-Face,Unknown / Data Quality,32
71E,E38000238,NHS Lincolnshire ICB - 71E,E54000013,NHS Lincolnshire Integrated Care Board,E40000011,Midlands,DEC2023,Attended,GP,Home Visit,1 Day,47
71E,E38000238,NHS Lincolnshire ICB - 71E,E54000013,NHS Lincolnshire Integrated Care Board,E40000011,Midlands,DEC2023,Attended,GP,Home Visit,15  to 21 Days,1
71E,E38000238,NHS Lincolnshire ICB - 71E,E54000013,NHS Lincolnshire Integrated Care Board,E40000011,Midlands,DEC2023,Attended,GP,Home Visit,2 to 7 Days,18
71E,E38000238,NHS Lincolnshire ICB - 71E,E54000013,NHS Lincolnshire Integrated Care Board,E40000011,Midlands,DEC2023,Attended,GP,Home Visit,8  to 14 Days,5
71E,E38000238,NHS Lincolnshire ICB - 71E,E54000013,NHS Lincolnshire Integrated Care Board,E40000011,Midlands,DEC2023,Attended,GP,Home Visit,More than 28 Days,2
71E,E38000238,NHS Lincolnshire ICB - 71E,E54000013,NHS Lincolnshire Integrated Care Board,E40000011,Midlands,DEC2023,Attended,GP,Home Visit,Same Day,390
71E,E38000238,NHS Lincolnshire ICB - 71E,E54000013,NHS Lincolnshire Integrated Care Board,E40000011,Midlands,DEC2023,Attended,GP,Home Visit,Unknown / Data Quality,1
71E,E38000238,NHS Lincolnshire ICB - 71E,E54000013,NHS Lincolnshire Integrated Care Board,E40000011,Midlands,DEC2023,Attended,GP,Telephone,1 Day,2786
71E,E38000238,NHS Lincolnshire ICB - 71E,E54000013,NHS Lincolnshire Integrated Care Board,E40000011,Midlands,DEC2023,Attended,GP,Telephone,15  to 21 Days,2102
71E,E38000238,NHS Lincolnshire ICB - 71E,E54000013,NHS Lincolnshire Integrated Care Board,E40000011,Midlands,DEC2023,Attended,GP,Telephone,2 to 7 Days,4500
71E,E38000238,NHS Lincolnshire ICB - 71E,E54000013,NHS Lincolnshire Integrated Care Board,E40000011,Midlands,DEC2023,Attended,GP,Telephone,22  to 28 Days,1077
71E,E38000238,NHS Lincolnshire ICB - 71E,E54000013,NHS Lincolnshire Integrated Care Board,E40000011,Midlands,DEC2023,Attended,GP,Telephone,8  to 14 Days,3782
71E,E38000238,NHS Lincolnshire ICB - 71E,E54000013,NHS Lincolnshire Integrated Care Board,E40000011,Midlands,DEC2023,Attended,GP,Telephone,More than 28 Days,506
71E,E38000238,NHS Lincolnshire ICB - 71E,E54000013,NHS Lincolnshire Integrated Care Board,E40000011,Midlands,DEC2023,Attended,GP,Telephone,Same Day,29201
71E,E38000238,NHS Lincolnshire ICB - 71E,E54000013,NHS Lincolnshire Integrated Care Board,E40000011,Midlands,DEC2023,Attended,GP,Telephone,Unknown / Data Quality,29
71E,E38000238,NHS Lincolnshire ICB - 71E,E54000013,NHS Lincolnshire Integrated Care Board,E40000011,Midlands,DEC2023,Attended,GP,Unknown,1 Day,43
71E,E38000238,NHS Lincolnshire ICB - 71E,E54000013,NHS Lincolnshire Integrated Care Board,E40000011,Midlands,DEC2023,Attended,GP,Unknown,15  to 21 Days,8
71E,E38000238,NHS Lincolnshire ICB - 71E,E54000013,NHS Lincolnshire Integrated Care Board,E40000011,Midlands,DEC2023,Attended,GP,Unknown,2 to 7 Days,110
71E,E38000238,NHS Lincolnshire ICB - 71E,E54000013,NHS Lincolnshire Integrated Care Board,E40000011,Midlands,DEC2023,Attended,GP,Unknown,22  to 28 Days,10
71E,E38000238,NHS Lincolnshire ICB - 71E,E54000013,NHS Lincolnshire Integrated Care Board,E40000011,Midlands,DEC2023,Attended,GP,Unknown,8  to 14 Days,27
71E,E38000238,NHS Lincolnshire ICB - 71E,E54000013,NHS Lincolnshire Integrated Care Board,E40000011,Midlands,DEC2023,Attended,GP,Unknown,More than 28 Days,4
71E,E38000238,NHS Lincolnshire ICB - 71E,E54000013,NHS Lincolnshire Integrated Care Board,E40000011,Midlands,DEC2023,Attended,GP,Unknown,Same Day,421
71E,E38000238,NHS Lincolnshire ICB - 71E,E54000013,NHS Lincolnshire Integrated Care Board,E40000011,Midlands,DEC2023,Attended,GP,Video/Online,1 Day,258
71E,E38000238,NHS Lincolnshire ICB - 71E,E54000013,NHS Lincolnshire Integrated Care Board,E40000011,Midlands,DEC2023,Attended,GP,Video/Online,15  to 21 Days,30
71E,E38000238,NHS Lincolnshire ICB - 71E,E54000013,NHS Lincolnshire Integrated Care Board,E40000011,Midlands,DEC2023,Attended,GP,Video/Online,2 to 7 Days,480
71E,E38000238,NHS Lincolnshire ICB - 71E,E54000013,NHS Lincolnshire Integrated Care Board,E40000011,Midlands,DEC2023,Attended,GP,Video/Online,22  to 28 Days,41
71E,E38000238,NHS Lincolnshire ICB - 71E,E54000013,NHS Lincolnshire Integrated Care Board,E40000011,Midlands,DEC2023,Attended,GP,Video/Online,8  to 14 Days,108
71E,E38000238,NHS Lincolnshire ICB - 71E,E54000013,NHS Lincolnshire Integrated Care Board,E40000011,Midlands,DEC2023,Attended,GP,Video/Online,More than 28 Days,19
71E,E38000238,NHS Lincolnshire ICB - 71E,E54000013,NHS Lincolnshire Integrated Care Board,E40000011,Midlands,DEC2023,Attended,GP,Video/Online,Same Day,5945
71E,E38000238,NHS Lincolnshire ICB - 71E,E54000013,NHS Lincolnshire Integrated Care Board,E40000011,Midlands,DEC2023,Attended,Other Practice staff,Face-to-Face,1 Day,9792
71E,E38000238,NHS Lincolnshire ICB - 71E,E54000013,NHS Lincolnshire Integrated Care Board,E40000011,Midlands,DEC2023,Attended,Other Practice staff,Face-to-Face,15  to 21 Days,18711
71E,E38000238,NHS Lincolnshire ICB - 71E,E54000013,NHS Lincolnshire Integrated Care Board,E40000011,Midlands,DEC2023,Attended,Other Practice staff,Face-to-Face,2 to 7 Days,30467
71E,E38000238,NHS Lincolnshire ICB - 71E,E54000013,NHS Lincolnshire Integrated Care Board,E40000011,Midlands,DEC2023,Attended,Other Practice staff,Face-to-Face,22  to 28 Days,12535
71E,E38000238,NHS Lincolnshire ICB - 71E,E54000013,NHS Lincolnshire Integrated Care Board,E40000011,Midlands,DEC2023,Attended,Other Practice staff,Face-to-Face,8  to 14 Days,29385
71E,E38000238,NHS Lincolnshire ICB - 71E,E54000013,NHS Lincolnshire Integrated Care Board,E40000011,Midlands,DEC2023,Attended,Other Practice staff,Face-to-Face,More than 28 Days,14409
71E,E38000238,NHS Lincolnshire ICB - 71E,E54000013,NHS Lincolnshire Integrated Care Board,E40000011,Midlands,DEC2023,Attended,Other Practice staff,Face-to-Face,Same Day,46628
71E,E38000238,NHS Lincolnshire ICB - 71E,E54000013,NHS Lincolnshire Integrated Care Board,E40000011,Midlands,DEC2023,Attended,Other Practice staff,Face-to-Face,Unknown / Data Quality,186
71E,E38000238,NHS Lincolnshire ICB - 71E,E54000013,NHS Lincolnshire Integrated Care Board,E40000011,Midlands,DEC2023,Attended,Other Practice staff,Home Visit,1 Day,329
71E,E38000238,NHS Lincolnshire ICB - 71E,E54000013,NHS Lincolnshire Integrated Care Board,E40000011,Midlands,DEC2023,Attended,Other Practice staff,Home Visit,15  to 21 Days,193
71E,E38000238,NHS Lincolnshire ICB - 71E,E54000013,NHS Lincolnshire Integrated Care Board,E40000011,Midlands,DEC2023,Attended,Other Practice staff,Home Visit,2 to 7 Days,803
71E,E38000238,NHS Lincolnshire ICB - 71E,E54000013,NHS Lincolnshire Integrated Care Board,E40000011,Midlands,DEC2023,Attended,Other Practice staff,Home Visit,22  to 28 Days,100
71E,E38000238,NHS Lincolnshire ICB - 71E,E54000013,NHS Lincolnshire Integrated Care Board,E40000011,Midlands,DEC2023,Attended,Other Practice staff,Home Visit,8  to 14 Days,503
71E,E38000238,NHS Lincolnshire ICB - 71E,E54000013,NHS Lincolnshire Integrated Care Board,E40000011,Midlands,DEC2023,Attended,Other Practice staff,Home Visit,More than 28 Days,98
71E,E38000238,NHS Lincolnshire ICB - 71E,E54000013,NHS Lincolnshire Integrated Care Board,E40000011,Midlands,DEC2023,Attended,Other Practice staff,Home Visit,Same Day,1298
71E,E38000238,NHS Lincolnshire ICB - 71E,E54000013,NHS Lincolnshire Integrated Care Board,E40000011,Midlands,DEC2023,Attended,Other Practice staff,Home Visit,Unknown / Data Quality,26
71E,E38000238,NHS Lincolnshire ICB - 71E,E54000013,NHS Lincolnshire Integrated Care Board,E40000011,Midlands,DEC2023,Attended,Other Practice staff,Telephone,1 Day,2859
71E,E38000238,NHS Lincolnshire ICB - 71E,E54000013,NHS Lincolnshire Integrated Care Board,E40000011,Midlands,DEC2023,Attended,Other Practice staff,Telephone,15  to 21 Days,2134
71E,E38000238,NHS Lincolnshire ICB - 71E,E54000013,NHS Lincolnshire Integrated Care Board,E40000011,Midlands,DEC2023,Attended,Other Practice staff,Telephone,2 to 7 Days,6363
71E,E38000238,NHS Lincolnshire ICB - 71E,E54000013,NHS Lincolnshire Integrated Care Board,E40000011,Midlands,DEC2023,Attended,Other Practice staff,Telephone,22  to 28 Days,1363
71E,E38000238,NHS Lincolnshire ICB - 71E,E54000013,NHS Lincolnshire Integrated Care Board,E40000011,Midlands,DEC2023,Attended,Other Practice staff,Telephone,8  to 14 Days,3360
71E,E38000238,NHS Lincolnshire ICB - 71E,E54000013,NHS Lincolnshire Integrated Care Board,E40000011,Midlands,DEC2023,Attended,Other Practice staff,Telephone,More than 28 Days,1716
71E,E38000238,NHS Lincolnshire ICB - 71E,E54000013,NHS Lincolnshire Integrated Care Board,E40000011,Midlands,DEC2023,Attended,Other Practice staff,Telephone,Same Day,21755
71E,E38000238,NHS Lincolnshire ICB - 71E,E54000013,NHS Lincolnshire Integrated Care Board,E40000011,Midlands,DEC2023,Attended,Other Practice staff,Telephone,Unknown / Data Quality,64
71E,E38000238,NHS Lincolnshire ICB - 71E,E54000013,NHS Lincolnshire Integrated Care Board,E40000011,Midlands,DEC2023,Attended,Other Practice staff,Unknown,1 Day,107
71E,E38000238,NHS Lincolnshire ICB - 71E,E54000013,NHS Lincolnshire Integrated Care Board,E40000011,Midlands,DEC2023,Attended,Other Practice staff,Unknown,15  to 21 Days,64
71E,E38000238,NHS Lincolnshire ICB - 71E,E54000013,NHS Lincolnshire Integrated Care Board,E40000011,Midlands,DEC2023,Attended,Other Practice staff,Unknown,2 to 7 Days,141
71E,E38000238,NHS Lincolnshire ICB - 71E,E54000013,NHS Lincolnshire Integrated Care Board,E40000011,Midlands,DEC2023,Attended,Other Practice staff,Unknown,22  to 28 Days,65
71E,E38000238,NHS Lincolnshire ICB - 71E,E54000013,NHS Lincolnshire Integrated Care Board,E40000011,Midlands,DEC2023,Attended,Other Practice staff,Unknown,8  to 14 Days,75
71E,E38000238,NHS Lincolnshire ICB - 71E,E54000013,NHS Lincolnshire Integrated Care Board,E40000011,Midlands,DEC2023,Attended,Other Practice staff,Unknown,More than 28 Days,76
71E,E38000238,NHS Lincolnshire ICB - 71E,E54000013,NHS Lincolnshire Integrated Care Board,E40000011,Midlands,DEC2023,Attended,Other Practice staff,Unknown,Same Day,1007
71E,E38000238,NHS Lincolnshire ICB - 71E,E54000013,NHS Lincolnshire Integrated Care Board,E40000011,Midlands,DEC2023,Attended,Other Practice staff,Unknown,Unknown / Data Quality,3
71E,E38000238,NHS Lincolnshire ICB - 71E,E54000013,NHS Lincolnshire Integrated Care Board,E40000011,Midlands,DEC2023,Attended,Other Practice staff,Video/Online,1 Day,244
71E,E38000238,NHS Lincolnshire ICB - 71E,E54000013,NHS Lincolnshire Integrated Care Board,E40000011,Midlands,DEC2023,Attended,Other Practice staff,Video/Online,15  to 21 Days,25
71E,E38000238,NHS Lincolnshire ICB - 71E,E54000013,NHS Lincolnshire Integrated Care Board,E40000011,Midlands,DEC2023,Attended,Other Practice staff,Video/Online,2 to 7 Days,245
71E,E38000238,NHS Lincolnshire ICB - 71E,E54000013,NHS Lincolnshire Integrated Care Board,E40000011,Midlands,DEC2023,Attended,Other Practice staff,Video/Online,22  to 28 Days,9
71E,E38000238,NHS Lincolnshire ICB - 71E,E54000013,NHS Lincolnshire Integrated Care Board,E40000011,Midlands,DEC2023,Attended,Other Practice staff,Video/Online,8  to 14 Days,25
71E,E38000238,NHS Lincolnshire ICB - 71E,E54000013,NHS Lincolnshire Integrated Care Board,E40000011,Midlands,DEC2023,Attended,Other Practice staff,Video/Online,More than 28 Days,1
71E,E38000238,NHS Lincolnshire ICB - 71E,E54000013,NHS Lincolnshire Integrated Care Board,E40000011,Midlands,DEC2023,Attended,Other Practice staff,Video/Online,Same Day,3135
71E,E38000238,NHS Lincolnshire ICB - 71E,E54000013,NHS Lincolnshire Integrated Care Board,E40000011,Midlands,DEC2023,Attended,Other Practice staff,Video/Online,Unknown / Data Quality,4
71E,E38000238,NHS Lincolnshire ICB - 71E,E54000013,NHS Lincolnshire Integrated Care Board,E40000011,Midlands,DEC2023,Attended,Unknown,Unknown,1 Day,685
71E,E38000238,NHS Lincolnshire ICB - 71E,E54000013,NHS Lincolnshire Integrated Care Board,E40000011,Midlands,DEC2023,Attended,Unknown,Unknown,15  to 21 Days,388
71E,E38000238,NHS Lincolnshire ICB - 71E,E54000013,NHS Lincolnshire Integrated Care Board,E40000011,Midlands,DEC2023,Attended,Unknown,Unknown,2 to 7 Days,1576
71E,E38000238,NHS Lincolnshire ICB - 71E,E54000013,NHS Lincolnshire Integrated Care Board,E40000011,Midlands,DEC2023,Attended,Unknown,Unknown,22  to 28 Days,170
71E,E38000238,NHS Lincolnshire ICB - 71E,E54000013,NHS Lincolnshire Integrated Care Board,E40000011,Midlands,DEC2023,Attended,Unknown,Unknown,8  to 14 Days,721
71E,E38000238,NHS Lincolnshire ICB - 71E,E54000013,NHS Lincolnshire Integrated Care Board,E40000011,Midlands,DEC2023,Attended,Unknown,Unknown,More than 28 Days,193
71E,E38000238,NHS Lincolnshire ICB - 71E,E54000013,NHS Lincolnshire Integrated Care Board,E40000011,Midlands,DEC2023,Attended,Unknown,Unknown,Same Day,8335
71E,E38000238,NHS Lincolnshire ICB - 71E,E54000013,NHS Lincolnshire Integrated Care Board,E40000011,Midlands,DEC2023,Attended,Unknown,Unknown,Unknown / Data Quality,47
71E,E38000238,NHS Lincolnshire ICB - 71E,E54000013,NHS Lincolnshire Integrated Care Board,E40000011,Midlands,DEC2023,DNA,GP,Face-to-Face,1 Day,129
71E,E38000238,NHS Lincolnshire ICB - 71E,E54000013,NHS Lincolnshire Integrated Care Board,E40000011,Midlands,DEC2023,DNA,GP,Face-to-Face,15  to 21 Days,158
71E,E38000238,NHS Lincolnshire ICB - 71E,E54000013,NHS Lincolnshire Integrated Care Board,E40000011,Midlands,DEC2023,DNA,GP,Face-to-Face,2 to 7 Days,358
71E,E38000238,NHS Lincolnshire ICB - 71E,E54000013,NHS Lincolnshire Integrated Care Board,E40000011,Midlands,DEC2023,DNA,GP,Face-to-Face,22  to 28 Days,120
71E,E38000238,NHS Lincolnshire ICB - 71E,E54000013,NHS Lincolnshire Integrated Care Board,E40000011,Midlands,DEC2023,DNA,GP,Face-to-Face,8  to 14 Days,266
71E,E38000238,NHS Lincolnshire ICB - 71E,E54000013,NHS Lincolnshire Integrated Care Board,E40000011,Midlands,DEC2023,DNA,GP,Face-to-Face,More than 28 Days,127
71E,E38000238,NHS Lincolnshire ICB - 71E,E54000013,NHS Lincolnshire Integrated Care Board,E40000011,Midlands,DEC2023,DNA,GP,Face-to-Face,Same Day,582
71E,E38000238,NHS Lincolnshire ICB - 71E,E54000013,NHS Lincolnshire Integrated Care Board,E40000011,Midlands,DEC2023,DNA,GP,Home Visit,Same Day,4
71E,E38000238,NHS Lincolnshire ICB - 71E,E54000013,NHS Lincolnshire Integrated Care Board,E40000011,Midlands,DEC2023,DNA,GP,Telephone,1 Day,20
71E,E38000238,NHS Lincolnshire ICB - 71E,E54000013,NHS Lincolnshire Integrated Care Board,E40000011,Midlands,DEC2023,DNA,GP,Telephone,15  to 21 Days,36
71E,E38000238,NHS Lincolnshire ICB - 71E,E54000013,NHS Lincolnshire Integrated Care Board,E40000011,Midlands,DEC2023,DNA,GP,Telephone,2 to 7 Days,45
71E,E38000238,NHS Lincolnshire ICB - 71E,E54000013,NHS Lincolnshire Integrated Care Board,E40000011,Midlands,DEC2023,DNA,GP,Telephone,22  to 28 Days,21
71E,E38000238,NHS Lincolnshire ICB - 71E,E54000013,NHS Lincolnshire Integrated Care Board,E40000011,Midlands,DEC2023,DNA,GP,Telephone,8  to 14 Days,48
71E,E38000238,NHS Lincolnshire ICB - 71E,E54000013,NHS Lincolnshire Integrated Care Board,E40000011,Midlands,DEC2023,DNA,GP,Telephone,More than 28 Days,5
71E,E38000238,NHS Lincolnshire ICB - 71E,E54000013,NHS Lincolnshire Integrated Care Board,E40000011,Midlands,DEC2023,DNA,GP,Telephone,Same Day,250
71E,E38000238,NHS Lincolnshire ICB - 71E,E54000013,NHS Lincolnshire Integrated Care Board,E40000011,Midlands,DEC2023,DNA,GP,Unknown,2 to 7 Days,11
71E,E38000238,NHS Lincolnshire ICB - 71E,E54000013,NHS Lincolnshire Integrated Care Board,E40000011,Midlands,DEC2023,DNA,GP,Unknown,8  to 14 Days,4
71E,E38000238,NHS Lincolnshire ICB - 71E,E54000013,NHS Lincolnshire Integrated Care Board,E40000011,Midlands,DEC2023,DNA,GP,Unknown,More than 28 Days,1
71E,E38000238,NHS Lincolnshire ICB - 71E,E54000013,NHS Lincolnshire Integrated Care Board,E40000011,Midlands,DEC2023,DNA,GP,Unknown,Same Day,3
71E,E38000238,NHS Lincolnshire ICB - 71E,E54000013,NHS Lincolnshire Integrated Care Board,E40000011,Midlands,DEC2023,DNA,GP,Video/Online,1 Day,2
71E,E38000238,NHS Lincolnshire ICB - 71E,E54000013,NHS Lincolnshire Integrated Care Board,E40000011,Midlands,DEC2023,DNA,GP,Video/Online,15  to 21 Days,4
71E,E38000238,NHS Lincolnshire ICB - 71E,E54000013,NHS Lincolnshire Integrated Care Board,E40000011,Midlands,DEC2023,DNA,GP,Video/Online,2 to 7 Days,12
71E,E38000238,NHS Lincolnshire ICB - 71E,E54000013,NHS Lincolnshire Integrated Care Board,E40000011,Midlands,DEC2023,DNA,GP,Video/Online,22  to 28 Days,6
71E,E38000238,NHS Lincolnshire ICB - 71E,E54000013,NHS Lincolnshire Integrated Care Board,E40000011,Midlands,DEC2023,DNA,GP,Video/Online,8  to 14 Days,3
71E,E38000238,NHS Lincolnshire ICB - 71E,E54000013,NHS Lincolnshire Integrated Care Board,E40000011,Midlands,DEC2023,DNA,GP,Video/Online,Same Day,12
71E,E38000238,NHS Lincolnshire ICB - 71E,E54000013,NHS Lincolnshire Integrated Care Board,E40000011,Midlands,DEC2023,DNA,Other Practice staff,Face-to-Face,1 Day,445
71E,E38000238,NHS Lincolnshire ICB - 71E,E54000013,NHS Lincolnshire Integrated Care Board,E40000011,Midlands,DEC2023,DNA,Other Practice staff,Face-to-Face,15  to 21 Days,1731
71E,E38000238,NHS Lincolnshire ICB - 71E,E54000013,NHS Lincolnshire Integrated Care Board,E40000011,Midlands,DEC2023,DNA,Other Practice staff,Face-to-Face,2 to 7 Days,2101
71E,E38000238,NHS Lincolnshire ICB - 71E,E54000013,NHS Lincolnshire Integrated Care Board,E40000011,Midlands,DEC2023,DNA,Other Practice staff,Face-to-Face,22  to 28 Days,1167
71E,E38000238,NHS Lincolnshire ICB - 71E,E54000013,NHS Lincolnshire Integrated Care Board,E40000011,Midlands,DEC2023,DNA,Other Practice staff,Face-to-Face,8  to 14 Days,2432
71E,E38000238,NHS Lincolnshire ICB - 71E,E54000013,NHS Lincolnshire Integrated Care Board,E40000011,Midlands,DEC2023,DNA,Other Practice staff,Face-to-Face,More than 28 Days,1570
71E,E38000238,NHS Lincolnshire ICB - 71E,E54000013,NHS Lincolnshire Integrated Care Board,E40000011,Midlands,DEC2023,DNA,Other Practice staff,Face-to-Face,Same Day,836
71E,E38000238,NHS Lincolnshire ICB - 71E,E54000013,NHS Lincolnshire Integrated Care Board,E40000011,Midlands,DEC2023,DNA,Other Practice staff,Home Visit,1 Day,4
71E,E38000238,NHS Lincolnshire ICB - 71E,E54000013,NHS Lincolnshire Integrated Care Board,E40000011,Midlands,DEC2023,DNA,Other Practice staff,Home Visit,15  to 21 Days,8
71E,E38000238,NHS Lincolnshire ICB - 71E,E54000013,NHS Lincolnshire Integrated Care Board,E40000011,Midlands,DEC2023,DNA,Other Practice staff,Home Visit,2 to 7 Days,14
71E,E38000238,NHS Lincolnshire ICB - 71E,E54000013,NHS Lincolnshire Integrated Care Board,E40000011,Midlands,DEC2023,DNA,Other Practice staff,Home Visit,22  to 28 Days,7
71E,E38000238,NHS Lincolnshire ICB - 71E,E54000013,NHS Lincolnshire Integrated Care Board,E40000011,Midlands,DEC2023,DNA,Other Practice staff,Home Visit,8  to 14 Days,91
71E,E38000238,NHS Lincolnshire ICB - 71E,E54000013,NHS Lincolnshire Integrated Care Board,E40000011,Midlands,DEC2023,DNA,Other Practice staff,Home Visit,More than 28 Days,1
71E,E38000238,NHS Lincolnshire ICB - 71E,E54000013,NHS Lincolnshire Integrated Care Board,E40000011,Midlands,DEC2023,DNA,Other Practice staff,Home Visit,Same Day,24
71E,E38000238,NHS Lincolnshire ICB - 71E,E54000013,NHS Lincolnshire Integrated Care Board,E40000011,Midlands,DEC2023,DNA,Other Practice staff,Telephone,1 Day,49
71E,E38000238,NHS Lincolnshire ICB - 71E,E54000013,NHS Lincolnshire Integrated Care Board,E40000011,Midlands,DEC2023,DNA,Other Practice staff,Telephone,15  to 21 Days,103
71E,E38000238,NHS Lincolnshire ICB - 71E,E54000013,NHS Lincolnshire Integrated Care Board,E40000011,Midlands,DEC2023,DNA,Other Practice staff,Telephone,2 to 7 Days,153
71E,E38000238,NHS Lincolnshire ICB - 71E,E54000013,NHS Lincolnshire Integrated Care Board,E40000011,Midlands,DEC2023,DNA,Other Practice staff,Telephone,22  to 28 Days,51
71E,E38000238,NHS Lincolnshire ICB - 71E,E54000013,NHS Lincolnshire Integrated Care Board,E40000011,Midlands,DEC2023,DNA,Other Practice staff,Telephone,8  to 14 Days,123
71E,E38000238,NHS Lincolnshire ICB - 71E,E54000013,NHS Lincolnshire Integrated Care Board,E40000011,Midlands,DEC2023,DNA,Other Practice staff,Telephone,More than 28 Days,179
71E,E38000238,NHS Lincolnshire ICB - 71E,E54000013,NHS Lincolnshire Integrated Care Board,E40000011,Midlands,DEC2023,DNA,Other Practice staff,Telephone,Same Day,149
71E,E38000238,NHS Lincolnshire ICB - 71E,E54000013,NHS Lincolnshire Integrated Care Board,E40000011,Midlands,DEC2023,DNA,Other Practice staff,Telephone,Unknown / Data Quality,3
71E,E38000238,NHS Lincolnshire ICB - 71E,E54000013,NHS Lincolnshire Integrated Care Board,E40000011,Midlands,DEC2023,DNA,Other Practice staff,Unknown,1 Day,4
71E,E38000238,NHS Lincolnshire ICB - 71E,E54000013,NHS Lincolnshire Integrated Care Board,E40000011,Midlands,DEC2023,DNA,Other Practice staff,Unknown,15  to 21 Days,13
71E,E38000238,NHS Lincolnshire ICB - 71E,E54000013,NHS Lincolnshire Integrated Care Board,E40000011,Midlands,DEC2023,DNA,Other Practice staff,Unknown,2 to 7 Days,18
71E,E38000238,NHS Lincolnshire ICB - 71E,E54000013,NHS Lincolnshire Integrated Care Board,E40000011,Midlands,DEC2023,DNA,Other Practice staff,Unknown,22  to 28 Days,15
71E,E38000238,NHS Lincolnshire ICB - 71E,E54000013,NHS Lincolnshire Integrated Care Board,E40000011,Midlands,DEC2023,DNA,Other Practice staff,Unknown,8  to 14 Days,22
71E,E38000238,NHS Lincolnshire ICB - 71E,E54000013,NHS Lincolnshire Integrated Care Board,E40000011,Midlands,DEC2023,DNA,Other Practice staff,Unknown,More than 28 Days,20
71E,E38000238,NHS Lincolnshire ICB - 71E,E54000013,NHS Lincolnshire Integrated Care Board,E40000011,Midlands,DEC2023,DNA,Other Practice staff,Unknown,Same Day,3
71E,E38000238,NHS Lincolnshire ICB - 71E,E54000013,NHS Lincolnshire Integrated Care Board,E40000011,Midlands,DEC2023,DNA,Other Practice staff,Video/Online,1 Day,11
71E,E38000238,NHS Lincolnshire ICB - 71E,E54000013,NHS Lincolnshire Integrated Care Board,E40000011,Midlands,DEC2023,DNA,Other Practice staff,Video/Online,15  to 21 Days,1
71E,E38000238,NHS Lincolnshire ICB - 71E,E54000013,NHS Lincolnshire Integrated Care Board,E40000011,Midlands,DEC2023,DNA,Other Practice staff,Video/Online,2 to 7 Days,9
71E,E38000238,NHS Lincolnshire ICB - 71E,E54000013,NHS Lincolnshire Integrated Care Board,E40000011,Midlands,DEC2023,DNA,Other Practice staff,Video/Online,8  to 14 Days,7
71E,E38000238,NHS Lincolnshire ICB - 71E,E54000013,NHS Lincolnshire Integrated Care Board,E40000011,Midlands,DEC2023,DNA,Other Practice staff,Video/Online,More than 28 Days,2
71E,E38000238,NHS Lincolnshire ICB - 71E,E54000013,NHS Lincolnshire Integrated Care Board,E40000011,Midlands,DEC2023,DNA,Other Practice staff,Video/Online,Same Day,9
71E,E38000238,NHS Lincolnshire ICB - 71E,E54000013,NHS Lincolnshire Integrated Care Board,E40000011,Midlands,DEC2023,DNA,Unknown,Unknown,1 Day,17
71E,E38000238,NHS Lincolnshire ICB - 71E,E54000013,NHS Lincolnshire Integrated Care Board,E40000011,Midlands,DEC2023,DNA,Unknown,Unknown,15  to 21 Days,35
71E,E38000238,NHS Lincolnshire ICB - 71E,E54000013,NHS Lincolnshire Integrated Care Board,E40000011,Midlands,DEC2023,DNA,Unknown,Unknown,2 to 7 Days,85
71E,E38000238,NHS Lincolnshire ICB - 71E,E54000013,NHS Lincolnshire Integrated Care Board,E40000011,Midlands,DEC2023,DNA,Unknown,Unknown,22  to 28 Days,15
71E,E38000238,NHS Lincolnshire ICB - 71E,E54000013,NHS Lincolnshire Integrated Care Board,E40000011,Midlands,DEC2023,DNA,Unknown,Unknown,8  to 14 Days,49
71E,E38000238,NHS Lincolnshire ICB - 71E,E54000013,NHS Lincolnshire Integrated Care Board,E40000011,Midlands,DEC2023,DNA,Unknown,Unknown,More than 28 Days,18
71E,E38000238,NHS Lincolnshire ICB - 71E,E54000013,NHS Lincolnshire Integrated Care Board,E40000011,Midlands,DEC2023,DNA,Unknown,Unknown,Same Day,57
71E,E38000238,NHS Lincolnshire ICB - 71E,E54000013,NHS Lincolnshire Integrated Care Board,E40000011,Midlands,DEC2023,Unknown,GP,Face-to-Face,1 Day,102
71E,E38000238,NHS Lincolnshire ICB - 71E,E54000013,NHS Lincolnshire Integrated Care Board,E40000011,Midlands,DEC2023,Unknown,GP,Face-to-Face,15  to 21 Days,363
71E,E38000238,NHS Lincolnshire ICB - 71E,E54000013,NHS Lincolnshire Integrated Care Board,E40000011,Midlands,DEC2023,Unknown,GP,Face-to-Face,2 to 7 Days,513
71E,E38000238,NHS Lincolnshire ICB - 71E,E54000013,NHS Lincolnshire Integrated Care Board,E40000011,Midlands,DEC2023,Unknown,GP,Face-to-Face,22  to 28 Days,255
71E,E38000238,NHS Lincolnshire ICB - 71E,E54000013,NHS Lincolnshire Integrated Care Board,E40000011,Midlands,DEC2023,Unknown,GP,Face-to-Face,8  to 14 Days,563
71E,E38000238,NHS Lincolnshire ICB - 71E,E54000013,NHS Lincolnshire Integrated Care Board,E40000011,Midlands,DEC2023,Unknown,GP,Face-to-Face,More than 28 Days,524
71E,E38000238,NHS Lincolnshire ICB - 71E,E54000013,NHS Lincolnshire Integrated Care Board,E40000011,Midlands,DEC2023,Unknown,GP,Face-to-Face,Same Day,307
71E,E38000238,NHS Lincolnshire ICB - 71E,E54000013,NHS Lincolnshire Integrated Care Board,E40000011,Midlands,DEC2023,Unknown,GP,Face-to-Face,Unknown / Data Quality,3
71E,E38000238,NHS Lincolnshire ICB - 71E,E54000013,NHS Lincolnshire Integrated Care Board,E40000011,Midlands,DEC2023,Unknown,GP,Home Visit,15  to 21 Days,1
71E,E38000238,NHS Lincolnshire ICB - 71E,E54000013,NHS Lincolnshire Integrated Care Board,E40000011,Midlands,DEC2023,Unknown,GP,Home Visit,2 to 7 Days,2
71E,E38000238,NHS Lincolnshire ICB - 71E,E54000013,NHS Lincolnshire Integrated Care Board,E40000011,Midlands,DEC2023,Unknown,GP,Home Visit,8  to 14 Days,1
71E,E38000238,NHS Lincolnshire ICB - 71E,E54000013,NHS Lincolnshire Integrated Care Board,E40000011,Midlands,DEC2023,Unknown,GP,Home Visit,Same Day,6
71E,E38000238,NHS Lincolnshire ICB - 71E,E54000013,NHS Lincolnshire Integrated Care Board,E40000011,Midlands,DEC2023,Unknown,GP,Telephone,1 Day,66
71E,E38000238,NHS Lincolnshire ICB - 71E,E54000013,NHS Lincolnshire Integrated Care Board,E40000011,Midlands,DEC2023,Unknown,GP,Telephone,15  to 21 Days,235
71E,E38000238,NHS Lincolnshire ICB - 71E,E54000013,NHS Lincolnshire Integrated Care Board,E40000011,Midlands,DEC2023,Unknown,GP,Telephone,2 to 7 Days,245
71E,E38000238,NHS Lincolnshire ICB - 71E,E54000013,NHS Lincolnshire Integrated Care Board,E40000011,Midlands,DEC2023,Unknown,GP,Telephone,22  to 28 Days,153
71E,E38000238,NHS Lincolnshire ICB - 71E,E54000013,NHS Lincolnshire Integrated Care Board,E40000011,Midlands,DEC2023,Unknown,GP,Telephone,8  to 14 Days,412
71E,E38000238,NHS Lincolnshire ICB - 71E,E54000013,NHS Lincolnshire Integrated Care Board,E40000011,Midlands,DEC2023,Unknown,GP,Telephone,More than 28 Days,75
71E,E38000238,NHS Lincolnshire ICB - 71E,E54000013,NHS Lincolnshire Integrated Care Board,E40000011,Midlands,DEC2023,Unknown,GP,Telephone,Same Day,169
71E,E38000238,NHS Lincolnshire ICB - 71E,E54000013,NHS Lincolnshire Integrated Care Board,E40000011,Midlands,DEC2023,Unknown,GP,Telephone,Unknown / Data Quality,1
71E,E38000238,NHS Lincolnshire ICB - 71E,E54000013,NHS Lincolnshire Integrated Care Board,E40000011,Midlands,DEC2023,Unknown,GP,Unknown,1 Day,9
71E,E38000238,NHS Lincolnshire ICB - 71E,E54000013,NHS Lincolnshire Integrated Care Board,E40000011,Midlands,DEC2023,Unknown,GP,Unknown,15  to 21 Days,31
71E,E38000238,NHS Lincolnshire ICB - 71E,E54000013,NHS Lincolnshire Integrated Care Board,E40000011,Midlands,DEC2023,Unknown,GP,Unknown,2 to 7 Days,41
71E,E38000238,NHS Lincolnshire ICB - 71E,E54000013,NHS Lincolnshire Integrated Care Board,E40000011,Midlands,DEC2023,Unknown,GP,Unknown,22  to 28 Days,7
71E,E38000238,NHS Lincolnshire ICB - 71E,E54000013,NHS Lincolnshire Integrated Care Board,E40000011,Midlands,DEC2023,Unknown,GP,Unknown,8  to 14 Days,54
71E,E38000238,NHS Lincolnshire ICB - 71E,E54000013,NHS Lincolnshire Integrated Care Board,E40000011,Midlands,DEC2023,Unknown,GP,Unknown,More than 28 Days,6
71E,E38000238,NHS Lincolnshire ICB - 71E,E54000013,NHS Lincolnshire Integrated Care Board,E40000011,Midlands,DEC2023,Unknown,GP,Unknown,Same Day,79
71E,E38000238,NHS Lincolnshire ICB - 71E,E54000013,NHS Lincolnshire Integrated Care Board,E40000011,Midlands,DEC2023,Unknown,GP,Video/Online,1 Day,66
71E,E38000238,NHS Lincolnshire ICB - 71E,E54000013,NHS Lincolnshire Integrated Care Board,E40000011,Midlands,DEC2023,Unknown,GP,Video/Online,15  to 21 Days,31
71E,E38000238,NHS Lincolnshire ICB - 71E,E54000013,NHS Lincolnshire Integrated Care Board,E40000011,Midlands,DEC2023,Unknown,GP,Video/Online,2 to 7 Days,298
71E,E38000238,NHS Lincolnshire ICB - 71E,E54000013,NHS Lincolnshire Integrated Care Board,E40000011,Midlands,DEC2023,Unknown,GP,Video/Online,22  to 28 Days,43
71E,E38000238,NHS Lincolnshire ICB - 71E,E54000013,NHS Lincolnshire Integrated Care Board,E40000011,Midlands,DEC2023,Unknown,GP,Video/Online,8  to 14 Days,111
71E,E38000238,NHS Lincolnshire ICB - 71E,E54000013,NHS Lincolnshire Integrated Care Board,E40000011,Midlands,DEC2023,Unknown,GP,Video/Online,More than 28 Days,14
71E,E38000238,NHS Lincolnshire ICB - 71E,E54000013,NHS Lincolnshire Integrated Care Board,E40000011,Midlands,DEC2023,Unknown,GP,Video/Online,Same Day,88
71E,E38000238,NHS Lincolnshire ICB - 71E,E54000013,NHS Lincolnshire Integrated Care Board,E40000011,Midlands,DEC2023,Unknown,Other Practice staff,Face-to-Face,1 Day,256
71E,E38000238,NHS Lincolnshire ICB - 71E,E54000013,NHS Lincolnshire Integrated Care Board,E40000011,Midlands,DEC2023,Unknown,Other Practice staff,Face-to-Face,15  to 21 Days,2526
71E,E38000238,NHS Lincolnshire ICB - 71E,E54000013,NHS Lincolnshire Integrated Care Board,E40000011,Midlands,DEC2023,Unknown,Other Practice staff,Face-to-Face,2 to 7 Days,1801
71E,E38000238,NHS Lincolnshire ICB - 71E,E54000013,NHS Lincolnshire Integrated Care Board,E40000011,Midlands,DEC2023,Unknown,Other Practice staff,Face-to-Face,22  to 28 Days,2037
71E,E38000238,NHS Lincolnshire ICB - 71E,E54000013,NHS Lincolnshire Integrated Care Board,E40000011,Midlands,DEC2023,Unknown,Other Practice staff,Face-to-Face,8  to 14 Days,2967
71E,E38000238,NHS Lincolnshire ICB - 71E,E54000013,NHS Lincolnshire Integrated Care Board,E40000011,Midlands,DEC2023,Unknown,Other Practice staff,Face-to-Face,More than 28 Days,3512
71E,E38000238,NHS Lincolnshire ICB - 71E,E54000013,NHS Lincolnshire Integrated Care Board,E40000011,Midlands,DEC2023,Unknown,Other Practice staff,Face-to-Face,Same Day,540
71E,E38000238,NHS Lincolnshire ICB - 71E,E54000013,NHS Lincolnshire Integrated Care Board,E40000011,Midlands,DEC2023,Unknown,Other Practice staff,Face-to-Face,Unknown / Data Quality,22
71E,E38000238,NHS Lincolnshire ICB - 71E,E54000013,NHS Lincolnshire Integrated Care Board,E40000011,Midlands,DEC2023,Unknown,Other Practice staff,Home Visit,1 Day,12
71E,E38000238,NHS Lincolnshire ICB - 71E,E54000013,NHS Lincolnshire Integrated Care Board,E40000011,Midlands,DEC2023,Unknown,Other Practice staff,Home Visit,15  to 21 Days,72
71E,E38000238,NHS Lincolnshire ICB - 71E,E54000013,NHS Lincolnshire Integrated Care Board,E40000011,Midlands,DEC2023,Unknown,Other Practice staff,Home Visit,2 to 7 Days,122
71E,E38000238,NHS Lincolnshire ICB - 71E,E54000013,NHS Lincolnshire Integrated Care Board,E40000011,Midlands,DEC2023,Unknown,Other Practice staff,Home Visit,22  to 28 Days,48
71E,E38000238,NHS Lincolnshire ICB - 71E,E54000013,NHS Lincolnshire Integrated Care Board,E40000011,Midlands,DEC2023,Unknown,Other Practice staff,Home Visit,8  to 14 Days,164
71E,E38000238,NHS Lincolnshire ICB - 71E,E54000013,NHS Lincolnshire Integrated Care Board,E40000011,Midlands,DEC2023,Unknown,Other Practice staff,Home Visit,More than 28 Days,45
71E,E38000238,NHS Lincolnshire ICB - 71E,E54000013,NHS Lincolnshire Integrated Care Board,E40000011,Midlands,DEC2023,Unknown,Other Practice staff,Home Visit,Same Day,17
71E,E38000238,NHS Lincolnshire ICB - 71E,E54000013,NHS Lincolnshire Integrated Care Board,E40000011,Midlands,DEC2023,Unknown,Other Practice staff,Home Visit,Unknown / Data Quality,1
71E,E38000238,NHS Lincolnshire ICB - 71E,E54000013,NHS Lincolnshire Integrated Care Board,E40000011,Midlands,DEC2023,Unknown,Other Practice staff,Telephone,1 Day,145
71E,E38000238,NHS Lincolnshire ICB - 71E,E54000013,NHS Lincolnshire Integrated Care Board,E40000011,Midlands,DEC2023,Unknown,Other Practice staff,Telephone,15  to 21 Days,356
71E,E38000238,NHS Lincolnshire ICB - 71E,E54000013,NHS Lincolnshire Integrated Care Board,E40000011,Midlands,DEC2023,Unknown,Other Practice staff,Telephone,2 to 7 Days,446
71E,E38000238,NHS Lincolnshire ICB - 71E,E54000013,NHS Lincolnshire Integrated Care Board,E40000011,Midlands,DEC2023,Unknown,Other Practice staff,Telephone,22  to 28 Days,232
71E,E38000238,NHS Lincolnshire ICB - 71E,E54000013,NHS Lincolnshire Integrated Care Board,E40000011,Midlands,DEC2023,Unknown,Other Practice staff,Telephone,8  to 14 Days,455
71E,E38000238,NHS Lincolnshire ICB - 71E,E54000013,NHS Lincolnshire Integrated Care Board,E40000011,Midlands,DEC2023,Unknown,Other Practice staff,Telephone,More than 28 Days,265
71E,E38000238,NHS Lincolnshire ICB - 71E,E54000013,NHS Lincolnshire Integrated Care Board,E40000011,Midlands,DEC2023,Unknown,Other Practice staff,Telephone,Same Day,337
71E,E38000238,NHS Lincolnshire ICB - 71E,E54000013,NHS Lincolnshire Integrated Care Board,E40000011,Midlands,DEC2023,Unknown,Other Practice staff,Telephone,Unknown / Data Quality,8
71E,E38000238,NHS Lincolnshire ICB - 71E,E54000013,NHS Lincolnshire Integrated Care Board,E40000011,Midlands,DEC2023,Unknown,Other Practice staff,Unknown,1 Day,16
71E,E38000238,NHS Lincolnshire ICB - 71E,E54000013,NHS Lincolnshire Integrated Care Board,E40000011,Midlands,DEC2023,Unknown,Other Practice staff,Unknown,15  to 21 Days,211
71E,E38000238,NHS Lincolnshire ICB - 71E,E54000013,NHS Lincolnshire Integrated Care Board,E40000011,Midlands,DEC2023,Unknown,Other Practice staff,Unknown,2 to 7 Days,133
71E,E38000238,NHS Lincolnshire ICB - 71E,E54000013,NHS Lincolnshire Integrated Care Board,E40000011,Midlands,DEC2023,Unknown,Other Practice staff,Unknown,22  to 28 Days,135
71E,E38000238,NHS Lincolnshire ICB - 71E,E54000013,NHS Lincolnshire Integrated Care Board,E40000011,Midlands,DEC2023,Unknown,Other Practice staff,Unknown,8  to 14 Days,210
71E,E38000238,NHS Lincolnshire ICB - 71E,E54000013,NHS Lincolnshire Integrated Care Board,E40000011,Midlands,DEC2023,Unknown,Other Practice staff,Unknown,More than 28 Days,300
71E,E38000238,NHS Lincolnshire ICB - 71E,E54000013,NHS Lincolnshire Integrated Care Board,E40000011,Midlands,DEC2023,Unknown,Other Practice staff,Unknown,Same Day,9
71E,E38000238,NHS Lincolnshire ICB - 71E,E54000013,NHS Lincolnshire Integrated Care Board,E40000011,Midlands,DEC2023,Unknown,Other Practice staff,Unknown,Unknown / Data Quality,1
71E,E38000238,NHS Lincolnshire ICB - 71E,E54000013,NHS Lincolnshire Integrated Care Board,E40000011,Midlands,DEC2023,Unknown,Other Practice staff,Video/Online,1 Day,2
71E,E38000238,NHS Lincolnshire ICB - 71E,E54000013,NHS Lincolnshire Integrated Care Board,E40000011,Midlands,DEC2023,Unknown,Other Practice staff,Video/Online,15  to 21 Days,3
71E,E38000238,NHS Lincolnshire ICB - 71E,E54000013,NHS Lincolnshire Integrated Care Board,E40000011,Midlands,DEC2023,Unknown,Other Practice staff,Video/Online,2 to 7 Days,4
71E,E38000238,NHS Lincolnshire ICB - 71E,E54000013,NHS Lincolnshire Integrated Care Board,E40000011,Midlands,DEC2023,Unknown,Other Practice staff,Video/Online,22  to 28 Days,8
71E,E38000238,NHS Lincolnshire ICB - 71E,E54000013,NHS Lincolnshire Integrated Care Board,E40000011,Midlands,DEC2023,Unknown,Other Practice staff,Video/Online,8  to 14 Days,4
71E,E38000238,NHS Lincolnshire ICB - 71E,E54000013,NHS Lincolnshire Integrated Care Board,E40000011,Midlands,DEC2023,Unknown,Other Practice staff,Video/Online,More than 28 Days,2
71E,E38000238,NHS Lincolnshire ICB - 71E,E54000013,NHS Lincolnshire Integrated Care Board,E40000011,Midlands,DEC2023,Unknown,Other Practice staff,Video/Online,Same Day,2
71E,E38000238,NHS Lincolnshire ICB - 71E,E54000013,NHS Lincolnshire Integrated Care Board,E40000011,Midlands,DEC2023,Unknown,Unknown,Unknown,1 Day,32
71E,E38000238,NHS Lincolnshire ICB - 71E,E54000013,NHS Lincolnshire Integrated Care Board,E40000011,Midlands,DEC2023,Unknown,Unknown,Unknown,15  to 21 Days,150
71E,E38000238,NHS Lincolnshire ICB - 71E,E54000013,NHS Lincolnshire Integrated Care Board,E40000011,Midlands,DEC2023,Unknown,Unknown,Unknown,2 to 7 Days,167
71E,E38000238,NHS Lincolnshire ICB - 71E,E54000013,NHS Lincolnshire Integrated Care Board,E40000011,Midlands,DEC2023,Unknown,Unknown,Unknown,22  to 28 Days,120
71E,E38000238,NHS Lincolnshire ICB - 71E,E54000013,NHS Lincolnshire Integrated Care Board,E40000011,Midlands,DEC2023,Unknown,Unknown,Unknown,8  to 14 Days,248
71E,E38000238,NHS Lincolnshire ICB - 71E,E54000013,NHS Lincolnshire Integrated Care Board,E40000011,Midlands,DEC2023,Unknown,Unknown,Unknown,More than 28 Days,191
71E,E38000238,NHS Lincolnshire ICB - 71E,E54000013,NHS Lincolnshire Integrated Care Board,E40000011,Midlands,DEC2023,Unknown,Unknown,Unknown,Same Day,42
71E,E38000238,NHS Lincolnshire ICB - 71E,E54000013,NHS Lincolnshire Integrated Care Board,E40000011,Midlands,DEC2023,Unknown,Unknown,Unknown,Unknown / Data Quality,5
71E,E38000238,NHS Lincolnshire ICB - 71E,E54000013,NHS Lincolnshire Integrated Care Board,E40000011,Midlands,JAN2024,Attended,GP,Face-to-Face,1 Day,5820
71E,E38000238,NHS Lincolnshire ICB - 71E,E54000013,NHS Lincolnshire Integrated Care Board,E40000011,Midlands,JAN2024,Attended,GP,Face-to-Face,15  to 21 Days,3705
71E,E38000238,NHS Lincolnshire ICB - 71E,E54000013,NHS Lincolnshire Integrated Care Board,E40000011,Midlands,JAN2024,Attended,GP,Face-to-Face,2 to 7 Days,11143
71E,E38000238,NHS Lincolnshire ICB - 71E,E54000013,NHS Lincolnshire Integrated Care Board,E40000011,Midlands,JAN2024,Attended,GP,Face-to-Face,22  to 28 Days,2159
71E,E38000238,NHS Lincolnshire ICB - 71E,E54000013,NHS Lincolnshire Integrated Care Board,E40000011,Midlands,JAN2024,Attended,GP,Face-to-Face,8  to 14 Days,5187
71E,E38000238,NHS Lincolnshire ICB - 71E,E54000013,NHS Lincolnshire Integrated Care Board,E40000011,Midlands,JAN2024,Attended,GP,Face-to-Face,More than 28 Days,2190
71E,E38000238,NHS Lincolnshire ICB - 71E,E54000013,NHS Lincolnshire Integrated Care Board,E40000011,Midlands,JAN2024,Attended,GP,Face-to-Face,Same Day,62742
71E,E38000238,NHS Lincolnshire ICB - 71E,E54000013,NHS Lincolnshire Integrated Care Board,E40000011,Midlands,JAN2024,Attended,GP,Face-to-Face,Unknown / Data Quality,31
71E,E38000238,NHS Lincolnshire ICB - 71E,E54000013,NHS Lincolnshire Integrated Care Board,E40000011,Midlands,JAN2024,Attended,GP,Home Visit,1 Day,62
71E,E38000238,NHS Lincolnshire ICB - 71E,E54000013,NHS Lincolnshire Integrated Care Board,E40000011,Midlands,JAN2024,Attended,GP,Home Visit,2 to 7 Days,48
71E,E38000238,NHS Lincolnshire ICB - 71E,E54000013,NHS Lincolnshire Integrated Care Board,E40000011,Midlands,JAN2024,Attended,GP,Home Visit,8  to 14 Days,9
71E,E38000238,NHS Lincolnshire ICB - 71E,E54000013,NHS Lincolnshire Integrated Care Board,E40000011,Midlands,JAN2024,Attended,GP,Home Visit,More than 28 Days,1
71E,E38000238,NHS Lincolnshire ICB - 71E,E54000013,NHS Lincolnshire Integrated Care Board,E40000011,Midlands,JAN2024,Attended,GP,Home Visit,Same Day,494
71E,E38000238,NHS Lincolnshire ICB - 71E,E54000013,NHS Lincolnshire Integrated Care Board,E40000011,Midlands,JAN2024,Attended,GP,Home Visit,Unknown / Data Quality,1
71E,E38000238,NHS Lincolnshire ICB - 71E,E54000013,NHS Lincolnshire Integrated Care Board,E40000011,Midlands,JAN2024,Attended,GP,Telephone,1 Day,3530
71E,E38000238,NHS Lincolnshire ICB - 71E,E54000013,NHS Lincolnshire Integrated Care Board,E40000011,Midlands,JAN2024,Attended,GP,Telephone,15  to 21 Days,3308
71E,E38000238,NHS Lincolnshire ICB - 71E,E54000013,NHS Lincolnshire Integrated Care Board,E40000011,Midlands,JAN2024,Attended,GP,Telephone,2 to 7 Days,6121
71E,E38000238,NHS Lincolnshire ICB - 71E,E54000013,NHS Lincolnshire Integrated Care Board,E40000011,Midlands,JAN2024,Attended,GP,Telephone,22  to 28 Days,1774
71E,E38000238,NHS Lincolnshire ICB - 71E,E54000013,NHS Lincolnshire Integrated Care Board,E40000011,Midlands,JAN2024,Attended,GP,Telephone,8  to 14 Days,3228
71E,E38000238,NHS Lincolnshire ICB - 71E,E54000013,NHS Lincolnshire Integrated Care Board,E40000011,Midlands,JAN2024,Attended,GP,Telephone,More than 28 Days,1050
71E,E38000238,NHS Lincolnshire ICB - 71E,E54000013,NHS Lincolnshire Integrated Care Board,E40000011,Midlands,JAN2024,Attended,GP,Telephone,Same Day,35751
71E,E38000238,NHS Lincolnshire ICB - 71E,E54000013,NHS Lincolnshire Integrated Care Board,E40000011,Midlands,JAN2024,Attended,GP,Telephone,Unknown / Data Quality,29
71E,E38000238,NHS Lincolnshire ICB - 71E,E54000013,NHS Lincolnshire Integrated Care Board,E40000011,Midlands,JAN2024,Attended,GP,Unknown,1 Day,44
71E,E38000238,NHS Lincolnshire ICB - 71E,E54000013,NHS Lincolnshire Integrated Care Board,E40000011,Midlands,JAN2024,Attended,GP,Unknown,15  to 21 Days,2
71E,E38000238,NHS Lincolnshire ICB - 71E,E54000013,NHS Lincolnshire Integrated Care Board,E40000011,Midlands,JAN2024,Attended,GP,Unknown,2 to 7 Days,146
71E,E38000238,NHS Lincolnshire ICB - 71E,E54000013,NHS Lincolnshire Integrated Care Board,E40000011,Midlands,JAN2024,Attended,GP,Unknown,22  to 28 Days,12
71E,E38000238,NHS Lincolnshire ICB - 71E,E54000013,NHS Lincolnshire Integrated Care Board,E40000011,Midlands,JAN2024,Attended,GP,Unknown,8  to 14 Days,31
71E,E38000238,NHS Lincolnshire ICB - 71E,E54000013,NHS Lincolnshire Integrated Care Board,E40000011,Midlands,JAN2024,Attended,GP,Unknown,More than 28 Days,15
71E,E38000238,NHS Lincolnshire ICB - 71E,E54000013,NHS Lincolnshire Integrated Care Board,E40000011,Midlands,JAN2024,Attended,GP,Unknown,Same Day,542
71E,E38000238,NHS Lincolnshire ICB - 71E,E54000013,NHS Lincolnshire Integrated Care Board,E40000011,Midlands,JAN2024,Attended,GP,Video/Online,1 Day,488
71E,E38000238,NHS Lincolnshire ICB - 71E,E54000013,NHS Lincolnshire Integrated Care Board,E40000011,Midlands,JAN2024,Attended,GP,Video/Online,15  to 21 Days,79
71E,E38000238,NHS Lincolnshire ICB - 71E,E54000013,NHS Lincolnshire Integrated Care Board,E40000011,Midlands,JAN2024,Attended,GP,Video/Online,2 to 7 Days,475
71E,E38000238,NHS Lincolnshire ICB - 71E,E54000013,NHS Lincolnshire Integrated Care Board,E40000011,Midlands,JAN2024,Attended,GP,Video/Online,22  to 28 Days,60
71E,E38000238,NHS Lincolnshire ICB - 71E,E54000013,NHS Lincolnshire Integrated Care Board,E40000011,Midlands,JAN2024,Attended,GP,Video/Online,8  to 14 Days,120
71E,E38000238,NHS Lincolnshire ICB - 71E,E54000013,NHS Lincolnshire Integrated Care Board,E40000011,Midlands,JAN2024,Attended,GP,Video/Online,More than 28 Days,35
71E,E38000238,NHS Lincolnshire ICB - 71E,E54000013,NHS Lincolnshire Integrated Care Board,E40000011,Midlands,JAN2024,Attended,GP,Video/Online,Same Day,8405
71E,E38000238,NHS Lincolnshire ICB - 71E,E54000013,NHS Lincolnshire Integrated Care Board,E40000011,Midlands,JAN2024,Attended,Other Practice staff,Face-to-Face,1 Day,13014
71E,E38000238,NHS Lincolnshire ICB - 71E,E54000013,NHS Lincolnshire Integrated Care Board,E40000011,Midlands,JAN2024,Attended,Other Practice staff,Face-to-Face,15  to 21 Days,21239
71E,E38000238,NHS Lincolnshire ICB - 71E,E54000013,NHS Lincolnshire Integrated Care Board,E40000011,Midlands,JAN2024,Attended,Other Practice staff,Face-to-Face,2 to 7 Days,44018
71E,E38000238,NHS Lincolnshire ICB - 71E,E54000013,NHS Lincolnshire Integrated Care Board,E40000011,Midlands,JAN2024,Attended,Other Practice staff,Face-to-Face,22  to 28 Days,14481
71E,E38000238,NHS Lincolnshire ICB - 71E,E54000013,NHS Lincolnshire Integrated Care Board,E40000011,Midlands,JAN2024,Attended,Other Practice staff,Face-to-Face,8  to 14 Days,33879
71E,E38000238,NHS Lincolnshire ICB - 71E,E54000013,NHS Lincolnshire Integrated Care Board,E40000011,Midlands,JAN2024,Attended,Other Practice staff,Face-to-Face,More than 28 Days,18160
71E,E38000238,NHS Lincolnshire ICB - 71E,E54000013,NHS Lincolnshire Integrated Care Board,E40000011,Midlands,JAN2024,Attended,Other Practice staff,Face-to-Face,Same Day,58129
71E,E38000238,NHS Lincolnshire ICB - 71E,E54000013,NHS Lincolnshire Integrated Care Board,E40000011,Midlands,JAN2024,Attended,Other Practice staff,Face-to-Face,Unknown / Data Quality,144
71E,E38000238,NHS Lincolnshire ICB - 71E,E54000013,NHS Lincolnshire Integrated Care Board,E40000011,Midlands,JAN2024,Attended,Other Practice staff,Home Visit,1 Day,378
71E,E38000238,NHS Lincolnshire ICB - 71E,E54000013,NHS Lincolnshire Integrated Care Board,E40000011,Midlands,JAN2024,Attended,Other Practice staff,Home Visit,15  to 21 Days,200
71E,E38000238,NHS Lincolnshire ICB - 71E,E54000013,NHS Lincolnshire Integrated Care Board,E40000011,Midlands,JAN2024,Attended,Other Practice staff,Home Visit,2 to 7 Days,1427
71E,E38000238,NHS Lincolnshire ICB - 71E,E54000013,NHS Lincolnshire Integrated Care Board,E40000011,Midlands,JAN2024,Attended,Other Practice staff,Home Visit,22  to 28 Days,140
71E,E38000238,NHS Lincolnshire ICB - 71E,E54000013,NHS Lincolnshire Integrated Care Board,E40000011,Midlands,JAN2024,Attended,Other Practice staff,Home Visit,8  to 14 Days,548
71E,E38000238,NHS Lincolnshire ICB - 71E,E54000013,NHS Lincolnshire Integrated Care Board,E40000011,Midlands,JAN2024,Attended,Other Practice staff,Home Visit,More than 28 Days,161
71E,E38000238,NHS Lincolnshire ICB - 71E,E54000013,NHS Lincolnshire Integrated Care Board,E40000011,Midlands,JAN2024,Attended,Other Practice staff,Home Visit,Same Day,1483
71E,E38000238,NHS Lincolnshire ICB - 71E,E54000013,NHS Lincolnshire Integrated Care Board,E40000011,Midlands,JAN2024,Attended,Other Practice staff,Home Visit,Unknown / Data Quality,36
71E,E38000238,NHS Lincolnshire ICB - 71E,E54000013,NHS Lincolnshire Integrated Care Board,E40000011,Midlands,JAN2024,Attended,Other Practice staff,Telephone,1 Day,3596
71E,E38000238,NHS Lincolnshire ICB - 71E,E54000013,NHS Lincolnshire Integrated Care Board,E40000011,Midlands,JAN2024,Attended,Other Practice staff,Telephone,15  to 21 Days,2606
71E,E38000238,NHS Lincolnshire ICB - 71E,E54000013,NHS Lincolnshire Integrated Care Board,E40000011,Midlands,JAN2024,Attended,Other Practice staff,Telephone,2 to 7 Days,8402
71E,E38000238,NHS Lincolnshire ICB - 71E,E54000013,NHS Lincolnshire Integrated Care Board,E40000011,Midlands,JAN2024,Attended,Other Practice staff,Telephone,22  to 28 Days,1569
71E,E38000238,NHS Lincolnshire ICB - 71E,E54000013,NHS Lincolnshire Integrated Care Board,E40000011,Midlands,JAN2024,Attended,Other Practice staff,Telephone,8  to 14 Days,3690
71E,E38000238,NHS Lincolnshire ICB - 71E,E54000013,NHS Lincolnshire Integrated Care Board,E40000011,Midlands,JAN2024,Attended,Other Practice staff,Telephone,More than 28 Days,3031
71E,E38000238,NHS Lincolnshire ICB - 71E,E54000013,NHS Lincolnshire Integrated Care Board,E40000011,Midlands,JAN2024,Attended,Other Practice staff,Telephone,Same Day,28482
71E,E38000238,NHS Lincolnshire ICB - 71E,E54000013,NHS Lincolnshire Integrated Care Board,E40000011,Midlands,JAN2024,Attended,Other Practice staff,Telephone,Unknown / Data Quality,74
71E,E38000238,NHS Lincolnshire ICB - 71E,E54000013,NHS Lincolnshire Integrated Care Board,E40000011,Midlands,JAN2024,Attended,Other Practice staff,Unknown,1 Day,202
71E,E38000238,NHS Lincolnshire ICB - 71E,E54000013,NHS Lincolnshire Integrated Care Board,E40000011,Midlands,JAN2024,Attended,Other Practice staff,Unknown,15  to 21 Days,94
71E,E38000238,NHS Lincolnshire ICB - 71E,E54000013,NHS Lincolnshire Integrated Care Board,E40000011,Midlands,JAN2024,Attended,Other Practice staff,Unknown,2 to 7 Days,291
71E,E38000238,NHS Lincolnshire ICB - 71E,E54000013,NHS Lincolnshire Integrated Care Board,E40000011,Midlands,JAN2024,Attended,Other Practice staff,Unknown,22  to 28 Days,80
71E,E38000238,NHS Lincolnshire ICB - 71E,E54000013,NHS Lincolnshire Integrated Care Board,E40000011,Midlands,JAN2024,Attended,Other Practice staff,Unknown,8  to 14 Days,133
71E,E38000238,NHS Lincolnshire ICB - 71E,E54000013,NHS Lincolnshire Integrated Care Board,E40000011,Midlands,JAN2024,Attended,Other Practice staff,Unknown,More than 28 Days,132
71E,E38000238,NHS Lincolnshire ICB - 71E,E54000013,NHS Lincolnshire Integrated Care Board,E40000011,Midlands,JAN2024,Attended,Other Practice staff,Unknown,Same Day,1371
71E,E38000238,NHS Lincolnshire ICB - 71E,E54000013,NHS Lincolnshire Integrated Care Board,E40000011,Midlands,JAN2024,Attended,Other Practice staff,Unknown,Unknown / Data Quality,1
71E,E38000238,NHS Lincolnshire ICB - 71E,E54000013,NHS Lincolnshire Integrated Care Board,E40000011,Midlands,JAN2024,Attended,Other Practice staff,Video/Online,1 Day,268
71E,E38000238,NHS Lincolnshire ICB - 71E,E54000013,NHS Lincolnshire Integrated Care Board,E40000011,Midlands,JAN2024,Attended,Other Practice staff,Video/Online,15  to 21 Days,8
71E,E38000238,NHS Lincolnshire ICB - 71E,E54000013,NHS Lincolnshire Integrated Care Board,E40000011,Midlands,JAN2024,Attended,Other Practice staff,Video/Online,2 to 7 Days,258
71E,E38000238,NHS Lincolnshire ICB - 71E,E54000013,NHS Lincolnshire Integrated Care Board,E40000011,Midlands,JAN2024,Attended,Other Practice staff,Video/Online,22  to 28 Days,3
71E,E38000238,NHS Lincolnshire ICB - 71E,E54000013,NHS Lincolnshire Integrated Care Board,E40000011,Midlands,JAN2024,Attended,Other Practice staff,Video/Online,8  to 14 Days,32
71E,E38000238,NHS Lincolnshire ICB - 71E,E54000013,NHS Lincolnshire Integrated Care Board,E40000011,Midlands,JAN2024,Attended,Other Practice staff,Video/Online,More than 28 Days,6
71E,E38000238,NHS Lincolnshire ICB - 71E,E54000013,NHS Lincolnshire Integrated Care Board,E40000011,Midlands,JAN2024,Attended,Other Practice staff,Video/Online,Same Day,3614
71E,E38000238,NHS Lincolnshire ICB - 71E,E54000013,NHS Lincolnshire Integrated Care Board,E40000011,Midlands,JAN2024,Attended,Other Practice staff,Video/Online,Unknown / Data Quality,6
71E,E38000238,NHS Lincolnshire ICB - 71E,E54000013,NHS Lincolnshire Integrated Care Board,E40000011,Midlands,JAN2024,Attended,Unknown,Unknown,1 Day,891
71E,E38000238,NHS Lincolnshire ICB - 71E,E54000013,NHS Lincolnshire Integrated Care Board,E40000011,Midlands,JAN2024,Attended,Unknown,Unknown,15  to 21 Days,453
71E,E38000238,NHS Lincolnshire ICB - 71E,E54000013,NHS Lincolnshire Integrated Care Board,E40000011,Midlands,JAN2024,Attended,Unknown,Unknown,2 to 7 Days,1756
71E,E38000238,NHS Lincolnshire ICB - 71E,E54000013,NHS Lincolnshire Integrated Care Board,E40000011,Midlands,JAN2024,Attended,Unknown,Unknown,22  to 28 Days,212
71E,E38000238,NHS Lincolnshire ICB - 71E,E54000013,NHS Lincolnshire Integrated Care Board,E40000011,Midlands,JAN2024,Attended,Unknown,Unknown,8  to 14 Days,689
71E,E38000238,NHS Lincolnshire ICB - 71E,E54000013,NHS Lincolnshire Integrated Care Board,E40000011,Midlands,JAN2024,Attended,Unknown,Unknown,More than 28 Days,294
71E,E38000238,NHS Lincolnshire ICB - 71E,E54000013,NHS Lincolnshire Integrated Care Board,E40000011,Midlands,JAN2024,Attended,Unknown,Unknown,Same Day,10310
71E,E38000238,NHS Lincolnshire ICB - 71E,E54000013,NHS Lincolnshire Integrated Care Board,E40000011,Midlands,JAN2024,Attended,Unknown,Unknown,Unknown / Data Quality,42
71E,E38000238,NHS Lincolnshire ICB - 71E,E54000013,NHS Lincolnshire Integrated Care Board,E40000011,Midlands,JAN2024,DNA,GP,Face-to-Face,1 Day,179
71E,E38000238,NHS Lincolnshire ICB - 71E,E54000013,NHS Lincolnshire Integrated Care Board,E40000011,Midlands,JAN2024,DNA,GP,Face-to-Face,15  to 21 Days,193
71E,E38000238,NHS Lincolnshire ICB - 71E,E54000013,NHS Lincolnshire Integrated Care Board,E40000011,Midlands,JAN2024,DNA,GP,Face-to-Face,2 to 7 Days,338
71E,E38000238,NHS Lincolnshire ICB - 71E,E54000013,NHS Lincolnshire Integrated Care Board,E40000011,Midlands,JAN2024,DNA,GP,Face-to-Face,22  to 28 Days,142
71E,E38000238,NHS Lincolnshire ICB - 71E,E54000013,NHS Lincolnshire Integrated Care Board,E40000011,Midlands,JAN2024,DNA,GP,Face-to-Face,8  to 14 Days,279
71E,E38000238,NHS Lincolnshire ICB - 71E,E54000013,NHS Lincolnshire Integrated Care Board,E40000011,Midlands,JAN2024,DNA,GP,Face-to-Face,More than 28 Days,156
71E,E38000238,NHS Lincolnshire ICB - 71E,E54000013,NHS Lincolnshire Integrated Care Board,E40000011,Midlands,JAN2024,DNA,GP,Face-to-Face,Same Day,594
71E,E38000238,NHS Lincolnshire ICB - 71E,E54000013,NHS Lincolnshire Integrated Care Board,E40000011,Midlands,JAN2024,DNA,GP,Home Visit,1 Day,1
71E,E38000238,NHS Lincolnshire ICB - 71E,E54000013,NHS Lincolnshire Integrated Care Board,E40000011,Midlands,JAN2024,DNA,GP,Home Visit,Same Day,8
71E,E38000238,NHS Lincolnshire ICB - 71E,E54000013,NHS Lincolnshire Integrated Care Board,E40000011,Midlands,JAN2024,DNA,GP,Telephone,1 Day,34
71E,E38000238,NHS Lincolnshire ICB - 71E,E54000013,NHS Lincolnshire Integrated Care Board,E40000011,Midlands,JAN2024,DNA,GP,Telephone,15  to 21 Days,40
71E,E38000238,NHS Lincolnshire ICB - 71E,E54000013,NHS Lincolnshire Integrated Care Board,E40000011,Midlands,JAN2024,DNA,GP,Telephone,2 to 7 Days,64
71E,E38000238,NHS Lincolnshire ICB - 71E,E54000013,NHS Lincolnshire Integrated Care Board,E40000011,Midlands,JAN2024,DNA,GP,Telephone,22  to 28 Days,17
71E,E38000238,NHS Lincolnshire ICB - 71E,E54000013,NHS Lincolnshire Integrated Care Board,E40000011,Midlands,JAN2024,DNA,GP,Telephone,8  to 14 Days,49
71E,E38000238,NHS Lincolnshire ICB - 71E,E54000013,NHS Lincolnshire Integrated Care Board,E40000011,Midlands,JAN2024,DNA,GP,Telephone,More than 28 Days,28
71E,E38000238,NHS Lincolnshire ICB - 71E,E54000013,NHS Lincolnshire Integrated Care Board,E40000011,Midlands,JAN2024,DNA,GP,Telephone,Same Day,177
71E,E38000238,NHS Lincolnshire ICB - 71E,E54000013,NHS Lincolnshire Integrated Care Board,E40000011,Midlands,JAN2024,DNA,GP,Unknown,1 Day,4
71E,E38000238,NHS Lincolnshire ICB - 71E,E54000013,NHS Lincolnshire Integrated Care Board,E40000011,Midlands,JAN2024,DNA,GP,Unknown,15  to 21 Days,1
71E,E38000238,NHS Lincolnshire ICB - 71E,E54000013,NHS Lincolnshire Integrated Care Board,E40000011,Midlands,JAN2024,DNA,GP,Unknown,2 to 7 Days,16
71E,E38000238,NHS Lincolnshire ICB - 71E,E54000013,NHS Lincolnshire Integrated Care Board,E40000011,Midlands,JAN2024,DNA,GP,Unknown,22  to 28 Days,1
71E,E38000238,NHS Lincolnshire ICB - 71E,E54000013,NHS Lincolnshire Integrated Care Board,E40000011,Midlands,JAN2024,DNA,GP,Unknown,Same Day,7
71E,E38000238,NHS Lincolnshire ICB - 71E,E54000013,NHS Lincolnshire Integrated Care Board,E40000011,Midlands,JAN2024,DNA,GP,Video/Online,1 Day,2
71E,E38000238,NHS Lincolnshire ICB - 71E,E54000013,NHS Lincolnshire Integrated Care Board,E40000011,Midlands,JAN2024,DNA,GP,Video/Online,2 to 7 Days,6
71E,E38000238,NHS Lincolnshire ICB - 71E,E54000013,NHS Lincolnshire Integrated Care Board,E40000011,Midlands,JAN2024,DNA,GP,Video/Online,22  to 28 Days,1
71E,E38000238,NHS Lincolnshire ICB - 71E,E54000013,NHS Lincolnshire Integrated Care Board,E40000011,Midlands,JAN2024,DNA,GP,Video/Online,8  to 14 Days,3
71E,E38000238,NHS Lincolnshire ICB - 71E,E54000013,NHS Lincolnshire Integrated Care Board,E40000011,Midlands,JAN2024,DNA,GP,Video/Online,More than 28 Days,3
71E,E38000238,NHS Lincolnshire ICB - 71E,E54000013,NHS Lincolnshire Integrated Care Board,E40000011,Midlands,JAN2024,DNA,GP,Video/Online,Same Day,15
71E,E38000238,NHS Lincolnshire ICB - 71E,E54000013,NHS Lincolnshire Integrated Care Board,E40000011,Midlands,JAN2024,DNA,Other Practice staff,Face-to-Face,1 Day,521
71E,E38000238,NHS Lincolnshire ICB - 71E,E54000013,NHS Lincolnshire Integrated Care Board,E40000011,Midlands,JAN2024,DNA,Other Practice staff,Face-to-Face,15  to 21 Days,1666
71E,E38000238,NHS Lincolnshire ICB - 71E,E54000013,NHS Lincolnshire Integrated Care Board,E40000011,Midlands,JAN2024,DNA,Other Practice staff,Face-to-Face,2 to 7 Days,2376
71E,E38000238,NHS Lincolnshire ICB - 71E,E54000013,NHS Lincolnshire Integrated Care Board,E40000011,Midlands,JAN2024,DNA,Other Practice staff,Face-to-Face,22  to 28 Days,1178
71E,E38000238,NHS Lincolnshire ICB - 71E,E54000013,NHS Lincolnshire Integrated Care Board,E40000011,Midlands,JAN2024,DNA,Other Practice staff,Face-to-Face,8  to 14 Days,2144
71E,E38000238,NHS Lincolnshire ICB - 71E,E54000013,NHS Lincolnshire Integrated Care Board,E40000011,Midlands,JAN2024,DNA,Other Practice staff,Face-to-Face,More than 28 Days,1979
71E,E38000238,NHS Lincolnshire ICB - 71E,E54000013,NHS Lincolnshire Integrated Care Board,E40000011,Midlands,JAN2024,DNA,Other Practice staff,Face-to-Face,Same Day,923
71E,E38000238,NHS Lincolnshire ICB - 71E,E54000013,NHS Lincolnshire Integrated Care Board,E40000011,Midlands,JAN2024,DNA,Other Practice staff,Home Visit,1 Day,29
71E,E38000238,NHS Lincolnshire ICB - 71E,E54000013,NHS Lincolnshire Integrated Care Board,E40000011,Midlands,JAN2024,DNA,Other Practice staff,Home Visit,15  to 21 Days,9
71E,E38000238,NHS Lincolnshire ICB - 71E,E54000013,NHS Lincolnshire Integrated Care Board,E40000011,Midlands,JAN2024,DNA,Other Practice staff,Home Visit,2 to 7 Days,89
71E,E38000238,NHS Lincolnshire ICB - 71E,E54000013,NHS Lincolnshire Integrated Care Board,E40000011,Midlands,JAN2024,DNA,Other Practice staff,Home Visit,22  to 28 Days,6
71E,E38000238,NHS Lincolnshire ICB - 71E,E54000013,NHS Lincolnshire Integrated Care Board,E40000011,Midlands,JAN2024,DNA,Other Practice staff,Home Visit,8  to 14 Days,8
71E,E38000238,NHS Lincolnshire ICB - 71E,E54000013,NHS Lincolnshire Integrated Care Board,E40000011,Midlands,JAN2024,DNA,Other Practice staff,Home Visit,Same Day,37
71E,E38000238,NHS Lincolnshire ICB - 71E,E54000013,NHS Lincolnshire Integrated Care Board,E40000011,Midlands,JAN2024,DNA,Other Practice staff,Telephone,1 Day,65
71E,E38000238,NHS Lincolnshire ICB - 71E,E54000013,NHS Lincolnshire Integrated Care Board,E40000011,Midlands,JAN2024,DNA,Other Practice staff,Telephone,15  to 21 Days,92
71E,E38000238,NHS Lincolnshire ICB - 71E,E54000013,NHS Lincolnshire Integrated Care Board,E40000011,Midlands,JAN2024,DNA,Other Practice staff,Telephone,2 to 7 Days,183
71E,E38000238,NHS Lincolnshire ICB - 71E,E54000013,NHS Lincolnshire Integrated Care Board,E40000011,Midlands,JAN2024,DNA,Other Practice staff,Telephone,22  to 28 Days,65
71E,E38000238,NHS Lincolnshire ICB - 71E,E54000013,NHS Lincolnshire Integrated Care Board,E40000011,Midlands,JAN2024,DNA,Other Practice staff,Telephone,8  to 14 Days,119
71E,E38000238,NHS Lincolnshire ICB - 71E,E54000013,NHS Lincolnshire Integrated Care Board,E40000011,Midlands,JAN2024,DNA,Other Practice staff,Telephone,More than 28 Days,148
71E,E38000238,NHS Lincolnshire ICB - 71E,E54000013,NHS Lincolnshire Integrated Care Board,E40000011,Midlands,JAN2024,DNA,Other Practice staff,Telephone,Same Day,166
71E,E38000238,NHS Lincolnshire ICB - 71E,E54000013,NHS Lincolnshire Integrated Care Board,E40000011,Midlands,JAN2024,DNA,Other Practice staff,Unknown,1 Day,10
71E,E38000238,NHS Lincolnshire ICB - 71E,E54000013,NHS Lincolnshire Integrated Care Board,E40000011,Midlands,JAN2024,DNA,Other Practice staff,Unknown,15  to 21 Days,13
71E,E38000238,NHS Lincolnshire ICB - 71E,E54000013,NHS Lincolnshire Integrated Care Board,E40000011,Midlands,JAN2024,DNA,Other Practice staff,Unknown,2 to 7 Days,41
71E,E38000238,NHS Lincolnshire ICB - 71E,E54000013,NHS Lincolnshire Integrated Care Board,E40000011,Midlands,JAN2024,DNA,Other Practice staff,Unknown,22  to 28 Days,9
71E,E38000238,NHS Lincolnshire ICB - 71E,E54000013,NHS Lincolnshire Integrated Care Board,E40000011,Midlands,JAN2024,DNA,Other Practice staff,Unknown,8  to 14 Days,15
71E,E38000238,NHS Lincolnshire ICB - 71E,E54000013,NHS Lincolnshire Integrated Care Board,E40000011,Midlands,JAN2024,DNA,Other Practice staff,Unknown,More than 28 Days,15
71E,E38000238,NHS Lincolnshire ICB - 71E,E54000013,NHS Lincolnshire Integrated Care Board,E40000011,Midlands,JAN2024,DNA,Other Practice staff,Unknown,Same Day,6
71E,E38000238,NHS Lincolnshire ICB - 71E,E54000013,NHS Lincolnshire Integrated Care Board,E40000011,Midlands,JAN2024,DNA,Other Practice staff,Video/Online,1 Day,5
71E,E38000238,NHS Lincolnshire ICB - 71E,E54000013,NHS Lincolnshire Integrated Care Board,E40000011,Midlands,JAN2024,DNA,Other Practice staff,Video/Online,15  to 21 Days,1
71E,E38000238,NHS Lincolnshire ICB - 71E,E54000013,NHS Lincolnshire Integrated Care Board,E40000011,Midlands,JAN2024,DNA,Other Practice staff,Video/Online,2 to 7 Days,6
71E,E38000238,NHS Lincolnshire ICB - 71E,E54000013,NHS Lincolnshire Integrated Care Board,E40000011,Midlands,JAN2024,DNA,Other Practice staff,Video/Online,8  to 14 Days,3
71E,E38000238,NHS Lincolnshire ICB - 71E,E54000013,NHS Lincolnshire Integrated Care Board,E40000011,Midlands,JAN2024,DNA,Other Practice staff,Video/Online,More than 28 Days,1
71E,E38000238,NHS Lincolnshire ICB - 71E,E54000013,NHS Lincolnshire Integrated Care Board,E40000011,Midlands,JAN2024,DNA,Other Practice staff,Video/Online,Same Day,13
71E,E38000238,NHS Lincolnshire ICB - 71E,E54000013,NHS Lincolnshire Integrated Care Board,E40000011,Midlands,JAN2024,DNA,Unknown,Unknown,1 Day,19
71E,E38000238,NHS Lincolnshire ICB - 71E,E54000013,NHS Lincolnshire Integrated Care Board,E40000011,Midlands,JAN2024,DNA,Unknown,Unknown,15  to 21 Days,40
71E,E38000238,NHS Lincolnshire ICB - 71E,E54000013,NHS Lincolnshire Integrated Care Board,E40000011,Midlands,JAN2024,DNA,Unknown,Unknown,2 to 7 Days,52
71E,E38000238,NHS Lincolnshire ICB - 71E,E54000013,NHS Lincolnshire Integrated Care Board,E40000011,Midlands,JAN2024,DNA,Unknown,Unknown,22  to 28 Days,10
71E,E38000238,NHS Lincolnshire ICB - 71E,E54000013,NHS Lincolnshire Integrated Care Board,E40000011,Midlands,JAN2024,DNA,Unknown,Unknown,8  to 14 Days,33
71E,E38000238,NHS Lincolnshire ICB - 71E,E54000013,NHS Lincolnshire Integrated Care Board,E40000011,Midlands,JAN2024,DNA,Unknown,Unknown,More than 28 Days,38
71E,E38000238,NHS Lincolnshire ICB - 71E,E54000013,NHS Lincolnshire Integrated Care Board,E40000011,Midlands,JAN2024,DNA,Unknown,Unknown,Same Day,68
71E,E38000238,NHS Lincolnshire ICB - 71E,E54000013,NHS Lincolnshire Integrated Care Board,E40000011,Midlands,JAN2024,Unknown,GP,Face-to-Face,1 Day,126
71E,E38000238,NHS Lincolnshire ICB - 71E,E54000013,NHS Lincolnshire Integrated Care Board,E40000011,Midlands,JAN2024,Unknown,GP,Face-to-Face,15  to 21 Days,385
71E,E38000238,NHS Lincolnshire ICB - 71E,E54000013,NHS Lincolnshire Integrated Care Board,E40000011,Midlands,JAN2024,Unknown,GP,Face-to-Face,2 to 7 Days,654
71E,E38000238,NHS Lincolnshire ICB - 71E,E54000013,NHS Lincolnshire Integrated Care Board,E40000011,Midlands,JAN2024,Unknown,GP,Face-to-Face,22  to 28 Days,246
71E,E38000238,NHS Lincolnshire ICB - 71E,E54000013,NHS Lincolnshire Integrated Care Board,E40000011,Midlands,JAN2024,Unknown,GP,Face-to-Face,8  to 14 Days,457
71E,E38000238,NHS Lincolnshire ICB - 71E,E54000013,NHS Lincolnshire Integrated Care Board,E40000011,Midlands,JAN2024,Unknown,GP,Face-to-Face,More than 28 Days,419
71E,E38000238,NHS Lincolnshire ICB - 71E,E54000013,NHS Lincolnshire Integrated Care Board,E40000011,Midlands,JAN2024,Unknown,GP,Face-to-Face,Same Day,427
71E,E38000238,NHS Lincolnshire ICB - 71E,E54000013,NHS Lincolnshire Integrated Care Board,E40000011,Midlands,JAN2024,Unknown,GP,Face-to-Face,Unknown / Data Quality,1
71E,E38000238,NHS Lincolnshire ICB - 71E,E54000013,NHS Lincolnshire Integrated Care Board,E40000011,Midlands,JAN2024,Unknown,GP,Home Visit,1 Day,1
71E,E38000238,NHS Lincolnshire ICB - 71E,E54000013,NHS Lincolnshire Integrated Care Board,E40000011,Midlands,JAN2024,Unknown,GP,Home Visit,2 to 7 Days,3
71E,E38000238,NHS Lincolnshire ICB - 71E,E54000013,NHS Lincolnshire Integrated Care Board,E40000011,Midlands,JAN2024,Unknown,GP,Home Visit,Same Day,18
71E,E38000238,NHS Lincolnshire ICB - 71E,E54000013,NHS Lincolnshire Integrated Care Board,E40000011,Midlands,JAN2024,Unknown,GP,Telephone,1 Day,65
71E,E38000238,NHS Lincolnshire ICB - 71E,E54000013,NHS Lincolnshire Integrated Care Board,E40000011,Midlands,JAN2024,Unknown,GP,Telephone,15  to 21 Days,252
71E,E38000238,NHS Lincolnshire ICB - 71E,E54000013,NHS Lincolnshire Integrated Care Board,E40000011,Midlands,JAN2024,Unknown,GP,Telephone,2 to 7 Days,243
71E,E38000238,NHS Lincolnshire ICB - 71E,E54000013,NHS Lincolnshire Integrated Care Board,E40000011,Midlands,JAN2024,Unknown,GP,Telephone,22  to 28 Days,177
71E,E38000238,NHS Lincolnshire ICB - 71E,E54000013,NHS Lincolnshire Integrated Care Board,E40000011,Midlands,JAN2024,Unknown,GP,Telephone,8  to 14 Days,295
71E,E38000238,NHS Lincolnshire ICB - 71E,E54000013,NHS Lincolnshire Integrated Care Board,E40000011,Midlands,JAN2024,Unknown,GP,Telephone,More than 28 Days,273
71E,E38000238,NHS Lincolnshire ICB - 71E,E54000013,NHS Lincolnshire Integrated Care Board,E40000011,Midlands,JAN2024,Unknown,GP,Telephone,Same Day,173
71E,E38000238,NHS Lincolnshire ICB - 71E,E54000013,NHS Lincolnshire Integrated Care Board,E40000011,Midlands,JAN2024,Unknown,GP,Unknown,1 Day,13
71E,E38000238,NHS Lincolnshire ICB - 71E,E54000013,NHS Lincolnshire Integrated Care Board,E40000011,Midlands,JAN2024,Unknown,GP,Unknown,15  to 21 Days,36
71E,E38000238,NHS Lincolnshire ICB - 71E,E54000013,NHS Lincolnshire Integrated Care Board,E40000011,Midlands,JAN2024,Unknown,GP,Unknown,2 to 7 Days,43
71E,E38000238,NHS Lincolnshire ICB - 71E,E54000013,NHS Lincolnshire Integrated Care Board,E40000011,Midlands,JAN2024,Unknown,GP,Unknown,22  to 28 Days,14
71E,E38000238,NHS Lincolnshire ICB - 71E,E54000013,NHS Lincolnshire Integrated Care Board,E40000011,Midlands,JAN2024,Unknown,GP,Unknown,8  to 14 Days,61
71E,E38000238,NHS Lincolnshire ICB - 71E,E54000013,NHS Lincolnshire Integrated Care Board,E40000011,Midlands,JAN2024,Unknown,GP,Unknown,More than 28 Days,13
71E,E38000238,NHS Lincolnshire ICB - 71E,E54000013,NHS Lincolnshire Integrated Care Board,E40000011,Midlands,JAN2024,Unknown,GP,Unknown,Same Day,41
71E,E38000238,NHS Lincolnshire ICB - 71E,E54000013,NHS Lincolnshire Integrated Care Board,E40000011,Midlands,JAN2024,Unknown,GP,Video/Online,1 Day,78
71E,E38000238,NHS Lincolnshire ICB - 71E,E54000013,NHS Lincolnshire Integrated Care Board,E40000011,Midlands,JAN2024,Unknown,GP,Video/Online,15  to 21 Days,25
71E,E38000238,NHS Lincolnshire ICB - 71E,E54000013,NHS Lincolnshire Integrated Care Board,E40000011,Midlands,JAN2024,Unknown,GP,Video/Online,2 to 7 Days,323
71E,E38000238,NHS Lincolnshire ICB - 71E,E54000013,NHS Lincolnshire Integrated Care Board,E40000011,Midlands,JAN2024,Unknown,GP,Video/Online,22  to 28 Days,25
71E,E38000238,NHS Lincolnshire ICB - 71E,E54000013,NHS Lincolnshire Integrated Care Board,E40000011,Midlands,JAN2024,Unknown,GP,Video/Online,8  to 14 Days,61
71E,E38000238,NHS Lincolnshire ICB - 71E,E54000013,NHS Lincolnshire Integrated Care Board,E40000011,Midlands,JAN2024,Unknown,GP,Video/Online,More than 28 Days,14
71E,E38000238,NHS Lincolnshire ICB - 71E,E54000013,NHS Lincolnshire Integrated Care Board,E40000011,Midlands,JAN2024,Unknown,GP,Video/Online,Same Day,41
71E,E38000238,NHS Lincolnshire ICB - 71E,E54000013,NHS Lincolnshire Integrated Care Board,E40000011,Midlands,JAN2024,Unknown,GP,Video/Online,Unknown / Data Quality,3
71E,E38000238,NHS Lincolnshire ICB - 71E,E54000013,NHS Lincolnshire Integrated Care Board,E40000011,Midlands,JAN2024,Unknown,Other Practice staff,Face-to-Face,1 Day,356
71E,E38000238,NHS Lincolnshire ICB - 71E,E54000013,NHS Lincolnshire Integrated Care Board,E40000011,Midlands,JAN2024,Unknown,Other Practice staff,Face-to-Face,15  to 21 Days,2567
71E,E38000238,NHS Lincolnshire ICB - 71E,E54000013,NHS Lincolnshire Integrated Care Board,E40000011,Midlands,JAN2024,Unknown,Other Practice staff,Face-to-Face,2 to 7 Days,2200
71E,E38000238,NHS Lincolnshire ICB - 71E,E54000013,NHS Lincolnshire Integrated Care Board,E40000011,Midlands,JAN2024,Unknown,Other Practice staff,Face-to-Face,22  to 28 Days,1976
71E,E38000238,NHS Lincolnshire ICB - 71E,E54000013,NHS Lincolnshire Integrated Care Board,E40000011,Midlands,JAN2024,Unknown,Other Practice staff,Face-to-Face,8  to 14 Days,3194
71E,E38000238,NHS Lincolnshire ICB - 71E,E54000013,NHS Lincolnshire Integrated Care Board,E40000011,Midlands,JAN2024,Unknown,Other Practice staff,Face-to-Face,More than 28 Days,3728
71E,E38000238,NHS Lincolnshire ICB - 71E,E54000013,NHS Lincolnshire Integrated Care Board,E40000011,Midlands,JAN2024,Unknown,Other Practice staff,Face-to-Face,Same Day,843
71E,E38000238,NHS Lincolnshire ICB - 71E,E54000013,NHS Lincolnshire Integrated Care Board,E40000011,Midlands,JAN2024,Unknown,Other Practice staff,Face-to-Face,Unknown / Data Quality,8
71E,E38000238,NHS Lincolnshire ICB - 71E,E54000013,NHS Lincolnshire Integrated Care Board,E40000011,Midlands,JAN2024,Unknown,Other Practice staff,Home Visit,1 Day,23
71E,E38000238,NHS Lincolnshire ICB - 71E,E54000013,NHS Lincolnshire Integrated Care Board,E40000011,Midlands,JAN2024,Unknown,Other Practice staff,Home Visit,15  to 21 Days,125
71E,E38000238,NHS Lincolnshire ICB - 71E,E54000013,NHS Lincolnshire Integrated Care Board,E40000011,Midlands,JAN2024,Unknown,Other Practice staff,Home Visit,2 to 7 Days,130
71E,E38000238,NHS Lincolnshire ICB - 71E,E54000013,NHS Lincolnshire Integrated Care Board,E40000011,Midlands,JAN2024,Unknown,Other Practice staff,Home Visit,22  to 28 Days,76
71E,E38000238,NHS Lincolnshire ICB - 71E,E54000013,NHS Lincolnshire Integrated Care Board,E40000011,Midlands,JAN2024,Unknown,Other Practice staff,Home Visit,8  to 14 Days,136
71E,E38000238,NHS Lincolnshire ICB - 71E,E54000013,NHS Lincolnshire Integrated Care Board,E40000011,Midlands,JAN2024,Unknown,Other Practice staff,Home Visit,More than 28 Days,119
71E,E38000238,NHS Lincolnshire ICB - 71E,E54000013,NHS Lincolnshire Integrated Care Board,E40000011,Midlands,JAN2024,Unknown,Other Practice staff,Home Visit,Same Day,35
71E,E38000238,NHS Lincolnshire ICB - 71E,E54000013,NHS Lincolnshire Integrated Care Board,E40000011,Midlands,JAN2024,Unknown,Other Practice staff,Telephone,1 Day,153
71E,E38000238,NHS Lincolnshire ICB - 71E,E54000013,NHS Lincolnshire Integrated Care Board,E40000011,Midlands,JAN2024,Unknown,Other Practice staff,Telephone,15  to 21 Days,309
71E,E38000238,NHS Lincolnshire ICB - 71E,E54000013,NHS Lincolnshire Integrated Care Board,E40000011,Midlands,JAN2024,Unknown,Other Practice staff,Telephone,2 to 7 Days,486
71E,E38000238,NHS Lincolnshire ICB - 71E,E54000013,NHS Lincolnshire Integrated Care Board,E40000011,Midlands,JAN2024,Unknown,Other Practice staff,Telephone,22  to 28 Days,301
71E,E38000238,NHS Lincolnshire ICB - 71E,E54000013,NHS Lincolnshire Integrated Care Board,E40000011,Midlands,JAN2024,Unknown,Other Practice staff,Telephone,8  to 14 Days,417
71E,E38000238,NHS Lincolnshire ICB - 71E,E54000013,NHS Lincolnshire Integrated Care Board,E40000011,Midlands,JAN2024,Unknown,Other Practice staff,Telephone,More than 28 Days,387
71E,E38000238,NHS Lincolnshire ICB - 71E,E54000013,NHS Lincolnshire Integrated Care Board,E40000011,Midlands,JAN2024,Unknown,Other Practice staff,Telephone,Same Day,512
71E,E38000238,NHS Lincolnshire ICB - 71E,E54000013,NHS Lincolnshire Integrated Care Board,E40000011,Midlands,JAN2024,Unknown,Other Practice staff,Telephone,Unknown / Data Quality,5
71E,E38000238,NHS Lincolnshire ICB - 71E,E54000013,NHS Lincolnshire Integrated Care Board,E40000011,Midlands,JAN2024,Unknown,Other Practice staff,Unknown,1 Day,17
71E,E38000238,NHS Lincolnshire ICB - 71E,E54000013,NHS Lincolnshire Integrated Care Board,E40000011,Midlands,JAN2024,Unknown,Other Practice staff,Unknown,15  to 21 Days,297
71E,E38000238,NHS Lincolnshire ICB - 71E,E54000013,NHS Lincolnshire Integrated Care Board,E40000011,Midlands,JAN2024,Unknown,Other Practice staff,Unknown,2 to 7 Days,221
71E,E38000238,NHS Lincolnshire ICB - 71E,E54000013,NHS Lincolnshire Integrated Care Board,E40000011,Midlands,JAN2024,Unknown,Other Practice staff,Unknown,22  to 28 Days,140
71E,E38000238,NHS Lincolnshire ICB - 71E,E54000013,NHS Lincolnshire Integrated Care Board,E40000011,Midlands,JAN2024,Unknown,Other Practice staff,Unknown,8  to 14 Days,320
71E,E38000238,NHS Lincolnshire ICB - 71E,E54000013,NHS Lincolnshire Integrated Care Board,E40000011,Midlands,JAN2024,Unknown,Other Practice staff,Unknown,More than 28 Days,316
71E,E38000238,NHS Lincolnshire ICB - 71E,E54000013,NHS Lincolnshire Integrated Care Board,E40000011,Midlands,JAN2024,Unknown,Other Practice staff,Unknown,Same Day,9
71E,E38000238,NHS Lincolnshire ICB - 71E,E54000013,NHS Lincolnshire Integrated Care Board,E40000011,Midlands,JAN2024,Unknown,Other Practice staff,Video/Online,1 Day,3
71E,E38000238,NHS Lincolnshire ICB - 71E,E54000013,NHS Lincolnshire Integrated Care Board,E40000011,Midlands,JAN2024,Unknown,Other Practice staff,Video/Online,15  to 21 Days,3
71E,E38000238,NHS Lincolnshire ICB - 71E,E54000013,NHS Lincolnshire Integrated Care Board,E40000011,Midlands,JAN2024,Unknown,Other Practice staff,Video/Online,2 to 7 Days,12
71E,E38000238,NHS Lincolnshire ICB - 71E,E54000013,NHS Lincolnshire Integrated Care Board,E40000011,Midlands,JAN2024,Unknown,Other Practice staff,Video/Online,22  to 28 Days,4
71E,E38000238,NHS Lincolnshire ICB - 71E,E54000013,NHS Lincolnshire Integrated Care Board,E40000011,Midlands,JAN2024,Unknown,Other Practice staff,Video/Online,8  to 14 Days,5
71E,E38000238,NHS Lincolnshire ICB - 71E,E54000013,NHS Lincolnshire Integrated Care Board,E40000011,Midlands,JAN2024,Unknown,Other Practice staff,Video/Online,More than 28 Days,11
71E,E38000238,NHS Lincolnshire ICB - 71E,E54000013,NHS Lincolnshire Integrated Care Board,E40000011,Midlands,JAN2024,Unknown,Other Practice staff,Video/Online,Same Day,11
71E,E38000238,NHS Lincolnshire ICB - 71E,E54000013,NHS Lincolnshire Integrated Care Board,E40000011,Midlands,JAN2024,Unknown,Unknown,Unknown,1 Day,39
71E,E38000238,NHS Lincolnshire ICB - 71E,E54000013,NHS Lincolnshire Integrated Care Board,E40000011,Midlands,JAN2024,Unknown,Unknown,Unknown,15  to 21 Days,194
71E,E38000238,NHS Lincolnshire ICB - 71E,E54000013,NHS Lincolnshire Integrated Care Board,E40000011,Midlands,JAN2024,Unknown,Unknown,Unknown,2 to 7 Days,198
71E,E38000238,NHS Lincolnshire ICB - 71E,E54000013,NHS Lincolnshire Integrated Care Board,E40000011,Midlands,JAN2024,Unknown,Unknown,Unknown,22  to 28 Days,144
71E,E38000238,NHS Lincolnshire ICB - 71E,E54000013,NHS Lincolnshire Integrated Care Board,E40000011,Midlands,JAN2024,Unknown,Unknown,Unknown,8  to 14 Days,239
71E,E38000238,NHS Lincolnshire ICB - 71E,E54000013,NHS Lincolnshire Integrated Care Board,E40000011,Midlands,JAN2024,Unknown,Unknown,Unknown,More than 28 Days,288
71E,E38000238,NHS Lincolnshire ICB - 71E,E54000013,NHS Lincolnshire Integrated Care Board,E40000011,Midlands,JAN2024,Unknown,Unknown,Unknown,Same Day,72
71E,E38000238,NHS Lincolnshire ICB - 71E,E54000013,NHS Lincolnshire Integrated Care Board,E40000011,Midlands,JAN2024,Unknown,Unknown,Unknown,Unknown / Data Quality,2
71E,E38000238,NHS Lincolnshire ICB - 71E,E54000013,NHS Lincolnshire Integrated Care Board,E40000011,Midlands,FEB2024,Attended,GP,Face-to-Face,1 Day,5430
71E,E38000238,NHS Lincolnshire ICB - 71E,E54000013,NHS Lincolnshire Integrated Care Board,E40000011,Midlands,FEB2024,Attended,GP,Face-to-Face,15  to 21 Days,3632
71E,E38000238,NHS Lincolnshire ICB - 71E,E54000013,NHS Lincolnshire Integrated Care Board,E40000011,Midlands,FEB2024,Attended,GP,Face-to-Face,2 to 7 Days,11023
71E,E38000238,NHS Lincolnshire ICB - 71E,E54000013,NHS Lincolnshire Integrated Care Board,E40000011,Midlands,FEB2024,Attended,GP,Face-to-Face,22  to 28 Days,2277
71E,E38000238,NHS Lincolnshire ICB - 71E,E54000013,NHS Lincolnshire Integrated Care Board,E40000011,Midlands,FEB2024,Attended,GP,Face-to-Face,8  to 14 Days,6638
71E,E38000238,NHS Lincolnshire ICB - 71E,E54000013,NHS Lincolnshire Integrated Care Board,E40000011,Midlands,FEB2024,Attended,GP,Face-to-Face,More than 28 Days,1634
71E,E38000238,NHS Lincolnshire ICB - 71E,E54000013,NHS Lincolnshire Integrated Care Board,E40000011,Midlands,FEB2024,Attended,GP,Face-to-Face,Same Day,58893
71E,E38000238,NHS Lincolnshire ICB - 71E,E54000013,NHS Lincolnshire Integrated Care Board,E40000011,Midlands,FEB2024,Attended,GP,Face-to-Face,Unknown / Data Quality,50
71E,E38000238,NHS Lincolnshire ICB - 71E,E54000013,NHS Lincolnshire Integrated Care Board,E40000011,Midlands,FEB2024,Attended,GP,Home Visit,1 Day,39
71E,E38000238,NHS Lincolnshire ICB - 71E,E54000013,NHS Lincolnshire Integrated Care Board,E40000011,Midlands,FEB2024,Attended,GP,Home Visit,15  to 21 Days,1
71E,E38000238,NHS Lincolnshire ICB - 71E,E54000013,NHS Lincolnshire Integrated Care Board,E40000011,Midlands,FEB2024,Attended,GP,Home Visit,2 to 7 Days,32
71E,E38000238,NHS Lincolnshire ICB - 71E,E54000013,NHS Lincolnshire Integrated Care Board,E40000011,Midlands,FEB2024,Attended,GP,Home Visit,22  to 28 Days,1
71E,E38000238,NHS Lincolnshire ICB - 71E,E54000013,NHS Lincolnshire Integrated Care Board,E40000011,Midlands,FEB2024,Attended,GP,Home Visit,8  to 14 Days,3
71E,E38000238,NHS Lincolnshire ICB - 71E,E54000013,NHS Lincolnshire Integrated Care Board,E40000011,Midlands,FEB2024,Attended,GP,Home Visit,More than 28 Days,13
71E,E38000238,NHS Lincolnshire ICB - 71E,E54000013,NHS Lincolnshire Integrated Care Board,E40000011,Midlands,FEB2024,Attended,GP,Home Visit,Same Day,475
71E,E38000238,NHS Lincolnshire ICB - 71E,E54000013,NHS Lincolnshire Integrated Care Board,E40000011,Midlands,FEB2024,Attended,GP,Home Visit,Unknown / Data Quality,6
71E,E38000238,NHS Lincolnshire ICB - 71E,E54000013,NHS Lincolnshire Integrated Care Board,E40000011,Midlands,FEB2024,Attended,GP,Telephone,1 Day,3380
71E,E38000238,NHS Lincolnshire ICB - 71E,E54000013,NHS Lincolnshire Integrated Care Board,E40000011,Midlands,FEB2024,Attended,GP,Telephone,15  to 21 Days,3139
71E,E38000238,NHS Lincolnshire ICB - 71E,E54000013,NHS Lincolnshire Integrated Care Board,E40000011,Midlands,FEB2024,Attended,GP,Telephone,2 to 7 Days,5948
71E,E38000238,NHS Lincolnshire ICB - 71E,E54000013,NHS Lincolnshire Integrated Care Board,E40000011,Midlands,FEB2024,Attended,GP,Telephone,22  to 28 Days,1419
71E,E38000238,NHS Lincolnshire ICB - 71E,E54000013,NHS Lincolnshire Integrated Care Board,E40000011,Midlands,FEB2024,Attended,GP,Telephone,8  to 14 Days,3805
71E,E38000238,NHS Lincolnshire ICB - 71E,E54000013,NHS Lincolnshire Integrated Care Board,E40000011,Midlands,FEB2024,Attended,GP,Telephone,More than 28 Days,859
71E,E38000238,NHS Lincolnshire ICB - 71E,E54000013,NHS Lincolnshire Integrated Care Board,E40000011,Midlands,FEB2024,Attended,GP,Telephone,Same Day,34393
71E,E38000238,NHS Lincolnshire ICB - 71E,E54000013,NHS Lincolnshire Integrated Care Board,E40000011,Midlands,FEB2024,Attended,GP,Telephone,Unknown / Data Quality,40
71E,E38000238,NHS Lincolnshire ICB - 71E,E54000013,NHS Lincolnshire Integrated Care Board,E40000011,Midlands,FEB2024,Attended,GP,Unknown,1 Day,43
71E,E38000238,NHS Lincolnshire ICB - 71E,E54000013,NHS Lincolnshire Integrated Care Board,E40000011,Midlands,FEB2024,Attended,GP,Unknown,15  to 21 Days,3
71E,E38000238,NHS Lincolnshire ICB - 71E,E54000013,NHS Lincolnshire Integrated Care Board,E40000011,Midlands,FEB2024,Attended,GP,Unknown,2 to 7 Days,118
71E,E38000238,NHS Lincolnshire ICB - 71E,E54000013,NHS Lincolnshire Integrated Care Board,E40000011,Midlands,FEB2024,Attended,GP,Unknown,22  to 28 Days,3
71E,E38000238,NHS Lincolnshire ICB - 71E,E54000013,NHS Lincolnshire Integrated Care Board,E40000011,Midlands,FEB2024,Attended,GP,Unknown,8  to 14 Days,21
71E,E38000238,NHS Lincolnshire ICB - 71E,E54000013,NHS Lincolnshire Integrated Care Board,E40000011,Midlands,FEB2024,Attended,GP,Unknown,More than 28 Days,15
71E,E38000238,NHS Lincolnshire ICB - 71E,E54000013,NHS Lincolnshire Integrated Care Board,E40000011,Midlands,FEB2024,Attended,GP,Unknown,Same Day,535
71E,E38000238,NHS Lincolnshire ICB - 71E,E54000013,NHS Lincolnshire Integrated Care Board,E40000011,Midlands,FEB2024,Attended,GP,Video/Online,1 Day,597
71E,E38000238,NHS Lincolnshire ICB - 71E,E54000013,NHS Lincolnshire Integrated Care Board,E40000011,Midlands,FEB2024,Attended,GP,Video/Online,15  to 21 Days,43
71E,E38000238,NHS Lincolnshire ICB - 71E,E54000013,NHS Lincolnshire Integrated Care Board,E40000011,Midlands,FEB2024,Attended,GP,Video/Online,2 to 7 Days,551
71E,E38000238,NHS Lincolnshire ICB - 71E,E54000013,NHS Lincolnshire Integrated Care Board,E40000011,Midlands,FEB2024,Attended,GP,Video/Online,22  to 28 Days,29
71E,E38000238,NHS Lincolnshire ICB - 71E,E54000013,NHS Lincolnshire Integrated Care Board,E40000011,Midlands,FEB2024,Attended,GP,Video/Online,8  to 14 Days,226
71E,E38000238,NHS Lincolnshire ICB - 71E,E54000013,NHS Lincolnshire Integrated Care Board,E40000011,Midlands,FEB2024,Attended,GP,Video/Online,More than 28 Days,16
71E,E38000238,NHS Lincolnshire ICB - 71E,E54000013,NHS Lincolnshire Integrated Care Board,E40000011,Midlands,FEB2024,Attended,GP,Video/Online,Same Day,10005
71E,E38000238,NHS Lincolnshire ICB - 71E,E54000013,NHS Lincolnshire Integrated Care Board,E40000011,Midlands,FEB2024,Attended,GP,Video/Online,Unknown / Data Quality,1
71E,E38000238,NHS Lincolnshire ICB - 71E,E54000013,NHS Lincolnshire Integrated Care Board,E40000011,Midlands,FEB2024,Attended,Other Practice staff,Face-to-Face,1 Day,10233
71E,E38000238,NHS Lincolnshire ICB - 71E,E54000013,NHS Lincolnshire Integrated Care Board,E40000011,Midlands,FEB2024,Attended,Other Practice staff,Face-to-Face,15  to 21 Days,21548
71E,E38000238,NHS Lincolnshire ICB - 71E,E54000013,NHS Lincolnshire Integrated Care Board,E40000011,Midlands,FEB2024,Attended,Other Practice staff,Face-to-Face,2 to 7 Days,37340
71E,E38000238,NHS Lincolnshire ICB - 71E,E54000013,NHS Lincolnshire Integrated Care Board,E40000011,Midlands,FEB2024,Attended,Other Practice staff,Face-to-Face,22  to 28 Days,14135
71E,E38000238,NHS Lincolnshire ICB - 71E,E54000013,NHS Lincolnshire Integrated Care Board,E40000011,Midlands,FEB2024,Attended,Other Practice staff,Face-to-Face,8  to 14 Days,36696
71E,E38000238,NHS Lincolnshire ICB - 71E,E54000013,NHS Lincolnshire Integrated Care Board,E40000011,Midlands,FEB2024,Attended,Other Practice staff,Face-to-Face,More than 28 Days,14427
71E,E38000238,NHS Lincolnshire ICB - 71E,E54000013,NHS Lincolnshire Integrated Care Board,E40000011,Midlands,FEB2024,Attended,Other Practice staff,Face-to-Face,Same Day,50351
71E,E38000238,NHS Lincolnshire ICB - 71E,E54000013,NHS Lincolnshire Integrated Care Board,E40000011,Midlands,FEB2024,Attended,Other Practice staff,Face-to-Face,Unknown / Data Quality,122
71E,E38000238,NHS Lincolnshire ICB - 71E,E54000013,NHS Lincolnshire Integrated Care Board,E40000011,Midlands,FEB2024,Attended,Other Practice staff,Home Visit,1 Day,330
71E,E38000238,NHS Lincolnshire ICB - 71E,E54000013,NHS Lincolnshire Integrated Care Board,E40000011,Midlands,FEB2024,Attended,Other Practice staff,Home Visit,15  to 21 Days,461
71E,E38000238,NHS Lincolnshire ICB - 71E,E54000013,NHS Lincolnshire Integrated Care Board,E40000011,Midlands,FEB2024,Attended,Other Practice staff,Home Visit,2 to 7 Days,963
71E,E38000238,NHS Lincolnshire ICB - 71E,E54000013,NHS Lincolnshire Integrated Care Board,E40000011,Midlands,FEB2024,Attended,Other Practice staff,Home Visit,22  to 28 Days,154
71E,E38000238,NHS Lincolnshire ICB - 71E,E54000013,NHS Lincolnshire Integrated Care Board,E40000011,Midlands,FEB2024,Attended,Other Practice staff,Home Visit,8  to 14 Days,642
71E,E38000238,NHS Lincolnshire ICB - 71E,E54000013,NHS Lincolnshire Integrated Care Board,E40000011,Midlands,FEB2024,Attended,Other Practice staff,Home Visit,More than 28 Days,145
71E,E38000238,NHS Lincolnshire ICB - 71E,E54000013,NHS Lincolnshire Integrated Care Board,E40000011,Midlands,FEB2024,Attended,Other Practice staff,Home Visit,Same Day,1549
71E,E38000238,NHS Lincolnshire ICB - 71E,E54000013,NHS Lincolnshire Integrated Care Board,E40000011,Midlands,FEB2024,Attended,Other Practice staff,Home Visit,Unknown / Data Quality,53
71E,E38000238,NHS Lincolnshire ICB - 71E,E54000013,NHS Lincolnshire Integrated Care Board,E40000011,Midlands,FEB2024,Attended,Other Practice staff,Telephone,1 Day,4833
71E,E38000238,NHS Lincolnshire ICB - 71E,E54000013,NHS Lincolnshire Integrated Care Board,E40000011,Midlands,FEB2024,Attended,Other Practice staff,Telephone,15  to 21 Days,2601
71E,E38000238,NHS Lincolnshire ICB - 71E,E54000013,NHS Lincolnshire Integrated Care Board,E40000011,Midlands,FEB2024,Attended,Other Practice staff,Telephone,2 to 7 Days,9090
71E,E38000238,NHS Lincolnshire ICB - 71E,E54000013,NHS Lincolnshire Integrated Care Board,E40000011,Midlands,FEB2024,Attended,Other Practice staff,Telephone,22  to 28 Days,1731
71E,E38000238,NHS Lincolnshire ICB - 71E,E54000013,NHS Lincolnshire Integrated Care Board,E40000011,Midlands,FEB2024,Attended,Other Practice staff,Telephone,8  to 14 Days,4140
71E,E38000238,NHS Lincolnshire ICB - 71E,E54000013,NHS Lincolnshire Integrated Care Board,E40000011,Midlands,FEB2024,Attended,Other Practice staff,Telephone,More than 28 Days,2487
71E,E38000238,NHS Lincolnshire ICB - 71E,E54000013,NHS Lincolnshire Integrated Care Board,E40000011,Midlands,FEB2024,Attended,Other Practice staff,Telephone,Same Day,34713
71E,E38000238,NHS Lincolnshire ICB - 71E,E54000013,NHS Lincolnshire Integrated Care Board,E40000011,Midlands,FEB2024,Attended,Other Practice staff,Telephone,Unknown / Data Quality,102
71E,E38000238,NHS Lincolnshire ICB - 71E,E54000013,NHS Lincolnshire Integrated Care Board,E40000011,Midlands,FEB2024,Attended,Other Practice staff,Unknown,1 Day,4999
71E,E38000238,NHS Lincolnshire ICB - 71E,E54000013,NHS Lincolnshire Integrated Care Board,E40000011,Midlands,FEB2024,Attended,Other Practice staff,Unknown,15  to 21 Days,325
71E,E38000238,NHS Lincolnshire ICB - 71E,E54000013,NHS Lincolnshire Integrated Care Board,E40000011,Midlands,FEB2024,Attended,Other Practice staff,Unknown,2 to 7 Days,4929
71E,E38000238,NHS Lincolnshire ICB - 71E,E54000013,NHS Lincolnshire Integrated Care Board,E40000011,Midlands,FEB2024,Attended,Other Practice staff,Unknown,22  to 28 Days,153
71E,E38000238,NHS Lincolnshire ICB - 71E,E54000013,NHS Lincolnshire Integrated Care Board,E40000011,Midlands,FEB2024,Attended,Other Practice staff,Unknown,8  to 14 Days,924
71E,E38000238,NHS Lincolnshire ICB - 71E,E54000013,NHS Lincolnshire Integrated Care Board,E40000011,Midlands,FEB2024,Attended,Other Practice staff,Unknown,More than 28 Days,343
71E,E38000238,NHS Lincolnshire ICB - 71E,E54000013,NHS Lincolnshire Integrated Care Board,E40000011,Midlands,FEB2024,Attended,Other Practice staff,Unknown,Same Day,27305
71E,E38000238,NHS Lincolnshire ICB - 71E,E54000013,NHS Lincolnshire Integrated Care Board,E40000011,Midlands,FEB2024,Attended,Other Practice staff,Video/Online,1 Day,116
71E,E38000238,NHS Lincolnshire ICB - 71E,E54000013,NHS Lincolnshire Integrated Care Board,E40000011,Midlands,FEB2024,Attended,Other Practice staff,Video/Online,15  to 21 Days,31
71E,E38000238,NHS Lincolnshire ICB - 71E,E54000013,NHS Lincolnshire Integrated Care Board,E40000011,Midlands,FEB2024,Attended,Other Practice staff,Video/Online,2 to 7 Days,218
71E,E38000238,NHS Lincolnshire ICB - 71E,E54000013,NHS Lincolnshire Integrated Care Board,E40000011,Midlands,FEB2024,Attended,Other Practice staff,Video/Online,22  to 28 Days,35
71E,E38000238,NHS Lincolnshire ICB - 71E,E54000013,NHS Lincolnshire Integrated Care Board,E40000011,Midlands,FEB2024,Attended,Other Practice staff,Video/Online,8  to 14 Days,234
71E,E38000238,NHS Lincolnshire ICB - 71E,E54000013,NHS Lincolnshire Integrated Care Board,E40000011,Midlands,FEB2024,Attended,Other Practice staff,Video/Online,More than 28 Days,13
71E,E38000238,NHS Lincolnshire ICB - 71E,E54000013,NHS Lincolnshire Integrated Care Board,E40000011,Midlands,FEB2024,Attended,Other Practice staff,Video/Online,Same Day,3881
71E,E38000238,NHS Lincolnshire ICB - 71E,E54000013,NHS Lincolnshire Integrated Care Board,E40000011,Midlands,FEB2024,Attended,Other Practice staff,Video/Online,Unknown / Data Quality,6
71E,E38000238,NHS Lincolnshire ICB - 71E,E54000013,NHS Lincolnshire Integrated Care Board,E40000011,Midlands,FEB2024,Attended,Unknown,Unknown,1 Day,2205
71E,E38000238,NHS Lincolnshire ICB - 71E,E54000013,NHS Lincolnshire Integrated Care Board,E40000011,Midlands,FEB2024,Attended,Unknown,Unknown,15  to 21 Days,519
71E,E38000238,NHS Lincolnshire ICB - 71E,E54000013,NHS Lincolnshire Integrated Care Board,E40000011,Midlands,FEB2024,Attended,Unknown,Unknown,2 to 7 Days,2735
71E,E38000238,NHS Lincolnshire ICB - 71E,E54000013,NHS Lincolnshire Integrated Care Board,E40000011,Midlands,FEB2024,Attended,Unknown,Unknown,22  to 28 Days,249
71E,E38000238,NHS Lincolnshire ICB - 71E,E54000013,NHS Lincolnshire Integrated Care Board,E40000011,Midlands,FEB2024,Attended,Unknown,Unknown,8  to 14 Days,960
71E,E38000238,NHS Lincolnshire ICB - 71E,E54000013,NHS Lincolnshire Integrated Care Board,E40000011,Midlands,FEB2024,Attended,Unknown,Unknown,More than 28 Days,190
71E,E38000238,NHS Lincolnshire ICB - 71E,E54000013,NHS Lincolnshire Integrated Care Board,E40000011,Midlands,FEB2024,Attended,Unknown,Unknown,Same Day,10940
71E,E38000238,NHS Lincolnshire ICB - 71E,E54000013,NHS Lincolnshire Integrated Care Board,E40000011,Midlands,FEB2024,Attended,Unknown,Unknown,Unknown / Data Quality,33
71E,E38000238,NHS Lincolnshire ICB - 71E,E54000013,NHS Lincolnshire Integrated Care Board,E40000011,Midlands,FEB2024,DNA,GP,Face-to-Face,1 Day,168
71E,E38000238,NHS Lincolnshire ICB - 71E,E54000013,NHS Lincolnshire Integrated Care Board,E40000011,Midlands,FEB2024,DNA,GP,Face-to-Face,15  to 21 Days,208
71E,E38000238,NHS Lincolnshire ICB - 71E,E54000013,NHS Lincolnshire Integrated Care Board,E40000011,Midlands,FEB2024,DNA,GP,Face-to-Face,2 to 7 Days,400
71E,E38000238,NHS Lincolnshire ICB - 71E,E54000013,NHS Lincolnshire Integrated Care Board,E40000011,Midlands,FEB2024,DNA,GP,Face-to-Face,22  to 28 Days,127
71E,E38000238,NHS Lincolnshire ICB - 71E,E54000013,NHS Lincolnshire Integrated Care Board,E40000011,Midlands,FEB2024,DNA,GP,Face-to-Face,8  to 14 Days,340
71E,E38000238,NHS Lincolnshire ICB - 71E,E54000013,NHS Lincolnshire Integrated Care Board,E40000011,Midlands,FEB2024,DNA,GP,Face-to-Face,More than 28 Days,118
71E,E38000238,NHS Lincolnshire ICB - 71E,E54000013,NHS Lincolnshire Integrated Care Board,E40000011,Midlands,FEB2024,DNA,GP,Face-to-Face,Same Day,564
71E,E38000238,NHS Lincolnshire ICB - 71E,E54000013,NHS Lincolnshire Integrated Care Board,E40000011,Midlands,FEB2024,DNA,GP,Home Visit,1 Day,1
71E,E38000238,NHS Lincolnshire ICB - 71E,E54000013,NHS Lincolnshire Integrated Care Board,E40000011,Midlands,FEB2024,DNA,GP,Home Visit,2 to 7 Days,1
71E,E38000238,NHS Lincolnshire ICB - 71E,E54000013,NHS Lincolnshire Integrated Care Board,E40000011,Midlands,FEB2024,DNA,GP,Home Visit,Same Day,4
71E,E38000238,NHS Lincolnshire ICB - 71E,E54000013,NHS Lincolnshire Integrated Care Board,E40000011,Midlands,FEB2024,DNA,GP,Telephone,1 Day,23
71E,E38000238,NHS Lincolnshire ICB - 71E,E54000013,NHS Lincolnshire Integrated Care Board,E40000011,Midlands,FEB2024,DNA,GP,Telephone,15  to 21 Days,33
71E,E38000238,NHS Lincolnshire ICB - 71E,E54000013,NHS Lincolnshire Integrated Care Board,E40000011,Midlands,FEB2024,DNA,GP,Telephone,2 to 7 Days,51
71E,E38000238,NHS Lincolnshire ICB - 71E,E54000013,NHS Lincolnshire Integrated Care Board,E40000011,Midlands,FEB2024,DNA,GP,Telephone,22  to 28 Days,26
71E,E38000238,NHS Lincolnshire ICB - 71E,E54000013,NHS Lincolnshire Integrated Care Board,E40000011,Midlands,FEB2024,DNA,GP,Telephone,8  to 14 Days,57
71E,E38000238,NHS Lincolnshire ICB - 71E,E54000013,NHS Lincolnshire Integrated Care Board,E40000011,Midlands,FEB2024,DNA,GP,Telephone,More than 28 Days,26
71E,E38000238,NHS Lincolnshire ICB - 71E,E54000013,NHS Lincolnshire Integrated Care Board,E40000011,Midlands,FEB2024,DNA,GP,Telephone,Same Day,130
71E,E38000238,NHS Lincolnshire ICB - 71E,E54000013,NHS Lincolnshire Integrated Care Board,E40000011,Midlands,FEB2024,DNA,GP,Unknown,1 Day,4
71E,E38000238,NHS Lincolnshire ICB - 71E,E54000013,NHS Lincolnshire Integrated Care Board,E40000011,Midlands,FEB2024,DNA,GP,Unknown,2 to 7 Days,10
71E,E38000238,NHS Lincolnshire ICB - 71E,E54000013,NHS Lincolnshire Integrated Care Board,E40000011,Midlands,FEB2024,DNA,GP,Unknown,8  to 14 Days,2
71E,E38000238,NHS Lincolnshire ICB - 71E,E54000013,NHS Lincolnshire Integrated Care Board,E40000011,Midlands,FEB2024,DNA,GP,Unknown,Same Day,5
71E,E38000238,NHS Lincolnshire ICB - 71E,E54000013,NHS Lincolnshire Integrated Care Board,E40000011,Midlands,FEB2024,DNA,GP,Video/Online,1 Day,14
71E,E38000238,NHS Lincolnshire ICB - 71E,E54000013,NHS Lincolnshire Integrated Care Board,E40000011,Midlands,FEB2024,DNA,GP,Video/Online,2 to 7 Days,8
71E,E38000238,NHS Lincolnshire ICB - 71E,E54000013,NHS Lincolnshire Integrated Care Board,E40000011,Midlands,FEB2024,DNA,GP,Video/Online,22  to 28 Days,2
71E,E38000238,NHS Lincolnshire ICB - 71E,E54000013,NHS Lincolnshire Integrated Care Board,E40000011,Midlands,FEB2024,DNA,GP,Video/Online,8  to 14 Days,5
71E,E38000238,NHS Lincolnshire ICB - 71E,E54000013,NHS Lincolnshire Integrated Care Board,E40000011,Midlands,FEB2024,DNA,GP,Video/Online,Same Day,77
71E,E38000238,NHS Lincolnshire ICB - 71E,E54000013,NHS Lincolnshire Integrated Care Board,E40000011,Midlands,FEB2024,DNA,Other Practice staff,Face-to-Face,1 Day,461
71E,E38000238,NHS Lincolnshire ICB - 71E,E54000013,NHS Lincolnshire Integrated Care Board,E40000011,Midlands,FEB2024,DNA,Other Practice staff,Face-to-Face,15  to 21 Days,1656
71E,E38000238,NHS Lincolnshire ICB - 71E,E54000013,NHS Lincolnshire Integrated Care Board,E40000011,Midlands,FEB2024,DNA,Other Practice staff,Face-to-Face,2 to 7 Days,2156
71E,E38000238,NHS Lincolnshire ICB - 71E,E54000013,NHS Lincolnshire Integrated Care Board,E40000011,Midlands,FEB2024,DNA,Other Practice staff,Face-to-Face,22  to 28 Days,1146
71E,E38000238,NHS Lincolnshire ICB - 71E,E54000013,NHS Lincolnshire Integrated Care Board,E40000011,Midlands,FEB2024,DNA,Other Practice staff,Face-to-Face,8  to 14 Days,2565
71E,E38000238,NHS Lincolnshire ICB - 71E,E54000013,NHS Lincolnshire Integrated Care Board,E40000011,Midlands,FEB2024,DNA,Other Practice staff,Face-to-Face,More than 28 Days,1405
71E,E38000238,NHS Lincolnshire ICB - 71E,E54000013,NHS Lincolnshire Integrated Care Board,E40000011,Midlands,FEB2024,DNA,Other Practice staff,Face-to-Face,Same Day,813
71E,E38000238,NHS Lincolnshire ICB - 71E,E54000013,NHS Lincolnshire Integrated Care Board,E40000011,Midlands,FEB2024,DNA,Other Practice staff,Home Visit,1 Day,12
71E,E38000238,NHS Lincolnshire ICB - 71E,E54000013,NHS Lincolnshire Integrated Care Board,E40000011,Midlands,FEB2024,DNA,Other Practice staff,Home Visit,15  to 21 Days,3
71E,E38000238,NHS Lincolnshire ICB - 71E,E54000013,NHS Lincolnshire Integrated Care Board,E40000011,Midlands,FEB2024,DNA,Other Practice staff,Home Visit,2 to 7 Days,43
71E,E38000238,NHS Lincolnshire ICB - 71E,E54000013,NHS Lincolnshire Integrated Care Board,E40000011,Midlands,FEB2024,DNA,Other Practice staff,Home Visit,22  to 28 Days,1
71E,E38000238,NHS Lincolnshire ICB - 71E,E54000013,NHS Lincolnshire Integrated Care Board,E40000011,Midlands,FEB2024,DNA,Other Practice staff,Home Visit,8  to 14 Days,45
71E,E38000238,NHS Lincolnshire ICB - 71E,E54000013,NHS Lincolnshire Integrated Care Board,E40000011,Midlands,FEB2024,DNA,Other Practice staff,Home Visit,Same Day,41
71E,E38000238,NHS Lincolnshire ICB - 71E,E54000013,NHS Lincolnshire Integrated Care Board,E40000011,Midlands,FEB2024,DNA,Other Practice staff,Telephone,1 Day,36
71E,E38000238,NHS Lincolnshire ICB - 71E,E54000013,NHS Lincolnshire Integrated Care Board,E40000011,Midlands,FEB2024,DNA,Other Practice staff,Telephone,15  to 21 Days,134
71E,E38000238,NHS Lincolnshire ICB - 71E,E54000013,NHS Lincolnshire Integrated Care Board,E40000011,Midlands,FEB2024,DNA,Other Practice staff,Telephone,2 to 7 Days,162
71E,E38000238,NHS Lincolnshire ICB - 71E,E54000013,NHS Lincolnshire Integrated Care Board,E40000011,Midlands,FEB2024,DNA,Other Practice staff,Telephone,22  to 28 Days,78
71E,E38000238,NHS Lincolnshire ICB - 71E,E54000013,NHS Lincolnshire Integrated Care Board,E40000011,Midlands,FEB2024,DNA,Other Practice staff,Telephone,8  to 14 Days,145
71E,E38000238,NHS Lincolnshire ICB - 71E,E54000013,NHS Lincolnshire Integrated Care Board,E40000011,Midlands,FEB2024,DNA,Other Practice staff,Telephone,More than 28 Days,167
71E,E38000238,NHS Lincolnshire ICB - 71E,E54000013,NHS Lincolnshire Integrated Care Board,E40000011,Midlands,FEB2024,DNA,Other Practice staff,Telephone,Same Day,133
71E,E38000238,NHS Lincolnshire ICB - 71E,E54000013,NHS Lincolnshire Integrated Care Board,E40000011,Midlands,FEB2024,DNA,Other Practice staff,Unknown,1 Day,10
71E,E38000238,NHS Lincolnshire ICB - 71E,E54000013,NHS Lincolnshire Integrated Care Board,E40000011,Midlands,FEB2024,DNA,Other Practice staff,Unknown,15  to 21 Days,12
71E,E38000238,NHS Lincolnshire ICB - 71E,E54000013,NHS Lincolnshire Integrated Care Board,E40000011,Midlands,FEB2024,DNA,Other Practice staff,Unknown,2 to 7 Days,41
71E,E38000238,NHS Lincolnshire ICB - 71E,E54000013,NHS Lincolnshire Integrated Care Board,E40000011,Midlands,FEB2024,DNA,Other Practice staff,Unknown,22  to 28 Days,15
71E,E38000238,NHS Lincolnshire ICB - 71E,E54000013,NHS Lincolnshire Integrated Care Board,E40000011,Midlands,FEB2024,DNA,Other Practice staff,Unknown,8  to 14 Days,27
71E,E38000238,NHS Lincolnshire ICB - 71E,E54000013,NHS Lincolnshire Integrated Care Board,E40000011,Midlands,FEB2024,DNA,Other Practice staff,Unknown,More than 28 Days,16
71E,E38000238,NHS Lincolnshire ICB - 71E,E54000013,NHS Lincolnshire Integrated Care Board,E40000011,Midlands,FEB2024,DNA,Other Practice staff,Unknown,Same Day,22
71E,E38000238,NHS Lincolnshire ICB - 71E,E54000013,NHS Lincolnshire Integrated Care Board,E40000011,Midlands,FEB2024,DNA,Other Practice staff,Video/Online,1 Day,2
71E,E38000238,NHS Lincolnshire ICB - 71E,E54000013,NHS Lincolnshire Integrated Care Board,E40000011,Midlands,FEB2024,DNA,Other Practice staff,Video/Online,15  to 21 Days,1
71E,E38000238,NHS Lincolnshire ICB - 71E,E54000013,NHS Lincolnshire Integrated Care Board,E40000011,Midlands,FEB2024,DNA,Other Practice staff,Video/Online,2 to 7 Days,6
71E,E38000238,NHS Lincolnshire ICB - 71E,E54000013,NHS Lincolnshire Integrated Care Board,E40000011,Midlands,FEB2024,DNA,Other Practice staff,Video/Online,8  to 14 Days,3
71E,E38000238,NHS Lincolnshire ICB - 71E,E54000013,NHS Lincolnshire Integrated Care Board,E40000011,Midlands,FEB2024,DNA,Other Practice staff,Video/Online,More than 28 Days,3
71E,E38000238,NHS Lincolnshire ICB - 71E,E54000013,NHS Lincolnshire Integrated Care Board,E40000011,Midlands,FEB2024,DNA,Other Practice staff,Video/Online,Same Day,22
71E,E38000238,NHS Lincolnshire ICB - 71E,E54000013,NHS Lincolnshire Integrated Care Board,E40000011,Midlands,FEB2024,DNA,Unknown,Unknown,1 Day,32
71E,E38000238,NHS Lincolnshire ICB - 71E,E54000013,NHS Lincolnshire Integrated Care Board,E40000011,Midlands,FEB2024,DNA,Unknown,Unknown,15  to 21 Days,28
71E,E38000238,NHS Lincolnshire ICB - 71E,E54000013,NHS Lincolnshire Integrated Care Board,E40000011,Midlands,FEB2024,DNA,Unknown,Unknown,2 to 7 Days,68
71E,E38000238,NHS Lincolnshire ICB - 71E,E54000013,NHS Lincolnshire Integrated Care Board,E40000011,Midlands,FEB2024,DNA,Unknown,Unknown,22  to 28 Days,13
71E,E38000238,NHS Lincolnshire ICB - 71E,E54000013,NHS Lincolnshire Integrated Care Board,E40000011,Midlands,FEB2024,DNA,Unknown,Unknown,8  to 14 Days,49
71E,E38000238,NHS Lincolnshire ICB - 71E,E54000013,NHS Lincolnshire Integrated Care Board,E40000011,Midlands,FEB2024,DNA,Unknown,Unknown,More than 28 Days,21
71E,E38000238,NHS Lincolnshire ICB - 71E,E54000013,NHS Lincolnshire Integrated Care Board,E40000011,Midlands,FEB2024,DNA,Unknown,Unknown,Same Day,51
71E,E38000238,NHS Lincolnshire ICB - 71E,E54000013,NHS Lincolnshire Integrated Care Board,E40000011,Midlands,FEB2024,Unknown,GP,Face-to-Face,1 Day,119
71E,E38000238,NHS Lincolnshire ICB - 71E,E54000013,NHS Lincolnshire Integrated Care Board,E40000011,Midlands,FEB2024,Unknown,GP,Face-to-Face,15  to 21 Days,419
71E,E38000238,NHS Lincolnshire ICB - 71E,E54000013,NHS Lincolnshire Integrated Care Board,E40000011,Midlands,FEB2024,Unknown,GP,Face-to-Face,2 to 7 Days,624
71E,E38000238,NHS Lincolnshire ICB - 71E,E54000013,NHS Lincolnshire Integrated Care Board,E40000011,Midlands,FEB2024,Unknown,GP,Face-to-Face,22  to 28 Days,346
71E,E38000238,NHS Lincolnshire ICB - 71E,E54000013,NHS Lincolnshire Integrated Care Board,E40000011,Midlands,FEB2024,Unknown,GP,Face-to-Face,8  to 14 Days,632
71E,E38000238,NHS Lincolnshire ICB - 71E,E54000013,NHS Lincolnshire Integrated Care Board,E40000011,Midlands,FEB2024,Unknown,GP,Face-to-Face,More than 28 Days,330
71E,E38000238,NHS Lincolnshire ICB - 71E,E54000013,NHS Lincolnshire Integrated Care Board,E40000011,Midlands,FEB2024,Unknown,GP,Face-to-Face,Same Day,399
71E,E38000238,NHS Lincolnshire ICB - 71E,E54000013,NHS Lincolnshire Integrated Care Board,E40000011,Midlands,FEB2024,Unknown,GP,Face-to-Face,Unknown / Data Quality,2
71E,E38000238,NHS Lincolnshire ICB - 71E,E54000013,NHS Lincolnshire Integrated Care Board,E40000011,Midlands,FEB2024,Unknown,GP,Home Visit,1 Day,8
71E,E38000238,NHS Lincolnshire ICB - 71E,E54000013,NHS Lincolnshire Integrated Care Board,E40000011,Midlands,FEB2024,Unknown,GP,Home Visit,2 to 7 Days,8
71E,E38000238,NHS Lincolnshire ICB - 71E,E54000013,NHS Lincolnshire Integrated Care Board,E40000011,Midlands,FEB2024,Unknown,GP,Home Visit,More than 28 Days,1
71E,E38000238,NHS Lincolnshire ICB - 71E,E54000013,NHS Lincolnshire Integrated Care Board,E40000011,Midlands,FEB2024,Unknown,GP,Home Visit,Same Day,28
71E,E38000238,NHS Lincolnshire ICB - 71E,E54000013,NHS Lincolnshire Integrated Care Board,E40000011,Midlands,FEB2024,Unknown,GP,Home Visit,Unknown / Data Quality,1
71E,E38000238,NHS Lincolnshire ICB - 71E,E54000013,NHS Lincolnshire Integrated Care Board,E40000011,Midlands,FEB2024,Unknown,GP,Telephone,1 Day,71
71E,E38000238,NHS Lincolnshire ICB - 71E,E54000013,NHS Lincolnshire Integrated Care Board,E40000011,Midlands,FEB2024,Unknown,GP,Telephone,15  to 21 Days,278
71E,E38000238,NHS Lincolnshire ICB - 71E,E54000013,NHS Lincolnshire Integrated Care Board,E40000011,Midlands,FEB2024,Unknown,GP,Telephone,2 to 7 Days,302
71E,E38000238,NHS Lincolnshire ICB - 71E,E54000013,NHS Lincolnshire Integrated Care Board,E40000011,Midlands,FEB2024,Unknown,GP,Telephone,22  to 28 Days,209
71E,E38000238,NHS Lincolnshire ICB - 71E,E54000013,NHS Lincolnshire Integrated Care Board,E40000011,Midlands,FEB2024,Unknown,GP,Telephone,8  to 14 Days,341
71E,E38000238,NHS Lincolnshire ICB - 71E,E54000013,NHS Lincolnshire Integrated Care Board,E40000011,Midlands,FEB2024,Unknown,GP,Telephone,More than 28 Days,236
71E,E38000238,NHS Lincolnshire ICB - 71E,E54000013,NHS Lincolnshire Integrated Care Board,E40000011,Midlands,FEB2024,Unknown,GP,Telephone,Same Day,183
71E,E38000238,NHS Lincolnshire ICB - 71E,E54000013,NHS Lincolnshire Integrated Care Board,E40000011,Midlands,FEB2024,Unknown,GP,Telephone,Unknown / Data Quality,1
71E,E38000238,NHS Lincolnshire ICB - 71E,E54000013,NHS Lincolnshire Integrated Care Board,E40000011,Midlands,FEB2024,Unknown,GP,Unknown,1 Day,9
71E,E38000238,NHS Lincolnshire ICB - 71E,E54000013,NHS Lincolnshire Integrated Care Board,E40000011,Midlands,FEB2024,Unknown,GP,Unknown,15  to 21 Days,41
71E,E38000238,NHS Lincolnshire ICB - 71E,E54000013,NHS Lincolnshire Integrated Care Board,E40000011,Midlands,FEB2024,Unknown,GP,Unknown,2 to 7 Days,41
71E,E38000238,NHS Lincolnshire ICB - 71E,E54000013,NHS Lincolnshire Integrated Care Board,E40000011,Midlands,FEB2024,Unknown,GP,Unknown,22  to 28 Days,16
71E,E38000238,NHS Lincolnshire ICB - 71E,E54000013,NHS Lincolnshire Integrated Care Board,E40000011,Midlands,FEB2024,Unknown,GP,Unknown,8  to 14 Days,53
71E,E38000238,NHS Lincolnshire ICB - 71E,E54000013,NHS Lincolnshire Integrated Care Board,E40000011,Midlands,FEB2024,Unknown,GP,Unknown,More than 28 Days,16
71E,E38000238,NHS Lincolnshire ICB - 71E,E54000013,NHS Lincolnshire Integrated Care Board,E40000011,Midlands,FEB2024,Unknown,GP,Unknown,Same Day,70
71E,E38000238,NHS Lincolnshire ICB - 71E,E54000013,NHS Lincolnshire Integrated Care Board,E40000011,Midlands,FEB2024,Unknown,GP,Video/Online,1 Day,127
71E,E38000238,NHS Lincolnshire ICB - 71E,E54000013,NHS Lincolnshire Integrated Care Board,E40000011,Midlands,FEB2024,Unknown,GP,Video/Online,15  to 21 Days,55
71E,E38000238,NHS Lincolnshire ICB - 71E,E54000013,NHS Lincolnshire Integrated Care Board,E40000011,Midlands,FEB2024,Unknown,GP,Video/Online,2 to 7 Days,95
71E,E38000238,NHS Lincolnshire ICB - 71E,E54000013,NHS Lincolnshire Integrated Care Board,E40000011,Midlands,FEB2024,Unknown,GP,Video/Online,22  to 28 Days,26
71E,E38000238,NHS Lincolnshire ICB - 71E,E54000013,NHS Lincolnshire Integrated Care Board,E40000011,Midlands,FEB2024,Unknown,GP,Video/Online,8  to 14 Days,64
71E,E38000238,NHS Lincolnshire ICB - 71E,E54000013,NHS Lincolnshire Integrated Care Board,E40000011,Midlands,FEB2024,Unknown,GP,Video/Online,More than 28 Days,10
71E,E38000238,NHS Lincolnshire ICB - 71E,E54000013,NHS Lincolnshire Integrated Care Board,E40000011,Midlands,FEB2024,Unknown,GP,Video/Online,Same Day,93
71E,E38000238,NHS Lincolnshire ICB - 71E,E54000013,NHS Lincolnshire Integrated Care Board,E40000011,Midlands,FEB2024,Unknown,Other Practice staff,Face-to-Face,1 Day,245
71E,E38000238,NHS Lincolnshire ICB - 71E,E54000013,NHS Lincolnshire Integrated Care Board,E40000011,Midlands,FEB2024,Unknown,Other Practice staff,Face-to-Face,15  to 21 Days,2585
71E,E38000238,NHS Lincolnshire ICB - 71E,E54000013,NHS Lincolnshire Integrated Care Board,E40000011,Midlands,FEB2024,Unknown,Other Practice staff,Face-to-Face,2 to 7 Days,1780
71E,E38000238,NHS Lincolnshire ICB - 71E,E54000013,NHS Lincolnshire Integrated Care Board,E40000011,Midlands,FEB2024,Unknown,Other Practice staff,Face-to-Face,22  to 28 Days,1856
71E,E38000238,NHS Lincolnshire ICB - 71E,E54000013,NHS Lincolnshire Integrated Care Board,E40000011,Midlands,FEB2024,Unknown,Other Practice staff,Face-to-Face,8  to 14 Days,3423
71E,E38000238,NHS Lincolnshire ICB - 71E,E54000013,NHS Lincolnshire Integrated Care Board,E40000011,Midlands,FEB2024,Unknown,Other Practice staff,Face-to-Face,More than 28 Days,2962
71E,E38000238,NHS Lincolnshire ICB - 71E,E54000013,NHS Lincolnshire Integrated Care Board,E40000011,Midlands,FEB2024,Unknown,Other Practice staff,Face-to-Face,Same Day,704
71E,E38000238,NHS Lincolnshire ICB - 71E,E54000013,NHS Lincolnshire Integrated Care Board,E40000011,Midlands,FEB2024,Unknown,Other Practice staff,Face-to-Face,Unknown / Data Quality,6
71E,E38000238,NHS Lincolnshire ICB - 71E,E54000013,NHS Lincolnshire Integrated Care Board,E40000011,Midlands,FEB2024,Unknown,Other Practice staff,Home Visit,1 Day,8
71E,E38000238,NHS Lincolnshire ICB - 71E,E54000013,NHS Lincolnshire Integrated Care Board,E40000011,Midlands,FEB2024,Unknown,Other Practice staff,Home Visit,15  to 21 Days,81
71E,E38000238,NHS Lincolnshire ICB - 71E,E54000013,NHS Lincolnshire Integrated Care Board,E40000011,Midlands,FEB2024,Unknown,Other Practice staff,Home Visit,2 to 7 Days,105
71E,E38000238,NHS Lincolnshire ICB - 71E,E54000013,NHS Lincolnshire Integrated Care Board,E40000011,Midlands,FEB2024,Unknown,Other Practice staff,Home Visit,22  to 28 Days,65
71E,E38000238,NHS Lincolnshire ICB - 71E,E54000013,NHS Lincolnshire Integrated Care Board,E40000011,Midlands,FEB2024,Unknown,Other Practice staff,Home Visit,8  to 14 Days,119
71E,E38000238,NHS Lincolnshire ICB - 71E,E54000013,NHS Lincolnshire Integrated Care Board,E40000011,Midlands,FEB2024,Unknown,Other Practice staff,Home Visit,More than 28 Days,144
71E,E38000238,NHS Lincolnshire ICB - 71E,E54000013,NHS Lincolnshire Integrated Care Board,E40000011,Midlands,FEB2024,Unknown,Other Practice staff,Home Visit,Same Day,25
71E,E38000238,NHS Lincolnshire ICB - 71E,E54000013,NHS Lincolnshire Integrated Care Board,E40000011,Midlands,FEB2024,Unknown,Other Practice staff,Home Visit,Unknown / Data Quality,3
71E,E38000238,NHS Lincolnshire ICB - 71E,E54000013,NHS Lincolnshire Integrated Care Board,E40000011,Midlands,FEB2024,Unknown,Other Practice staff,Telephone,1 Day,143
71E,E38000238,NHS Lincolnshire ICB - 71E,E54000013,NHS Lincolnshire Integrated Care Board,E40000011,Midlands,FEB2024,Unknown,Other Practice staff,Telephone,15  to 21 Days,352
71E,E38000238,NHS Lincolnshire ICB - 71E,E54000013,NHS Lincolnshire Integrated Care Board,E40000011,Midlands,FEB2024,Unknown,Other Practice staff,Telephone,2 to 7 Days,511
71E,E38000238,NHS Lincolnshire ICB - 71E,E54000013,NHS Lincolnshire Integrated Care Board,E40000011,Midlands,FEB2024,Unknown,Other Practice staff,Telephone,22  to 28 Days,250
71E,E38000238,NHS Lincolnshire ICB - 71E,E54000013,NHS Lincolnshire Integrated Care Board,E40000011,Midlands,FEB2024,Unknown,Other Practice staff,Telephone,8  to 14 Days,496
71E,E38000238,NHS Lincolnshire ICB - 71E,E54000013,NHS Lincolnshire Integrated Care Board,E40000011,Midlands,FEB2024,Unknown,Other Practice staff,Telephone,More than 28 Days,304
71E,E38000238,NHS Lincolnshire ICB - 71E,E54000013,NHS Lincolnshire Integrated Care Board,E40000011,Midlands,FEB2024,Unknown,Other Practice staff,Telephone,Same Day,506
71E,E38000238,NHS Lincolnshire ICB - 71E,E54000013,NHS Lincolnshire Integrated Care Board,E40000011,Midlands,FEB2024,Unknown,Other Practice staff,Telephone,Unknown / Data Quality,9
71E,E38000238,NHS Lincolnshire ICB - 71E,E54000013,NHS Lincolnshire Integrated Care Board,E40000011,Midlands,FEB2024,Unknown,Other Practice staff,Unknown,1 Day,22
71E,E38000238,NHS Lincolnshire ICB - 71E,E54000013,NHS Lincolnshire Integrated Care Board,E40000011,Midlands,FEB2024,Unknown,Other Practice staff,Unknown,15  to 21 Days,249
71E,E38000238,NHS Lincolnshire ICB - 71E,E54000013,NHS Lincolnshire Integrated Care Board,E40000011,Midlands,FEB2024,Unknown,Other Practice staff,Unknown,2 to 7 Days,200
71E,E38000238,NHS Lincolnshire ICB - 71E,E54000013,NHS Lincolnshire Integrated Care Board,E40000011,Midlands,FEB2024,Unknown,Other Practice staff,Unknown,22  to 28 Days,159
71E,E38000238,NHS Lincolnshire ICB - 71E,E54000013,NHS Lincolnshire Integrated Care Board,E40000011,Midlands,FEB2024,Unknown,Other Practice staff,Unknown,8  to 14 Days,323
71E,E38000238,NHS Lincolnshire ICB - 71E,E54000013,NHS Lincolnshire Integrated Care Board,E40000011,Midlands,FEB2024,Unknown,Other Practice staff,Unknown,More than 28 Days,263
71E,E38000238,NHS Lincolnshire ICB - 71E,E54000013,NHS Lincolnshire Integrated Care Board,E40000011,Midlands,FEB2024,Unknown,Other Practice staff,Unknown,Same Day,7
71E,E38000238,NHS Lincolnshire ICB - 71E,E54000013,NHS Lincolnshire Integrated Care Board,E40000011,Midlands,FEB2024,Unknown,Other Practice staff,Video/Online,15  to 21 Days,5
71E,E38000238,NHS Lincolnshire ICB - 71E,E54000013,NHS Lincolnshire Integrated Care Board,E40000011,Midlands,FEB2024,Unknown,Other Practice staff,Video/Online,2 to 7 Days,9
71E,E38000238,NHS Lincolnshire ICB - 71E,E54000013,NHS Lincolnshire Integrated Care Board,E40000011,Midlands,FEB2024,Unknown,Other Practice staff,Video/Online,22  to 28 Days,6
71E,E38000238,NHS Lincolnshire ICB - 71E,E54000013,NHS Lincolnshire Integrated Care Board,E40000011,Midlands,FEB2024,Unknown,Other Practice staff,Video/Online,8  to 14 Days,57
71E,E38000238,NHS Lincolnshire ICB - 71E,E54000013,NHS Lincolnshire Integrated Care Board,E40000011,Midlands,FEB2024,Unknown,Other Practice staff,Video/Online,More than 28 Days,8
71E,E38000238,NHS Lincolnshire ICB - 71E,E54000013,NHS Lincolnshire Integrated Care Board,E40000011,Midlands,FEB2024,Unknown,Other Practice staff,Video/Online,Same Day,1
71E,E38000238,NHS Lincolnshire ICB - 71E,E54000013,NHS Lincolnshire Integrated Care Board,E40000011,Midlands,FEB2024,Unknown,Unknown,Unknown,1 Day,33
71E,E38000238,NHS Lincolnshire ICB - 71E,E54000013,NHS Lincolnshire Integrated Care Board,E40000011,Midlands,FEB2024,Unknown,Unknown,Unknown,15  to 21 Days,211
71E,E38000238,NHS Lincolnshire ICB - 71E,E54000013,NHS Lincolnshire Integrated Care Board,E40000011,Midlands,FEB2024,Unknown,Unknown,Unknown,2 to 7 Days,203
71E,E38000238,NHS Lincolnshire ICB - 71E,E54000013,NHS Lincolnshire Integrated Care Board,E40000011,Midlands,FEB2024,Unknown,Unknown,Unknown,22  to 28 Days,139
71E,E38000238,NHS Lincolnshire ICB - 71E,E54000013,NHS Lincolnshire Integrated Care Board,E40000011,Midlands,FEB2024,Unknown,Unknown,Unknown,8  to 14 Days,182
71E,E38000238,NHS Lincolnshire ICB - 71E,E54000013,NHS Lincolnshire Integrated Care Board,E40000011,Midlands,FEB2024,Unknown,Unknown,Unknown,More than 28 Days,202
71E,E38000238,NHS Lincolnshire ICB - 71E,E54000013,NHS Lincolnshire Integrated Care Board,E40000011,Midlands,FEB2024,Unknown,Unknown,Unknown,Same Day,89
71E,E38000238,NHS Lincolnshire ICB - 71E,E54000013,NHS Lincolnshire Integrated Care Board,E40000011,Midlands,FEB2024,Unknown,Unknown,Unknown,Unknown / Data Quality,4
71E,E38000238,NHS Lincolnshire ICB - 71E,E54000013,NHS Lincolnshire Integrated Care Board,E40000011,Midlands,MAR2024,Attended,GP,Face-to-Face,1 Day,5215
71E,E38000238,NHS Lincolnshire ICB - 71E,E54000013,NHS Lincolnshire Integrated Care Board,E40000011,Midlands,MAR2024,Attended,GP,Face-to-Face,15  to 21 Days,3032
71E,E38000238,NHS Lincolnshire ICB - 71E,E54000013,NHS Lincolnshire Integrated Care Board,E40000011,Midlands,MAR2024,Attended,GP,Face-to-Face,2 to 7 Days,11456
71E,E38000238,NHS Lincolnshire ICB - 71E,E54000013,NHS Lincolnshire Integrated Care Board,E40000011,Midlands,MAR2024,Attended,GP,Face-to-Face,22  to 28 Days,2710
71E,E38000238,NHS Lincolnshire ICB - 71E,E54000013,NHS Lincolnshire Integrated Care Board,E40000011,Midlands,MAR2024,Attended,GP,Face-to-Face,8  to 14 Days,6532
71E,E38000238,NHS Lincolnshire ICB - 71E,E54000013,NHS Lincolnshire Integrated Care Board,E40000011,Midlands,MAR2024,Attended,GP,Face-to-Face,More than 28 Days,1923
71E,E38000238,NHS Lincolnshire ICB - 71E,E54000013,NHS Lincolnshire Integrated Care Board,E40000011,Midlands,MAR2024,Attended,GP,Face-to-Face,Same Day,56687
71E,E38000238,NHS Lincolnshire ICB - 71E,E54000013,NHS Lincolnshire Integrated Care Board,E40000011,Midlands,MAR2024,Attended,GP,Face-to-Face,Unknown / Data Quality,148
71E,E38000238,NHS Lincolnshire ICB - 71E,E54000013,NHS Lincolnshire Integrated Care Board,E40000011,Midlands,MAR2024,Attended,GP,Home Visit,1 Day,42
71E,E38000238,NHS Lincolnshire ICB - 71E,E54000013,NHS Lincolnshire Integrated Care Board,E40000011,Midlands,MAR2024,Attended,GP,Home Visit,15  to 21 Days,2
71E,E38000238,NHS Lincolnshire ICB - 71E,E54000013,NHS Lincolnshire Integrated Care Board,E40000011,Midlands,MAR2024,Attended,GP,Home Visit,2 to 7 Days,33
71E,E38000238,NHS Lincolnshire ICB - 71E,E54000013,NHS Lincolnshire Integrated Care Board,E40000011,Midlands,MAR2024,Attended,GP,Home Visit,22  to 28 Days,4
71E,E38000238,NHS Lincolnshire ICB - 71E,E54000013,NHS Lincolnshire Integrated Care Board,E40000011,Midlands,MAR2024,Attended,GP,Home Visit,8  to 14 Days,3
71E,E38000238,NHS Lincolnshire ICB - 71E,E54000013,NHS Lincolnshire Integrated Care Board,E40000011,Midlands,MAR2024,Attended,GP,Home Visit,More than 28 Days,1
71E,E38000238,NHS Lincolnshire ICB - 71E,E54000013,NHS Lincolnshire Integrated Care Board,E40000011,Midlands,MAR2024,Attended,GP,Home Visit,Same Day,549
71E,E38000238,NHS Lincolnshire ICB - 71E,E54000013,NHS Lincolnshire Integrated Care Board,E40000011,Midlands,MAR2024,Attended,GP,Telephone,1 Day,2778
71E,E38000238,NHS Lincolnshire ICB - 71E,E54000013,NHS Lincolnshire Integrated Care Board,E40000011,Midlands,MAR2024,Attended,GP,Telephone,15  to 21 Days,2701
71E,E38000238,NHS Lincolnshire ICB - 71E,E54000013,NHS Lincolnshire Integrated Care Board,E40000011,Midlands,MAR2024,Attended,GP,Telephone,2 to 7 Days,5637
71E,E38000238,NHS Lincolnshire ICB - 71E,E54000013,NHS Lincolnshire Integrated Care Board,E40000011,Midlands,MAR2024,Attended,GP,Telephone,22  to 28 Days,2289
71E,E38000238,NHS Lincolnshire ICB - 71E,E54000013,NHS Lincolnshire Integrated Care Board,E40000011,Midlands,MAR2024,Attended,GP,Telephone,8  to 14 Days,3503
71E,E38000238,NHS Lincolnshire ICB - 71E,E54000013,NHS Lincolnshire Integrated Care Board,E40000011,Midlands,MAR2024,Attended,GP,Telephone,More than 28 Days,675
71E,E38000238,NHS Lincolnshire ICB - 71E,E54000013,NHS Lincolnshire Integrated Care Board,E40000011,Midlands,MAR2024,Attended,GP,Telephone,Same Day,32169
71E,E38000238,NHS Lincolnshire ICB - 71E,E54000013,NHS Lincolnshire Integrated Care Board,E40000011,Midlands,MAR2024,Attended,GP,Telephone,Unknown / Data Quality,31
71E,E38000238,NHS Lincolnshire ICB - 71E,E54000013,NHS Lincolnshire Integrated Care Board,E40000011,Midlands,MAR2024,Attended,GP,Unknown,1 Day,20
71E,E38000238,NHS Lincolnshire ICB - 71E,E54000013,NHS Lincolnshire Integrated Care Board,E40000011,Midlands,MAR2024,Attended,GP,Unknown,15  to 21 Days,6
71E,E38000238,NHS Lincolnshire ICB - 71E,E54000013,NHS Lincolnshire Integrated Care Board,E40000011,Midlands,MAR2024,Attended,GP,Unknown,2 to 7 Days,49
71E,E38000238,NHS Lincolnshire ICB - 71E,E54000013,NHS Lincolnshire Integrated Care Board,E40000011,Midlands,MAR2024,Attended,GP,Unknown,22  to 28 Days,13
71E,E38000238,NHS Lincolnshire ICB - 71E,E54000013,NHS Lincolnshire Integrated Care Board,E40000011,Midlands,MAR2024,Attended,GP,Unknown,8  to 14 Days,16
71E,E38000238,NHS Lincolnshire ICB - 71E,E54000013,NHS Lincolnshire Integrated Care Board,E40000011,Midlands,MAR2024,Attended,GP,Unknown,More than 28 Days,37
71E,E38000238,NHS Lincolnshire ICB - 71E,E54000013,NHS Lincolnshire Integrated Care Board,E40000011,Midlands,MAR2024,Attended,GP,Unknown,Same Day,162
71E,E38000238,NHS Lincolnshire ICB - 71E,E54000013,NHS Lincolnshire Integrated Care Board,E40000011,Midlands,MAR2024,Attended,GP,Video/Online,1 Day,965
71E,E38000238,NHS Lincolnshire ICB - 71E,E54000013,NHS Lincolnshire Integrated Care Board,E40000011,Midlands,MAR2024,Attended,GP,Video/Online,15  to 21 Days,147
71E,E38000238,NHS Lincolnshire ICB - 71E,E54000013,NHS Lincolnshire Integrated Care Board,E40000011,Midlands,MAR2024,Attended,GP,Video/Online,2 to 7 Days,554
71E,E38000238,NHS Lincolnshire ICB - 71E,E54000013,NHS Lincolnshire Integrated Care Board,E40000011,Midlands,MAR2024,Attended,GP,Video/Online,22  to 28 Days,71
71E,E38000238,NHS Lincolnshire ICB - 71E,E54000013,NHS Lincolnshire Integrated Care Board,E40000011,Midlands,MAR2024,Attended,GP,Video/Online,8  to 14 Days,303
71E,E38000238,NHS Lincolnshire ICB - 71E,E54000013,NHS Lincolnshire Integrated Care Board,E40000011,Midlands,MAR2024,Attended,GP,Video/Online,More than 28 Days,84
71E,E38000238,NHS Lincolnshire ICB - 71E,E54000013,NHS Lincolnshire Integrated Care Board,E40000011,Midlands,MAR2024,Attended,GP,Video/Online,Same Day,9393
71E,E38000238,NHS Lincolnshire ICB - 71E,E54000013,NHS Lincolnshire Integrated Care Board,E40000011,Midlands,MAR2024,Attended,GP,Video/Online,Unknown / Data Quality,4
71E,E38000238,NHS Lincolnshire ICB - 71E,E54000013,NHS Lincolnshire Integrated Care Board,E40000011,Midlands,MAR2024,Attended,Other Practice staff,Face-to-Face,1 Day,9987
71E,E38000238,NHS Lincolnshire ICB - 71E,E54000013,NHS Lincolnshire Integrated Care Board,E40000011,Midlands,MAR2024,Attended,Other Practice staff,Face-to-Face,15  to 21 Days,21453
71E,E38000238,NHS Lincolnshire ICB - 71E,E54000013,NHS Lincolnshire Integrated Care Board,E40000011,Midlands,MAR2024,Attended,Other Practice staff,Face-to-Face,2 to 7 Days,34188
71E,E38000238,NHS Lincolnshire ICB - 71E,E54000013,NHS Lincolnshire Integrated Care Board,E40000011,Midlands,MAR2024,Attended,Other Practice staff,Face-to-Face,22  to 28 Days,15380
71E,E38000238,NHS Lincolnshire ICB - 71E,E54000013,NHS Lincolnshire Integrated Care Board,E40000011,Midlands,MAR2024,Attended,Other Practice staff,Face-to-Face,8  to 14 Days,33806
71E,E38000238,NHS Lincolnshire ICB - 71E,E54000013,NHS Lincolnshire Integrated Care Board,E40000011,Midlands,MAR2024,Attended,Other Practice staff,Face-to-Face,More than 28 Days,15474
71E,E38000238,NHS Lincolnshire ICB - 71E,E54000013,NHS Lincolnshire Integrated Care Board,E40000011,Midlands,MAR2024,Attended,Other Practice staff,Face-to-Face,Same Day,50080
71E,E38000238,NHS Lincolnshire ICB - 71E,E54000013,NHS Lincolnshire Integrated Care Board,E40000011,Midlands,MAR2024,Attended,Other Practice staff,Face-to-Face,Unknown / Data Quality,247
71E,E38000238,NHS Lincolnshire ICB - 71E,E54000013,NHS Lincolnshire Integrated Care Board,E40000011,Midlands,MAR2024,Attended,Other Practice staff,Home Visit,1 Day,362
71E,E38000238,NHS Lincolnshire ICB - 71E,E54000013,NHS Lincolnshire Integrated Care Board,E40000011,Midlands,MAR2024,Attended,Other Practice staff,Home Visit,15  to 21 Days,241
71E,E38000238,NHS Lincolnshire ICB - 71E,E54000013,NHS Lincolnshire Integrated Care Board,E40000011,Midlands,MAR2024,Attended,Other Practice staff,Home Visit,2 to 7 Days,1060
71E,E38000238,NHS Lincolnshire ICB - 71E,E54000013,NHS Lincolnshire Integrated Care Board,E40000011,Midlands,MAR2024,Attended,Other Practice staff,Home Visit,22  to 28 Days,170
71E,E38000238,NHS Lincolnshire ICB - 71E,E54000013,NHS Lincolnshire Integrated Care Board,E40000011,Midlands,MAR2024,Attended,Other Practice staff,Home Visit,8  to 14 Days,739
71E,E38000238,NHS Lincolnshire ICB - 71E,E54000013,NHS Lincolnshire Integrated Care Board,E40000011,Midlands,MAR2024,Attended,Other Practice staff,Home Visit,More than 28 Days,172
71E,E38000238,NHS Lincolnshire ICB - 71E,E54000013,NHS Lincolnshire Integrated Care Board,E40000011,Midlands,MAR2024,Attended,Other Practice staff,Home Visit,Same Day,1619
71E,E38000238,NHS Lincolnshire ICB - 71E,E54000013,NHS Lincolnshire Integrated Care Board,E40000011,Midlands,MAR2024,Attended,Other Practice staff,Home Visit,Unknown / Data Quality,18
71E,E38000238,NHS Lincolnshire ICB - 71E,E54000013,NHS Lincolnshire Integrated Care Board,E40000011,Midlands,MAR2024,Attended,Other Practice staff,Telephone,1 Day,5393
71E,E38000238,NHS Lincolnshire ICB - 71E,E54000013,NHS Lincolnshire Integrated Care Board,E40000011,Midlands,MAR2024,Attended,Other Practice staff,Telephone,15  to 21 Days,2596
71E,E38000238,NHS Lincolnshire ICB - 71E,E54000013,NHS Lincolnshire Integrated Care Board,E40000011,Midlands,MAR2024,Attended,Other Practice staff,Telephone,2 to 7 Days,8624
71E,E38000238,NHS Lincolnshire ICB - 71E,E54000013,NHS Lincolnshire Integrated Care Board,E40000011,Midlands,MAR2024,Attended,Other Practice staff,Telephone,22  to 28 Days,1788
71E,E38000238,NHS Lincolnshire ICB - 71E,E54000013,NHS Lincolnshire Integrated Care Board,E40000011,Midlands,MAR2024,Attended,Other Practice staff,Telephone,8  to 14 Days,4059
71E,E38000238,NHS Lincolnshire ICB - 71E,E54000013,NHS Lincolnshire Integrated Care Board,E40000011,Midlands,MAR2024,Attended,Other Practice staff,Telephone,More than 28 Days,3224
71E,E38000238,NHS Lincolnshire ICB - 71E,E54000013,NHS Lincolnshire Integrated Care Board,E40000011,Midlands,MAR2024,Attended,Other Practice staff,Telephone,Same Day,34972
71E,E38000238,NHS Lincolnshire ICB - 71E,E54000013,NHS Lincolnshire Integrated Care Board,E40000011,Midlands,MAR2024,Attended,Other Practice staff,Telephone,Unknown / Data Quality,32
71E,E38000238,NHS Lincolnshire ICB - 71E,E54000013,NHS Lincolnshire Integrated Care Board,E40000011,Midlands,MAR2024,Attended,Other Practice staff,Unknown,1 Day,6558
71E,E38000238,NHS Lincolnshire ICB - 71E,E54000013,NHS Lincolnshire Integrated Care Board,E40000011,Midlands,MAR2024,Attended,Other Practice staff,Unknown,15  to 21 Days,438
71E,E38000238,NHS Lincolnshire ICB - 71E,E54000013,NHS Lincolnshire Integrated Care Board,E40000011,Midlands,MAR2024,Attended,Other Practice staff,Unknown,2 to 7 Days,6799
71E,E38000238,NHS Lincolnshire ICB - 71E,E54000013,NHS Lincolnshire Integrated Care Board,E40000011,Midlands,MAR2024,Attended,Other Practice staff,Unknown,22  to 28 Days,279
71E,E38000238,NHS Lincolnshire ICB - 71E,E54000013,NHS Lincolnshire Integrated Care Board,E40000011,Midlands,MAR2024,Attended,Other Practice staff,Unknown,8  to 14 Days,1011
71E,E38000238,NHS Lincolnshire ICB - 71E,E54000013,NHS Lincolnshire Integrated Care Board,E40000011,Midlands,MAR2024,Attended,Other Practice staff,Unknown,More than 28 Days,391
71E,E38000238,NHS Lincolnshire ICB - 71E,E54000013,NHS Lincolnshire Integrated Care Board,E40000011,Midlands,MAR2024,Attended,Other Practice staff,Unknown,Same Day,34787
71E,E38000238,NHS Lincolnshire ICB - 71E,E54000013,NHS Lincolnshire Integrated Care Board,E40000011,Midlands,MAR2024,Attended,Other Practice staff,Video/Online,1 Day,326
71E,E38000238,NHS Lincolnshire ICB - 71E,E54000013,NHS Lincolnshire Integrated Care Board,E40000011,Midlands,MAR2024,Attended,Other Practice staff,Video/Online,15  to 21 Days,53
71E,E38000238,NHS Lincolnshire ICB - 71E,E54000013,NHS Lincolnshire Integrated Care Board,E40000011,Midlands,MAR2024,Attended,Other Practice staff,Video/Online,2 to 7 Days,323
71E,E38000238,NHS Lincolnshire ICB - 71E,E54000013,NHS Lincolnshire Integrated Care Board,E40000011,Midlands,MAR2024,Attended,Other Practice staff,Video/Online,22  to 28 Days,3
71E,E38000238,NHS Lincolnshire ICB - 71E,E54000013,NHS Lincolnshire Integrated Care Board,E40000011,Midlands,MAR2024,Attended,Other Practice staff,Video/Online,8  to 14 Days,94
71E,E38000238,NHS Lincolnshire ICB - 71E,E54000013,NHS Lincolnshire Integrated Care Board,E40000011,Midlands,MAR2024,Attended,Other Practice staff,Video/Online,More than 28 Days,2
71E,E38000238,NHS Lincolnshire ICB - 71E,E54000013,NHS Lincolnshire Integrated Care Board,E40000011,Midlands,MAR2024,Attended,Other Practice staff,Video/Online,Same Day,4219
71E,E38000238,NHS Lincolnshire ICB - 71E,E54000013,NHS Lincolnshire Integrated Care Board,E40000011,Midlands,MAR2024,Attended,Other Practice staff,Video/Online,Unknown / Data Quality,214
71E,E38000238,NHS Lincolnshire ICB - 71E,E54000013,NHS Lincolnshire Integrated Care Board,E40000011,Midlands,MAR2024,Attended,Unknown,Unknown,1 Day,2557
71E,E38000238,NHS Lincolnshire ICB - 71E,E54000013,NHS Lincolnshire Integrated Care Board,E40000011,Midlands,MAR2024,Attended,Unknown,Unknown,15  to 21 Days,407
71E,E38000238,NHS Lincolnshire ICB - 71E,E54000013,NHS Lincolnshire Integrated Care Board,E40000011,Midlands,MAR2024,Attended,Unknown,Unknown,2 to 7 Days,3044
71E,E38000238,NHS Lincolnshire ICB - 71E,E54000013,NHS Lincolnshire Integrated Care Board,E40000011,Midlands,MAR2024,Attended,Unknown,Unknown,22  to 28 Days,200
71E,E38000238,NHS Lincolnshire ICB - 71E,E54000013,NHS Lincolnshire Integrated Care Board,E40000011,Midlands,MAR2024,Attended,Unknown,Unknown,8  to 14 Days,1013
71E,E38000238,NHS Lincolnshire ICB - 71E,E54000013,NHS Lincolnshire Integrated Care Board,E40000011,Midlands,MAR2024,Attended,Unknown,Unknown,More than 28 Days,196
71E,E38000238,NHS Lincolnshire ICB - 71E,E54000013,NHS Lincolnshire Integrated Care Board,E40000011,Midlands,MAR2024,Attended,Unknown,Unknown,Same Day,13299
71E,E38000238,NHS Lincolnshire ICB - 71E,E54000013,NHS Lincolnshire Integrated Care Board,E40000011,Midlands,MAR2024,Attended,Unknown,Unknown,Unknown / Data Quality,98
71E,E38000238,NHS Lincolnshire ICB - 71E,E54000013,NHS Lincolnshire Integrated Care Board,E40000011,Midlands,MAR2024,DNA,GP,Face-to-Face,1 Day,160
71E,E38000238,NHS Lincolnshire ICB - 71E,E54000013,NHS Lincolnshire Integrated Care Board,E40000011,Midlands,MAR2024,DNA,GP,Face-to-Face,15  to 21 Days,186
71E,E38000238,NHS Lincolnshire ICB - 71E,E54000013,NHS Lincolnshire Integrated Care Board,E40000011,Midlands,MAR2024,DNA,GP,Face-to-Face,2 to 7 Days,400
71E,E38000238,NHS Lincolnshire ICB - 71E,E54000013,NHS Lincolnshire Integrated Care Board,E40000011,Midlands,MAR2024,DNA,GP,Face-to-Face,22  to 28 Days,134
71E,E38000238,NHS Lincolnshire ICB - 71E,E54000013,NHS Lincolnshire Integrated Care Board,E40000011,Midlands,MAR2024,DNA,GP,Face-to-Face,8  to 14 Days,359
71E,E38000238,NHS Lincolnshire ICB - 71E,E54000013,NHS Lincolnshire Integrated Care Board,E40000011,Midlands,MAR2024,DNA,GP,Face-to-Face,More than 28 Days,110
71E,E38000238,NHS Lincolnshire ICB - 71E,E54000013,NHS Lincolnshire Integrated Care Board,E40000011,Midlands,MAR2024,DNA,GP,Face-to-Face,Same Day,561
71E,E38000238,NHS Lincolnshire ICB - 71E,E54000013,NHS Lincolnshire Integrated Care Board,E40000011,Midlands,MAR2024,DNA,GP,Home Visit,1 Day,1
71E,E38000238,NHS Lincolnshire ICB - 71E,E54000013,NHS Lincolnshire Integrated Care Board,E40000011,Midlands,MAR2024,DNA,GP,Home Visit,Same Day,6
71E,E38000238,NHS Lincolnshire ICB - 71E,E54000013,NHS Lincolnshire Integrated Care Board,E40000011,Midlands,MAR2024,DNA,GP,Telephone,1 Day,18
71E,E38000238,NHS Lincolnshire ICB - 71E,E54000013,NHS Lincolnshire Integrated Care Board,E40000011,Midlands,MAR2024,DNA,GP,Telephone,15  to 21 Days,33
71E,E38000238,NHS Lincolnshire ICB - 71E,E54000013,NHS Lincolnshire Integrated Care Board,E40000011,Midlands,MAR2024,DNA,GP,Telephone,2 to 7 Days,61
71E,E38000238,NHS Lincolnshire ICB - 71E,E54000013,NHS Lincolnshire Integrated Care Board,E40000011,Midlands,MAR2024,DNA,GP,Telephone,22  to 28 Days,32
71E,E38000238,NHS Lincolnshire ICB - 71E,E54000013,NHS Lincolnshire Integrated Care Board,E40000011,Midlands,MAR2024,DNA,GP,Telephone,8  to 14 Days,45
71E,E38000238,NHS Lincolnshire ICB - 71E,E54000013,NHS Lincolnshire Integrated Care Board,E40000011,Midlands,MAR2024,DNA,GP,Telephone,More than 28 Days,18
71E,E38000238,NHS Lincolnshire ICB - 71E,E54000013,NHS Lincolnshire Integrated Care Board,E40000011,Midlands,MAR2024,DNA,GP,Telephone,Same Day,96
71E,E38000238,NHS Lincolnshire ICB - 71E,E54000013,NHS Lincolnshire Integrated Care Board,E40000011,Midlands,MAR2024,DNA,GP,Unknown,2 to 7 Days,2
71E,E38000238,NHS Lincolnshire ICB - 71E,E54000013,NHS Lincolnshire Integrated Care Board,E40000011,Midlands,MAR2024,DNA,GP,Unknown,8  to 14 Days,4
71E,E38000238,NHS Lincolnshire ICB - 71E,E54000013,NHS Lincolnshire Integrated Care Board,E40000011,Midlands,MAR2024,DNA,GP,Video/Online,1 Day,3
71E,E38000238,NHS Lincolnshire ICB - 71E,E54000013,NHS Lincolnshire Integrated Care Board,E40000011,Midlands,MAR2024,DNA,GP,Video/Online,2 to 7 Days,6
71E,E38000238,NHS Lincolnshire ICB - 71E,E54000013,NHS Lincolnshire Integrated Care Board,E40000011,Midlands,MAR2024,DNA,GP,Video/Online,22  to 28 Days,5
71E,E38000238,NHS Lincolnshire ICB - 71E,E54000013,NHS Lincolnshire Integrated Care Board,E40000011,Midlands,MAR2024,DNA,GP,Video/Online,8  to 14 Days,3
71E,E38000238,NHS Lincolnshire ICB - 71E,E54000013,NHS Lincolnshire Integrated Care Board,E40000011,Midlands,MAR2024,DNA,GP,Video/Online,Same Day,31
71E,E38000238,NHS Lincolnshire ICB - 71E,E54000013,NHS Lincolnshire Integrated Care Board,E40000011,Midlands,MAR2024,DNA,Other Practice staff,Face-to-Face,1 Day,416
71E,E38000238,NHS Lincolnshire ICB - 71E,E54000013,NHS Lincolnshire Integrated Care Board,E40000011,Midlands,MAR2024,DNA,Other Practice staff,Face-to-Face,15  to 21 Days,1672
71E,E38000238,NHS Lincolnshire ICB - 71E,E54000013,NHS Lincolnshire Integrated Care Board,E40000011,Midlands,MAR2024,DNA,Other Practice staff,Face-to-Face,2 to 7 Days,1933
71E,E38000238,NHS Lincolnshire ICB - 71E,E54000013,NHS Lincolnshire Integrated Care Board,E40000011,Midlands,MAR2024,DNA,Other Practice staff,Face-to-Face,22  to 28 Days,1178
71E,E38000238,NHS Lincolnshire ICB - 71E,E54000013,NHS Lincolnshire Integrated Care Board,E40000011,Midlands,MAR2024,DNA,Other Practice staff,Face-to-Face,8  to 14 Days,2299
71E,E38000238,NHS Lincolnshire ICB - 71E,E54000013,NHS Lincolnshire Integrated Care Board,E40000011,Midlands,MAR2024,DNA,Other Practice staff,Face-to-Face,More than 28 Days,1568
71E,E38000238,NHS Lincolnshire ICB - 71E,E54000013,NHS Lincolnshire Integrated Care Board,E40000011,Midlands,MAR2024,DNA,Other Practice staff,Face-to-Face,Same Day,908
71E,E38000238,NHS Lincolnshire ICB - 71E,E54000013,NHS Lincolnshire Integrated Care Board,E40000011,Midlands,MAR2024,DNA,Other Practice staff,Home Visit,1 Day,19
71E,E38000238,NHS Lincolnshire ICB - 71E,E54000013,NHS Lincolnshire Integrated Care Board,E40000011,Midlands,MAR2024,DNA,Other Practice staff,Home Visit,15  to 21 Days,3
71E,E38000238,NHS Lincolnshire ICB - 71E,E54000013,NHS Lincolnshire Integrated Care Board,E40000011,Midlands,MAR2024,DNA,Other Practice staff,Home Visit,2 to 7 Days,23
71E,E38000238,NHS Lincolnshire ICB - 71E,E54000013,NHS Lincolnshire Integrated Care Board,E40000011,Midlands,MAR2024,DNA,Other Practice staff,Home Visit,8  to 14 Days,7
71E,E38000238,NHS Lincolnshire ICB - 71E,E54000013,NHS Lincolnshire Integrated Care Board,E40000011,Midlands,MAR2024,DNA,Other Practice staff,Home Visit,More than 28 Days,2
71E,E38000238,NHS Lincolnshire ICB - 71E,E54000013,NHS Lincolnshire Integrated Care Board,E40000011,Midlands,MAR2024,DNA,Other Practice staff,Home Visit,Same Day,22
71E,E38000238,NHS Lincolnshire ICB - 71E,E54000013,NHS Lincolnshire Integrated Care Board,E40000011,Midlands,MAR2024,DNA,Other Practice staff,Telephone,1 Day,63
71E,E38000238,NHS Lincolnshire ICB - 71E,E54000013,NHS Lincolnshire Integrated Care Board,E40000011,Midlands,MAR2024,DNA,Other Practice staff,Telephone,15  to 21 Days,94
71E,E38000238,NHS Lincolnshire ICB - 71E,E54000013,NHS Lincolnshire Integrated Care Board,E40000011,Midlands,MAR2024,DNA,Other Practice staff,Telephone,2 to 7 Days,152
71E,E38000238,NHS Lincolnshire ICB - 71E,E54000013,NHS Lincolnshire Integrated Care Board,E40000011,Midlands,MAR2024,DNA,Other Practice staff,Telephone,22  to 28 Days,75
71E,E38000238,NHS Lincolnshire ICB - 71E,E54000013,NHS Lincolnshire Integrated Care Board,E40000011,Midlands,MAR2024,DNA,Other Practice staff,Telephone,8  to 14 Days,157
71E,E38000238,NHS Lincolnshire ICB - 71E,E54000013,NHS Lincolnshire Integrated Care Board,E40000011,Midlands,MAR2024,DNA,Other Practice staff,Telephone,More than 28 Days,155
71E,E38000238,NHS Lincolnshire ICB - 71E,E54000013,NHS Lincolnshire Integrated Care Board,E40000011,Midlands,MAR2024,DNA,Other Practice staff,Telephone,Same Day,135
71E,E38000238,NHS Lincolnshire ICB - 71E,E54000013,NHS Lincolnshire Integrated Care Board,E40000011,Midlands,MAR2024,DNA,Other Practice staff,Unknown,1 Day,8
71E,E38000238,NHS Lincolnshire ICB - 71E,E54000013,NHS Lincolnshire Integrated Care Board,E40000011,Midlands,MAR2024,DNA,Other Practice staff,Unknown,15  to 21 Days,31
71E,E38000238,NHS Lincolnshire ICB - 71E,E54000013,NHS Lincolnshire Integrated Care Board,E40000011,Midlands,MAR2024,DNA,Other Practice staff,Unknown,2 to 7 Days,21
71E,E38000238,NHS Lincolnshire ICB - 71E,E54000013,NHS Lincolnshire Integrated Care Board,E40000011,Midlands,MAR2024,DNA,Other Practice staff,Unknown,22  to 28 Days,15
71E,E38000238,NHS Lincolnshire ICB - 71E,E54000013,NHS Lincolnshire Integrated Care Board,E40000011,Midlands,MAR2024,DNA,Other Practice staff,Unknown,8  to 14 Days,40
71E,E38000238,NHS Lincolnshire ICB - 71E,E54000013,NHS Lincolnshire Integrated Care Board,E40000011,Midlands,MAR2024,DNA,Other Practice staff,Unknown,More than 28 Days,16
71E,E38000238,NHS Lincolnshire ICB - 71E,E54000013,NHS Lincolnshire Integrated Care Board,E40000011,Midlands,MAR2024,DNA,Other Practice staff,Unknown,Same Day,14
71E,E38000238,NHS Lincolnshire ICB - 71E,E54000013,NHS Lincolnshire Integrated Care Board,E40000011,Midlands,MAR2024,DNA,Other Practice staff,Video/Online,1 Day,1
71E,E38000238,NHS Lincolnshire ICB - 71E,E54000013,NHS Lincolnshire Integrated Care Board,E40000011,Midlands,MAR2024,DNA,Other Practice staff,Video/Online,2 to 7 Days,7
71E,E38000238,NHS Lincolnshire ICB - 71E,E54000013,NHS Lincolnshire Integrated Care Board,E40000011,Midlands,MAR2024,DNA,Other Practice staff,Video/Online,8  to 14 Days,9
71E,E38000238,NHS Lincolnshire ICB - 71E,E54000013,NHS Lincolnshire Integrated Care Board,E40000011,Midlands,MAR2024,DNA,Other Practice staff,Video/Online,Same Day,12
71E,E38000238,NHS Lincolnshire ICB - 71E,E54000013,NHS Lincolnshire Integrated Care Board,E40000011,Midlands,MAR2024,DNA,Unknown,Unknown,1 Day,21
71E,E38000238,NHS Lincolnshire ICB - 71E,E54000013,NHS Lincolnshire Integrated Care Board,E40000011,Midlands,MAR2024,DNA,Unknown,Unknown,15  to 21 Days,36
71E,E38000238,NHS Lincolnshire ICB - 71E,E54000013,NHS Lincolnshire Integrated Care Board,E40000011,Midlands,MAR2024,DNA,Unknown,Unknown,2 to 7 Days,76
71E,E38000238,NHS Lincolnshire ICB - 71E,E54000013,NHS Lincolnshire Integrated Care Board,E40000011,Midlands,MAR2024,DNA,Unknown,Unknown,22  to 28 Days,12
71E,E38000238,NHS Lincolnshire ICB - 71E,E54000013,NHS Lincolnshire Integrated Care Board,E40000011,Midlands,MAR2024,DNA,Unknown,Unknown,8  to 14 Days,77
71E,E38000238,NHS Lincolnshire ICB - 71E,E54000013,NHS Lincolnshire Integrated Care Board,E40000011,Midlands,MAR2024,DNA,Unknown,Unknown,More than 28 Days,21
71E,E38000238,NHS Lincolnshire ICB - 71E,E54000013,NHS Lincolnshire Integrated Care Board,E40000011,Midlands,MAR2024,DNA,Unknown,Unknown,Same Day,62
71E,E38000238,NHS Lincolnshire ICB - 71E,E54000013,NHS Lincolnshire Integrated Care Board,E40000011,Midlands,MAR2024,Unknown,GP,Face-to-Face,1 Day,140
71E,E38000238,NHS Lincolnshire ICB - 71E,E54000013,NHS Lincolnshire Integrated Care Board,E40000011,Midlands,MAR2024,Unknown,GP,Face-to-Face,15  to 21 Days,350
71E,E38000238,NHS Lincolnshire ICB - 71E,E54000013,NHS Lincolnshire Integrated Care Board,E40000011,Midlands,MAR2024,Unknown,GP,Face-to-Face,2 to 7 Days,566
71E,E38000238,NHS Lincolnshire ICB - 71E,E54000013,NHS Lincolnshire Integrated Care Board,E40000011,Midlands,MAR2024,Unknown,GP,Face-to-Face,22  to 28 Days,293
71E,E38000238,NHS Lincolnshire ICB - 71E,E54000013,NHS Lincolnshire Integrated Care Board,E40000011,Midlands,MAR2024,Unknown,GP,Face-to-Face,8  to 14 Days,479
71E,E38000238,NHS Lincolnshire ICB - 71E,E54000013,NHS Lincolnshire Integrated Care Board,E40000011,Midlands,MAR2024,Unknown,GP,Face-to-Face,More than 28 Days,434
71E,E38000238,NHS Lincolnshire ICB - 71E,E54000013,NHS Lincolnshire Integrated Care Board,E40000011,Midlands,MAR2024,Unknown,GP,Face-to-Face,Same Day,355
71E,E38000238,NHS Lincolnshire ICB - 71E,E54000013,NHS Lincolnshire Integrated Care Board,E40000011,Midlands,MAR2024,Unknown,GP,Home Visit,1 Day,2
71E,E38000238,NHS Lincolnshire ICB - 71E,E54000013,NHS Lincolnshire Integrated Care Board,E40000011,Midlands,MAR2024,Unknown,GP,Home Visit,2 to 7 Days,7
71E,E38000238,NHS Lincolnshire ICB - 71E,E54000013,NHS Lincolnshire Integrated Care Board,E40000011,Midlands,MAR2024,Unknown,GP,Home Visit,8  to 14 Days,1
71E,E38000238,NHS Lincolnshire ICB - 71E,E54000013,NHS Lincolnshire Integrated Care Board,E40000011,Midlands,MAR2024,Unknown,GP,Home Visit,More than 28 Days,1
71E,E38000238,NHS Lincolnshire ICB - 71E,E54000013,NHS Lincolnshire Integrated Care Board,E40000011,Midlands,MAR2024,Unknown,GP,Home Visit,Same Day,19
71E,E38000238,NHS Lincolnshire ICB - 71E,E54000013,NHS Lincolnshire Integrated Care Board,E40000011,Midlands,MAR2024,Unknown,GP,Telephone,1 Day,62
71E,E38000238,NHS Lincolnshire ICB - 71E,E54000013,NHS Lincolnshire Integrated Care Board,E40000011,Midlands,MAR2024,Unknown,GP,Telephone,15  to 21 Days,295
71E,E38000238,NHS Lincolnshire ICB - 71E,E54000013,NHS Lincolnshire Integrated Care Board,E40000011,Midlands,MAR2024,Unknown,GP,Telephone,2 to 7 Days,259
71E,E38000238,NHS Lincolnshire ICB - 71E,E54000013,NHS Lincolnshire Integrated Care Board,E40000011,Midlands,MAR2024,Unknown,GP,Telephone,22  to 28 Days,197
71E,E38000238,NHS Lincolnshire ICB - 71E,E54000013,NHS Lincolnshire Integrated Care Board,E40000011,Midlands,MAR2024,Unknown,GP,Telephone,8  to 14 Days,279
71E,E38000238,NHS Lincolnshire ICB - 71E,E54000013,NHS Lincolnshire Integrated Care Board,E40000011,Midlands,MAR2024,Unknown,GP,Telephone,More than 28 Days,198
71E,E38000238,NHS Lincolnshire ICB - 71E,E54000013,NHS Lincolnshire Integrated Care Board,E40000011,Midlands,MAR2024,Unknown,GP,Telephone,Same Day,201
71E,E38000238,NHS Lincolnshire ICB - 71E,E54000013,NHS Lincolnshire Integrated Care Board,E40000011,Midlands,MAR2024,Unknown,GP,Telephone,Unknown / Data Quality,1
71E,E38000238,NHS Lincolnshire ICB - 71E,E54000013,NHS Lincolnshire Integrated Care Board,E40000011,Midlands,MAR2024,Unknown,GP,Unknown,1 Day,9
71E,E38000238,NHS Lincolnshire ICB - 71E,E54000013,NHS Lincolnshire Integrated Care Board,E40000011,Midlands,MAR2024,Unknown,GP,Unknown,15  to 21 Days,35
71E,E38000238,NHS Lincolnshire ICB - 71E,E54000013,NHS Lincolnshire Integrated Care Board,E40000011,Midlands,MAR2024,Unknown,GP,Unknown,2 to 7 Days,40
71E,E38000238,NHS Lincolnshire ICB - 71E,E54000013,NHS Lincolnshire Integrated Care Board,E40000011,Midlands,MAR2024,Unknown,GP,Unknown,22  to 28 Days,11
71E,E38000238,NHS Lincolnshire ICB - 71E,E54000013,NHS Lincolnshire Integrated Care Board,E40000011,Midlands,MAR2024,Unknown,GP,Unknown,8  to 14 Days,64
71E,E38000238,NHS Lincolnshire ICB - 71E,E54000013,NHS Lincolnshire Integrated Care Board,E40000011,Midlands,MAR2024,Unknown,GP,Unknown,More than 28 Days,19
71E,E38000238,NHS Lincolnshire ICB - 71E,E54000013,NHS Lincolnshire Integrated Care Board,E40000011,Midlands,MAR2024,Unknown,GP,Unknown,Same Day,81
71E,E38000238,NHS Lincolnshire ICB - 71E,E54000013,NHS Lincolnshire Integrated Care Board,E40000011,Midlands,MAR2024,Unknown,GP,Video/Online,1 Day,105
71E,E38000238,NHS Lincolnshire ICB - 71E,E54000013,NHS Lincolnshire Integrated Care Board,E40000011,Midlands,MAR2024,Unknown,GP,Video/Online,15  to 21 Days,32
71E,E38000238,NHS Lincolnshire ICB - 71E,E54000013,NHS Lincolnshire Integrated Care Board,E40000011,Midlands,MAR2024,Unknown,GP,Video/Online,2 to 7 Days,71
71E,E38000238,NHS Lincolnshire ICB - 71E,E54000013,NHS Lincolnshire Integrated Care Board,E40000011,Midlands,MAR2024,Unknown,GP,Video/Online,22  to 28 Days,5
71E,E38000238,NHS Lincolnshire ICB - 71E,E54000013,NHS Lincolnshire Integrated Care Board,E40000011,Midlands,MAR2024,Unknown,GP,Video/Online,8  to 14 Days,81
71E,E38000238,NHS Lincolnshire ICB - 71E,E54000013,NHS Lincolnshire Integrated Care Board,E40000011,Midlands,MAR2024,Unknown,GP,Video/Online,More than 28 Days,15
71E,E38000238,NHS Lincolnshire ICB - 71E,E54000013,NHS Lincolnshire Integrated Care Board,E40000011,Midlands,MAR2024,Unknown,GP,Video/Online,Same Day,2420
71E,E38000238,NHS Lincolnshire ICB - 71E,E54000013,NHS Lincolnshire Integrated Care Board,E40000011,Midlands,MAR2024,Unknown,GP,Video/Online,Unknown / Data Quality,13
71E,E38000238,NHS Lincolnshire ICB - 71E,E54000013,NHS Lincolnshire Integrated Care Board,E40000011,Midlands,MAR2024,Unknown,Other Practice staff,Face-to-Face,1 Day,206
71E,E38000238,NHS Lincolnshire ICB - 71E,E54000013,NHS Lincolnshire Integrated Care Board,E40000011,Midlands,MAR2024,Unknown,Other Practice staff,Face-to-Face,15  to 21 Days,2410
71E,E38000238,NHS Lincolnshire ICB - 71E,E54000013,NHS Lincolnshire Integrated Care Board,E40000011,Midlands,MAR2024,Unknown,Other Practice staff,Face-to-Face,2 to 7 Days,1776
71E,E38000238,NHS Lincolnshire ICB - 71E,E54000013,NHS Lincolnshire Integrated Care Board,E40000011,Midlands,MAR2024,Unknown,Other Practice staff,Face-to-Face,22  to 28 Days,2010
71E,E38000238,NHS Lincolnshire ICB - 71E,E54000013,NHS Lincolnshire Integrated Care Board,E40000011,Midlands,MAR2024,Unknown,Other Practice staff,Face-to-Face,8  to 14 Days,2979
71E,E38000238,NHS Lincolnshire ICB - 71E,E54000013,NHS Lincolnshire Integrated Care Board,E40000011,Midlands,MAR2024,Unknown,Other Practice staff,Face-to-Face,More than 28 Days,3015
71E,E38000238,NHS Lincolnshire ICB - 71E,E54000013,NHS Lincolnshire Integrated Care Board,E40000011,Midlands,MAR2024,Unknown,Other Practice staff,Face-to-Face,Same Day,683
71E,E38000238,NHS Lincolnshire ICB - 71E,E54000013,NHS Lincolnshire Integrated Care Board,E40000011,Midlands,MAR2024,Unknown,Other Practice staff,Face-to-Face,Unknown / Data Quality,9
71E,E38000238,NHS Lincolnshire ICB - 71E,E54000013,NHS Lincolnshire Integrated Care Board,E40000011,Midlands,MAR2024,Unknown,Other Practice staff,Home Visit,1 Day,15
71E,E38000238,NHS Lincolnshire ICB - 71E,E54000013,NHS Lincolnshire Integrated Care Board,E40000011,Midlands,MAR2024,Unknown,Other Practice staff,Home Visit,15  to 21 Days,47
71E,E38000238,NHS Lincolnshire ICB - 71E,E54000013,NHS Lincolnshire Integrated Care Board,E40000011,Midlands,MAR2024,Unknown,Other Practice staff,Home Visit,2 to 7 Days,113
71E,E38000238,NHS Lincolnshire ICB - 71E,E54000013,NHS Lincolnshire Integrated Care Board,E40000011,Midlands,MAR2024,Unknown,Other Practice staff,Home Visit,22  to 28 Days,53
71E,E38000238,NHS Lincolnshire ICB - 71E,E54000013,NHS Lincolnshire Integrated Care Board,E40000011,Midlands,MAR2024,Unknown,Other Practice staff,Home Visit,8  to 14 Days,83
71E,E38000238,NHS Lincolnshire ICB - 71E,E54000013,NHS Lincolnshire Integrated Care Board,E40000011,Midlands,MAR2024,Unknown,Other Practice staff,Home Visit,More than 28 Days,106
71E,E38000238,NHS Lincolnshire ICB - 71E,E54000013,NHS Lincolnshire Integrated Care Board,E40000011,Midlands,MAR2024,Unknown,Other Practice staff,Home Visit,Same Day,38
71E,E38000238,NHS Lincolnshire ICB - 71E,E54000013,NHS Lincolnshire Integrated Care Board,E40000011,Midlands,MAR2024,Unknown,Other Practice staff,Telephone,1 Day,126
71E,E38000238,NHS Lincolnshire ICB - 71E,E54000013,NHS Lincolnshire Integrated Care Board,E40000011,Midlands,MAR2024,Unknown,Other Practice staff,Telephone,15  to 21 Days,398
71E,E38000238,NHS Lincolnshire ICB - 71E,E54000013,NHS Lincolnshire Integrated Care Board,E40000011,Midlands,MAR2024,Unknown,Other Practice staff,Telephone,2 to 7 Days,418
71E,E38000238,NHS Lincolnshire ICB - 71E,E54000013,NHS Lincolnshire Integrated Care Board,E40000011,Midlands,MAR2024,Unknown,Other Practice staff,Telephone,22  to 28 Days,266
71E,E38000238,NHS Lincolnshire ICB - 71E,E54000013,NHS Lincolnshire Integrated Care Board,E40000011,Midlands,MAR2024,Unknown,Other Practice staff,Telephone,8  to 14 Days,457
71E,E38000238,NHS Lincolnshire ICB - 71E,E54000013,NHS Lincolnshire Integrated Care Board,E40000011,Midlands,MAR2024,Unknown,Other Practice staff,Telephone,More than 28 Days,520
71E,E38000238,NHS Lincolnshire ICB - 71E,E54000013,NHS Lincolnshire Integrated Care Board,E40000011,Midlands,MAR2024,Unknown,Other Practice staff,Telephone,Same Day,616
71E,E38000238,NHS Lincolnshire ICB - 71E,E54000013,NHS Lincolnshire Integrated Care Board,E40000011,Midlands,MAR2024,Unknown,Other Practice staff,Telephone,Unknown / Data Quality,2
71E,E38000238,NHS Lincolnshire ICB - 71E,E54000013,NHS Lincolnshire Integrated Care Board,E40000011,Midlands,MAR2024,Unknown,Other Practice staff,Unknown,1 Day,13
71E,E38000238,NHS Lincolnshire ICB - 71E,E54000013,NHS Lincolnshire Integrated Care Board,E40000011,Midlands,MAR2024,Unknown,Other Practice staff,Unknown,15  to 21 Days,245
71E,E38000238,NHS Lincolnshire ICB - 71E,E54000013,NHS Lincolnshire Integrated Care Board,E40000011,Midlands,MAR2024,Unknown,Other Practice staff,Unknown,2 to 7 Days,157
71E,E38000238,NHS Lincolnshire ICB - 71E,E54000013,NHS Lincolnshire Integrated Care Board,E40000011,Midlands,MAR2024,Unknown,Other Practice staff,Unknown,22  to 28 Days,190
71E,E38000238,NHS Lincolnshire ICB - 71E,E54000013,NHS Lincolnshire Integrated Care Board,E40000011,Midlands,MAR2024,Unknown,Other Practice staff,Unknown,8  to 14 Days,314
71E,E38000238,NHS Lincolnshire ICB - 71E,E54000013,NHS Lincolnshire Integrated Care Board,E40000011,Midlands,MAR2024,Unknown,Other Practice staff,Unknown,More than 28 Days,254
71E,E38000238,NHS Lincolnshire ICB - 71E,E54000013,NHS Lincolnshire Integrated Care Board,E40000011,Midlands,MAR2024,Unknown,Other Practice staff,Unknown,Same Day,3
71E,E38000238,NHS Lincolnshire ICB - 71E,E54000013,NHS Lincolnshire Integrated Care Board,E40000011,Midlands,MAR2024,Unknown,Other Practice staff,Unknown,Unknown / Data Quality,1
71E,E38000238,NHS Lincolnshire ICB - 71E,E54000013,NHS Lincolnshire Integrated Care Board,E40000011,Midlands,MAR2024,Unknown,Other Practice staff,Video/Online,1 Day,27
71E,E38000238,NHS Lincolnshire ICB - 71E,E54000013,NHS Lincolnshire Integrated Care Board,E40000011,Midlands,MAR2024,Unknown,Other Practice staff,Video/Online,15  to 21 Days,4
71E,E38000238,NHS Lincolnshire ICB - 71E,E54000013,NHS Lincolnshire Integrated Care Board,E40000011,Midlands,MAR2024,Unknown,Other Practice staff,Video/Online,2 to 7 Days,25
71E,E38000238,NHS Lincolnshire ICB - 71E,E54000013,NHS Lincolnshire Integrated Care Board,E40000011,Midlands,MAR2024,Unknown,Other Practice staff,Video/Online,22  to 28 Days,4
71E,E38000238,NHS Lincolnshire ICB - 71E,E54000013,NHS Lincolnshire Integrated Care Board,E40000011,Midlands,MAR2024,Unknown,Other Practice staff,Video/Online,8  to 14 Days,18
71E,E38000238,NHS Lincolnshire ICB - 71E,E54000013,NHS Lincolnshire Integrated Care Board,E40000011,Midlands,MAR2024,Unknown,Other Practice staff,Video/Online,More than 28 Days,1
71E,E38000238,NHS Lincolnshire ICB - 71E,E54000013,NHS Lincolnshire Integrated Care Board,E40000011,Midlands,MAR2024,Unknown,Other Practice staff,Video/Online,Same Day,171
71E,E38000238,NHS Lincolnshire ICB - 71E,E54000013,NHS Lincolnshire Integrated Care Board,E40000011,Midlands,MAR2024,Unknown,Unknown,Unknown,1 Day,40
71E,E38000238,NHS Lincolnshire ICB - 71E,E54000013,NHS Lincolnshire Integrated Care Board,E40000011,Midlands,MAR2024,Unknown,Unknown,Unknown,15  to 21 Days,149
71E,E38000238,NHS Lincolnshire ICB - 71E,E54000013,NHS Lincolnshire Integrated Care Board,E40000011,Midlands,MAR2024,Unknown,Unknown,Unknown,2 to 7 Days,161
71E,E38000238,NHS Lincolnshire ICB - 71E,E54000013,NHS Lincolnshire Integrated Care Board,E40000011,Midlands,MAR2024,Unknown,Unknown,Unknown,22  to 28 Days,151
71E,E38000238,NHS Lincolnshire ICB - 71E,E54000013,NHS Lincolnshire Integrated Care Board,E40000011,Midlands,MAR2024,Unknown,Unknown,Unknown,8  to 14 Days,202
71E,E38000238,NHS Lincolnshire ICB - 71E,E54000013,NHS Lincolnshire Integrated Care Board,E40000011,Midlands,MAR2024,Unknown,Unknown,Unknown,More than 28 Days,212
71E,E38000238,NHS Lincolnshire ICB - 71E,E54000013,NHS Lincolnshire Integrated Care Board,E40000011,Midlands,MAR2024,Unknown,Unknown,Unknown,Same Day,52
71E,E38000238,NHS Lincolnshire ICB - 71E,E54000013,NHS Lincolnshire Integrated Care Board,E40000011,Midlands,MAR2024,Unknown,Unknown,Unknown,Unknown / Data Quality,2
