SUB_ICB_LOCATION_CODE,SUB_ICB_LOCATION_ONS_CODE,SUB_ICB_LOCATION_NAME,ICB_ONS_CODE,ICB_NAME,REGION_ONS_CODE,REGION_NAME,APPOINTMENT_MONTH,APPT_STATUS,HCP_TYPE,APPT_MODE,TIME_BETWEEN_BOOK_AND_APPT,COUNT_OF_APPOINTMENTS
11J,E38000045,NHS Dorset ICB - 11J,E54000041,NHS Dorset Integrated Care Board,E40000006,South West,OCT2021,Attended,GP,Face-to-Face,1 Day,11330
11J,E38000045,NHS Dorset ICB - 11J,E54000041,NHS Dorset Integrated Care Board,E40000006,South West,OCT2021,Attended,GP,Face-to-Face,15  to 21 Days,7410
11J,E38000045,NHS Dorset ICB - 11J,E54000041,NHS Dorset Integrated Care Board,E40000006,South West,OCT2021,Attended,GP,Face-to-Face,2 to 7 Days,22718
11J,E38000045,NHS Dorset ICB - 11J,E54000041,NHS Dorset Integrated Care Board,E40000006,South West,OCT2021,Attended,GP,Face-to-Face,22  to 28 Days,2892
11J,E38000045,NHS Dorset ICB - 11J,E54000041,NHS Dorset Integrated Care Board,E40000006,South West,OCT2021,Attended,GP,Face-to-Face,8  to 14 Days,15968
11J,E38000045,NHS Dorset ICB - 11J,E54000041,NHS Dorset Integrated Care Board,E40000006,South West,OCT2021,Attended,GP,Face-to-Face,More than 28 Days,2816
11J,E38000045,NHS Dorset ICB - 11J,E54000041,NHS Dorset Integrated Care Board,E40000006,South West,OCT2021,Attended,GP,Face-to-Face,Same Day,46642
11J,E38000045,NHS Dorset ICB - 11J,E54000041,NHS Dorset Integrated Care Board,E40000006,South West,OCT2021,Attended,GP,Face-to-Face,Unknown / Data Quality,13
11J,E38000045,NHS Dorset ICB - 11J,E54000041,NHS Dorset Integrated Care Board,E40000006,South West,OCT2021,Attended,GP,Home Visit,1 Day,29
11J,E38000045,NHS Dorset ICB - 11J,E54000041,NHS Dorset Integrated Care Board,E40000006,South West,OCT2021,Attended,GP,Home Visit,2 to 7 Days,23
11J,E38000045,NHS Dorset ICB - 11J,E54000041,NHS Dorset Integrated Care Board,E40000006,South West,OCT2021,Attended,GP,Home Visit,8  to 14 Days,3
11J,E38000045,NHS Dorset ICB - 11J,E54000041,NHS Dorset Integrated Care Board,E40000006,South West,OCT2021,Attended,GP,Home Visit,Same Day,105
11J,E38000045,NHS Dorset ICB - 11J,E54000041,NHS Dorset Integrated Care Board,E40000006,South West,OCT2021,Attended,GP,Telephone,1 Day,5447
11J,E38000045,NHS Dorset ICB - 11J,E54000041,NHS Dorset Integrated Care Board,E40000006,South West,OCT2021,Attended,GP,Telephone,15  to 21 Days,3888
11J,E38000045,NHS Dorset ICB - 11J,E54000041,NHS Dorset Integrated Care Board,E40000006,South West,OCT2021,Attended,GP,Telephone,2 to 7 Days,13007
11J,E38000045,NHS Dorset ICB - 11J,E54000041,NHS Dorset Integrated Care Board,E40000006,South West,OCT2021,Attended,GP,Telephone,22  to 28 Days,2001
11J,E38000045,NHS Dorset ICB - 11J,E54000041,NHS Dorset Integrated Care Board,E40000006,South West,OCT2021,Attended,GP,Telephone,8  to 14 Days,8329
11J,E38000045,NHS Dorset ICB - 11J,E54000041,NHS Dorset Integrated Care Board,E40000006,South West,OCT2021,Attended,GP,Telephone,More than 28 Days,850
11J,E38000045,NHS Dorset ICB - 11J,E54000041,NHS Dorset Integrated Care Board,E40000006,South West,OCT2021,Attended,GP,Telephone,Same Day,35143
11J,E38000045,NHS Dorset ICB - 11J,E54000041,NHS Dorset Integrated Care Board,E40000006,South West,OCT2021,Attended,GP,Telephone,Unknown / Data Quality,1
11J,E38000045,NHS Dorset ICB - 11J,E54000041,NHS Dorset Integrated Care Board,E40000006,South West,OCT2021,Attended,GP,Video/Online,1 Day,582
11J,E38000045,NHS Dorset ICB - 11J,E54000041,NHS Dorset Integrated Care Board,E40000006,South West,OCT2021,Attended,GP,Video/Online,15  to 21 Days,46
11J,E38000045,NHS Dorset ICB - 11J,E54000041,NHS Dorset Integrated Care Board,E40000006,South West,OCT2021,Attended,GP,Video/Online,2 to 7 Days,384
11J,E38000045,NHS Dorset ICB - 11J,E54000041,NHS Dorset Integrated Care Board,E40000006,South West,OCT2021,Attended,GP,Video/Online,22  to 28 Days,1
11J,E38000045,NHS Dorset ICB - 11J,E54000041,NHS Dorset Integrated Care Board,E40000006,South West,OCT2021,Attended,GP,Video/Online,8  to 14 Days,318
11J,E38000045,NHS Dorset ICB - 11J,E54000041,NHS Dorset Integrated Care Board,E40000006,South West,OCT2021,Attended,GP,Video/Online,More than 28 Days,2
11J,E38000045,NHS Dorset ICB - 11J,E54000041,NHS Dorset Integrated Care Board,E40000006,South West,OCT2021,Attended,GP,Video/Online,Same Day,1294
11J,E38000045,NHS Dorset ICB - 11J,E54000041,NHS Dorset Integrated Care Board,E40000006,South West,OCT2021,Attended,Other Practice staff,Face-to-Face,1 Day,13296
11J,E38000045,NHS Dorset ICB - 11J,E54000041,NHS Dorset Integrated Care Board,E40000006,South West,OCT2021,Attended,Other Practice staff,Face-to-Face,15  to 21 Days,18880
11J,E38000045,NHS Dorset ICB - 11J,E54000041,NHS Dorset Integrated Care Board,E40000006,South West,OCT2021,Attended,Other Practice staff,Face-to-Face,2 to 7 Days,43003
11J,E38000045,NHS Dorset ICB - 11J,E54000041,NHS Dorset Integrated Care Board,E40000006,South West,OCT2021,Attended,Other Practice staff,Face-to-Face,22  to 28 Days,11956
11J,E38000045,NHS Dorset ICB - 11J,E54000041,NHS Dorset Integrated Care Board,E40000006,South West,OCT2021,Attended,Other Practice staff,Face-to-Face,8  to 14 Days,38360
11J,E38000045,NHS Dorset ICB - 11J,E54000041,NHS Dorset Integrated Care Board,E40000006,South West,OCT2021,Attended,Other Practice staff,Face-to-Face,More than 28 Days,16882
11J,E38000045,NHS Dorset ICB - 11J,E54000041,NHS Dorset Integrated Care Board,E40000006,South West,OCT2021,Attended,Other Practice staff,Face-to-Face,Same Day,41450
11J,E38000045,NHS Dorset ICB - 11J,E54000041,NHS Dorset Integrated Care Board,E40000006,South West,OCT2021,Attended,Other Practice staff,Face-to-Face,Unknown / Data Quality,70
11J,E38000045,NHS Dorset ICB - 11J,E54000041,NHS Dorset Integrated Care Board,E40000006,South West,OCT2021,Attended,Other Practice staff,Home Visit,1 Day,43
11J,E38000045,NHS Dorset ICB - 11J,E54000041,NHS Dorset Integrated Care Board,E40000006,South West,OCT2021,Attended,Other Practice staff,Home Visit,15  to 21 Days,19
11J,E38000045,NHS Dorset ICB - 11J,E54000041,NHS Dorset Integrated Care Board,E40000006,South West,OCT2021,Attended,Other Practice staff,Home Visit,2 to 7 Days,152
11J,E38000045,NHS Dorset ICB - 11J,E54000041,NHS Dorset Integrated Care Board,E40000006,South West,OCT2021,Attended,Other Practice staff,Home Visit,22  to 28 Days,6
11J,E38000045,NHS Dorset ICB - 11J,E54000041,NHS Dorset Integrated Care Board,E40000006,South West,OCT2021,Attended,Other Practice staff,Home Visit,8  to 14 Days,37
11J,E38000045,NHS Dorset ICB - 11J,E54000041,NHS Dorset Integrated Care Board,E40000006,South West,OCT2021,Attended,Other Practice staff,Home Visit,More than 28 Days,57
11J,E38000045,NHS Dorset ICB - 11J,E54000041,NHS Dorset Integrated Care Board,E40000006,South West,OCT2021,Attended,Other Practice staff,Home Visit,Same Day,115
11J,E38000045,NHS Dorset ICB - 11J,E54000041,NHS Dorset Integrated Care Board,E40000006,South West,OCT2021,Attended,Other Practice staff,Telephone,1 Day,1325
11J,E38000045,NHS Dorset ICB - 11J,E54000041,NHS Dorset Integrated Care Board,E40000006,South West,OCT2021,Attended,Other Practice staff,Telephone,15  to 21 Days,1595
11J,E38000045,NHS Dorset ICB - 11J,E54000041,NHS Dorset Integrated Care Board,E40000006,South West,OCT2021,Attended,Other Practice staff,Telephone,2 to 7 Days,3439
11J,E38000045,NHS Dorset ICB - 11J,E54000041,NHS Dorset Integrated Care Board,E40000006,South West,OCT2021,Attended,Other Practice staff,Telephone,22  to 28 Days,823
11J,E38000045,NHS Dorset ICB - 11J,E54000041,NHS Dorset Integrated Care Board,E40000006,South West,OCT2021,Attended,Other Practice staff,Telephone,8  to 14 Days,2420
11J,E38000045,NHS Dorset ICB - 11J,E54000041,NHS Dorset Integrated Care Board,E40000006,South West,OCT2021,Attended,Other Practice staff,Telephone,More than 28 Days,628
11J,E38000045,NHS Dorset ICB - 11J,E54000041,NHS Dorset Integrated Care Board,E40000006,South West,OCT2021,Attended,Other Practice staff,Telephone,Same Day,12196
11J,E38000045,NHS Dorset ICB - 11J,E54000041,NHS Dorset Integrated Care Board,E40000006,South West,OCT2021,Attended,Other Practice staff,Telephone,Unknown / Data Quality,13
11J,E38000045,NHS Dorset ICB - 11J,E54000041,NHS Dorset Integrated Care Board,E40000006,South West,OCT2021,Attended,Other Practice staff,Unknown,15  to 21 Days,3
11J,E38000045,NHS Dorset ICB - 11J,E54000041,NHS Dorset Integrated Care Board,E40000006,South West,OCT2021,Attended,Other Practice staff,Unknown,2 to 7 Days,1
11J,E38000045,NHS Dorset ICB - 11J,E54000041,NHS Dorset Integrated Care Board,E40000006,South West,OCT2021,Attended,Other Practice staff,Video/Online,1 Day,191
11J,E38000045,NHS Dorset ICB - 11J,E54000041,NHS Dorset Integrated Care Board,E40000006,South West,OCT2021,Attended,Other Practice staff,Video/Online,15  to 21 Days,74
11J,E38000045,NHS Dorset ICB - 11J,E54000041,NHS Dorset Integrated Care Board,E40000006,South West,OCT2021,Attended,Other Practice staff,Video/Online,2 to 7 Days,921
11J,E38000045,NHS Dorset ICB - 11J,E54000041,NHS Dorset Integrated Care Board,E40000006,South West,OCT2021,Attended,Other Practice staff,Video/Online,22  to 28 Days,30
11J,E38000045,NHS Dorset ICB - 11J,E54000041,NHS Dorset Integrated Care Board,E40000006,South West,OCT2021,Attended,Other Practice staff,Video/Online,8  to 14 Days,682
11J,E38000045,NHS Dorset ICB - 11J,E54000041,NHS Dorset Integrated Care Board,E40000006,South West,OCT2021,Attended,Other Practice staff,Video/Online,More than 28 Days,68
11J,E38000045,NHS Dorset ICB - 11J,E54000041,NHS Dorset Integrated Care Board,E40000006,South West,OCT2021,Attended,Other Practice staff,Video/Online,Same Day,83
11J,E38000045,NHS Dorset ICB - 11J,E54000041,NHS Dorset Integrated Care Board,E40000006,South West,OCT2021,Attended,Unknown,Unknown,1 Day,1765
11J,E38000045,NHS Dorset ICB - 11J,E54000041,NHS Dorset Integrated Care Board,E40000006,South West,OCT2021,Attended,Unknown,Unknown,15  to 21 Days,606
11J,E38000045,NHS Dorset ICB - 11J,E54000041,NHS Dorset Integrated Care Board,E40000006,South West,OCT2021,Attended,Unknown,Unknown,2 to 7 Days,3700
11J,E38000045,NHS Dorset ICB - 11J,E54000041,NHS Dorset Integrated Care Board,E40000006,South West,OCT2021,Attended,Unknown,Unknown,22  to 28 Days,540
11J,E38000045,NHS Dorset ICB - 11J,E54000041,NHS Dorset Integrated Care Board,E40000006,South West,OCT2021,Attended,Unknown,Unknown,8  to 14 Days,1580
11J,E38000045,NHS Dorset ICB - 11J,E54000041,NHS Dorset Integrated Care Board,E40000006,South West,OCT2021,Attended,Unknown,Unknown,More than 28 Days,613
11J,E38000045,NHS Dorset ICB - 11J,E54000041,NHS Dorset Integrated Care Board,E40000006,South West,OCT2021,Attended,Unknown,Unknown,Same Day,12999
11J,E38000045,NHS Dorset ICB - 11J,E54000041,NHS Dorset Integrated Care Board,E40000006,South West,OCT2021,Attended,Unknown,Unknown,Unknown / Data Quality,10
11J,E38000045,NHS Dorset ICB - 11J,E54000041,NHS Dorset Integrated Care Board,E40000006,South West,OCT2021,DNA,GP,Face-to-Face,1 Day,221
11J,E38000045,NHS Dorset ICB - 11J,E54000041,NHS Dorset Integrated Care Board,E40000006,South West,OCT2021,DNA,GP,Face-to-Face,15  to 21 Days,345
11J,E38000045,NHS Dorset ICB - 11J,E54000041,NHS Dorset Integrated Care Board,E40000006,South West,OCT2021,DNA,GP,Face-to-Face,2 to 7 Days,650
11J,E38000045,NHS Dorset ICB - 11J,E54000041,NHS Dorset Integrated Care Board,E40000006,South West,OCT2021,DNA,GP,Face-to-Face,22  to 28 Days,170
11J,E38000045,NHS Dorset ICB - 11J,E54000041,NHS Dorset Integrated Care Board,E40000006,South West,OCT2021,DNA,GP,Face-to-Face,8  to 14 Days,682
11J,E38000045,NHS Dorset ICB - 11J,E54000041,NHS Dorset Integrated Care Board,E40000006,South West,OCT2021,DNA,GP,Face-to-Face,More than 28 Days,223
11J,E38000045,NHS Dorset ICB - 11J,E54000041,NHS Dorset Integrated Care Board,E40000006,South West,OCT2021,DNA,GP,Face-to-Face,Same Day,307
11J,E38000045,NHS Dorset ICB - 11J,E54000041,NHS Dorset Integrated Care Board,E40000006,South West,OCT2021,DNA,GP,Face-to-Face,Unknown / Data Quality,1
11J,E38000045,NHS Dorset ICB - 11J,E54000041,NHS Dorset Integrated Care Board,E40000006,South West,OCT2021,DNA,GP,Home Visit,1 Day,3
11J,E38000045,NHS Dorset ICB - 11J,E54000041,NHS Dorset Integrated Care Board,E40000006,South West,OCT2021,DNA,GP,Home Visit,2 to 7 Days,3
11J,E38000045,NHS Dorset ICB - 11J,E54000041,NHS Dorset Integrated Care Board,E40000006,South West,OCT2021,DNA,GP,Home Visit,Same Day,10
11J,E38000045,NHS Dorset ICB - 11J,E54000041,NHS Dorset Integrated Care Board,E40000006,South West,OCT2021,DNA,GP,Telephone,1 Day,9
11J,E38000045,NHS Dorset ICB - 11J,E54000041,NHS Dorset Integrated Care Board,E40000006,South West,OCT2021,DNA,GP,Telephone,15  to 21 Days,22
11J,E38000045,NHS Dorset ICB - 11J,E54000041,NHS Dorset Integrated Care Board,E40000006,South West,OCT2021,DNA,GP,Telephone,2 to 7 Days,49
11J,E38000045,NHS Dorset ICB - 11J,E54000041,NHS Dorset Integrated Care Board,E40000006,South West,OCT2021,DNA,GP,Telephone,22  to 28 Days,8
11J,E38000045,NHS Dorset ICB - 11J,E54000041,NHS Dorset Integrated Care Board,E40000006,South West,OCT2021,DNA,GP,Telephone,8  to 14 Days,60
11J,E38000045,NHS Dorset ICB - 11J,E54000041,NHS Dorset Integrated Care Board,E40000006,South West,OCT2021,DNA,GP,Telephone,More than 28 Days,7
11J,E38000045,NHS Dorset ICB - 11J,E54000041,NHS Dorset Integrated Care Board,E40000006,South West,OCT2021,DNA,GP,Telephone,Same Day,34
11J,E38000045,NHS Dorset ICB - 11J,E54000041,NHS Dorset Integrated Care Board,E40000006,South West,OCT2021,DNA,GP,Video/Online,1 Day,4
11J,E38000045,NHS Dorset ICB - 11J,E54000041,NHS Dorset Integrated Care Board,E40000006,South West,OCT2021,DNA,GP,Video/Online,2 to 7 Days,1
11J,E38000045,NHS Dorset ICB - 11J,E54000041,NHS Dorset Integrated Care Board,E40000006,South West,OCT2021,DNA,GP,Video/Online,Same Day,2
11J,E38000045,NHS Dorset ICB - 11J,E54000041,NHS Dorset Integrated Care Board,E40000006,South West,OCT2021,DNA,Other Practice staff,Face-to-Face,1 Day,687
11J,E38000045,NHS Dorset ICB - 11J,E54000041,NHS Dorset Integrated Care Board,E40000006,South West,OCT2021,DNA,Other Practice staff,Face-to-Face,15  to 21 Days,1825
11J,E38000045,NHS Dorset ICB - 11J,E54000041,NHS Dorset Integrated Care Board,E40000006,South West,OCT2021,DNA,Other Practice staff,Face-to-Face,2 to 7 Days,2862
11J,E38000045,NHS Dorset ICB - 11J,E54000041,NHS Dorset Integrated Care Board,E40000006,South West,OCT2021,DNA,Other Practice staff,Face-to-Face,22  to 28 Days,1563
11J,E38000045,NHS Dorset ICB - 11J,E54000041,NHS Dorset Integrated Care Board,E40000006,South West,OCT2021,DNA,Other Practice staff,Face-to-Face,8  to 14 Days,2936
11J,E38000045,NHS Dorset ICB - 11J,E54000041,NHS Dorset Integrated Care Board,E40000006,South West,OCT2021,DNA,Other Practice staff,Face-to-Face,More than 28 Days,1269
11J,E38000045,NHS Dorset ICB - 11J,E54000041,NHS Dorset Integrated Care Board,E40000006,South West,OCT2021,DNA,Other Practice staff,Face-to-Face,Same Day,1181
11J,E38000045,NHS Dorset ICB - 11J,E54000041,NHS Dorset Integrated Care Board,E40000006,South West,OCT2021,DNA,Other Practice staff,Face-to-Face,Unknown / Data Quality,1
11J,E38000045,NHS Dorset ICB - 11J,E54000041,NHS Dorset Integrated Care Board,E40000006,South West,OCT2021,DNA,Other Practice staff,Home Visit,1 Day,3
11J,E38000045,NHS Dorset ICB - 11J,E54000041,NHS Dorset Integrated Care Board,E40000006,South West,OCT2021,DNA,Other Practice staff,Home Visit,15  to 21 Days,1
11J,E38000045,NHS Dorset ICB - 11J,E54000041,NHS Dorset Integrated Care Board,E40000006,South West,OCT2021,DNA,Other Practice staff,Home Visit,2 to 7 Days,8
11J,E38000045,NHS Dorset ICB - 11J,E54000041,NHS Dorset Integrated Care Board,E40000006,South West,OCT2021,DNA,Other Practice staff,Home Visit,22  to 28 Days,1
11J,E38000045,NHS Dorset ICB - 11J,E54000041,NHS Dorset Integrated Care Board,E40000006,South West,OCT2021,DNA,Other Practice staff,Home Visit,8  to 14 Days,2
11J,E38000045,NHS Dorset ICB - 11J,E54000041,NHS Dorset Integrated Care Board,E40000006,South West,OCT2021,DNA,Other Practice staff,Home Visit,More than 28 Days,1
11J,E38000045,NHS Dorset ICB - 11J,E54000041,NHS Dorset Integrated Care Board,E40000006,South West,OCT2021,DNA,Other Practice staff,Home Visit,Same Day,3
11J,E38000045,NHS Dorset ICB - 11J,E54000041,NHS Dorset Integrated Care Board,E40000006,South West,OCT2021,DNA,Other Practice staff,Telephone,1 Day,16
11J,E38000045,NHS Dorset ICB - 11J,E54000041,NHS Dorset Integrated Care Board,E40000006,South West,OCT2021,DNA,Other Practice staff,Telephone,15  to 21 Days,32
11J,E38000045,NHS Dorset ICB - 11J,E54000041,NHS Dorset Integrated Care Board,E40000006,South West,OCT2021,DNA,Other Practice staff,Telephone,2 to 7 Days,61
11J,E38000045,NHS Dorset ICB - 11J,E54000041,NHS Dorset Integrated Care Board,E40000006,South West,OCT2021,DNA,Other Practice staff,Telephone,22  to 28 Days,5
11J,E38000045,NHS Dorset ICB - 11J,E54000041,NHS Dorset Integrated Care Board,E40000006,South West,OCT2021,DNA,Other Practice staff,Telephone,8  to 14 Days,60
11J,E38000045,NHS Dorset ICB - 11J,E54000041,NHS Dorset Integrated Care Board,E40000006,South West,OCT2021,DNA,Other Practice staff,Telephone,More than 28 Days,12
11J,E38000045,NHS Dorset ICB - 11J,E54000041,NHS Dorset Integrated Care Board,E40000006,South West,OCT2021,DNA,Other Practice staff,Telephone,Same Day,11
11J,E38000045,NHS Dorset ICB - 11J,E54000041,NHS Dorset Integrated Care Board,E40000006,South West,OCT2021,DNA,Other Practice staff,Unknown,15  to 21 Days,1
11J,E38000045,NHS Dorset ICB - 11J,E54000041,NHS Dorset Integrated Care Board,E40000006,South West,OCT2021,DNA,Other Practice staff,Video/Online,1 Day,1
11J,E38000045,NHS Dorset ICB - 11J,E54000041,NHS Dorset Integrated Care Board,E40000006,South West,OCT2021,DNA,Other Practice staff,Video/Online,15  to 21 Days,6
11J,E38000045,NHS Dorset ICB - 11J,E54000041,NHS Dorset Integrated Care Board,E40000006,South West,OCT2021,DNA,Other Practice staff,Video/Online,2 to 7 Days,22
11J,E38000045,NHS Dorset ICB - 11J,E54000041,NHS Dorset Integrated Care Board,E40000006,South West,OCT2021,DNA,Other Practice staff,Video/Online,22  to 28 Days,6
11J,E38000045,NHS Dorset ICB - 11J,E54000041,NHS Dorset Integrated Care Board,E40000006,South West,OCT2021,DNA,Other Practice staff,Video/Online,8  to 14 Days,9
11J,E38000045,NHS Dorset ICB - 11J,E54000041,NHS Dorset Integrated Care Board,E40000006,South West,OCT2021,DNA,Other Practice staff,Video/Online,More than 28 Days,5
11J,E38000045,NHS Dorset ICB - 11J,E54000041,NHS Dorset Integrated Care Board,E40000006,South West,OCT2021,DNA,Unknown,Unknown,1 Day,50
11J,E38000045,NHS Dorset ICB - 11J,E54000041,NHS Dorset Integrated Care Board,E40000006,South West,OCT2021,DNA,Unknown,Unknown,15  to 21 Days,46
11J,E38000045,NHS Dorset ICB - 11J,E54000041,NHS Dorset Integrated Care Board,E40000006,South West,OCT2021,DNA,Unknown,Unknown,2 to 7 Days,162
11J,E38000045,NHS Dorset ICB - 11J,E54000041,NHS Dorset Integrated Care Board,E40000006,South West,OCT2021,DNA,Unknown,Unknown,22  to 28 Days,11
11J,E38000045,NHS Dorset ICB - 11J,E54000041,NHS Dorset Integrated Care Board,E40000006,South West,OCT2021,DNA,Unknown,Unknown,8  to 14 Days,74
11J,E38000045,NHS Dorset ICB - 11J,E54000041,NHS Dorset Integrated Care Board,E40000006,South West,OCT2021,DNA,Unknown,Unknown,More than 28 Days,13
11J,E38000045,NHS Dorset ICB - 11J,E54000041,NHS Dorset Integrated Care Board,E40000006,South West,OCT2021,DNA,Unknown,Unknown,Same Day,68
11J,E38000045,NHS Dorset ICB - 11J,E54000041,NHS Dorset Integrated Care Board,E40000006,South West,OCT2021,Unknown,GP,Face-to-Face,1 Day,272
11J,E38000045,NHS Dorset ICB - 11J,E54000041,NHS Dorset Integrated Care Board,E40000006,South West,OCT2021,Unknown,GP,Face-to-Face,15  to 21 Days,330
11J,E38000045,NHS Dorset ICB - 11J,E54000041,NHS Dorset Integrated Care Board,E40000006,South West,OCT2021,Unknown,GP,Face-to-Face,2 to 7 Days,533
11J,E38000045,NHS Dorset ICB - 11J,E54000041,NHS Dorset Integrated Care Board,E40000006,South West,OCT2021,Unknown,GP,Face-to-Face,22  to 28 Days,252
11J,E38000045,NHS Dorset ICB - 11J,E54000041,NHS Dorset Integrated Care Board,E40000006,South West,OCT2021,Unknown,GP,Face-to-Face,8  to 14 Days,499
11J,E38000045,NHS Dorset ICB - 11J,E54000041,NHS Dorset Integrated Care Board,E40000006,South West,OCT2021,Unknown,GP,Face-to-Face,More than 28 Days,742
11J,E38000045,NHS Dorset ICB - 11J,E54000041,NHS Dorset Integrated Care Board,E40000006,South West,OCT2021,Unknown,GP,Face-to-Face,Same Day,315
11J,E38000045,NHS Dorset ICB - 11J,E54000041,NHS Dorset Integrated Care Board,E40000006,South West,OCT2021,Unknown,GP,Face-to-Face,Unknown / Data Quality,4
11J,E38000045,NHS Dorset ICB - 11J,E54000041,NHS Dorset Integrated Care Board,E40000006,South West,OCT2021,Unknown,GP,Home Visit,2 to 7 Days,4
11J,E38000045,NHS Dorset ICB - 11J,E54000041,NHS Dorset Integrated Care Board,E40000006,South West,OCT2021,Unknown,GP,Home Visit,Same Day,8
11J,E38000045,NHS Dorset ICB - 11J,E54000041,NHS Dorset Integrated Care Board,E40000006,South West,OCT2021,Unknown,GP,Telephone,1 Day,64
11J,E38000045,NHS Dorset ICB - 11J,E54000041,NHS Dorset Integrated Care Board,E40000006,South West,OCT2021,Unknown,GP,Telephone,15  to 21 Days,100
11J,E38000045,NHS Dorset ICB - 11J,E54000041,NHS Dorset Integrated Care Board,E40000006,South West,OCT2021,Unknown,GP,Telephone,2 to 7 Days,183
11J,E38000045,NHS Dorset ICB - 11J,E54000041,NHS Dorset Integrated Care Board,E40000006,South West,OCT2021,Unknown,GP,Telephone,22  to 28 Days,105
11J,E38000045,NHS Dorset ICB - 11J,E54000041,NHS Dorset Integrated Care Board,E40000006,South West,OCT2021,Unknown,GP,Telephone,8  to 14 Days,174
11J,E38000045,NHS Dorset ICB - 11J,E54000041,NHS Dorset Integrated Care Board,E40000006,South West,OCT2021,Unknown,GP,Telephone,More than 28 Days,98
11J,E38000045,NHS Dorset ICB - 11J,E54000041,NHS Dorset Integrated Care Board,E40000006,South West,OCT2021,Unknown,GP,Telephone,Same Day,118
11J,E38000045,NHS Dorset ICB - 11J,E54000041,NHS Dorset Integrated Care Board,E40000006,South West,OCT2021,Unknown,GP,Telephone,Unknown / Data Quality,1
11J,E38000045,NHS Dorset ICB - 11J,E54000041,NHS Dorset Integrated Care Board,E40000006,South West,OCT2021,Unknown,GP,Video/Online,1 Day,48
11J,E38000045,NHS Dorset ICB - 11J,E54000041,NHS Dorset Integrated Care Board,E40000006,South West,OCT2021,Unknown,GP,Video/Online,15  to 21 Days,3
11J,E38000045,NHS Dorset ICB - 11J,E54000041,NHS Dorset Integrated Care Board,E40000006,South West,OCT2021,Unknown,GP,Video/Online,2 to 7 Days,48
11J,E38000045,NHS Dorset ICB - 11J,E54000041,NHS Dorset Integrated Care Board,E40000006,South West,OCT2021,Unknown,GP,Video/Online,22  to 28 Days,1
11J,E38000045,NHS Dorset ICB - 11J,E54000041,NHS Dorset Integrated Care Board,E40000006,South West,OCT2021,Unknown,GP,Video/Online,8  to 14 Days,59
11J,E38000045,NHS Dorset ICB - 11J,E54000041,NHS Dorset Integrated Care Board,E40000006,South West,OCT2021,Unknown,GP,Video/Online,More than 28 Days,1
11J,E38000045,NHS Dorset ICB - 11J,E54000041,NHS Dorset Integrated Care Board,E40000006,South West,OCT2021,Unknown,GP,Video/Online,Same Day,68
11J,E38000045,NHS Dorset ICB - 11J,E54000041,NHS Dorset Integrated Care Board,E40000006,South West,OCT2021,Unknown,Other Practice staff,Face-to-Face,1 Day,842
11J,E38000045,NHS Dorset ICB - 11J,E54000041,NHS Dorset Integrated Care Board,E40000006,South West,OCT2021,Unknown,Other Practice staff,Face-to-Face,15  to 21 Days,2331
11J,E38000045,NHS Dorset ICB - 11J,E54000041,NHS Dorset Integrated Care Board,E40000006,South West,OCT2021,Unknown,Other Practice staff,Face-to-Face,2 to 7 Days,3432
11J,E38000045,NHS Dorset ICB - 11J,E54000041,NHS Dorset Integrated Care Board,E40000006,South West,OCT2021,Unknown,Other Practice staff,Face-to-Face,22  to 28 Days,1375
11J,E38000045,NHS Dorset ICB - 11J,E54000041,NHS Dorset Integrated Care Board,E40000006,South West,OCT2021,Unknown,Other Practice staff,Face-to-Face,8  to 14 Days,3243
11J,E38000045,NHS Dorset ICB - 11J,E54000041,NHS Dorset Integrated Care Board,E40000006,South West,OCT2021,Unknown,Other Practice staff,Face-to-Face,More than 28 Days,4336
11J,E38000045,NHS Dorset ICB - 11J,E54000041,NHS Dorset Integrated Care Board,E40000006,South West,OCT2021,Unknown,Other Practice staff,Face-to-Face,Same Day,798
11J,E38000045,NHS Dorset ICB - 11J,E54000041,NHS Dorset Integrated Care Board,E40000006,South West,OCT2021,Unknown,Other Practice staff,Face-to-Face,Unknown / Data Quality,9
11J,E38000045,NHS Dorset ICB - 11J,E54000041,NHS Dorset Integrated Care Board,E40000006,South West,OCT2021,Unknown,Other Practice staff,Home Visit,1 Day,3
11J,E38000045,NHS Dorset ICB - 11J,E54000041,NHS Dorset Integrated Care Board,E40000006,South West,OCT2021,Unknown,Other Practice staff,Home Visit,15  to 21 Days,3
11J,E38000045,NHS Dorset ICB - 11J,E54000041,NHS Dorset Integrated Care Board,E40000006,South West,OCT2021,Unknown,Other Practice staff,Home Visit,2 to 7 Days,16
11J,E38000045,NHS Dorset ICB - 11J,E54000041,NHS Dorset Integrated Care Board,E40000006,South West,OCT2021,Unknown,Other Practice staff,Home Visit,22  to 28 Days,3
11J,E38000045,NHS Dorset ICB - 11J,E54000041,NHS Dorset Integrated Care Board,E40000006,South West,OCT2021,Unknown,Other Practice staff,Home Visit,8  to 14 Days,3
11J,E38000045,NHS Dorset ICB - 11J,E54000041,NHS Dorset Integrated Care Board,E40000006,South West,OCT2021,Unknown,Other Practice staff,Home Visit,More than 28 Days,6
11J,E38000045,NHS Dorset ICB - 11J,E54000041,NHS Dorset Integrated Care Board,E40000006,South West,OCT2021,Unknown,Other Practice staff,Home Visit,Same Day,8
11J,E38000045,NHS Dorset ICB - 11J,E54000041,NHS Dorset Integrated Care Board,E40000006,South West,OCT2021,Unknown,Other Practice staff,Telephone,1 Day,44
11J,E38000045,NHS Dorset ICB - 11J,E54000041,NHS Dorset Integrated Care Board,E40000006,South West,OCT2021,Unknown,Other Practice staff,Telephone,15  to 21 Days,119
11J,E38000045,NHS Dorset ICB - 11J,E54000041,NHS Dorset Integrated Care Board,E40000006,South West,OCT2021,Unknown,Other Practice staff,Telephone,2 to 7 Days,261
11J,E38000045,NHS Dorset ICB - 11J,E54000041,NHS Dorset Integrated Care Board,E40000006,South West,OCT2021,Unknown,Other Practice staff,Telephone,22  to 28 Days,49
11J,E38000045,NHS Dorset ICB - 11J,E54000041,NHS Dorset Integrated Care Board,E40000006,South West,OCT2021,Unknown,Other Practice staff,Telephone,8  to 14 Days,183
11J,E38000045,NHS Dorset ICB - 11J,E54000041,NHS Dorset Integrated Care Board,E40000006,South West,OCT2021,Unknown,Other Practice staff,Telephone,More than 28 Days,67
11J,E38000045,NHS Dorset ICB - 11J,E54000041,NHS Dorset Integrated Care Board,E40000006,South West,OCT2021,Unknown,Other Practice staff,Telephone,Same Day,142
11J,E38000045,NHS Dorset ICB - 11J,E54000041,NHS Dorset Integrated Care Board,E40000006,South West,OCT2021,Unknown,Other Practice staff,Telephone,Unknown / Data Quality,2
11J,E38000045,NHS Dorset ICB - 11J,E54000041,NHS Dorset Integrated Care Board,E40000006,South West,OCT2021,Unknown,Other Practice staff,Unknown,2 to 7 Days,1
11J,E38000045,NHS Dorset ICB - 11J,E54000041,NHS Dorset Integrated Care Board,E40000006,South West,OCT2021,Unknown,Other Practice staff,Video/Online,1 Day,7
11J,E38000045,NHS Dorset ICB - 11J,E54000041,NHS Dorset Integrated Care Board,E40000006,South West,OCT2021,Unknown,Other Practice staff,Video/Online,15  to 21 Days,8
11J,E38000045,NHS Dorset ICB - 11J,E54000041,NHS Dorset Integrated Care Board,E40000006,South West,OCT2021,Unknown,Other Practice staff,Video/Online,2 to 7 Days,121
11J,E38000045,NHS Dorset ICB - 11J,E54000041,NHS Dorset Integrated Care Board,E40000006,South West,OCT2021,Unknown,Other Practice staff,Video/Online,22  to 28 Days,1
11J,E38000045,NHS Dorset ICB - 11J,E54000041,NHS Dorset Integrated Care Board,E40000006,South West,OCT2021,Unknown,Other Practice staff,Video/Online,8  to 14 Days,186
11J,E38000045,NHS Dorset ICB - 11J,E54000041,NHS Dorset Integrated Care Board,E40000006,South West,OCT2021,Unknown,Other Practice staff,Video/Online,More than 28 Days,1
11J,E38000045,NHS Dorset ICB - 11J,E54000041,NHS Dorset Integrated Care Board,E40000006,South West,OCT2021,Unknown,Other Practice staff,Video/Online,Same Day,4
11J,E38000045,NHS Dorset ICB - 11J,E54000041,NHS Dorset Integrated Care Board,E40000006,South West,OCT2021,Unknown,Unknown,Unknown,1 Day,58
11J,E38000045,NHS Dorset ICB - 11J,E54000041,NHS Dorset Integrated Care Board,E40000006,South West,OCT2021,Unknown,Unknown,Unknown,15  to 21 Days,182
11J,E38000045,NHS Dorset ICB - 11J,E54000041,NHS Dorset Integrated Care Board,E40000006,South West,OCT2021,Unknown,Unknown,Unknown,2 to 7 Days,214
11J,E38000045,NHS Dorset ICB - 11J,E54000041,NHS Dorset Integrated Care Board,E40000006,South West,OCT2021,Unknown,Unknown,Unknown,22  to 28 Days,191
11J,E38000045,NHS Dorset ICB - 11J,E54000041,NHS Dorset Integrated Care Board,E40000006,South West,OCT2021,Unknown,Unknown,Unknown,8  to 14 Days,260
11J,E38000045,NHS Dorset ICB - 11J,E54000041,NHS Dorset Integrated Care Board,E40000006,South West,OCT2021,Unknown,Unknown,Unknown,More than 28 Days,554
11J,E38000045,NHS Dorset ICB - 11J,E54000041,NHS Dorset Integrated Care Board,E40000006,South West,OCT2021,Unknown,Unknown,Unknown,Same Day,81
11J,E38000045,NHS Dorset ICB - 11J,E54000041,NHS Dorset Integrated Care Board,E40000006,South West,NOV2021,Attended,GP,Face-to-Face,1 Day,12039
11J,E38000045,NHS Dorset ICB - 11J,E54000041,NHS Dorset Integrated Care Board,E40000006,South West,NOV2021,Attended,GP,Face-to-Face,15  to 21 Days,8869
11J,E38000045,NHS Dorset ICB - 11J,E54000041,NHS Dorset Integrated Care Board,E40000006,South West,NOV2021,Attended,GP,Face-to-Face,2 to 7 Days,24450
11J,E38000045,NHS Dorset ICB - 11J,E54000041,NHS Dorset Integrated Care Board,E40000006,South West,NOV2021,Attended,GP,Face-to-Face,22  to 28 Days,4489
11J,E38000045,NHS Dorset ICB - 11J,E54000041,NHS Dorset Integrated Care Board,E40000006,South West,NOV2021,Attended,GP,Face-to-Face,8  to 14 Days,16314
11J,E38000045,NHS Dorset ICB - 11J,E54000041,NHS Dorset Integrated Care Board,E40000006,South West,NOV2021,Attended,GP,Face-to-Face,More than 28 Days,2362
11J,E38000045,NHS Dorset ICB - 11J,E54000041,NHS Dorset Integrated Care Board,E40000006,South West,NOV2021,Attended,GP,Face-to-Face,Same Day,52239
11J,E38000045,NHS Dorset ICB - 11J,E54000041,NHS Dorset Integrated Care Board,E40000006,South West,NOV2021,Attended,GP,Face-to-Face,Unknown / Data Quality,2
11J,E38000045,NHS Dorset ICB - 11J,E54000041,NHS Dorset Integrated Care Board,E40000006,South West,NOV2021,Attended,GP,Home Visit,1 Day,29
11J,E38000045,NHS Dorset ICB - 11J,E54000041,NHS Dorset Integrated Care Board,E40000006,South West,NOV2021,Attended,GP,Home Visit,15  to 21 Days,1
11J,E38000045,NHS Dorset ICB - 11J,E54000041,NHS Dorset Integrated Care Board,E40000006,South West,NOV2021,Attended,GP,Home Visit,2 to 7 Days,28
11J,E38000045,NHS Dorset ICB - 11J,E54000041,NHS Dorset Integrated Care Board,E40000006,South West,NOV2021,Attended,GP,Home Visit,8  to 14 Days,5
11J,E38000045,NHS Dorset ICB - 11J,E54000041,NHS Dorset Integrated Care Board,E40000006,South West,NOV2021,Attended,GP,Home Visit,Same Day,121
11J,E38000045,NHS Dorset ICB - 11J,E54000041,NHS Dorset Integrated Care Board,E40000006,South West,NOV2021,Attended,GP,Telephone,1 Day,4988
11J,E38000045,NHS Dorset ICB - 11J,E54000041,NHS Dorset Integrated Care Board,E40000006,South West,NOV2021,Attended,GP,Telephone,15  to 21 Days,4717
11J,E38000045,NHS Dorset ICB - 11J,E54000041,NHS Dorset Integrated Care Board,E40000006,South West,NOV2021,Attended,GP,Telephone,2 to 7 Days,12643
11J,E38000045,NHS Dorset ICB - 11J,E54000041,NHS Dorset Integrated Care Board,E40000006,South West,NOV2021,Attended,GP,Telephone,22  to 28 Days,2532
11J,E38000045,NHS Dorset ICB - 11J,E54000041,NHS Dorset Integrated Care Board,E40000006,South West,NOV2021,Attended,GP,Telephone,8  to 14 Days,8974
11J,E38000045,NHS Dorset ICB - 11J,E54000041,NHS Dorset Integrated Care Board,E40000006,South West,NOV2021,Attended,GP,Telephone,More than 28 Days,920
11J,E38000045,NHS Dorset ICB - 11J,E54000041,NHS Dorset Integrated Care Board,E40000006,South West,NOV2021,Attended,GP,Telephone,Same Day,35760
11J,E38000045,NHS Dorset ICB - 11J,E54000041,NHS Dorset Integrated Care Board,E40000006,South West,NOV2021,Attended,GP,Telephone,Unknown / Data Quality,1
11J,E38000045,NHS Dorset ICB - 11J,E54000041,NHS Dorset Integrated Care Board,E40000006,South West,NOV2021,Attended,GP,Video/Online,1 Day,509
11J,E38000045,NHS Dorset ICB - 11J,E54000041,NHS Dorset Integrated Care Board,E40000006,South West,NOV2021,Attended,GP,Video/Online,15  to 21 Days,15
11J,E38000045,NHS Dorset ICB - 11J,E54000041,NHS Dorset Integrated Care Board,E40000006,South West,NOV2021,Attended,GP,Video/Online,2 to 7 Days,313
11J,E38000045,NHS Dorset ICB - 11J,E54000041,NHS Dorset Integrated Care Board,E40000006,South West,NOV2021,Attended,GP,Video/Online,22  to 28 Days,3
11J,E38000045,NHS Dorset ICB - 11J,E54000041,NHS Dorset Integrated Care Board,E40000006,South West,NOV2021,Attended,GP,Video/Online,8  to 14 Days,43
11J,E38000045,NHS Dorset ICB - 11J,E54000041,NHS Dorset Integrated Care Board,E40000006,South West,NOV2021,Attended,GP,Video/Online,Same Day,1512
11J,E38000045,NHS Dorset ICB - 11J,E54000041,NHS Dorset Integrated Care Board,E40000006,South West,NOV2021,Attended,Other Practice staff,Face-to-Face,1 Day,13522
11J,E38000045,NHS Dorset ICB - 11J,E54000041,NHS Dorset Integrated Care Board,E40000006,South West,NOV2021,Attended,Other Practice staff,Face-to-Face,15  to 21 Days,19646
11J,E38000045,NHS Dorset ICB - 11J,E54000041,NHS Dorset Integrated Care Board,E40000006,South West,NOV2021,Attended,Other Practice staff,Face-to-Face,2 to 7 Days,39140
11J,E38000045,NHS Dorset ICB - 11J,E54000041,NHS Dorset Integrated Care Board,E40000006,South West,NOV2021,Attended,Other Practice staff,Face-to-Face,22  to 28 Days,10697
11J,E38000045,NHS Dorset ICB - 11J,E54000041,NHS Dorset Integrated Care Board,E40000006,South West,NOV2021,Attended,Other Practice staff,Face-to-Face,8  to 14 Days,31171
11J,E38000045,NHS Dorset ICB - 11J,E54000041,NHS Dorset Integrated Care Board,E40000006,South West,NOV2021,Attended,Other Practice staff,Face-to-Face,More than 28 Days,11011
11J,E38000045,NHS Dorset ICB - 11J,E54000041,NHS Dorset Integrated Care Board,E40000006,South West,NOV2021,Attended,Other Practice staff,Face-to-Face,Same Day,43741
11J,E38000045,NHS Dorset ICB - 11J,E54000041,NHS Dorset Integrated Care Board,E40000006,South West,NOV2021,Attended,Other Practice staff,Face-to-Face,Unknown / Data Quality,140
11J,E38000045,NHS Dorset ICB - 11J,E54000041,NHS Dorset Integrated Care Board,E40000006,South West,NOV2021,Attended,Other Practice staff,Home Visit,1 Day,49
11J,E38000045,NHS Dorset ICB - 11J,E54000041,NHS Dorset Integrated Care Board,E40000006,South West,NOV2021,Attended,Other Practice staff,Home Visit,15  to 21 Days,28
11J,E38000045,NHS Dorset ICB - 11J,E54000041,NHS Dorset Integrated Care Board,E40000006,South West,NOV2021,Attended,Other Practice staff,Home Visit,2 to 7 Days,124
11J,E38000045,NHS Dorset ICB - 11J,E54000041,NHS Dorset Integrated Care Board,E40000006,South West,NOV2021,Attended,Other Practice staff,Home Visit,22  to 28 Days,6
11J,E38000045,NHS Dorset ICB - 11J,E54000041,NHS Dorset Integrated Care Board,E40000006,South West,NOV2021,Attended,Other Practice staff,Home Visit,8  to 14 Days,57
11J,E38000045,NHS Dorset ICB - 11J,E54000041,NHS Dorset Integrated Care Board,E40000006,South West,NOV2021,Attended,Other Practice staff,Home Visit,More than 28 Days,47
11J,E38000045,NHS Dorset ICB - 11J,E54000041,NHS Dorset Integrated Care Board,E40000006,South West,NOV2021,Attended,Other Practice staff,Home Visit,Same Day,164
11J,E38000045,NHS Dorset ICB - 11J,E54000041,NHS Dorset Integrated Care Board,E40000006,South West,NOV2021,Attended,Other Practice staff,Home Visit,Unknown / Data Quality,1
11J,E38000045,NHS Dorset ICB - 11J,E54000041,NHS Dorset Integrated Care Board,E40000006,South West,NOV2021,Attended,Other Practice staff,Telephone,1 Day,1676
11J,E38000045,NHS Dorset ICB - 11J,E54000041,NHS Dorset Integrated Care Board,E40000006,South West,NOV2021,Attended,Other Practice staff,Telephone,15  to 21 Days,1576
11J,E38000045,NHS Dorset ICB - 11J,E54000041,NHS Dorset Integrated Care Board,E40000006,South West,NOV2021,Attended,Other Practice staff,Telephone,2 to 7 Days,3731
11J,E38000045,NHS Dorset ICB - 11J,E54000041,NHS Dorset Integrated Care Board,E40000006,South West,NOV2021,Attended,Other Practice staff,Telephone,22  to 28 Days,899
11J,E38000045,NHS Dorset ICB - 11J,E54000041,NHS Dorset Integrated Care Board,E40000006,South West,NOV2021,Attended,Other Practice staff,Telephone,8  to 14 Days,2416
11J,E38000045,NHS Dorset ICB - 11J,E54000041,NHS Dorset Integrated Care Board,E40000006,South West,NOV2021,Attended,Other Practice staff,Telephone,More than 28 Days,593
11J,E38000045,NHS Dorset ICB - 11J,E54000041,NHS Dorset Integrated Care Board,E40000006,South West,NOV2021,Attended,Other Practice staff,Telephone,Same Day,13173
11J,E38000045,NHS Dorset ICB - 11J,E54000041,NHS Dorset Integrated Care Board,E40000006,South West,NOV2021,Attended,Other Practice staff,Video/Online,1 Day,117
11J,E38000045,NHS Dorset ICB - 11J,E54000041,NHS Dorset Integrated Care Board,E40000006,South West,NOV2021,Attended,Other Practice staff,Video/Online,15  to 21 Days,75
11J,E38000045,NHS Dorset ICB - 11J,E54000041,NHS Dorset Integrated Care Board,E40000006,South West,NOV2021,Attended,Other Practice staff,Video/Online,2 to 7 Days,680
11J,E38000045,NHS Dorset ICB - 11J,E54000041,NHS Dorset Integrated Care Board,E40000006,South West,NOV2021,Attended,Other Practice staff,Video/Online,22  to 28 Days,45
11J,E38000045,NHS Dorset ICB - 11J,E54000041,NHS Dorset Integrated Care Board,E40000006,South West,NOV2021,Attended,Other Practice staff,Video/Online,8  to 14 Days,206
11J,E38000045,NHS Dorset ICB - 11J,E54000041,NHS Dorset Integrated Care Board,E40000006,South West,NOV2021,Attended,Other Practice staff,Video/Online,More than 28 Days,40
11J,E38000045,NHS Dorset ICB - 11J,E54000041,NHS Dorset Integrated Care Board,E40000006,South West,NOV2021,Attended,Other Practice staff,Video/Online,Same Day,123
11J,E38000045,NHS Dorset ICB - 11J,E54000041,NHS Dorset Integrated Care Board,E40000006,South West,NOV2021,Attended,Unknown,Unknown,1 Day,1934
11J,E38000045,NHS Dorset ICB - 11J,E54000041,NHS Dorset Integrated Care Board,E40000006,South West,NOV2021,Attended,Unknown,Unknown,15  to 21 Days,924
11J,E38000045,NHS Dorset ICB - 11J,E54000041,NHS Dorset Integrated Care Board,E40000006,South West,NOV2021,Attended,Unknown,Unknown,2 to 7 Days,4150
11J,E38000045,NHS Dorset ICB - 11J,E54000041,NHS Dorset Integrated Care Board,E40000006,South West,NOV2021,Attended,Unknown,Unknown,22  to 28 Days,473
11J,E38000045,NHS Dorset ICB - 11J,E54000041,NHS Dorset Integrated Care Board,E40000006,South West,NOV2021,Attended,Unknown,Unknown,8  to 14 Days,1925
11J,E38000045,NHS Dorset ICB - 11J,E54000041,NHS Dorset Integrated Care Board,E40000006,South West,NOV2021,Attended,Unknown,Unknown,More than 28 Days,242
11J,E38000045,NHS Dorset ICB - 11J,E54000041,NHS Dorset Integrated Care Board,E40000006,South West,NOV2021,Attended,Unknown,Unknown,Same Day,13930
11J,E38000045,NHS Dorset ICB - 11J,E54000041,NHS Dorset Integrated Care Board,E40000006,South West,NOV2021,Attended,Unknown,Unknown,Unknown / Data Quality,10
11J,E38000045,NHS Dorset ICB - 11J,E54000041,NHS Dorset Integrated Care Board,E40000006,South West,NOV2021,DNA,GP,Face-to-Face,1 Day,232
11J,E38000045,NHS Dorset ICB - 11J,E54000041,NHS Dorset Integrated Care Board,E40000006,South West,NOV2021,DNA,GP,Face-to-Face,15  to 21 Days,420
11J,E38000045,NHS Dorset ICB - 11J,E54000041,NHS Dorset Integrated Care Board,E40000006,South West,NOV2021,DNA,GP,Face-to-Face,2 to 7 Days,719
11J,E38000045,NHS Dorset ICB - 11J,E54000041,NHS Dorset Integrated Care Board,E40000006,South West,NOV2021,DNA,GP,Face-to-Face,22  to 28 Days,259
11J,E38000045,NHS Dorset ICB - 11J,E54000041,NHS Dorset Integrated Care Board,E40000006,South West,NOV2021,DNA,GP,Face-to-Face,8  to 14 Days,644
11J,E38000045,NHS Dorset ICB - 11J,E54000041,NHS Dorset Integrated Care Board,E40000006,South West,NOV2021,DNA,GP,Face-to-Face,More than 28 Days,179
11J,E38000045,NHS Dorset ICB - 11J,E54000041,NHS Dorset Integrated Care Board,E40000006,South West,NOV2021,DNA,GP,Face-to-Face,Same Day,335
11J,E38000045,NHS Dorset ICB - 11J,E54000041,NHS Dorset Integrated Care Board,E40000006,South West,NOV2021,DNA,GP,Face-to-Face,Unknown / Data Quality,1
11J,E38000045,NHS Dorset ICB - 11J,E54000041,NHS Dorset Integrated Care Board,E40000006,South West,NOV2021,DNA,GP,Home Visit,1 Day,2
11J,E38000045,NHS Dorset ICB - 11J,E54000041,NHS Dorset Integrated Care Board,E40000006,South West,NOV2021,DNA,GP,Home Visit,2 to 7 Days,5
11J,E38000045,NHS Dorset ICB - 11J,E54000041,NHS Dorset Integrated Care Board,E40000006,South West,NOV2021,DNA,GP,Home Visit,8  to 14 Days,1
11J,E38000045,NHS Dorset ICB - 11J,E54000041,NHS Dorset Integrated Care Board,E40000006,South West,NOV2021,DNA,GP,Home Visit,Same Day,13
11J,E38000045,NHS Dorset ICB - 11J,E54000041,NHS Dorset Integrated Care Board,E40000006,South West,NOV2021,DNA,GP,Telephone,1 Day,13
11J,E38000045,NHS Dorset ICB - 11J,E54000041,NHS Dorset Integrated Care Board,E40000006,South West,NOV2021,DNA,GP,Telephone,15  to 21 Days,22
11J,E38000045,NHS Dorset ICB - 11J,E54000041,NHS Dorset Integrated Care Board,E40000006,South West,NOV2021,DNA,GP,Telephone,2 to 7 Days,51
11J,E38000045,NHS Dorset ICB - 11J,E54000041,NHS Dorset Integrated Care Board,E40000006,South West,NOV2021,DNA,GP,Telephone,22  to 28 Days,14
11J,E38000045,NHS Dorset ICB - 11J,E54000041,NHS Dorset Integrated Care Board,E40000006,South West,NOV2021,DNA,GP,Telephone,8  to 14 Days,40
11J,E38000045,NHS Dorset ICB - 11J,E54000041,NHS Dorset Integrated Care Board,E40000006,South West,NOV2021,DNA,GP,Telephone,More than 28 Days,8
11J,E38000045,NHS Dorset ICB - 11J,E54000041,NHS Dorset Integrated Care Board,E40000006,South West,NOV2021,DNA,GP,Telephone,Same Day,33
11J,E38000045,NHS Dorset ICB - 11J,E54000041,NHS Dorset Integrated Care Board,E40000006,South West,NOV2021,DNA,GP,Video/Online,Same Day,1
11J,E38000045,NHS Dorset ICB - 11J,E54000041,NHS Dorset Integrated Care Board,E40000006,South West,NOV2021,DNA,Other Practice staff,Face-to-Face,1 Day,587
11J,E38000045,NHS Dorset ICB - 11J,E54000041,NHS Dorset Integrated Care Board,E40000006,South West,NOV2021,DNA,Other Practice staff,Face-to-Face,15  to 21 Days,1625
11J,E38000045,NHS Dorset ICB - 11J,E54000041,NHS Dorset Integrated Care Board,E40000006,South West,NOV2021,DNA,Other Practice staff,Face-to-Face,2 to 7 Days,2474
11J,E38000045,NHS Dorset ICB - 11J,E54000041,NHS Dorset Integrated Care Board,E40000006,South West,NOV2021,DNA,Other Practice staff,Face-to-Face,22  to 28 Days,973
11J,E38000045,NHS Dorset ICB - 11J,E54000041,NHS Dorset Integrated Care Board,E40000006,South West,NOV2021,DNA,Other Practice staff,Face-to-Face,8  to 14 Days,2296
11J,E38000045,NHS Dorset ICB - 11J,E54000041,NHS Dorset Integrated Care Board,E40000006,South West,NOV2021,DNA,Other Practice staff,Face-to-Face,More than 28 Days,1318
11J,E38000045,NHS Dorset ICB - 11J,E54000041,NHS Dorset Integrated Care Board,E40000006,South West,NOV2021,DNA,Other Practice staff,Face-to-Face,Same Day,1084
11J,E38000045,NHS Dorset ICB - 11J,E54000041,NHS Dorset Integrated Care Board,E40000006,South West,NOV2021,DNA,Other Practice staff,Home Visit,1 Day,42
11J,E38000045,NHS Dorset ICB - 11J,E54000041,NHS Dorset Integrated Care Board,E40000006,South West,NOV2021,DNA,Other Practice staff,Home Visit,15  to 21 Days,22
11J,E38000045,NHS Dorset ICB - 11J,E54000041,NHS Dorset Integrated Care Board,E40000006,South West,NOV2021,DNA,Other Practice staff,Home Visit,2 to 7 Days,158
11J,E38000045,NHS Dorset ICB - 11J,E54000041,NHS Dorset Integrated Care Board,E40000006,South West,NOV2021,DNA,Other Practice staff,Home Visit,22  to 28 Days,19
11J,E38000045,NHS Dorset ICB - 11J,E54000041,NHS Dorset Integrated Care Board,E40000006,South West,NOV2021,DNA,Other Practice staff,Home Visit,8  to 14 Days,58
11J,E38000045,NHS Dorset ICB - 11J,E54000041,NHS Dorset Integrated Care Board,E40000006,South West,NOV2021,DNA,Other Practice staff,Home Visit,More than 28 Days,13
11J,E38000045,NHS Dorset ICB - 11J,E54000041,NHS Dorset Integrated Care Board,E40000006,South West,NOV2021,DNA,Other Practice staff,Home Visit,Same Day,11
11J,E38000045,NHS Dorset ICB - 11J,E54000041,NHS Dorset Integrated Care Board,E40000006,South West,NOV2021,DNA,Other Practice staff,Telephone,1 Day,27
11J,E38000045,NHS Dorset ICB - 11J,E54000041,NHS Dorset Integrated Care Board,E40000006,South West,NOV2021,DNA,Other Practice staff,Telephone,15  to 21 Days,17
11J,E38000045,NHS Dorset ICB - 11J,E54000041,NHS Dorset Integrated Care Board,E40000006,South West,NOV2021,DNA,Other Practice staff,Telephone,2 to 7 Days,63
11J,E38000045,NHS Dorset ICB - 11J,E54000041,NHS Dorset Integrated Care Board,E40000006,South West,NOV2021,DNA,Other Practice staff,Telephone,22  to 28 Days,7
11J,E38000045,NHS Dorset ICB - 11J,E54000041,NHS Dorset Integrated Care Board,E40000006,South West,NOV2021,DNA,Other Practice staff,Telephone,8  to 14 Days,61
11J,E38000045,NHS Dorset ICB - 11J,E54000041,NHS Dorset Integrated Care Board,E40000006,South West,NOV2021,DNA,Other Practice staff,Telephone,More than 28 Days,10
11J,E38000045,NHS Dorset ICB - 11J,E54000041,NHS Dorset Integrated Care Board,E40000006,South West,NOV2021,DNA,Other Practice staff,Telephone,Same Day,9
11J,E38000045,NHS Dorset ICB - 11J,E54000041,NHS Dorset Integrated Care Board,E40000006,South West,NOV2021,DNA,Other Practice staff,Video/Online,1 Day,1
11J,E38000045,NHS Dorset ICB - 11J,E54000041,NHS Dorset Integrated Care Board,E40000006,South West,NOV2021,DNA,Other Practice staff,Video/Online,15  to 21 Days,4
11J,E38000045,NHS Dorset ICB - 11J,E54000041,NHS Dorset Integrated Care Board,E40000006,South West,NOV2021,DNA,Other Practice staff,Video/Online,2 to 7 Days,23
11J,E38000045,NHS Dorset ICB - 11J,E54000041,NHS Dorset Integrated Care Board,E40000006,South West,NOV2021,DNA,Other Practice staff,Video/Online,22  to 28 Days,5
11J,E38000045,NHS Dorset ICB - 11J,E54000041,NHS Dorset Integrated Care Board,E40000006,South West,NOV2021,DNA,Other Practice staff,Video/Online,8  to 14 Days,12
11J,E38000045,NHS Dorset ICB - 11J,E54000041,NHS Dorset Integrated Care Board,E40000006,South West,NOV2021,DNA,Other Practice staff,Video/Online,More than 28 Days,7
11J,E38000045,NHS Dorset ICB - 11J,E54000041,NHS Dorset Integrated Care Board,E40000006,South West,NOV2021,DNA,Unknown,Unknown,1 Day,40
11J,E38000045,NHS Dorset ICB - 11J,E54000041,NHS Dorset Integrated Care Board,E40000006,South West,NOV2021,DNA,Unknown,Unknown,15  to 21 Days,74
11J,E38000045,NHS Dorset ICB - 11J,E54000041,NHS Dorset Integrated Care Board,E40000006,South West,NOV2021,DNA,Unknown,Unknown,2 to 7 Days,180
11J,E38000045,NHS Dorset ICB - 11J,E54000041,NHS Dorset Integrated Care Board,E40000006,South West,NOV2021,DNA,Unknown,Unknown,22  to 28 Days,30
11J,E38000045,NHS Dorset ICB - 11J,E54000041,NHS Dorset Integrated Care Board,E40000006,South West,NOV2021,DNA,Unknown,Unknown,8  to 14 Days,113
11J,E38000045,NHS Dorset ICB - 11J,E54000041,NHS Dorset Integrated Care Board,E40000006,South West,NOV2021,DNA,Unknown,Unknown,More than 28 Days,21
11J,E38000045,NHS Dorset ICB - 11J,E54000041,NHS Dorset Integrated Care Board,E40000006,South West,NOV2021,DNA,Unknown,Unknown,Same Day,60
11J,E38000045,NHS Dorset ICB - 11J,E54000041,NHS Dorset Integrated Care Board,E40000006,South West,NOV2021,Unknown,GP,Face-to-Face,1 Day,307
11J,E38000045,NHS Dorset ICB - 11J,E54000041,NHS Dorset Integrated Care Board,E40000006,South West,NOV2021,Unknown,GP,Face-to-Face,15  to 21 Days,403
11J,E38000045,NHS Dorset ICB - 11J,E54000041,NHS Dorset Integrated Care Board,E40000006,South West,NOV2021,Unknown,GP,Face-to-Face,2 to 7 Days,472
11J,E38000045,NHS Dorset ICB - 11J,E54000041,NHS Dorset Integrated Care Board,E40000006,South West,NOV2021,Unknown,GP,Face-to-Face,22  to 28 Days,217
11J,E38000045,NHS Dorset ICB - 11J,E54000041,NHS Dorset Integrated Care Board,E40000006,South West,NOV2021,Unknown,GP,Face-to-Face,8  to 14 Days,483
11J,E38000045,NHS Dorset ICB - 11J,E54000041,NHS Dorset Integrated Care Board,E40000006,South West,NOV2021,Unknown,GP,Face-to-Face,More than 28 Days,193
11J,E38000045,NHS Dorset ICB - 11J,E54000041,NHS Dorset Integrated Care Board,E40000006,South West,NOV2021,Unknown,GP,Face-to-Face,Same Day,446
11J,E38000045,NHS Dorset ICB - 11J,E54000041,NHS Dorset Integrated Care Board,E40000006,South West,NOV2021,Unknown,GP,Face-to-Face,Unknown / Data Quality,1
11J,E38000045,NHS Dorset ICB - 11J,E54000041,NHS Dorset Integrated Care Board,E40000006,South West,NOV2021,Unknown,GP,Home Visit,1 Day,1
11J,E38000045,NHS Dorset ICB - 11J,E54000041,NHS Dorset Integrated Care Board,E40000006,South West,NOV2021,Unknown,GP,Home Visit,2 to 7 Days,1
11J,E38000045,NHS Dorset ICB - 11J,E54000041,NHS Dorset Integrated Care Board,E40000006,South West,NOV2021,Unknown,GP,Home Visit,Same Day,5
11J,E38000045,NHS Dorset ICB - 11J,E54000041,NHS Dorset Integrated Care Board,E40000006,South West,NOV2021,Unknown,GP,Telephone,1 Day,46
11J,E38000045,NHS Dorset ICB - 11J,E54000041,NHS Dorset Integrated Care Board,E40000006,South West,NOV2021,Unknown,GP,Telephone,15  to 21 Days,183
11J,E38000045,NHS Dorset ICB - 11J,E54000041,NHS Dorset Integrated Care Board,E40000006,South West,NOV2021,Unknown,GP,Telephone,2 to 7 Days,135
11J,E38000045,NHS Dorset ICB - 11J,E54000041,NHS Dorset Integrated Care Board,E40000006,South West,NOV2021,Unknown,GP,Telephone,22  to 28 Days,133
11J,E38000045,NHS Dorset ICB - 11J,E54000041,NHS Dorset Integrated Care Board,E40000006,South West,NOV2021,Unknown,GP,Telephone,8  to 14 Days,179
11J,E38000045,NHS Dorset ICB - 11J,E54000041,NHS Dorset Integrated Care Board,E40000006,South West,NOV2021,Unknown,GP,Telephone,More than 28 Days,124
11J,E38000045,NHS Dorset ICB - 11J,E54000041,NHS Dorset Integrated Care Board,E40000006,South West,NOV2021,Unknown,GP,Telephone,Same Day,117
11J,E38000045,NHS Dorset ICB - 11J,E54000041,NHS Dorset Integrated Care Board,E40000006,South West,NOV2021,Unknown,GP,Video/Online,1 Day,65
11J,E38000045,NHS Dorset ICB - 11J,E54000041,NHS Dorset Integrated Care Board,E40000006,South West,NOV2021,Unknown,GP,Video/Online,2 to 7 Days,10
11J,E38000045,NHS Dorset ICB - 11J,E54000041,NHS Dorset Integrated Care Board,E40000006,South West,NOV2021,Unknown,GP,Video/Online,Same Day,74
11J,E38000045,NHS Dorset ICB - 11J,E54000041,NHS Dorset Integrated Care Board,E40000006,South West,NOV2021,Unknown,Other Practice staff,Face-to-Face,1 Day,1243
11J,E38000045,NHS Dorset ICB - 11J,E54000041,NHS Dorset Integrated Care Board,E40000006,South West,NOV2021,Unknown,Other Practice staff,Face-to-Face,15  to 21 Days,1463
11J,E38000045,NHS Dorset ICB - 11J,E54000041,NHS Dorset Integrated Care Board,E40000006,South West,NOV2021,Unknown,Other Practice staff,Face-to-Face,2 to 7 Days,4495
11J,E38000045,NHS Dorset ICB - 11J,E54000041,NHS Dorset Integrated Care Board,E40000006,South West,NOV2021,Unknown,Other Practice staff,Face-to-Face,22  to 28 Days,1186
11J,E38000045,NHS Dorset ICB - 11J,E54000041,NHS Dorset Integrated Care Board,E40000006,South West,NOV2021,Unknown,Other Practice staff,Face-to-Face,8  to 14 Days,2888
11J,E38000045,NHS Dorset ICB - 11J,E54000041,NHS Dorset Integrated Care Board,E40000006,South West,NOV2021,Unknown,Other Practice staff,Face-to-Face,More than 28 Days,3943
11J,E38000045,NHS Dorset ICB - 11J,E54000041,NHS Dorset Integrated Care Board,E40000006,South West,NOV2021,Unknown,Other Practice staff,Face-to-Face,Same Day,1053
11J,E38000045,NHS Dorset ICB - 11J,E54000041,NHS Dorset Integrated Care Board,E40000006,South West,NOV2021,Unknown,Other Practice staff,Face-to-Face,Unknown / Data Quality,11
11J,E38000045,NHS Dorset ICB - 11J,E54000041,NHS Dorset Integrated Care Board,E40000006,South West,NOV2021,Unknown,Other Practice staff,Home Visit,1 Day,2
11J,E38000045,NHS Dorset ICB - 11J,E54000041,NHS Dorset Integrated Care Board,E40000006,South West,NOV2021,Unknown,Other Practice staff,Home Visit,15  to 21 Days,5
11J,E38000045,NHS Dorset ICB - 11J,E54000041,NHS Dorset Integrated Care Board,E40000006,South West,NOV2021,Unknown,Other Practice staff,Home Visit,2 to 7 Days,13
11J,E38000045,NHS Dorset ICB - 11J,E54000041,NHS Dorset Integrated Care Board,E40000006,South West,NOV2021,Unknown,Other Practice staff,Home Visit,22  to 28 Days,2
11J,E38000045,NHS Dorset ICB - 11J,E54000041,NHS Dorset Integrated Care Board,E40000006,South West,NOV2021,Unknown,Other Practice staff,Home Visit,8  to 14 Days,23
11J,E38000045,NHS Dorset ICB - 11J,E54000041,NHS Dorset Integrated Care Board,E40000006,South West,NOV2021,Unknown,Other Practice staff,Home Visit,More than 28 Days,15
11J,E38000045,NHS Dorset ICB - 11J,E54000041,NHS Dorset Integrated Care Board,E40000006,South West,NOV2021,Unknown,Other Practice staff,Home Visit,Same Day,3
11J,E38000045,NHS Dorset ICB - 11J,E54000041,NHS Dorset Integrated Care Board,E40000006,South West,NOV2021,Unknown,Other Practice staff,Telephone,1 Day,43
11J,E38000045,NHS Dorset ICB - 11J,E54000041,NHS Dorset Integrated Care Board,E40000006,South West,NOV2021,Unknown,Other Practice staff,Telephone,15  to 21 Days,65
11J,E38000045,NHS Dorset ICB - 11J,E54000041,NHS Dorset Integrated Care Board,E40000006,South West,NOV2021,Unknown,Other Practice staff,Telephone,2 to 7 Days,140
11J,E38000045,NHS Dorset ICB - 11J,E54000041,NHS Dorset Integrated Care Board,E40000006,South West,NOV2021,Unknown,Other Practice staff,Telephone,22  to 28 Days,50
11J,E38000045,NHS Dorset ICB - 11J,E54000041,NHS Dorset Integrated Care Board,E40000006,South West,NOV2021,Unknown,Other Practice staff,Telephone,8  to 14 Days,128
11J,E38000045,NHS Dorset ICB - 11J,E54000041,NHS Dorset Integrated Care Board,E40000006,South West,NOV2021,Unknown,Other Practice staff,Telephone,More than 28 Days,96
11J,E38000045,NHS Dorset ICB - 11J,E54000041,NHS Dorset Integrated Care Board,E40000006,South West,NOV2021,Unknown,Other Practice staff,Telephone,Same Day,190
11J,E38000045,NHS Dorset ICB - 11J,E54000041,NHS Dorset Integrated Care Board,E40000006,South West,NOV2021,Unknown,Other Practice staff,Telephone,Unknown / Data Quality,1
11J,E38000045,NHS Dorset ICB - 11J,E54000041,NHS Dorset Integrated Care Board,E40000006,South West,NOV2021,Unknown,Other Practice staff,Video/Online,1 Day,5
11J,E38000045,NHS Dorset ICB - 11J,E54000041,NHS Dorset Integrated Care Board,E40000006,South West,NOV2021,Unknown,Other Practice staff,Video/Online,15  to 21 Days,3
11J,E38000045,NHS Dorset ICB - 11J,E54000041,NHS Dorset Integrated Care Board,E40000006,South West,NOV2021,Unknown,Other Practice staff,Video/Online,2 to 7 Days,34
11J,E38000045,NHS Dorset ICB - 11J,E54000041,NHS Dorset Integrated Care Board,E40000006,South West,NOV2021,Unknown,Other Practice staff,Video/Online,8  to 14 Days,20
11J,E38000045,NHS Dorset ICB - 11J,E54000041,NHS Dorset Integrated Care Board,E40000006,South West,NOV2021,Unknown,Other Practice staff,Video/Online,More than 28 Days,1
11J,E38000045,NHS Dorset ICB - 11J,E54000041,NHS Dorset Integrated Care Board,E40000006,South West,NOV2021,Unknown,Other Practice staff,Video/Online,Same Day,1
11J,E38000045,NHS Dorset ICB - 11J,E54000041,NHS Dorset Integrated Care Board,E40000006,South West,NOV2021,Unknown,Unknown,Unknown,1 Day,59
11J,E38000045,NHS Dorset ICB - 11J,E54000041,NHS Dorset Integrated Care Board,E40000006,South West,NOV2021,Unknown,Unknown,Unknown,15  to 21 Days,167
11J,E38000045,NHS Dorset ICB - 11J,E54000041,NHS Dorset Integrated Care Board,E40000006,South West,NOV2021,Unknown,Unknown,Unknown,2 to 7 Days,173
11J,E38000045,NHS Dorset ICB - 11J,E54000041,NHS Dorset Integrated Care Board,E40000006,South West,NOV2021,Unknown,Unknown,Unknown,22  to 28 Days,87
11J,E38000045,NHS Dorset ICB - 11J,E54000041,NHS Dorset Integrated Care Board,E40000006,South West,NOV2021,Unknown,Unknown,Unknown,8  to 14 Days,274
11J,E38000045,NHS Dorset ICB - 11J,E54000041,NHS Dorset Integrated Care Board,E40000006,South West,NOV2021,Unknown,Unknown,Unknown,More than 28 Days,236
11J,E38000045,NHS Dorset ICB - 11J,E54000041,NHS Dorset Integrated Care Board,E40000006,South West,NOV2021,Unknown,Unknown,Unknown,Same Day,108
11J,E38000045,NHS Dorset ICB - 11J,E54000041,NHS Dorset Integrated Care Board,E40000006,South West,NOV2021,Unknown,Unknown,Unknown,Unknown / Data Quality,1
11J,E38000045,NHS Dorset ICB - 11J,E54000041,NHS Dorset Integrated Care Board,E40000006,South West,DEC2021,Attended,GP,Face-to-Face,1 Day,10403
11J,E38000045,NHS Dorset ICB - 11J,E54000041,NHS Dorset Integrated Care Board,E40000006,South West,DEC2021,Attended,GP,Face-to-Face,15  to 21 Days,5858
11J,E38000045,NHS Dorset ICB - 11J,E54000041,NHS Dorset Integrated Care Board,E40000006,South West,DEC2021,Attended,GP,Face-to-Face,2 to 7 Days,17876
11J,E38000045,NHS Dorset ICB - 11J,E54000041,NHS Dorset Integrated Care Board,E40000006,South West,DEC2021,Attended,GP,Face-to-Face,22  to 28 Days,3329
11J,E38000045,NHS Dorset ICB - 11J,E54000041,NHS Dorset Integrated Care Board,E40000006,South West,DEC2021,Attended,GP,Face-to-Face,8  to 14 Days,11118
11J,E38000045,NHS Dorset ICB - 11J,E54000041,NHS Dorset Integrated Care Board,E40000006,South West,DEC2021,Attended,GP,Face-to-Face,More than 28 Days,2456
11J,E38000045,NHS Dorset ICB - 11J,E54000041,NHS Dorset Integrated Care Board,E40000006,South West,DEC2021,Attended,GP,Face-to-Face,Same Day,50940
11J,E38000045,NHS Dorset ICB - 11J,E54000041,NHS Dorset Integrated Care Board,E40000006,South West,DEC2021,Attended,GP,Home Visit,1 Day,19
11J,E38000045,NHS Dorset ICB - 11J,E54000041,NHS Dorset Integrated Care Board,E40000006,South West,DEC2021,Attended,GP,Home Visit,15  to 21 Days,1
11J,E38000045,NHS Dorset ICB - 11J,E54000041,NHS Dorset Integrated Care Board,E40000006,South West,DEC2021,Attended,GP,Home Visit,2 to 7 Days,15
11J,E38000045,NHS Dorset ICB - 11J,E54000041,NHS Dorset Integrated Care Board,E40000006,South West,DEC2021,Attended,GP,Home Visit,22  to 28 Days,1
11J,E38000045,NHS Dorset ICB - 11J,E54000041,NHS Dorset Integrated Care Board,E40000006,South West,DEC2021,Attended,GP,Home Visit,8  to 14 Days,8
11J,E38000045,NHS Dorset ICB - 11J,E54000041,NHS Dorset Integrated Care Board,E40000006,South West,DEC2021,Attended,GP,Home Visit,Same Day,120
11J,E38000045,NHS Dorset ICB - 11J,E54000041,NHS Dorset Integrated Care Board,E40000006,South West,DEC2021,Attended,GP,Telephone,1 Day,4140
11J,E38000045,NHS Dorset ICB - 11J,E54000041,NHS Dorset Integrated Care Board,E40000006,South West,DEC2021,Attended,GP,Telephone,15  to 21 Days,4012
11J,E38000045,NHS Dorset ICB - 11J,E54000041,NHS Dorset Integrated Care Board,E40000006,South West,DEC2021,Attended,GP,Telephone,2 to 7 Days,8757
11J,E38000045,NHS Dorset ICB - 11J,E54000041,NHS Dorset Integrated Care Board,E40000006,South West,DEC2021,Attended,GP,Telephone,22  to 28 Days,2393
11J,E38000045,NHS Dorset ICB - 11J,E54000041,NHS Dorset Integrated Care Board,E40000006,South West,DEC2021,Attended,GP,Telephone,8  to 14 Days,7023
11J,E38000045,NHS Dorset ICB - 11J,E54000041,NHS Dorset Integrated Care Board,E40000006,South West,DEC2021,Attended,GP,Telephone,More than 28 Days,855
11J,E38000045,NHS Dorset ICB - 11J,E54000041,NHS Dorset Integrated Care Board,E40000006,South West,DEC2021,Attended,GP,Telephone,Same Day,32290
11J,E38000045,NHS Dorset ICB - 11J,E54000041,NHS Dorset Integrated Care Board,E40000006,South West,DEC2021,Attended,GP,Telephone,Unknown / Data Quality,3
11J,E38000045,NHS Dorset ICB - 11J,E54000041,NHS Dorset Integrated Care Board,E40000006,South West,DEC2021,Attended,GP,Unknown,8  to 14 Days,2
11J,E38000045,NHS Dorset ICB - 11J,E54000041,NHS Dorset Integrated Care Board,E40000006,South West,DEC2021,Attended,GP,Video/Online,1 Day,669
11J,E38000045,NHS Dorset ICB - 11J,E54000041,NHS Dorset Integrated Care Board,E40000006,South West,DEC2021,Attended,GP,Video/Online,15  to 21 Days,18
11J,E38000045,NHS Dorset ICB - 11J,E54000041,NHS Dorset Integrated Care Board,E40000006,South West,DEC2021,Attended,GP,Video/Online,2 to 7 Days,220
11J,E38000045,NHS Dorset ICB - 11J,E54000041,NHS Dorset Integrated Care Board,E40000006,South West,DEC2021,Attended,GP,Video/Online,22  to 28 Days,7
11J,E38000045,NHS Dorset ICB - 11J,E54000041,NHS Dorset Integrated Care Board,E40000006,South West,DEC2021,Attended,GP,Video/Online,8  to 14 Days,38
11J,E38000045,NHS Dorset ICB - 11J,E54000041,NHS Dorset Integrated Care Board,E40000006,South West,DEC2021,Attended,GP,Video/Online,Same Day,1383
11J,E38000045,NHS Dorset ICB - 11J,E54000041,NHS Dorset Integrated Care Board,E40000006,South West,DEC2021,Attended,Other Practice staff,Face-to-Face,1 Day,11177
11J,E38000045,NHS Dorset ICB - 11J,E54000041,NHS Dorset Integrated Care Board,E40000006,South West,DEC2021,Attended,Other Practice staff,Face-to-Face,15  to 21 Days,15710
11J,E38000045,NHS Dorset ICB - 11J,E54000041,NHS Dorset Integrated Care Board,E40000006,South West,DEC2021,Attended,Other Practice staff,Face-to-Face,2 to 7 Days,30635
11J,E38000045,NHS Dorset ICB - 11J,E54000041,NHS Dorset Integrated Care Board,E40000006,South West,DEC2021,Attended,Other Practice staff,Face-to-Face,22  to 28 Days,9285
11J,E38000045,NHS Dorset ICB - 11J,E54000041,NHS Dorset Integrated Care Board,E40000006,South West,DEC2021,Attended,Other Practice staff,Face-to-Face,8  to 14 Days,26551
11J,E38000045,NHS Dorset ICB - 11J,E54000041,NHS Dorset Integrated Care Board,E40000006,South West,DEC2021,Attended,Other Practice staff,Face-to-Face,More than 28 Days,9600
11J,E38000045,NHS Dorset ICB - 11J,E54000041,NHS Dorset Integrated Care Board,E40000006,South West,DEC2021,Attended,Other Practice staff,Face-to-Face,Same Day,40246
11J,E38000045,NHS Dorset ICB - 11J,E54000041,NHS Dorset Integrated Care Board,E40000006,South West,DEC2021,Attended,Other Practice staff,Face-to-Face,Unknown / Data Quality,33
11J,E38000045,NHS Dorset ICB - 11J,E54000041,NHS Dorset Integrated Care Board,E40000006,South West,DEC2021,Attended,Other Practice staff,Home Visit,1 Day,55
11J,E38000045,NHS Dorset ICB - 11J,E54000041,NHS Dorset Integrated Care Board,E40000006,South West,DEC2021,Attended,Other Practice staff,Home Visit,15  to 21 Days,27
11J,E38000045,NHS Dorset ICB - 11J,E54000041,NHS Dorset Integrated Care Board,E40000006,South West,DEC2021,Attended,Other Practice staff,Home Visit,2 to 7 Days,69
11J,E38000045,NHS Dorset ICB - 11J,E54000041,NHS Dorset Integrated Care Board,E40000006,South West,DEC2021,Attended,Other Practice staff,Home Visit,22  to 28 Days,18
11J,E38000045,NHS Dorset ICB - 11J,E54000041,NHS Dorset Integrated Care Board,E40000006,South West,DEC2021,Attended,Other Practice staff,Home Visit,8  to 14 Days,39
11J,E38000045,NHS Dorset ICB - 11J,E54000041,NHS Dorset Integrated Care Board,E40000006,South West,DEC2021,Attended,Other Practice staff,Home Visit,More than 28 Days,17
11J,E38000045,NHS Dorset ICB - 11J,E54000041,NHS Dorset Integrated Care Board,E40000006,South West,DEC2021,Attended,Other Practice staff,Home Visit,Same Day,121
11J,E38000045,NHS Dorset ICB - 11J,E54000041,NHS Dorset Integrated Care Board,E40000006,South West,DEC2021,Attended,Other Practice staff,Home Visit,Unknown / Data Quality,4
11J,E38000045,NHS Dorset ICB - 11J,E54000041,NHS Dorset Integrated Care Board,E40000006,South West,DEC2021,Attended,Other Practice staff,Telephone,1 Day,1229
11J,E38000045,NHS Dorset ICB - 11J,E54000041,NHS Dorset Integrated Care Board,E40000006,South West,DEC2021,Attended,Other Practice staff,Telephone,15  to 21 Days,1422
11J,E38000045,NHS Dorset ICB - 11J,E54000041,NHS Dorset Integrated Care Board,E40000006,South West,DEC2021,Attended,Other Practice staff,Telephone,2 to 7 Days,2769
11J,E38000045,NHS Dorset ICB - 11J,E54000041,NHS Dorset Integrated Care Board,E40000006,South West,DEC2021,Attended,Other Practice staff,Telephone,22  to 28 Days,1045
11J,E38000045,NHS Dorset ICB - 11J,E54000041,NHS Dorset Integrated Care Board,E40000006,South West,DEC2021,Attended,Other Practice staff,Telephone,8  to 14 Days,1886
11J,E38000045,NHS Dorset ICB - 11J,E54000041,NHS Dorset Integrated Care Board,E40000006,South West,DEC2021,Attended,Other Practice staff,Telephone,More than 28 Days,571
11J,E38000045,NHS Dorset ICB - 11J,E54000041,NHS Dorset Integrated Care Board,E40000006,South West,DEC2021,Attended,Other Practice staff,Telephone,Same Day,11585
11J,E38000045,NHS Dorset ICB - 11J,E54000041,NHS Dorset Integrated Care Board,E40000006,South West,DEC2021,Attended,Other Practice staff,Telephone,Unknown / Data Quality,2
11J,E38000045,NHS Dorset ICB - 11J,E54000041,NHS Dorset Integrated Care Board,E40000006,South West,DEC2021,Attended,Other Practice staff,Video/Online,1 Day,45
11J,E38000045,NHS Dorset ICB - 11J,E54000041,NHS Dorset Integrated Care Board,E40000006,South West,DEC2021,Attended,Other Practice staff,Video/Online,15  to 21 Days,140
11J,E38000045,NHS Dorset ICB - 11J,E54000041,NHS Dorset Integrated Care Board,E40000006,South West,DEC2021,Attended,Other Practice staff,Video/Online,2 to 7 Days,164
11J,E38000045,NHS Dorset ICB - 11J,E54000041,NHS Dorset Integrated Care Board,E40000006,South West,DEC2021,Attended,Other Practice staff,Video/Online,22  to 28 Days,42
11J,E38000045,NHS Dorset ICB - 11J,E54000041,NHS Dorset Integrated Care Board,E40000006,South West,DEC2021,Attended,Other Practice staff,Video/Online,8  to 14 Days,511
11J,E38000045,NHS Dorset ICB - 11J,E54000041,NHS Dorset Integrated Care Board,E40000006,South West,DEC2021,Attended,Other Practice staff,Video/Online,More than 28 Days,31
11J,E38000045,NHS Dorset ICB - 11J,E54000041,NHS Dorset Integrated Care Board,E40000006,South West,DEC2021,Attended,Other Practice staff,Video/Online,Same Day,57
11J,E38000045,NHS Dorset ICB - 11J,E54000041,NHS Dorset Integrated Care Board,E40000006,South West,DEC2021,Attended,Unknown,Unknown,1 Day,1568
11J,E38000045,NHS Dorset ICB - 11J,E54000041,NHS Dorset Integrated Care Board,E40000006,South West,DEC2021,Attended,Unknown,Unknown,15  to 21 Days,846
11J,E38000045,NHS Dorset ICB - 11J,E54000041,NHS Dorset Integrated Care Board,E40000006,South West,DEC2021,Attended,Unknown,Unknown,2 to 7 Days,3136
11J,E38000045,NHS Dorset ICB - 11J,E54000041,NHS Dorset Integrated Care Board,E40000006,South West,DEC2021,Attended,Unknown,Unknown,22  to 28 Days,388
11J,E38000045,NHS Dorset ICB - 11J,E54000041,NHS Dorset Integrated Care Board,E40000006,South West,DEC2021,Attended,Unknown,Unknown,8  to 14 Days,1803
11J,E38000045,NHS Dorset ICB - 11J,E54000041,NHS Dorset Integrated Care Board,E40000006,South West,DEC2021,Attended,Unknown,Unknown,More than 28 Days,235
11J,E38000045,NHS Dorset ICB - 11J,E54000041,NHS Dorset Integrated Care Board,E40000006,South West,DEC2021,Attended,Unknown,Unknown,Same Day,12819
11J,E38000045,NHS Dorset ICB - 11J,E54000041,NHS Dorset Integrated Care Board,E40000006,South West,DEC2021,Attended,Unknown,Unknown,Unknown / Data Quality,2
11J,E38000045,NHS Dorset ICB - 11J,E54000041,NHS Dorset Integrated Care Board,E40000006,South West,DEC2021,DNA,GP,Face-to-Face,1 Day,206
11J,E38000045,NHS Dorset ICB - 11J,E54000041,NHS Dorset Integrated Care Board,E40000006,South West,DEC2021,DNA,GP,Face-to-Face,15  to 21 Days,305
11J,E38000045,NHS Dorset ICB - 11J,E54000041,NHS Dorset Integrated Care Board,E40000006,South West,DEC2021,DNA,GP,Face-to-Face,2 to 7 Days,563
11J,E38000045,NHS Dorset ICB - 11J,E54000041,NHS Dorset Integrated Care Board,E40000006,South West,DEC2021,DNA,GP,Face-to-Face,22  to 28 Days,205
11J,E38000045,NHS Dorset ICB - 11J,E54000041,NHS Dorset Integrated Care Board,E40000006,South West,DEC2021,DNA,GP,Face-to-Face,8  to 14 Days,466
11J,E38000045,NHS Dorset ICB - 11J,E54000041,NHS Dorset Integrated Care Board,E40000006,South West,DEC2021,DNA,GP,Face-to-Face,More than 28 Days,147
11J,E38000045,NHS Dorset ICB - 11J,E54000041,NHS Dorset Integrated Care Board,E40000006,South West,DEC2021,DNA,GP,Face-to-Face,Same Day,374
11J,E38000045,NHS Dorset ICB - 11J,E54000041,NHS Dorset Integrated Care Board,E40000006,South West,DEC2021,DNA,GP,Home Visit,1 Day,5
11J,E38000045,NHS Dorset ICB - 11J,E54000041,NHS Dorset Integrated Care Board,E40000006,South West,DEC2021,DNA,GP,Home Visit,2 to 7 Days,1
11J,E38000045,NHS Dorset ICB - 11J,E54000041,NHS Dorset Integrated Care Board,E40000006,South West,DEC2021,DNA,GP,Home Visit,8  to 14 Days,2
11J,E38000045,NHS Dorset ICB - 11J,E54000041,NHS Dorset Integrated Care Board,E40000006,South West,DEC2021,DNA,GP,Home Visit,Same Day,12
11J,E38000045,NHS Dorset ICB - 11J,E54000041,NHS Dorset Integrated Care Board,E40000006,South West,DEC2021,DNA,GP,Telephone,1 Day,10
11J,E38000045,NHS Dorset ICB - 11J,E54000041,NHS Dorset Integrated Care Board,E40000006,South West,DEC2021,DNA,GP,Telephone,15  to 21 Days,21
11J,E38000045,NHS Dorset ICB - 11J,E54000041,NHS Dorset Integrated Care Board,E40000006,South West,DEC2021,DNA,GP,Telephone,2 to 7 Days,32
11J,E38000045,NHS Dorset ICB - 11J,E54000041,NHS Dorset Integrated Care Board,E40000006,South West,DEC2021,DNA,GP,Telephone,22  to 28 Days,13
11J,E38000045,NHS Dorset ICB - 11J,E54000041,NHS Dorset Integrated Care Board,E40000006,South West,DEC2021,DNA,GP,Telephone,8  to 14 Days,29
11J,E38000045,NHS Dorset ICB - 11J,E54000041,NHS Dorset Integrated Care Board,E40000006,South West,DEC2021,DNA,GP,Telephone,More than 28 Days,9
11J,E38000045,NHS Dorset ICB - 11J,E54000041,NHS Dorset Integrated Care Board,E40000006,South West,DEC2021,DNA,GP,Telephone,Same Day,24
11J,E38000045,NHS Dorset ICB - 11J,E54000041,NHS Dorset Integrated Care Board,E40000006,South West,DEC2021,DNA,GP,Video/Online,2 to 7 Days,4
11J,E38000045,NHS Dorset ICB - 11J,E54000041,NHS Dorset Integrated Care Board,E40000006,South West,DEC2021,DNA,GP,Video/Online,Same Day,3
11J,E38000045,NHS Dorset ICB - 11J,E54000041,NHS Dorset Integrated Care Board,E40000006,South West,DEC2021,DNA,Other Practice staff,Face-to-Face,1 Day,658
11J,E38000045,NHS Dorset ICB - 11J,E54000041,NHS Dorset Integrated Care Board,E40000006,South West,DEC2021,DNA,Other Practice staff,Face-to-Face,15  to 21 Days,1460
11J,E38000045,NHS Dorset ICB - 11J,E54000041,NHS Dorset Integrated Care Board,E40000006,South West,DEC2021,DNA,Other Practice staff,Face-to-Face,2 to 7 Days,2145
11J,E38000045,NHS Dorset ICB - 11J,E54000041,NHS Dorset Integrated Care Board,E40000006,South West,DEC2021,DNA,Other Practice staff,Face-to-Face,22  to 28 Days,878
11J,E38000045,NHS Dorset ICB - 11J,E54000041,NHS Dorset Integrated Care Board,E40000006,South West,DEC2021,DNA,Other Practice staff,Face-to-Face,8  to 14 Days,2322
11J,E38000045,NHS Dorset ICB - 11J,E54000041,NHS Dorset Integrated Care Board,E40000006,South West,DEC2021,DNA,Other Practice staff,Face-to-Face,More than 28 Days,1001
11J,E38000045,NHS Dorset ICB - 11J,E54000041,NHS Dorset Integrated Care Board,E40000006,South West,DEC2021,DNA,Other Practice staff,Face-to-Face,Same Day,949
11J,E38000045,NHS Dorset ICB - 11J,E54000041,NHS Dorset Integrated Care Board,E40000006,South West,DEC2021,DNA,Other Practice staff,Home Visit,1 Day,71
11J,E38000045,NHS Dorset ICB - 11J,E54000041,NHS Dorset Integrated Care Board,E40000006,South West,DEC2021,DNA,Other Practice staff,Home Visit,2 to 7 Days,317
11J,E38000045,NHS Dorset ICB - 11J,E54000041,NHS Dorset Integrated Care Board,E40000006,South West,DEC2021,DNA,Other Practice staff,Home Visit,22  to 28 Days,4
11J,E38000045,NHS Dorset ICB - 11J,E54000041,NHS Dorset Integrated Care Board,E40000006,South West,DEC2021,DNA,Other Practice staff,Home Visit,8  to 14 Days,12
11J,E38000045,NHS Dorset ICB - 11J,E54000041,NHS Dorset Integrated Care Board,E40000006,South West,DEC2021,DNA,Other Practice staff,Home Visit,More than 28 Days,2
11J,E38000045,NHS Dorset ICB - 11J,E54000041,NHS Dorset Integrated Care Board,E40000006,South West,DEC2021,DNA,Other Practice staff,Home Visit,Same Day,8
11J,E38000045,NHS Dorset ICB - 11J,E54000041,NHS Dorset Integrated Care Board,E40000006,South West,DEC2021,DNA,Other Practice staff,Telephone,1 Day,10
11J,E38000045,NHS Dorset ICB - 11J,E54000041,NHS Dorset Integrated Care Board,E40000006,South West,DEC2021,DNA,Other Practice staff,Telephone,15  to 21 Days,21
11J,E38000045,NHS Dorset ICB - 11J,E54000041,NHS Dorset Integrated Care Board,E40000006,South West,DEC2021,DNA,Other Practice staff,Telephone,2 to 7 Days,63
11J,E38000045,NHS Dorset ICB - 11J,E54000041,NHS Dorset Integrated Care Board,E40000006,South West,DEC2021,DNA,Other Practice staff,Telephone,22  to 28 Days,19
11J,E38000045,NHS Dorset ICB - 11J,E54000041,NHS Dorset Integrated Care Board,E40000006,South West,DEC2021,DNA,Other Practice staff,Telephone,8  to 14 Days,46
11J,E38000045,NHS Dorset ICB - 11J,E54000041,NHS Dorset Integrated Care Board,E40000006,South West,DEC2021,DNA,Other Practice staff,Telephone,More than 28 Days,14
11J,E38000045,NHS Dorset ICB - 11J,E54000041,NHS Dorset Integrated Care Board,E40000006,South West,DEC2021,DNA,Other Practice staff,Telephone,Same Day,16
11J,E38000045,NHS Dorset ICB - 11J,E54000041,NHS Dorset Integrated Care Board,E40000006,South West,DEC2021,DNA,Other Practice staff,Video/Online,15  to 21 Days,12
11J,E38000045,NHS Dorset ICB - 11J,E54000041,NHS Dorset Integrated Care Board,E40000006,South West,DEC2021,DNA,Other Practice staff,Video/Online,2 to 7 Days,6
11J,E38000045,NHS Dorset ICB - 11J,E54000041,NHS Dorset Integrated Care Board,E40000006,South West,DEC2021,DNA,Other Practice staff,Video/Online,22  to 28 Days,4
11J,E38000045,NHS Dorset ICB - 11J,E54000041,NHS Dorset Integrated Care Board,E40000006,South West,DEC2021,DNA,Other Practice staff,Video/Online,8  to 14 Days,20
11J,E38000045,NHS Dorset ICB - 11J,E54000041,NHS Dorset Integrated Care Board,E40000006,South West,DEC2021,DNA,Other Practice staff,Video/Online,More than 28 Days,2
11J,E38000045,NHS Dorset ICB - 11J,E54000041,NHS Dorset Integrated Care Board,E40000006,South West,DEC2021,DNA,Other Practice staff,Video/Online,Same Day,1
11J,E38000045,NHS Dorset ICB - 11J,E54000041,NHS Dorset Integrated Care Board,E40000006,South West,DEC2021,DNA,Unknown,Unknown,1 Day,38
11J,E38000045,NHS Dorset ICB - 11J,E54000041,NHS Dorset Integrated Care Board,E40000006,South West,DEC2021,DNA,Unknown,Unknown,15  to 21 Days,72
11J,E38000045,NHS Dorset ICB - 11J,E54000041,NHS Dorset Integrated Care Board,E40000006,South West,DEC2021,DNA,Unknown,Unknown,2 to 7 Days,140
11J,E38000045,NHS Dorset ICB - 11J,E54000041,NHS Dorset Integrated Care Board,E40000006,South West,DEC2021,DNA,Unknown,Unknown,22  to 28 Days,29
11J,E38000045,NHS Dorset ICB - 11J,E54000041,NHS Dorset Integrated Care Board,E40000006,South West,DEC2021,DNA,Unknown,Unknown,8  to 14 Days,100
11J,E38000045,NHS Dorset ICB - 11J,E54000041,NHS Dorset Integrated Care Board,E40000006,South West,DEC2021,DNA,Unknown,Unknown,More than 28 Days,21
11J,E38000045,NHS Dorset ICB - 11J,E54000041,NHS Dorset Integrated Care Board,E40000006,South West,DEC2021,DNA,Unknown,Unknown,Same Day,74
11J,E38000045,NHS Dorset ICB - 11J,E54000041,NHS Dorset Integrated Care Board,E40000006,South West,DEC2021,Unknown,GP,Face-to-Face,1 Day,259
11J,E38000045,NHS Dorset ICB - 11J,E54000041,NHS Dorset Integrated Care Board,E40000006,South West,DEC2021,Unknown,GP,Face-to-Face,15  to 21 Days,265
11J,E38000045,NHS Dorset ICB - 11J,E54000041,NHS Dorset Integrated Care Board,E40000006,South West,DEC2021,Unknown,GP,Face-to-Face,2 to 7 Days,311
11J,E38000045,NHS Dorset ICB - 11J,E54000041,NHS Dorset Integrated Care Board,E40000006,South West,DEC2021,Unknown,GP,Face-to-Face,22  to 28 Days,198
11J,E38000045,NHS Dorset ICB - 11J,E54000041,NHS Dorset Integrated Care Board,E40000006,South West,DEC2021,Unknown,GP,Face-to-Face,8  to 14 Days,419
11J,E38000045,NHS Dorset ICB - 11J,E54000041,NHS Dorset Integrated Care Board,E40000006,South West,DEC2021,Unknown,GP,Face-to-Face,More than 28 Days,255
11J,E38000045,NHS Dorset ICB - 11J,E54000041,NHS Dorset Integrated Care Board,E40000006,South West,DEC2021,Unknown,GP,Face-to-Face,Same Day,335
11J,E38000045,NHS Dorset ICB - 11J,E54000041,NHS Dorset Integrated Care Board,E40000006,South West,DEC2021,Unknown,GP,Face-to-Face,Unknown / Data Quality,2
11J,E38000045,NHS Dorset ICB - 11J,E54000041,NHS Dorset Integrated Care Board,E40000006,South West,DEC2021,Unknown,GP,Home Visit,1 Day,1
11J,E38000045,NHS Dorset ICB - 11J,E54000041,NHS Dorset Integrated Care Board,E40000006,South West,DEC2021,Unknown,GP,Home Visit,2 to 7 Days,1
11J,E38000045,NHS Dorset ICB - 11J,E54000041,NHS Dorset Integrated Care Board,E40000006,South West,DEC2021,Unknown,GP,Home Visit,8  to 14 Days,1
11J,E38000045,NHS Dorset ICB - 11J,E54000041,NHS Dorset Integrated Care Board,E40000006,South West,DEC2021,Unknown,GP,Home Visit,Same Day,2
11J,E38000045,NHS Dorset ICB - 11J,E54000041,NHS Dorset Integrated Care Board,E40000006,South West,DEC2021,Unknown,GP,Telephone,1 Day,37
11J,E38000045,NHS Dorset ICB - 11J,E54000041,NHS Dorset Integrated Care Board,E40000006,South West,DEC2021,Unknown,GP,Telephone,15  to 21 Days,147
11J,E38000045,NHS Dorset ICB - 11J,E54000041,NHS Dorset Integrated Care Board,E40000006,South West,DEC2021,Unknown,GP,Telephone,2 to 7 Days,113
11J,E38000045,NHS Dorset ICB - 11J,E54000041,NHS Dorset Integrated Care Board,E40000006,South West,DEC2021,Unknown,GP,Telephone,22  to 28 Days,108
11J,E38000045,NHS Dorset ICB - 11J,E54000041,NHS Dorset Integrated Care Board,E40000006,South West,DEC2021,Unknown,GP,Telephone,8  to 14 Days,164
11J,E38000045,NHS Dorset ICB - 11J,E54000041,NHS Dorset Integrated Care Board,E40000006,South West,DEC2021,Unknown,GP,Telephone,More than 28 Days,68
11J,E38000045,NHS Dorset ICB - 11J,E54000041,NHS Dorset Integrated Care Board,E40000006,South West,DEC2021,Unknown,GP,Telephone,Same Day,93
11J,E38000045,NHS Dorset ICB - 11J,E54000041,NHS Dorset Integrated Care Board,E40000006,South West,DEC2021,Unknown,GP,Video/Online,1 Day,30
11J,E38000045,NHS Dorset ICB - 11J,E54000041,NHS Dorset Integrated Care Board,E40000006,South West,DEC2021,Unknown,GP,Video/Online,2 to 7 Days,5
11J,E38000045,NHS Dorset ICB - 11J,E54000041,NHS Dorset Integrated Care Board,E40000006,South West,DEC2021,Unknown,GP,Video/Online,More than 28 Days,1
11J,E38000045,NHS Dorset ICB - 11J,E54000041,NHS Dorset Integrated Care Board,E40000006,South West,DEC2021,Unknown,GP,Video/Online,Same Day,36
11J,E38000045,NHS Dorset ICB - 11J,E54000041,NHS Dorset Integrated Care Board,E40000006,South West,DEC2021,Unknown,Other Practice staff,Face-to-Face,1 Day,491
11J,E38000045,NHS Dorset ICB - 11J,E54000041,NHS Dorset Integrated Care Board,E40000006,South West,DEC2021,Unknown,Other Practice staff,Face-to-Face,15  to 21 Days,1282
11J,E38000045,NHS Dorset ICB - 11J,E54000041,NHS Dorset Integrated Care Board,E40000006,South West,DEC2021,Unknown,Other Practice staff,Face-to-Face,2 to 7 Days,2097
11J,E38000045,NHS Dorset ICB - 11J,E54000041,NHS Dorset Integrated Care Board,E40000006,South West,DEC2021,Unknown,Other Practice staff,Face-to-Face,22  to 28 Days,789
11J,E38000045,NHS Dorset ICB - 11J,E54000041,NHS Dorset Integrated Care Board,E40000006,South West,DEC2021,Unknown,Other Practice staff,Face-to-Face,8  to 14 Days,2310
11J,E38000045,NHS Dorset ICB - 11J,E54000041,NHS Dorset Integrated Care Board,E40000006,South West,DEC2021,Unknown,Other Practice staff,Face-to-Face,More than 28 Days,1167
11J,E38000045,NHS Dorset ICB - 11J,E54000041,NHS Dorset Integrated Care Board,E40000006,South West,DEC2021,Unknown,Other Practice staff,Face-to-Face,Same Day,875
11J,E38000045,NHS Dorset ICB - 11J,E54000041,NHS Dorset Integrated Care Board,E40000006,South West,DEC2021,Unknown,Other Practice staff,Face-to-Face,Unknown / Data Quality,6
11J,E38000045,NHS Dorset ICB - 11J,E54000041,NHS Dorset Integrated Care Board,E40000006,South West,DEC2021,Unknown,Other Practice staff,Home Visit,1 Day,7
11J,E38000045,NHS Dorset ICB - 11J,E54000041,NHS Dorset Integrated Care Board,E40000006,South West,DEC2021,Unknown,Other Practice staff,Home Visit,15  to 21 Days,2
11J,E38000045,NHS Dorset ICB - 11J,E54000041,NHS Dorset Integrated Care Board,E40000006,South West,DEC2021,Unknown,Other Practice staff,Home Visit,2 to 7 Days,130
11J,E38000045,NHS Dorset ICB - 11J,E54000041,NHS Dorset Integrated Care Board,E40000006,South West,DEC2021,Unknown,Other Practice staff,Home Visit,22  to 28 Days,5
11J,E38000045,NHS Dorset ICB - 11J,E54000041,NHS Dorset Integrated Care Board,E40000006,South West,DEC2021,Unknown,Other Practice staff,Home Visit,8  to 14 Days,3
11J,E38000045,NHS Dorset ICB - 11J,E54000041,NHS Dorset Integrated Care Board,E40000006,South West,DEC2021,Unknown,Other Practice staff,Home Visit,More than 28 Days,10
11J,E38000045,NHS Dorset ICB - 11J,E54000041,NHS Dorset Integrated Care Board,E40000006,South West,DEC2021,Unknown,Other Practice staff,Home Visit,Same Day,5
11J,E38000045,NHS Dorset ICB - 11J,E54000041,NHS Dorset Integrated Care Board,E40000006,South West,DEC2021,Unknown,Other Practice staff,Telephone,1 Day,46
11J,E38000045,NHS Dorset ICB - 11J,E54000041,NHS Dorset Integrated Care Board,E40000006,South West,DEC2021,Unknown,Other Practice staff,Telephone,15  to 21 Days,118
11J,E38000045,NHS Dorset ICB - 11J,E54000041,NHS Dorset Integrated Care Board,E40000006,South West,DEC2021,Unknown,Other Practice staff,Telephone,2 to 7 Days,147
11J,E38000045,NHS Dorset ICB - 11J,E54000041,NHS Dorset Integrated Care Board,E40000006,South West,DEC2021,Unknown,Other Practice staff,Telephone,22  to 28 Days,68
11J,E38000045,NHS Dorset ICB - 11J,E54000041,NHS Dorset Integrated Care Board,E40000006,South West,DEC2021,Unknown,Other Practice staff,Telephone,8  to 14 Days,151
11J,E38000045,NHS Dorset ICB - 11J,E54000041,NHS Dorset Integrated Care Board,E40000006,South West,DEC2021,Unknown,Other Practice staff,Telephone,More than 28 Days,63
11J,E38000045,NHS Dorset ICB - 11J,E54000041,NHS Dorset Integrated Care Board,E40000006,South West,DEC2021,Unknown,Other Practice staff,Telephone,Same Day,127
11J,E38000045,NHS Dorset ICB - 11J,E54000041,NHS Dorset Integrated Care Board,E40000006,South West,DEC2021,Unknown,Other Practice staff,Video/Online,1 Day,3
11J,E38000045,NHS Dorset ICB - 11J,E54000041,NHS Dorset Integrated Care Board,E40000006,South West,DEC2021,Unknown,Other Practice staff,Video/Online,15  to 21 Days,1
11J,E38000045,NHS Dorset ICB - 11J,E54000041,NHS Dorset Integrated Care Board,E40000006,South West,DEC2021,Unknown,Other Practice staff,Video/Online,2 to 7 Days,3
11J,E38000045,NHS Dorset ICB - 11J,E54000041,NHS Dorset Integrated Care Board,E40000006,South West,DEC2021,Unknown,Other Practice staff,Video/Online,22  to 28 Days,7
11J,E38000045,NHS Dorset ICB - 11J,E54000041,NHS Dorset Integrated Care Board,E40000006,South West,DEC2021,Unknown,Other Practice staff,Video/Online,8  to 14 Days,18
11J,E38000045,NHS Dorset ICB - 11J,E54000041,NHS Dorset Integrated Care Board,E40000006,South West,DEC2021,Unknown,Other Practice staff,Video/Online,More than 28 Days,5
11J,E38000045,NHS Dorset ICB - 11J,E54000041,NHS Dorset Integrated Care Board,E40000006,South West,DEC2021,Unknown,Other Practice staff,Video/Online,Same Day,1
11J,E38000045,NHS Dorset ICB - 11J,E54000041,NHS Dorset Integrated Care Board,E40000006,South West,DEC2021,Unknown,Unknown,Unknown,1 Day,46
11J,E38000045,NHS Dorset ICB - 11J,E54000041,NHS Dorset Integrated Care Board,E40000006,South West,DEC2021,Unknown,Unknown,Unknown,15  to 21 Days,95
11J,E38000045,NHS Dorset ICB - 11J,E54000041,NHS Dorset Integrated Care Board,E40000006,South West,DEC2021,Unknown,Unknown,Unknown,2 to 7 Days,243
11J,E38000045,NHS Dorset ICB - 11J,E54000041,NHS Dorset Integrated Care Board,E40000006,South West,DEC2021,Unknown,Unknown,Unknown,22  to 28 Days,97
11J,E38000045,NHS Dorset ICB - 11J,E54000041,NHS Dorset Integrated Care Board,E40000006,South West,DEC2021,Unknown,Unknown,Unknown,8  to 14 Days,239
11J,E38000045,NHS Dorset ICB - 11J,E54000041,NHS Dorset Integrated Care Board,E40000006,South West,DEC2021,Unknown,Unknown,Unknown,More than 28 Days,79
11J,E38000045,NHS Dorset ICB - 11J,E54000041,NHS Dorset Integrated Care Board,E40000006,South West,DEC2021,Unknown,Unknown,Unknown,Same Day,84
11J,E38000045,NHS Dorset ICB - 11J,E54000041,NHS Dorset Integrated Care Board,E40000006,South West,JAN2022,Attended,GP,Face-to-Face,1 Day,11039
11J,E38000045,NHS Dorset ICB - 11J,E54000041,NHS Dorset Integrated Care Board,E40000006,South West,JAN2022,Attended,GP,Face-to-Face,15  to 21 Days,6320
11J,E38000045,NHS Dorset ICB - 11J,E54000041,NHS Dorset Integrated Care Board,E40000006,South West,JAN2022,Attended,GP,Face-to-Face,2 to 7 Days,23572
11J,E38000045,NHS Dorset ICB - 11J,E54000041,NHS Dorset Integrated Care Board,E40000006,South West,JAN2022,Attended,GP,Face-to-Face,22  to 28 Days,3352
11J,E38000045,NHS Dorset ICB - 11J,E54000041,NHS Dorset Integrated Care Board,E40000006,South West,JAN2022,Attended,GP,Face-to-Face,8  to 14 Days,12096
11J,E38000045,NHS Dorset ICB - 11J,E54000041,NHS Dorset Integrated Care Board,E40000006,South West,JAN2022,Attended,GP,Face-to-Face,More than 28 Days,3186
11J,E38000045,NHS Dorset ICB - 11J,E54000041,NHS Dorset Integrated Care Board,E40000006,South West,JAN2022,Attended,GP,Face-to-Face,Same Day,51712
11J,E38000045,NHS Dorset ICB - 11J,E54000041,NHS Dorset Integrated Care Board,E40000006,South West,JAN2022,Attended,GP,Face-to-Face,Unknown / Data Quality,3
11J,E38000045,NHS Dorset ICB - 11J,E54000041,NHS Dorset Integrated Care Board,E40000006,South West,JAN2022,Attended,GP,Home Visit,1 Day,39
11J,E38000045,NHS Dorset ICB - 11J,E54000041,NHS Dorset Integrated Care Board,E40000006,South West,JAN2022,Attended,GP,Home Visit,15  to 21 Days,2
11J,E38000045,NHS Dorset ICB - 11J,E54000041,NHS Dorset Integrated Care Board,E40000006,South West,JAN2022,Attended,GP,Home Visit,2 to 7 Days,25
11J,E38000045,NHS Dorset ICB - 11J,E54000041,NHS Dorset Integrated Care Board,E40000006,South West,JAN2022,Attended,GP,Home Visit,22  to 28 Days,3
11J,E38000045,NHS Dorset ICB - 11J,E54000041,NHS Dorset Integrated Care Board,E40000006,South West,JAN2022,Attended,GP,Home Visit,8  to 14 Days,1
11J,E38000045,NHS Dorset ICB - 11J,E54000041,NHS Dorset Integrated Care Board,E40000006,South West,JAN2022,Attended,GP,Home Visit,Same Day,107
11J,E38000045,NHS Dorset ICB - 11J,E54000041,NHS Dorset Integrated Care Board,E40000006,South West,JAN2022,Attended,GP,Telephone,1 Day,4136
11J,E38000045,NHS Dorset ICB - 11J,E54000041,NHS Dorset Integrated Care Board,E40000006,South West,JAN2022,Attended,GP,Telephone,15  to 21 Days,3487
11J,E38000045,NHS Dorset ICB - 11J,E54000041,NHS Dorset Integrated Care Board,E40000006,South West,JAN2022,Attended,GP,Telephone,2 to 7 Days,11945
11J,E38000045,NHS Dorset ICB - 11J,E54000041,NHS Dorset Integrated Care Board,E40000006,South West,JAN2022,Attended,GP,Telephone,22  to 28 Days,2095
11J,E38000045,NHS Dorset ICB - 11J,E54000041,NHS Dorset Integrated Care Board,E40000006,South West,JAN2022,Attended,GP,Telephone,8  to 14 Days,7234
11J,E38000045,NHS Dorset ICB - 11J,E54000041,NHS Dorset Integrated Care Board,E40000006,South West,JAN2022,Attended,GP,Telephone,More than 28 Days,1730
11J,E38000045,NHS Dorset ICB - 11J,E54000041,NHS Dorset Integrated Care Board,E40000006,South West,JAN2022,Attended,GP,Telephone,Same Day,30935
11J,E38000045,NHS Dorset ICB - 11J,E54000041,NHS Dorset Integrated Care Board,E40000006,South West,JAN2022,Attended,GP,Telephone,Unknown / Data Quality,1
11J,E38000045,NHS Dorset ICB - 11J,E54000041,NHS Dorset Integrated Care Board,E40000006,South West,JAN2022,Attended,GP,Video/Online,1 Day,500
11J,E38000045,NHS Dorset ICB - 11J,E54000041,NHS Dorset Integrated Care Board,E40000006,South West,JAN2022,Attended,GP,Video/Online,15  to 21 Days,13
11J,E38000045,NHS Dorset ICB - 11J,E54000041,NHS Dorset Integrated Care Board,E40000006,South West,JAN2022,Attended,GP,Video/Online,2 to 7 Days,264
11J,E38000045,NHS Dorset ICB - 11J,E54000041,NHS Dorset Integrated Care Board,E40000006,South West,JAN2022,Attended,GP,Video/Online,22  to 28 Days,5
11J,E38000045,NHS Dorset ICB - 11J,E54000041,NHS Dorset Integrated Care Board,E40000006,South West,JAN2022,Attended,GP,Video/Online,8  to 14 Days,37
11J,E38000045,NHS Dorset ICB - 11J,E54000041,NHS Dorset Integrated Care Board,E40000006,South West,JAN2022,Attended,GP,Video/Online,More than 28 Days,1
11J,E38000045,NHS Dorset ICB - 11J,E54000041,NHS Dorset Integrated Care Board,E40000006,South West,JAN2022,Attended,GP,Video/Online,Same Day,1595
11J,E38000045,NHS Dorset ICB - 11J,E54000041,NHS Dorset Integrated Care Board,E40000006,South West,JAN2022,Attended,Other Practice staff,Face-to-Face,1 Day,11659
11J,E38000045,NHS Dorset ICB - 11J,E54000041,NHS Dorset Integrated Care Board,E40000006,South West,JAN2022,Attended,Other Practice staff,Face-to-Face,15  to 21 Days,12315
11J,E38000045,NHS Dorset ICB - 11J,E54000041,NHS Dorset Integrated Care Board,E40000006,South West,JAN2022,Attended,Other Practice staff,Face-to-Face,2 to 7 Days,34956
11J,E38000045,NHS Dorset ICB - 11J,E54000041,NHS Dorset Integrated Care Board,E40000006,South West,JAN2022,Attended,Other Practice staff,Face-to-Face,22  to 28 Days,8292
11J,E38000045,NHS Dorset ICB - 11J,E54000041,NHS Dorset Integrated Care Board,E40000006,South West,JAN2022,Attended,Other Practice staff,Face-to-Face,8  to 14 Days,23316
11J,E38000045,NHS Dorset ICB - 11J,E54000041,NHS Dorset Integrated Care Board,E40000006,South West,JAN2022,Attended,Other Practice staff,Face-to-Face,More than 28 Days,10150
11J,E38000045,NHS Dorset ICB - 11J,E54000041,NHS Dorset Integrated Care Board,E40000006,South West,JAN2022,Attended,Other Practice staff,Face-to-Face,Same Day,44618
11J,E38000045,NHS Dorset ICB - 11J,E54000041,NHS Dorset Integrated Care Board,E40000006,South West,JAN2022,Attended,Other Practice staff,Face-to-Face,Unknown / Data Quality,66
11J,E38000045,NHS Dorset ICB - 11J,E54000041,NHS Dorset Integrated Care Board,E40000006,South West,JAN2022,Attended,Other Practice staff,Home Visit,1 Day,41
11J,E38000045,NHS Dorset ICB - 11J,E54000041,NHS Dorset Integrated Care Board,E40000006,South West,JAN2022,Attended,Other Practice staff,Home Visit,15  to 21 Days,31
11J,E38000045,NHS Dorset ICB - 11J,E54000041,NHS Dorset Integrated Care Board,E40000006,South West,JAN2022,Attended,Other Practice staff,Home Visit,2 to 7 Days,122
11J,E38000045,NHS Dorset ICB - 11J,E54000041,NHS Dorset Integrated Care Board,E40000006,South West,JAN2022,Attended,Other Practice staff,Home Visit,22  to 28 Days,23
11J,E38000045,NHS Dorset ICB - 11J,E54000041,NHS Dorset Integrated Care Board,E40000006,South West,JAN2022,Attended,Other Practice staff,Home Visit,8  to 14 Days,36
11J,E38000045,NHS Dorset ICB - 11J,E54000041,NHS Dorset Integrated Care Board,E40000006,South West,JAN2022,Attended,Other Practice staff,Home Visit,More than 28 Days,61
11J,E38000045,NHS Dorset ICB - 11J,E54000041,NHS Dorset Integrated Care Board,E40000006,South West,JAN2022,Attended,Other Practice staff,Home Visit,Same Day,116
11J,E38000045,NHS Dorset ICB - 11J,E54000041,NHS Dorset Integrated Care Board,E40000006,South West,JAN2022,Attended,Other Practice staff,Home Visit,Unknown / Data Quality,1
11J,E38000045,NHS Dorset ICB - 11J,E54000041,NHS Dorset Integrated Care Board,E40000006,South West,JAN2022,Attended,Other Practice staff,Telephone,1 Day,1340
11J,E38000045,NHS Dorset ICB - 11J,E54000041,NHS Dorset Integrated Care Board,E40000006,South West,JAN2022,Attended,Other Practice staff,Telephone,15  to 21 Days,1165
11J,E38000045,NHS Dorset ICB - 11J,E54000041,NHS Dorset Integrated Care Board,E40000006,South West,JAN2022,Attended,Other Practice staff,Telephone,2 to 7 Days,3563
11J,E38000045,NHS Dorset ICB - 11J,E54000041,NHS Dorset Integrated Care Board,E40000006,South West,JAN2022,Attended,Other Practice staff,Telephone,22  to 28 Days,900
11J,E38000045,NHS Dorset ICB - 11J,E54000041,NHS Dorset Integrated Care Board,E40000006,South West,JAN2022,Attended,Other Practice staff,Telephone,8  to 14 Days,1849
11J,E38000045,NHS Dorset ICB - 11J,E54000041,NHS Dorset Integrated Care Board,E40000006,South West,JAN2022,Attended,Other Practice staff,Telephone,More than 28 Days,1137
11J,E38000045,NHS Dorset ICB - 11J,E54000041,NHS Dorset Integrated Care Board,E40000006,South West,JAN2022,Attended,Other Practice staff,Telephone,Same Day,12472
11J,E38000045,NHS Dorset ICB - 11J,E54000041,NHS Dorset Integrated Care Board,E40000006,South West,JAN2022,Attended,Other Practice staff,Telephone,Unknown / Data Quality,1
11J,E38000045,NHS Dorset ICB - 11J,E54000041,NHS Dorset Integrated Care Board,E40000006,South West,JAN2022,Attended,Other Practice staff,Video/Online,1 Day,44
11J,E38000045,NHS Dorset ICB - 11J,E54000041,NHS Dorset Integrated Care Board,E40000006,South West,JAN2022,Attended,Other Practice staff,Video/Online,15  to 21 Days,98
11J,E38000045,NHS Dorset ICB - 11J,E54000041,NHS Dorset Integrated Care Board,E40000006,South West,JAN2022,Attended,Other Practice staff,Video/Online,2 to 7 Days,660
11J,E38000045,NHS Dorset ICB - 11J,E54000041,NHS Dorset Integrated Care Board,E40000006,South West,JAN2022,Attended,Other Practice staff,Video/Online,22  to 28 Days,63
11J,E38000045,NHS Dorset ICB - 11J,E54000041,NHS Dorset Integrated Care Board,E40000006,South West,JAN2022,Attended,Other Practice staff,Video/Online,8  to 14 Days,263
11J,E38000045,NHS Dorset ICB - 11J,E54000041,NHS Dorset Integrated Care Board,E40000006,South West,JAN2022,Attended,Other Practice staff,Video/Online,More than 28 Days,55
11J,E38000045,NHS Dorset ICB - 11J,E54000041,NHS Dorset Integrated Care Board,E40000006,South West,JAN2022,Attended,Other Practice staff,Video/Online,Same Day,76
11J,E38000045,NHS Dorset ICB - 11J,E54000041,NHS Dorset Integrated Care Board,E40000006,South West,JAN2022,Attended,Unknown,Unknown,1 Day,1447
11J,E38000045,NHS Dorset ICB - 11J,E54000041,NHS Dorset Integrated Care Board,E40000006,South West,JAN2022,Attended,Unknown,Unknown,15  to 21 Days,687
11J,E38000045,NHS Dorset ICB - 11J,E54000041,NHS Dorset Integrated Care Board,E40000006,South West,JAN2022,Attended,Unknown,Unknown,2 to 7 Days,2997
11J,E38000045,NHS Dorset ICB - 11J,E54000041,NHS Dorset Integrated Care Board,E40000006,South West,JAN2022,Attended,Unknown,Unknown,22  to 28 Days,376
11J,E38000045,NHS Dorset ICB - 11J,E54000041,NHS Dorset Integrated Care Board,E40000006,South West,JAN2022,Attended,Unknown,Unknown,8  to 14 Days,1100
11J,E38000045,NHS Dorset ICB - 11J,E54000041,NHS Dorset Integrated Care Board,E40000006,South West,JAN2022,Attended,Unknown,Unknown,More than 28 Days,337
11J,E38000045,NHS Dorset ICB - 11J,E54000041,NHS Dorset Integrated Care Board,E40000006,South West,JAN2022,Attended,Unknown,Unknown,Same Day,11581
11J,E38000045,NHS Dorset ICB - 11J,E54000041,NHS Dorset Integrated Care Board,E40000006,South West,JAN2022,Attended,Unknown,Unknown,Unknown / Data Quality,6
11J,E38000045,NHS Dorset ICB - 11J,E54000041,NHS Dorset Integrated Care Board,E40000006,South West,JAN2022,DNA,GP,Face-to-Face,1 Day,190
11J,E38000045,NHS Dorset ICB - 11J,E54000041,NHS Dorset Integrated Care Board,E40000006,South West,JAN2022,DNA,GP,Face-to-Face,15  to 21 Days,288
11J,E38000045,NHS Dorset ICB - 11J,E54000041,NHS Dorset Integrated Care Board,E40000006,South West,JAN2022,DNA,GP,Face-to-Face,2 to 7 Days,603
11J,E38000045,NHS Dorset ICB - 11J,E54000041,NHS Dorset Integrated Care Board,E40000006,South West,JAN2022,DNA,GP,Face-to-Face,22  to 28 Days,219
11J,E38000045,NHS Dorset ICB - 11J,E54000041,NHS Dorset Integrated Care Board,E40000006,South West,JAN2022,DNA,GP,Face-to-Face,8  to 14 Days,496
11J,E38000045,NHS Dorset ICB - 11J,E54000041,NHS Dorset Integrated Care Board,E40000006,South West,JAN2022,DNA,GP,Face-to-Face,More than 28 Days,261
11J,E38000045,NHS Dorset ICB - 11J,E54000041,NHS Dorset Integrated Care Board,E40000006,South West,JAN2022,DNA,GP,Face-to-Face,Same Day,441
11J,E38000045,NHS Dorset ICB - 11J,E54000041,NHS Dorset Integrated Care Board,E40000006,South West,JAN2022,DNA,GP,Home Visit,1 Day,4
11J,E38000045,NHS Dorset ICB - 11J,E54000041,NHS Dorset Integrated Care Board,E40000006,South West,JAN2022,DNA,GP,Home Visit,15  to 21 Days,2
11J,E38000045,NHS Dorset ICB - 11J,E54000041,NHS Dorset Integrated Care Board,E40000006,South West,JAN2022,DNA,GP,Home Visit,2 to 7 Days,6
11J,E38000045,NHS Dorset ICB - 11J,E54000041,NHS Dorset Integrated Care Board,E40000006,South West,JAN2022,DNA,GP,Home Visit,Same Day,15
11J,E38000045,NHS Dorset ICB - 11J,E54000041,NHS Dorset Integrated Care Board,E40000006,South West,JAN2022,DNA,GP,Telephone,1 Day,13
11J,E38000045,NHS Dorset ICB - 11J,E54000041,NHS Dorset Integrated Care Board,E40000006,South West,JAN2022,DNA,GP,Telephone,15  to 21 Days,16
11J,E38000045,NHS Dorset ICB - 11J,E54000041,NHS Dorset Integrated Care Board,E40000006,South West,JAN2022,DNA,GP,Telephone,2 to 7 Days,36
11J,E38000045,NHS Dorset ICB - 11J,E54000041,NHS Dorset Integrated Care Board,E40000006,South West,JAN2022,DNA,GP,Telephone,22  to 28 Days,5
11J,E38000045,NHS Dorset ICB - 11J,E54000041,NHS Dorset Integrated Care Board,E40000006,South West,JAN2022,DNA,GP,Telephone,8  to 14 Days,22
11J,E38000045,NHS Dorset ICB - 11J,E54000041,NHS Dorset Integrated Care Board,E40000006,South West,JAN2022,DNA,GP,Telephone,More than 28 Days,8
11J,E38000045,NHS Dorset ICB - 11J,E54000041,NHS Dorset Integrated Care Board,E40000006,South West,JAN2022,DNA,GP,Telephone,Same Day,34
11J,E38000045,NHS Dorset ICB - 11J,E54000041,NHS Dorset Integrated Care Board,E40000006,South West,JAN2022,DNA,GP,Video/Online,1 Day,2
11J,E38000045,NHS Dorset ICB - 11J,E54000041,NHS Dorset Integrated Care Board,E40000006,South West,JAN2022,DNA,GP,Video/Online,15  to 21 Days,1
11J,E38000045,NHS Dorset ICB - 11J,E54000041,NHS Dorset Integrated Care Board,E40000006,South West,JAN2022,DNA,GP,Video/Online,2 to 7 Days,2
11J,E38000045,NHS Dorset ICB - 11J,E54000041,NHS Dorset Integrated Care Board,E40000006,South West,JAN2022,DNA,GP,Video/Online,Same Day,3
11J,E38000045,NHS Dorset ICB - 11J,E54000041,NHS Dorset Integrated Care Board,E40000006,South West,JAN2022,DNA,Other Practice staff,Face-to-Face,1 Day,545
11J,E38000045,NHS Dorset ICB - 11J,E54000041,NHS Dorset Integrated Care Board,E40000006,South West,JAN2022,DNA,Other Practice staff,Face-to-Face,15  to 21 Days,1111
11J,E38000045,NHS Dorset ICB - 11J,E54000041,NHS Dorset Integrated Care Board,E40000006,South West,JAN2022,DNA,Other Practice staff,Face-to-Face,2 to 7 Days,2219
11J,E38000045,NHS Dorset ICB - 11J,E54000041,NHS Dorset Integrated Care Board,E40000006,South West,JAN2022,DNA,Other Practice staff,Face-to-Face,22  to 28 Days,822
11J,E38000045,NHS Dorset ICB - 11J,E54000041,NHS Dorset Integrated Care Board,E40000006,South West,JAN2022,DNA,Other Practice staff,Face-to-Face,8  to 14 Days,1896
11J,E38000045,NHS Dorset ICB - 11J,E54000041,NHS Dorset Integrated Care Board,E40000006,South West,JAN2022,DNA,Other Practice staff,Face-to-Face,More than 28 Days,1282
11J,E38000045,NHS Dorset ICB - 11J,E54000041,NHS Dorset Integrated Care Board,E40000006,South West,JAN2022,DNA,Other Practice staff,Face-to-Face,Same Day,1443
11J,E38000045,NHS Dorset ICB - 11J,E54000041,NHS Dorset Integrated Care Board,E40000006,South West,JAN2022,DNA,Other Practice staff,Home Visit,1 Day,28
11J,E38000045,NHS Dorset ICB - 11J,E54000041,NHS Dorset Integrated Care Board,E40000006,South West,JAN2022,DNA,Other Practice staff,Home Visit,15  to 21 Days,1
11J,E38000045,NHS Dorset ICB - 11J,E54000041,NHS Dorset Integrated Care Board,E40000006,South West,JAN2022,DNA,Other Practice staff,Home Visit,2 to 7 Days,46
11J,E38000045,NHS Dorset ICB - 11J,E54000041,NHS Dorset Integrated Care Board,E40000006,South West,JAN2022,DNA,Other Practice staff,Home Visit,22  to 28 Days,1
11J,E38000045,NHS Dorset ICB - 11J,E54000041,NHS Dorset Integrated Care Board,E40000006,South West,JAN2022,DNA,Other Practice staff,Home Visit,8  to 14 Days,3
11J,E38000045,NHS Dorset ICB - 11J,E54000041,NHS Dorset Integrated Care Board,E40000006,South West,JAN2022,DNA,Other Practice staff,Home Visit,More than 28 Days,6
11J,E38000045,NHS Dorset ICB - 11J,E54000041,NHS Dorset Integrated Care Board,E40000006,South West,JAN2022,DNA,Other Practice staff,Home Visit,Same Day,10
11J,E38000045,NHS Dorset ICB - 11J,E54000041,NHS Dorset Integrated Care Board,E40000006,South West,JAN2022,DNA,Other Practice staff,Telephone,1 Day,17
11J,E38000045,NHS Dorset ICB - 11J,E54000041,NHS Dorset Integrated Care Board,E40000006,South West,JAN2022,DNA,Other Practice staff,Telephone,15  to 21 Days,20
11J,E38000045,NHS Dorset ICB - 11J,E54000041,NHS Dorset Integrated Care Board,E40000006,South West,JAN2022,DNA,Other Practice staff,Telephone,2 to 7 Days,85
11J,E38000045,NHS Dorset ICB - 11J,E54000041,NHS Dorset Integrated Care Board,E40000006,South West,JAN2022,DNA,Other Practice staff,Telephone,22  to 28 Days,9
11J,E38000045,NHS Dorset ICB - 11J,E54000041,NHS Dorset Integrated Care Board,E40000006,South West,JAN2022,DNA,Other Practice staff,Telephone,8  to 14 Days,25
11J,E38000045,NHS Dorset ICB - 11J,E54000041,NHS Dorset Integrated Care Board,E40000006,South West,JAN2022,DNA,Other Practice staff,Telephone,More than 28 Days,19
11J,E38000045,NHS Dorset ICB - 11J,E54000041,NHS Dorset Integrated Care Board,E40000006,South West,JAN2022,DNA,Other Practice staff,Telephone,Same Day,27
11J,E38000045,NHS Dorset ICB - 11J,E54000041,NHS Dorset Integrated Care Board,E40000006,South West,JAN2022,DNA,Other Practice staff,Video/Online,1 Day,3
11J,E38000045,NHS Dorset ICB - 11J,E54000041,NHS Dorset Integrated Care Board,E40000006,South West,JAN2022,DNA,Other Practice staff,Video/Online,15  to 21 Days,6
11J,E38000045,NHS Dorset ICB - 11J,E54000041,NHS Dorset Integrated Care Board,E40000006,South West,JAN2022,DNA,Other Practice staff,Video/Online,2 to 7 Days,22
11J,E38000045,NHS Dorset ICB - 11J,E54000041,NHS Dorset Integrated Care Board,E40000006,South West,JAN2022,DNA,Other Practice staff,Video/Online,22  to 28 Days,4
11J,E38000045,NHS Dorset ICB - 11J,E54000041,NHS Dorset Integrated Care Board,E40000006,South West,JAN2022,DNA,Other Practice staff,Video/Online,8  to 14 Days,11
11J,E38000045,NHS Dorset ICB - 11J,E54000041,NHS Dorset Integrated Care Board,E40000006,South West,JAN2022,DNA,Other Practice staff,Video/Online,More than 28 Days,9
11J,E38000045,NHS Dorset ICB - 11J,E54000041,NHS Dorset Integrated Care Board,E40000006,South West,JAN2022,DNA,Unknown,Unknown,1 Day,35
11J,E38000045,NHS Dorset ICB - 11J,E54000041,NHS Dorset Integrated Care Board,E40000006,South West,JAN2022,DNA,Unknown,Unknown,15  to 21 Days,60
11J,E38000045,NHS Dorset ICB - 11J,E54000041,NHS Dorset Integrated Care Board,E40000006,South West,JAN2022,DNA,Unknown,Unknown,2 to 7 Days,111
11J,E38000045,NHS Dorset ICB - 11J,E54000041,NHS Dorset Integrated Care Board,E40000006,South West,JAN2022,DNA,Unknown,Unknown,22  to 28 Days,28
11J,E38000045,NHS Dorset ICB - 11J,E54000041,NHS Dorset Integrated Care Board,E40000006,South West,JAN2022,DNA,Unknown,Unknown,8  to 14 Days,62
11J,E38000045,NHS Dorset ICB - 11J,E54000041,NHS Dorset Integrated Care Board,E40000006,South West,JAN2022,DNA,Unknown,Unknown,More than 28 Days,33
11J,E38000045,NHS Dorset ICB - 11J,E54000041,NHS Dorset Integrated Care Board,E40000006,South West,JAN2022,DNA,Unknown,Unknown,Same Day,81
11J,E38000045,NHS Dorset ICB - 11J,E54000041,NHS Dorset Integrated Care Board,E40000006,South West,JAN2022,Unknown,GP,Face-to-Face,1 Day,269
11J,E38000045,NHS Dorset ICB - 11J,E54000041,NHS Dorset Integrated Care Board,E40000006,South West,JAN2022,Unknown,GP,Face-to-Face,15  to 21 Days,206
11J,E38000045,NHS Dorset ICB - 11J,E54000041,NHS Dorset Integrated Care Board,E40000006,South West,JAN2022,Unknown,GP,Face-to-Face,2 to 7 Days,418
11J,E38000045,NHS Dorset ICB - 11J,E54000041,NHS Dorset Integrated Care Board,E40000006,South West,JAN2022,Unknown,GP,Face-to-Face,22  to 28 Days,161
11J,E38000045,NHS Dorset ICB - 11J,E54000041,NHS Dorset Integrated Care Board,E40000006,South West,JAN2022,Unknown,GP,Face-to-Face,8  to 14 Days,380
11J,E38000045,NHS Dorset ICB - 11J,E54000041,NHS Dorset Integrated Care Board,E40000006,South West,JAN2022,Unknown,GP,Face-to-Face,More than 28 Days,267
11J,E38000045,NHS Dorset ICB - 11J,E54000041,NHS Dorset Integrated Care Board,E40000006,South West,JAN2022,Unknown,GP,Face-to-Face,Same Day,434
11J,E38000045,NHS Dorset ICB - 11J,E54000041,NHS Dorset Integrated Care Board,E40000006,South West,JAN2022,Unknown,GP,Face-to-Face,Unknown / Data Quality,2
11J,E38000045,NHS Dorset ICB - 11J,E54000041,NHS Dorset Integrated Care Board,E40000006,South West,JAN2022,Unknown,GP,Home Visit,2 to 7 Days,1
11J,E38000045,NHS Dorset ICB - 11J,E54000041,NHS Dorset Integrated Care Board,E40000006,South West,JAN2022,Unknown,GP,Home Visit,Same Day,3
11J,E38000045,NHS Dorset ICB - 11J,E54000041,NHS Dorset Integrated Care Board,E40000006,South West,JAN2022,Unknown,GP,Telephone,1 Day,46
11J,E38000045,NHS Dorset ICB - 11J,E54000041,NHS Dorset Integrated Care Board,E40000006,South West,JAN2022,Unknown,GP,Telephone,15  to 21 Days,91
11J,E38000045,NHS Dorset ICB - 11J,E54000041,NHS Dorset Integrated Care Board,E40000006,South West,JAN2022,Unknown,GP,Telephone,2 to 7 Days,154
11J,E38000045,NHS Dorset ICB - 11J,E54000041,NHS Dorset Integrated Care Board,E40000006,South West,JAN2022,Unknown,GP,Telephone,22  to 28 Days,68
11J,E38000045,NHS Dorset ICB - 11J,E54000041,NHS Dorset Integrated Care Board,E40000006,South West,JAN2022,Unknown,GP,Telephone,8  to 14 Days,141
11J,E38000045,NHS Dorset ICB - 11J,E54000041,NHS Dorset Integrated Care Board,E40000006,South West,JAN2022,Unknown,GP,Telephone,More than 28 Days,143
11J,E38000045,NHS Dorset ICB - 11J,E54000041,NHS Dorset Integrated Care Board,E40000006,South West,JAN2022,Unknown,GP,Telephone,Same Day,90
11J,E38000045,NHS Dorset ICB - 11J,E54000041,NHS Dorset Integrated Care Board,E40000006,South West,JAN2022,Unknown,GP,Video/Online,1 Day,26
11J,E38000045,NHS Dorset ICB - 11J,E54000041,NHS Dorset Integrated Care Board,E40000006,South West,JAN2022,Unknown,GP,Video/Online,15  to 21 Days,1
11J,E38000045,NHS Dorset ICB - 11J,E54000041,NHS Dorset Integrated Care Board,E40000006,South West,JAN2022,Unknown,GP,Video/Online,2 to 7 Days,14
11J,E38000045,NHS Dorset ICB - 11J,E54000041,NHS Dorset Integrated Care Board,E40000006,South West,JAN2022,Unknown,GP,Video/Online,8  to 14 Days,1
11J,E38000045,NHS Dorset ICB - 11J,E54000041,NHS Dorset Integrated Care Board,E40000006,South West,JAN2022,Unknown,GP,Video/Online,Same Day,71
11J,E38000045,NHS Dorset ICB - 11J,E54000041,NHS Dorset Integrated Care Board,E40000006,South West,JAN2022,Unknown,Other Practice staff,Face-to-Face,1 Day,388
11J,E38000045,NHS Dorset ICB - 11J,E54000041,NHS Dorset Integrated Care Board,E40000006,South West,JAN2022,Unknown,Other Practice staff,Face-to-Face,15  to 21 Days,781
11J,E38000045,NHS Dorset ICB - 11J,E54000041,NHS Dorset Integrated Care Board,E40000006,South West,JAN2022,Unknown,Other Practice staff,Face-to-Face,2 to 7 Days,1111
11J,E38000045,NHS Dorset ICB - 11J,E54000041,NHS Dorset Integrated Care Board,E40000006,South West,JAN2022,Unknown,Other Practice staff,Face-to-Face,22  to 28 Days,589
11J,E38000045,NHS Dorset ICB - 11J,E54000041,NHS Dorset Integrated Care Board,E40000006,South West,JAN2022,Unknown,Other Practice staff,Face-to-Face,8  to 14 Days,1273
11J,E38000045,NHS Dorset ICB - 11J,E54000041,NHS Dorset Integrated Care Board,E40000006,South West,JAN2022,Unknown,Other Practice staff,Face-to-Face,More than 28 Days,938
11J,E38000045,NHS Dorset ICB - 11J,E54000041,NHS Dorset Integrated Care Board,E40000006,South West,JAN2022,Unknown,Other Practice staff,Face-to-Face,Same Day,590
11J,E38000045,NHS Dorset ICB - 11J,E54000041,NHS Dorset Integrated Care Board,E40000006,South West,JAN2022,Unknown,Other Practice staff,Face-to-Face,Unknown / Data Quality,5
11J,E38000045,NHS Dorset ICB - 11J,E54000041,NHS Dorset Integrated Care Board,E40000006,South West,JAN2022,Unknown,Other Practice staff,Home Visit,1 Day,1
11J,E38000045,NHS Dorset ICB - 11J,E54000041,NHS Dorset Integrated Care Board,E40000006,South West,JAN2022,Unknown,Other Practice staff,Home Visit,2 to 7 Days,4
11J,E38000045,NHS Dorset ICB - 11J,E54000041,NHS Dorset Integrated Care Board,E40000006,South West,JAN2022,Unknown,Other Practice staff,Home Visit,22  to 28 Days,1
11J,E38000045,NHS Dorset ICB - 11J,E54000041,NHS Dorset Integrated Care Board,E40000006,South West,JAN2022,Unknown,Other Practice staff,Home Visit,More than 28 Days,1
11J,E38000045,NHS Dorset ICB - 11J,E54000041,NHS Dorset Integrated Care Board,E40000006,South West,JAN2022,Unknown,Other Practice staff,Home Visit,Same Day,3
11J,E38000045,NHS Dorset ICB - 11J,E54000041,NHS Dorset Integrated Care Board,E40000006,South West,JAN2022,Unknown,Other Practice staff,Telephone,1 Day,67
11J,E38000045,NHS Dorset ICB - 11J,E54000041,NHS Dorset Integrated Care Board,E40000006,South West,JAN2022,Unknown,Other Practice staff,Telephone,15  to 21 Days,70
11J,E38000045,NHS Dorset ICB - 11J,E54000041,NHS Dorset Integrated Care Board,E40000006,South West,JAN2022,Unknown,Other Practice staff,Telephone,2 to 7 Days,156
11J,E38000045,NHS Dorset ICB - 11J,E54000041,NHS Dorset Integrated Care Board,E40000006,South West,JAN2022,Unknown,Other Practice staff,Telephone,22  to 28 Days,62
11J,E38000045,NHS Dorset ICB - 11J,E54000041,NHS Dorset Integrated Care Board,E40000006,South West,JAN2022,Unknown,Other Practice staff,Telephone,8  to 14 Days,124
11J,E38000045,NHS Dorset ICB - 11J,E54000041,NHS Dorset Integrated Care Board,E40000006,South West,JAN2022,Unknown,Other Practice staff,Telephone,More than 28 Days,73
11J,E38000045,NHS Dorset ICB - 11J,E54000041,NHS Dorset Integrated Care Board,E40000006,South West,JAN2022,Unknown,Other Practice staff,Telephone,Same Day,169
11J,E38000045,NHS Dorset ICB - 11J,E54000041,NHS Dorset Integrated Care Board,E40000006,South West,JAN2022,Unknown,Other Practice staff,Video/Online,1 Day,9
11J,E38000045,NHS Dorset ICB - 11J,E54000041,NHS Dorset Integrated Care Board,E40000006,South West,JAN2022,Unknown,Other Practice staff,Video/Online,15  to 21 Days,7
11J,E38000045,NHS Dorset ICB - 11J,E54000041,NHS Dorset Integrated Care Board,E40000006,South West,JAN2022,Unknown,Other Practice staff,Video/Online,2 to 7 Days,12
11J,E38000045,NHS Dorset ICB - 11J,E54000041,NHS Dorset Integrated Care Board,E40000006,South West,JAN2022,Unknown,Other Practice staff,Video/Online,22  to 28 Days,3
11J,E38000045,NHS Dorset ICB - 11J,E54000041,NHS Dorset Integrated Care Board,E40000006,South West,JAN2022,Unknown,Other Practice staff,Video/Online,8  to 14 Days,10
11J,E38000045,NHS Dorset ICB - 11J,E54000041,NHS Dorset Integrated Care Board,E40000006,South West,JAN2022,Unknown,Other Practice staff,Video/Online,More than 28 Days,3
11J,E38000045,NHS Dorset ICB - 11J,E54000041,NHS Dorset Integrated Care Board,E40000006,South West,JAN2022,Unknown,Other Practice staff,Video/Online,Same Day,1
11J,E38000045,NHS Dorset ICB - 11J,E54000041,NHS Dorset Integrated Care Board,E40000006,South West,JAN2022,Unknown,Unknown,Unknown,1 Day,33
11J,E38000045,NHS Dorset ICB - 11J,E54000041,NHS Dorset Integrated Care Board,E40000006,South West,JAN2022,Unknown,Unknown,Unknown,15  to 21 Days,112
11J,E38000045,NHS Dorset ICB - 11J,E54000041,NHS Dorset Integrated Care Board,E40000006,South West,JAN2022,Unknown,Unknown,Unknown,2 to 7 Days,182
11J,E38000045,NHS Dorset ICB - 11J,E54000041,NHS Dorset Integrated Care Board,E40000006,South West,JAN2022,Unknown,Unknown,Unknown,22  to 28 Days,70
11J,E38000045,NHS Dorset ICB - 11J,E54000041,NHS Dorset Integrated Care Board,E40000006,South West,JAN2022,Unknown,Unknown,Unknown,8  to 14 Days,191
11J,E38000045,NHS Dorset ICB - 11J,E54000041,NHS Dorset Integrated Care Board,E40000006,South West,JAN2022,Unknown,Unknown,Unknown,More than 28 Days,120
11J,E38000045,NHS Dorset ICB - 11J,E54000041,NHS Dorset Integrated Care Board,E40000006,South West,JAN2022,Unknown,Unknown,Unknown,Same Day,76
11J,E38000045,NHS Dorset ICB - 11J,E54000041,NHS Dorset Integrated Care Board,E40000006,South West,FEB2022,Attended,GP,Face-to-Face,1 Day,10384
11J,E38000045,NHS Dorset ICB - 11J,E54000041,NHS Dorset Integrated Care Board,E40000006,South West,FEB2022,Attended,GP,Face-to-Face,15  to 21 Days,7055
11J,E38000045,NHS Dorset ICB - 11J,E54000041,NHS Dorset Integrated Care Board,E40000006,South West,FEB2022,Attended,GP,Face-to-Face,2 to 7 Days,21607
11J,E38000045,NHS Dorset ICB - 11J,E54000041,NHS Dorset Integrated Care Board,E40000006,South West,FEB2022,Attended,GP,Face-to-Face,22  to 28 Days,3246
11J,E38000045,NHS Dorset ICB - 11J,E54000041,NHS Dorset Integrated Care Board,E40000006,South West,FEB2022,Attended,GP,Face-to-Face,8  to 14 Days,13205
11J,E38000045,NHS Dorset ICB - 11J,E54000041,NHS Dorset Integrated Care Board,E40000006,South West,FEB2022,Attended,GP,Face-to-Face,More than 28 Days,1686
11J,E38000045,NHS Dorset ICB - 11J,E54000041,NHS Dorset Integrated Care Board,E40000006,South West,FEB2022,Attended,GP,Face-to-Face,Same Day,45614
11J,E38000045,NHS Dorset ICB - 11J,E54000041,NHS Dorset Integrated Care Board,E40000006,South West,FEB2022,Attended,GP,Face-to-Face,Unknown / Data Quality,14
11J,E38000045,NHS Dorset ICB - 11J,E54000041,NHS Dorset Integrated Care Board,E40000006,South West,FEB2022,Attended,GP,Home Visit,1 Day,30
11J,E38000045,NHS Dorset ICB - 11J,E54000041,NHS Dorset Integrated Care Board,E40000006,South West,FEB2022,Attended,GP,Home Visit,15  to 21 Days,1
11J,E38000045,NHS Dorset ICB - 11J,E54000041,NHS Dorset Integrated Care Board,E40000006,South West,FEB2022,Attended,GP,Home Visit,2 to 7 Days,25
11J,E38000045,NHS Dorset ICB - 11J,E54000041,NHS Dorset Integrated Care Board,E40000006,South West,FEB2022,Attended,GP,Home Visit,8  to 14 Days,8
11J,E38000045,NHS Dorset ICB - 11J,E54000041,NHS Dorset Integrated Care Board,E40000006,South West,FEB2022,Attended,GP,Home Visit,Same Day,97
11J,E38000045,NHS Dorset ICB - 11J,E54000041,NHS Dorset Integrated Care Board,E40000006,South West,FEB2022,Attended,GP,Telephone,1 Day,3619
11J,E38000045,NHS Dorset ICB - 11J,E54000041,NHS Dorset Integrated Care Board,E40000006,South West,FEB2022,Attended,GP,Telephone,15  to 21 Days,4342
11J,E38000045,NHS Dorset ICB - 11J,E54000041,NHS Dorset Integrated Care Board,E40000006,South West,FEB2022,Attended,GP,Telephone,2 to 7 Days,9631
11J,E38000045,NHS Dorset ICB - 11J,E54000041,NHS Dorset Integrated Care Board,E40000006,South West,FEB2022,Attended,GP,Telephone,22  to 28 Days,2033
11J,E38000045,NHS Dorset ICB - 11J,E54000041,NHS Dorset Integrated Care Board,E40000006,South West,FEB2022,Attended,GP,Telephone,8  to 14 Days,8159
11J,E38000045,NHS Dorset ICB - 11J,E54000041,NHS Dorset Integrated Care Board,E40000006,South West,FEB2022,Attended,GP,Telephone,More than 28 Days,623
11J,E38000045,NHS Dorset ICB - 11J,E54000041,NHS Dorset Integrated Care Board,E40000006,South West,FEB2022,Attended,GP,Telephone,Same Day,29573
11J,E38000045,NHS Dorset ICB - 11J,E54000041,NHS Dorset Integrated Care Board,E40000006,South West,FEB2022,Attended,GP,Telephone,Unknown / Data Quality,3
11J,E38000045,NHS Dorset ICB - 11J,E54000041,NHS Dorset Integrated Care Board,E40000006,South West,FEB2022,Attended,GP,Video/Online,1 Day,653
11J,E38000045,NHS Dorset ICB - 11J,E54000041,NHS Dorset Integrated Care Board,E40000006,South West,FEB2022,Attended,GP,Video/Online,15  to 21 Days,11
11J,E38000045,NHS Dorset ICB - 11J,E54000041,NHS Dorset Integrated Care Board,E40000006,South West,FEB2022,Attended,GP,Video/Online,2 to 7 Days,387
11J,E38000045,NHS Dorset ICB - 11J,E54000041,NHS Dorset Integrated Care Board,E40000006,South West,FEB2022,Attended,GP,Video/Online,22  to 28 Days,3
11J,E38000045,NHS Dorset ICB - 11J,E54000041,NHS Dorset Integrated Care Board,E40000006,South West,FEB2022,Attended,GP,Video/Online,8  to 14 Days,40
11J,E38000045,NHS Dorset ICB - 11J,E54000041,NHS Dorset Integrated Care Board,E40000006,South West,FEB2022,Attended,GP,Video/Online,More than 28 Days,2
11J,E38000045,NHS Dorset ICB - 11J,E54000041,NHS Dorset Integrated Care Board,E40000006,South West,FEB2022,Attended,GP,Video/Online,Same Day,1347
11J,E38000045,NHS Dorset ICB - 11J,E54000041,NHS Dorset Integrated Care Board,E40000006,South West,FEB2022,Attended,Other Practice staff,Face-to-Face,1 Day,11784
11J,E38000045,NHS Dorset ICB - 11J,E54000041,NHS Dorset Integrated Care Board,E40000006,South West,FEB2022,Attended,Other Practice staff,Face-to-Face,15  to 21 Days,13995
11J,E38000045,NHS Dorset ICB - 11J,E54000041,NHS Dorset Integrated Care Board,E40000006,South West,FEB2022,Attended,Other Practice staff,Face-to-Face,2 to 7 Days,34264
11J,E38000045,NHS Dorset ICB - 11J,E54000041,NHS Dorset Integrated Care Board,E40000006,South West,FEB2022,Attended,Other Practice staff,Face-to-Face,22  to 28 Days,7747
11J,E38000045,NHS Dorset ICB - 11J,E54000041,NHS Dorset Integrated Care Board,E40000006,South West,FEB2022,Attended,Other Practice staff,Face-to-Face,8  to 14 Days,25749
11J,E38000045,NHS Dorset ICB - 11J,E54000041,NHS Dorset Integrated Care Board,E40000006,South West,FEB2022,Attended,Other Practice staff,Face-to-Face,More than 28 Days,6883
11J,E38000045,NHS Dorset ICB - 11J,E54000041,NHS Dorset Integrated Care Board,E40000006,South West,FEB2022,Attended,Other Practice staff,Face-to-Face,Same Day,42120
11J,E38000045,NHS Dorset ICB - 11J,E54000041,NHS Dorset Integrated Care Board,E40000006,South West,FEB2022,Attended,Other Practice staff,Face-to-Face,Unknown / Data Quality,32
11J,E38000045,NHS Dorset ICB - 11J,E54000041,NHS Dorset Integrated Care Board,E40000006,South West,FEB2022,Attended,Other Practice staff,Home Visit,1 Day,32
11J,E38000045,NHS Dorset ICB - 11J,E54000041,NHS Dorset Integrated Care Board,E40000006,South West,FEB2022,Attended,Other Practice staff,Home Visit,15  to 21 Days,37
11J,E38000045,NHS Dorset ICB - 11J,E54000041,NHS Dorset Integrated Care Board,E40000006,South West,FEB2022,Attended,Other Practice staff,Home Visit,2 to 7 Days,102
11J,E38000045,NHS Dorset ICB - 11J,E54000041,NHS Dorset Integrated Care Board,E40000006,South West,FEB2022,Attended,Other Practice staff,Home Visit,22  to 28 Days,35
11J,E38000045,NHS Dorset ICB - 11J,E54000041,NHS Dorset Integrated Care Board,E40000006,South West,FEB2022,Attended,Other Practice staff,Home Visit,8  to 14 Days,53
11J,E38000045,NHS Dorset ICB - 11J,E54000041,NHS Dorset Integrated Care Board,E40000006,South West,FEB2022,Attended,Other Practice staff,Home Visit,More than 28 Days,43
11J,E38000045,NHS Dorset ICB - 11J,E54000041,NHS Dorset Integrated Care Board,E40000006,South West,FEB2022,Attended,Other Practice staff,Home Visit,Same Day,123
11J,E38000045,NHS Dorset ICB - 11J,E54000041,NHS Dorset Integrated Care Board,E40000006,South West,FEB2022,Attended,Other Practice staff,Home Visit,Unknown / Data Quality,6
11J,E38000045,NHS Dorset ICB - 11J,E54000041,NHS Dorset Integrated Care Board,E40000006,South West,FEB2022,Attended,Other Practice staff,Telephone,1 Day,1408
11J,E38000045,NHS Dorset ICB - 11J,E54000041,NHS Dorset Integrated Care Board,E40000006,South West,FEB2022,Attended,Other Practice staff,Telephone,15  to 21 Days,1365
11J,E38000045,NHS Dorset ICB - 11J,E54000041,NHS Dorset Integrated Care Board,E40000006,South West,FEB2022,Attended,Other Practice staff,Telephone,2 to 7 Days,3307
11J,E38000045,NHS Dorset ICB - 11J,E54000041,NHS Dorset Integrated Care Board,E40000006,South West,FEB2022,Attended,Other Practice staff,Telephone,22  to 28 Days,908
11J,E38000045,NHS Dorset ICB - 11J,E54000041,NHS Dorset Integrated Care Board,E40000006,South West,FEB2022,Attended,Other Practice staff,Telephone,8  to 14 Days,2218
11J,E38000045,NHS Dorset ICB - 11J,E54000041,NHS Dorset Integrated Care Board,E40000006,South West,FEB2022,Attended,Other Practice staff,Telephone,More than 28 Days,552
11J,E38000045,NHS Dorset ICB - 11J,E54000041,NHS Dorset Integrated Care Board,E40000006,South West,FEB2022,Attended,Other Practice staff,Telephone,Same Day,12495
11J,E38000045,NHS Dorset ICB - 11J,E54000041,NHS Dorset Integrated Care Board,E40000006,South West,FEB2022,Attended,Other Practice staff,Telephone,Unknown / Data Quality,1
11J,E38000045,NHS Dorset ICB - 11J,E54000041,NHS Dorset Integrated Care Board,E40000006,South West,FEB2022,Attended,Other Practice staff,Video/Online,1 Day,82
11J,E38000045,NHS Dorset ICB - 11J,E54000041,NHS Dorset Integrated Care Board,E40000006,South West,FEB2022,Attended,Other Practice staff,Video/Online,15  to 21 Days,95
11J,E38000045,NHS Dorset ICB - 11J,E54000041,NHS Dorset Integrated Care Board,E40000006,South West,FEB2022,Attended,Other Practice staff,Video/Online,2 to 7 Days,469
11J,E38000045,NHS Dorset ICB - 11J,E54000041,NHS Dorset Integrated Care Board,E40000006,South West,FEB2022,Attended,Other Practice staff,Video/Online,22  to 28 Days,64
11J,E38000045,NHS Dorset ICB - 11J,E54000041,NHS Dorset Integrated Care Board,E40000006,South West,FEB2022,Attended,Other Practice staff,Video/Online,8  to 14 Days,556
11J,E38000045,NHS Dorset ICB - 11J,E54000041,NHS Dorset Integrated Care Board,E40000006,South West,FEB2022,Attended,Other Practice staff,Video/Online,More than 28 Days,41
11J,E38000045,NHS Dorset ICB - 11J,E54000041,NHS Dorset Integrated Care Board,E40000006,South West,FEB2022,Attended,Other Practice staff,Video/Online,Same Day,102
11J,E38000045,NHS Dorset ICB - 11J,E54000041,NHS Dorset Integrated Care Board,E40000006,South West,FEB2022,Attended,Unknown,Unknown,1 Day,1679
11J,E38000045,NHS Dorset ICB - 11J,E54000041,NHS Dorset Integrated Care Board,E40000006,South West,FEB2022,Attended,Unknown,Unknown,15  to 21 Days,642
11J,E38000045,NHS Dorset ICB - 11J,E54000041,NHS Dorset Integrated Care Board,E40000006,South West,FEB2022,Attended,Unknown,Unknown,2 to 7 Days,2728
11J,E38000045,NHS Dorset ICB - 11J,E54000041,NHS Dorset Integrated Care Board,E40000006,South West,FEB2022,Attended,Unknown,Unknown,22  to 28 Days,267
11J,E38000045,NHS Dorset ICB - 11J,E54000041,NHS Dorset Integrated Care Board,E40000006,South West,FEB2022,Attended,Unknown,Unknown,8  to 14 Days,1322
11J,E38000045,NHS Dorset ICB - 11J,E54000041,NHS Dorset Integrated Care Board,E40000006,South West,FEB2022,Attended,Unknown,Unknown,More than 28 Days,128
11J,E38000045,NHS Dorset ICB - 11J,E54000041,NHS Dorset Integrated Care Board,E40000006,South West,FEB2022,Attended,Unknown,Unknown,Same Day,11923
11J,E38000045,NHS Dorset ICB - 11J,E54000041,NHS Dorset Integrated Care Board,E40000006,South West,FEB2022,Attended,Unknown,Unknown,Unknown / Data Quality,16
11J,E38000045,NHS Dorset ICB - 11J,E54000041,NHS Dorset Integrated Care Board,E40000006,South West,FEB2022,DNA,GP,Face-to-Face,1 Day,209
11J,E38000045,NHS Dorset ICB - 11J,E54000041,NHS Dorset Integrated Care Board,E40000006,South West,FEB2022,DNA,GP,Face-to-Face,15  to 21 Days,353
11J,E38000045,NHS Dorset ICB - 11J,E54000041,NHS Dorset Integrated Care Board,E40000006,South West,FEB2022,DNA,GP,Face-to-Face,2 to 7 Days,615
11J,E38000045,NHS Dorset ICB - 11J,E54000041,NHS Dorset Integrated Care Board,E40000006,South West,FEB2022,DNA,GP,Face-to-Face,22  to 28 Days,215
11J,E38000045,NHS Dorset ICB - 11J,E54000041,NHS Dorset Integrated Care Board,E40000006,South West,FEB2022,DNA,GP,Face-to-Face,8  to 14 Days,609
11J,E38000045,NHS Dorset ICB - 11J,E54000041,NHS Dorset Integrated Care Board,E40000006,South West,FEB2022,DNA,GP,Face-to-Face,More than 28 Days,115
11J,E38000045,NHS Dorset ICB - 11J,E54000041,NHS Dorset Integrated Care Board,E40000006,South West,FEB2022,DNA,GP,Face-to-Face,Same Day,392
11J,E38000045,NHS Dorset ICB - 11J,E54000041,NHS Dorset Integrated Care Board,E40000006,South West,FEB2022,DNA,GP,Home Visit,1 Day,2
11J,E38000045,NHS Dorset ICB - 11J,E54000041,NHS Dorset Integrated Care Board,E40000006,South West,FEB2022,DNA,GP,Home Visit,2 to 7 Days,2
11J,E38000045,NHS Dorset ICB - 11J,E54000041,NHS Dorset Integrated Care Board,E40000006,South West,FEB2022,DNA,GP,Home Visit,Same Day,12
11J,E38000045,NHS Dorset ICB - 11J,E54000041,NHS Dorset Integrated Care Board,E40000006,South West,FEB2022,DNA,GP,Telephone,1 Day,12
11J,E38000045,NHS Dorset ICB - 11J,E54000041,NHS Dorset Integrated Care Board,E40000006,South West,FEB2022,DNA,GP,Telephone,15  to 21 Days,17
11J,E38000045,NHS Dorset ICB - 11J,E54000041,NHS Dorset Integrated Care Board,E40000006,South West,FEB2022,DNA,GP,Telephone,2 to 7 Days,47
11J,E38000045,NHS Dorset ICB - 11J,E54000041,NHS Dorset Integrated Care Board,E40000006,South West,FEB2022,DNA,GP,Telephone,22  to 28 Days,14
11J,E38000045,NHS Dorset ICB - 11J,E54000041,NHS Dorset Integrated Care Board,E40000006,South West,FEB2022,DNA,GP,Telephone,8  to 14 Days,47
11J,E38000045,NHS Dorset ICB - 11J,E54000041,NHS Dorset Integrated Care Board,E40000006,South West,FEB2022,DNA,GP,Telephone,More than 28 Days,6
11J,E38000045,NHS Dorset ICB - 11J,E54000041,NHS Dorset Integrated Care Board,E40000006,South West,FEB2022,DNA,GP,Telephone,Same Day,11
11J,E38000045,NHS Dorset ICB - 11J,E54000041,NHS Dorset Integrated Care Board,E40000006,South West,FEB2022,DNA,GP,Video/Online,2 to 7 Days,1
11J,E38000045,NHS Dorset ICB - 11J,E54000041,NHS Dorset Integrated Care Board,E40000006,South West,FEB2022,DNA,GP,Video/Online,Same Day,3
11J,E38000045,NHS Dorset ICB - 11J,E54000041,NHS Dorset Integrated Care Board,E40000006,South West,FEB2022,DNA,Other Practice staff,Face-to-Face,1 Day,523
11J,E38000045,NHS Dorset ICB - 11J,E54000041,NHS Dorset Integrated Care Board,E40000006,South West,FEB2022,DNA,Other Practice staff,Face-to-Face,15  to 21 Days,1308
11J,E38000045,NHS Dorset ICB - 11J,E54000041,NHS Dorset Integrated Care Board,E40000006,South West,FEB2022,DNA,Other Practice staff,Face-to-Face,2 to 7 Days,2280
11J,E38000045,NHS Dorset ICB - 11J,E54000041,NHS Dorset Integrated Care Board,E40000006,South West,FEB2022,DNA,Other Practice staff,Face-to-Face,22  to 28 Days,737
11J,E38000045,NHS Dorset ICB - 11J,E54000041,NHS Dorset Integrated Care Board,E40000006,South West,FEB2022,DNA,Other Practice staff,Face-to-Face,8  to 14 Days,1938
11J,E38000045,NHS Dorset ICB - 11J,E54000041,NHS Dorset Integrated Care Board,E40000006,South West,FEB2022,DNA,Other Practice staff,Face-to-Face,More than 28 Days,756
11J,E38000045,NHS Dorset ICB - 11J,E54000041,NHS Dorset Integrated Care Board,E40000006,South West,FEB2022,DNA,Other Practice staff,Face-to-Face,Same Day,1335
11J,E38000045,NHS Dorset ICB - 11J,E54000041,NHS Dorset Integrated Care Board,E40000006,South West,FEB2022,DNA,Other Practice staff,Home Visit,1 Day,1
11J,E38000045,NHS Dorset ICB - 11J,E54000041,NHS Dorset Integrated Care Board,E40000006,South West,FEB2022,DNA,Other Practice staff,Home Visit,2 to 7 Days,6
11J,E38000045,NHS Dorset ICB - 11J,E54000041,NHS Dorset Integrated Care Board,E40000006,South West,FEB2022,DNA,Other Practice staff,Home Visit,22  to 28 Days,4
11J,E38000045,NHS Dorset ICB - 11J,E54000041,NHS Dorset Integrated Care Board,E40000006,South West,FEB2022,DNA,Other Practice staff,Home Visit,8  to 14 Days,1
11J,E38000045,NHS Dorset ICB - 11J,E54000041,NHS Dorset Integrated Care Board,E40000006,South West,FEB2022,DNA,Other Practice staff,Home Visit,More than 28 Days,2
11J,E38000045,NHS Dorset ICB - 11J,E54000041,NHS Dorset Integrated Care Board,E40000006,South West,FEB2022,DNA,Other Practice staff,Home Visit,Same Day,5
11J,E38000045,NHS Dorset ICB - 11J,E54000041,NHS Dorset Integrated Care Board,E40000006,South West,FEB2022,DNA,Other Practice staff,Telephone,1 Day,11
11J,E38000045,NHS Dorset ICB - 11J,E54000041,NHS Dorset Integrated Care Board,E40000006,South West,FEB2022,DNA,Other Practice staff,Telephone,15  to 21 Days,15
11J,E38000045,NHS Dorset ICB - 11J,E54000041,NHS Dorset Integrated Care Board,E40000006,South West,FEB2022,DNA,Other Practice staff,Telephone,2 to 7 Days,60
11J,E38000045,NHS Dorset ICB - 11J,E54000041,NHS Dorset Integrated Care Board,E40000006,South West,FEB2022,DNA,Other Practice staff,Telephone,22  to 28 Days,12
11J,E38000045,NHS Dorset ICB - 11J,E54000041,NHS Dorset Integrated Care Board,E40000006,South West,FEB2022,DNA,Other Practice staff,Telephone,8  to 14 Days,41
11J,E38000045,NHS Dorset ICB - 11J,E54000041,NHS Dorset Integrated Care Board,E40000006,South West,FEB2022,DNA,Other Practice staff,Telephone,More than 28 Days,14
11J,E38000045,NHS Dorset ICB - 11J,E54000041,NHS Dorset Integrated Care Board,E40000006,South West,FEB2022,DNA,Other Practice staff,Telephone,Same Day,22
11J,E38000045,NHS Dorset ICB - 11J,E54000041,NHS Dorset Integrated Care Board,E40000006,South West,FEB2022,DNA,Other Practice staff,Video/Online,1 Day,1
11J,E38000045,NHS Dorset ICB - 11J,E54000041,NHS Dorset Integrated Care Board,E40000006,South West,FEB2022,DNA,Other Practice staff,Video/Online,15  to 21 Days,8
11J,E38000045,NHS Dorset ICB - 11J,E54000041,NHS Dorset Integrated Care Board,E40000006,South West,FEB2022,DNA,Other Practice staff,Video/Online,2 to 7 Days,19
11J,E38000045,NHS Dorset ICB - 11J,E54000041,NHS Dorset Integrated Care Board,E40000006,South West,FEB2022,DNA,Other Practice staff,Video/Online,22  to 28 Days,4
11J,E38000045,NHS Dorset ICB - 11J,E54000041,NHS Dorset Integrated Care Board,E40000006,South West,FEB2022,DNA,Other Practice staff,Video/Online,8  to 14 Days,25
11J,E38000045,NHS Dorset ICB - 11J,E54000041,NHS Dorset Integrated Care Board,E40000006,South West,FEB2022,DNA,Other Practice staff,Video/Online,More than 28 Days,2
11J,E38000045,NHS Dorset ICB - 11J,E54000041,NHS Dorset Integrated Care Board,E40000006,South West,FEB2022,DNA,Unknown,Unknown,1 Day,55
11J,E38000045,NHS Dorset ICB - 11J,E54000041,NHS Dorset Integrated Care Board,E40000006,South West,FEB2022,DNA,Unknown,Unknown,15  to 21 Days,46
11J,E38000045,NHS Dorset ICB - 11J,E54000041,NHS Dorset Integrated Care Board,E40000006,South West,FEB2022,DNA,Unknown,Unknown,2 to 7 Days,89
11J,E38000045,NHS Dorset ICB - 11J,E54000041,NHS Dorset Integrated Care Board,E40000006,South West,FEB2022,DNA,Unknown,Unknown,22  to 28 Days,13
11J,E38000045,NHS Dorset ICB - 11J,E54000041,NHS Dorset Integrated Care Board,E40000006,South West,FEB2022,DNA,Unknown,Unknown,8  to 14 Days,61
11J,E38000045,NHS Dorset ICB - 11J,E54000041,NHS Dorset Integrated Care Board,E40000006,South West,FEB2022,DNA,Unknown,Unknown,More than 28 Days,15
11J,E38000045,NHS Dorset ICB - 11J,E54000041,NHS Dorset Integrated Care Board,E40000006,South West,FEB2022,DNA,Unknown,Unknown,Same Day,69
11J,E38000045,NHS Dorset ICB - 11J,E54000041,NHS Dorset Integrated Care Board,E40000006,South West,FEB2022,Unknown,GP,Face-to-Face,1 Day,266
11J,E38000045,NHS Dorset ICB - 11J,E54000041,NHS Dorset Integrated Care Board,E40000006,South West,FEB2022,Unknown,GP,Face-to-Face,15  to 21 Days,313
11J,E38000045,NHS Dorset ICB - 11J,E54000041,NHS Dorset Integrated Care Board,E40000006,South West,FEB2022,Unknown,GP,Face-to-Face,2 to 7 Days,383
11J,E38000045,NHS Dorset ICB - 11J,E54000041,NHS Dorset Integrated Care Board,E40000006,South West,FEB2022,Unknown,GP,Face-to-Face,22  to 28 Days,266
11J,E38000045,NHS Dorset ICB - 11J,E54000041,NHS Dorset Integrated Care Board,E40000006,South West,FEB2022,Unknown,GP,Face-to-Face,8  to 14 Days,497
11J,E38000045,NHS Dorset ICB - 11J,E54000041,NHS Dorset Integrated Care Board,E40000006,South West,FEB2022,Unknown,GP,Face-to-Face,More than 28 Days,161
11J,E38000045,NHS Dorset ICB - 11J,E54000041,NHS Dorset Integrated Care Board,E40000006,South West,FEB2022,Unknown,GP,Face-to-Face,Same Day,380
11J,E38000045,NHS Dorset ICB - 11J,E54000041,NHS Dorset Integrated Care Board,E40000006,South West,FEB2022,Unknown,GP,Face-to-Face,Unknown / Data Quality,2
11J,E38000045,NHS Dorset ICB - 11J,E54000041,NHS Dorset Integrated Care Board,E40000006,South West,FEB2022,Unknown,GP,Home Visit,Same Day,1
11J,E38000045,NHS Dorset ICB - 11J,E54000041,NHS Dorset Integrated Care Board,E40000006,South West,FEB2022,Unknown,GP,Telephone,1 Day,33
11J,E38000045,NHS Dorset ICB - 11J,E54000041,NHS Dorset Integrated Care Board,E40000006,South West,FEB2022,Unknown,GP,Telephone,15  to 21 Days,81
11J,E38000045,NHS Dorset ICB - 11J,E54000041,NHS Dorset Integrated Care Board,E40000006,South West,FEB2022,Unknown,GP,Telephone,2 to 7 Days,141
11J,E38000045,NHS Dorset ICB - 11J,E54000041,NHS Dorset Integrated Care Board,E40000006,South West,FEB2022,Unknown,GP,Telephone,22  to 28 Days,79
11J,E38000045,NHS Dorset ICB - 11J,E54000041,NHS Dorset Integrated Care Board,E40000006,South West,FEB2022,Unknown,GP,Telephone,8  to 14 Days,179
11J,E38000045,NHS Dorset ICB - 11J,E54000041,NHS Dorset Integrated Care Board,E40000006,South West,FEB2022,Unknown,GP,Telephone,More than 28 Days,70
11J,E38000045,NHS Dorset ICB - 11J,E54000041,NHS Dorset Integrated Care Board,E40000006,South West,FEB2022,Unknown,GP,Telephone,Same Day,79
11J,E38000045,NHS Dorset ICB - 11J,E54000041,NHS Dorset Integrated Care Board,E40000006,South West,FEB2022,Unknown,GP,Video/Online,1 Day,48
11J,E38000045,NHS Dorset ICB - 11J,E54000041,NHS Dorset Integrated Care Board,E40000006,South West,FEB2022,Unknown,GP,Video/Online,2 to 7 Days,9
11J,E38000045,NHS Dorset ICB - 11J,E54000041,NHS Dorset Integrated Care Board,E40000006,South West,FEB2022,Unknown,GP,Video/Online,8  to 14 Days,4
11J,E38000045,NHS Dorset ICB - 11J,E54000041,NHS Dorset Integrated Care Board,E40000006,South West,FEB2022,Unknown,GP,Video/Online,Same Day,78
11J,E38000045,NHS Dorset ICB - 11J,E54000041,NHS Dorset Integrated Care Board,E40000006,South West,FEB2022,Unknown,Other Practice staff,Face-to-Face,1 Day,432
11J,E38000045,NHS Dorset ICB - 11J,E54000041,NHS Dorset Integrated Care Board,E40000006,South West,FEB2022,Unknown,Other Practice staff,Face-to-Face,15  to 21 Days,992
11J,E38000045,NHS Dorset ICB - 11J,E54000041,NHS Dorset Integrated Care Board,E40000006,South West,FEB2022,Unknown,Other Practice staff,Face-to-Face,2 to 7 Days,1264
11J,E38000045,NHS Dorset ICB - 11J,E54000041,NHS Dorset Integrated Care Board,E40000006,South West,FEB2022,Unknown,Other Practice staff,Face-to-Face,22  to 28 Days,635
11J,E38000045,NHS Dorset ICB - 11J,E54000041,NHS Dorset Integrated Care Board,E40000006,South West,FEB2022,Unknown,Other Practice staff,Face-to-Face,8  to 14 Days,1463
11J,E38000045,NHS Dorset ICB - 11J,E54000041,NHS Dorset Integrated Care Board,E40000006,South West,FEB2022,Unknown,Other Practice staff,Face-to-Face,More than 28 Days,871
11J,E38000045,NHS Dorset ICB - 11J,E54000041,NHS Dorset Integrated Care Board,E40000006,South West,FEB2022,Unknown,Other Practice staff,Face-to-Face,Same Day,612
11J,E38000045,NHS Dorset ICB - 11J,E54000041,NHS Dorset Integrated Care Board,E40000006,South West,FEB2022,Unknown,Other Practice staff,Face-to-Face,Unknown / Data Quality,9
11J,E38000045,NHS Dorset ICB - 11J,E54000041,NHS Dorset Integrated Care Board,E40000006,South West,FEB2022,Unknown,Other Practice staff,Home Visit,1 Day,2
11J,E38000045,NHS Dorset ICB - 11J,E54000041,NHS Dorset Integrated Care Board,E40000006,South West,FEB2022,Unknown,Other Practice staff,Home Visit,2 to 7 Days,9
11J,E38000045,NHS Dorset ICB - 11J,E54000041,NHS Dorset Integrated Care Board,E40000006,South West,FEB2022,Unknown,Other Practice staff,Home Visit,22  to 28 Days,1
11J,E38000045,NHS Dorset ICB - 11J,E54000041,NHS Dorset Integrated Care Board,E40000006,South West,FEB2022,Unknown,Other Practice staff,Home Visit,8  to 14 Days,6
11J,E38000045,NHS Dorset ICB - 11J,E54000041,NHS Dorset Integrated Care Board,E40000006,South West,FEB2022,Unknown,Other Practice staff,Home Visit,More than 28 Days,10
11J,E38000045,NHS Dorset ICB - 11J,E54000041,NHS Dorset Integrated Care Board,E40000006,South West,FEB2022,Unknown,Other Practice staff,Home Visit,Same Day,4
11J,E38000045,NHS Dorset ICB - 11J,E54000041,NHS Dorset Integrated Care Board,E40000006,South West,FEB2022,Unknown,Other Practice staff,Telephone,1 Day,39
11J,E38000045,NHS Dorset ICB - 11J,E54000041,NHS Dorset Integrated Care Board,E40000006,South West,FEB2022,Unknown,Other Practice staff,Telephone,15  to 21 Days,106
11J,E38000045,NHS Dorset ICB - 11J,E54000041,NHS Dorset Integrated Care Board,E40000006,South West,FEB2022,Unknown,Other Practice staff,Telephone,2 to 7 Days,125
11J,E38000045,NHS Dorset ICB - 11J,E54000041,NHS Dorset Integrated Care Board,E40000006,South West,FEB2022,Unknown,Other Practice staff,Telephone,22  to 28 Days,45
11J,E38000045,NHS Dorset ICB - 11J,E54000041,NHS Dorset Integrated Care Board,E40000006,South West,FEB2022,Unknown,Other Practice staff,Telephone,8  to 14 Days,122
11J,E38000045,NHS Dorset ICB - 11J,E54000041,NHS Dorset Integrated Care Board,E40000006,South West,FEB2022,Unknown,Other Practice staff,Telephone,More than 28 Days,35
11J,E38000045,NHS Dorset ICB - 11J,E54000041,NHS Dorset Integrated Care Board,E40000006,South West,FEB2022,Unknown,Other Practice staff,Telephone,Same Day,147
11J,E38000045,NHS Dorset ICB - 11J,E54000041,NHS Dorset Integrated Care Board,E40000006,South West,FEB2022,Unknown,Other Practice staff,Telephone,Unknown / Data Quality,2
11J,E38000045,NHS Dorset ICB - 11J,E54000041,NHS Dorset Integrated Care Board,E40000006,South West,FEB2022,Unknown,Other Practice staff,Video/Online,1 Day,2
11J,E38000045,NHS Dorset ICB - 11J,E54000041,NHS Dorset Integrated Care Board,E40000006,South West,FEB2022,Unknown,Other Practice staff,Video/Online,15  to 21 Days,11
11J,E38000045,NHS Dorset ICB - 11J,E54000041,NHS Dorset Integrated Care Board,E40000006,South West,FEB2022,Unknown,Other Practice staff,Video/Online,2 to 7 Days,7
11J,E38000045,NHS Dorset ICB - 11J,E54000041,NHS Dorset Integrated Care Board,E40000006,South West,FEB2022,Unknown,Other Practice staff,Video/Online,22  to 28 Days,3
11J,E38000045,NHS Dorset ICB - 11J,E54000041,NHS Dorset Integrated Care Board,E40000006,South West,FEB2022,Unknown,Other Practice staff,Video/Online,8  to 14 Days,15
11J,E38000045,NHS Dorset ICB - 11J,E54000041,NHS Dorset Integrated Care Board,E40000006,South West,FEB2022,Unknown,Other Practice staff,Video/Online,More than 28 Days,2
11J,E38000045,NHS Dorset ICB - 11J,E54000041,NHS Dorset Integrated Care Board,E40000006,South West,FEB2022,Unknown,Other Practice staff,Video/Online,Same Day,1
11J,E38000045,NHS Dorset ICB - 11J,E54000041,NHS Dorset Integrated Care Board,E40000006,South West,FEB2022,Unknown,Unknown,Unknown,1 Day,35
11J,E38000045,NHS Dorset ICB - 11J,E54000041,NHS Dorset Integrated Care Board,E40000006,South West,FEB2022,Unknown,Unknown,Unknown,15  to 21 Days,114
11J,E38000045,NHS Dorset ICB - 11J,E54000041,NHS Dorset Integrated Care Board,E40000006,South West,FEB2022,Unknown,Unknown,Unknown,2 to 7 Days,193
11J,E38000045,NHS Dorset ICB - 11J,E54000041,NHS Dorset Integrated Care Board,E40000006,South West,FEB2022,Unknown,Unknown,Unknown,22  to 28 Days,63
11J,E38000045,NHS Dorset ICB - 11J,E54000041,NHS Dorset Integrated Care Board,E40000006,South West,FEB2022,Unknown,Unknown,Unknown,8  to 14 Days,185
11J,E38000045,NHS Dorset ICB - 11J,E54000041,NHS Dorset Integrated Care Board,E40000006,South West,FEB2022,Unknown,Unknown,Unknown,More than 28 Days,128
11J,E38000045,NHS Dorset ICB - 11J,E54000041,NHS Dorset Integrated Care Board,E40000006,South West,FEB2022,Unknown,Unknown,Unknown,Same Day,79
11J,E38000045,NHS Dorset ICB - 11J,E54000041,NHS Dorset Integrated Care Board,E40000006,South West,FEB2022,Unknown,Unknown,Unknown,Unknown / Data Quality,1
11J,E38000045,NHS Dorset ICB - 11J,E54000041,NHS Dorset Integrated Care Board,E40000006,South West,MAR2022,Attended,GP,Face-to-Face,1 Day,11443
11J,E38000045,NHS Dorset ICB - 11J,E54000041,NHS Dorset Integrated Care Board,E40000006,South West,MAR2022,Attended,GP,Face-to-Face,15  to 21 Days,9714
11J,E38000045,NHS Dorset ICB - 11J,E54000041,NHS Dorset Integrated Care Board,E40000006,South West,MAR2022,Attended,GP,Face-to-Face,2 to 7 Days,23727
11J,E38000045,NHS Dorset ICB - 11J,E54000041,NHS Dorset Integrated Care Board,E40000006,South West,MAR2022,Attended,GP,Face-to-Face,22  to 28 Days,5336
11J,E38000045,NHS Dorset ICB - 11J,E54000041,NHS Dorset Integrated Care Board,E40000006,South West,MAR2022,Attended,GP,Face-to-Face,8  to 14 Days,14858
11J,E38000045,NHS Dorset ICB - 11J,E54000041,NHS Dorset Integrated Care Board,E40000006,South West,MAR2022,Attended,GP,Face-to-Face,More than 28 Days,3346
11J,E38000045,NHS Dorset ICB - 11J,E54000041,NHS Dorset Integrated Care Board,E40000006,South West,MAR2022,Attended,GP,Face-to-Face,Same Day,50911
11J,E38000045,NHS Dorset ICB - 11J,E54000041,NHS Dorset Integrated Care Board,E40000006,South West,MAR2022,Attended,GP,Face-to-Face,Unknown / Data Quality,3
11J,E38000045,NHS Dorset ICB - 11J,E54000041,NHS Dorset Integrated Care Board,E40000006,South West,MAR2022,Attended,GP,Home Visit,1 Day,27
11J,E38000045,NHS Dorset ICB - 11J,E54000041,NHS Dorset Integrated Care Board,E40000006,South West,MAR2022,Attended,GP,Home Visit,15  to 21 Days,4
11J,E38000045,NHS Dorset ICB - 11J,E54000041,NHS Dorset Integrated Care Board,E40000006,South West,MAR2022,Attended,GP,Home Visit,2 to 7 Days,30
11J,E38000045,NHS Dorset ICB - 11J,E54000041,NHS Dorset Integrated Care Board,E40000006,South West,MAR2022,Attended,GP,Home Visit,8  to 14 Days,4
11J,E38000045,NHS Dorset ICB - 11J,E54000041,NHS Dorset Integrated Care Board,E40000006,South West,MAR2022,Attended,GP,Home Visit,Same Day,134
11J,E38000045,NHS Dorset ICB - 11J,E54000041,NHS Dorset Integrated Care Board,E40000006,South West,MAR2022,Attended,GP,Home Visit,Unknown / Data Quality,1
11J,E38000045,NHS Dorset ICB - 11J,E54000041,NHS Dorset Integrated Care Board,E40000006,South West,MAR2022,Attended,GP,Telephone,1 Day,4365
11J,E38000045,NHS Dorset ICB - 11J,E54000041,NHS Dorset Integrated Care Board,E40000006,South West,MAR2022,Attended,GP,Telephone,15  to 21 Days,5866
11J,E38000045,NHS Dorset ICB - 11J,E54000041,NHS Dorset Integrated Care Board,E40000006,South West,MAR2022,Attended,GP,Telephone,2 to 7 Days,10427
11J,E38000045,NHS Dorset ICB - 11J,E54000041,NHS Dorset Integrated Care Board,E40000006,South West,MAR2022,Attended,GP,Telephone,22  to 28 Days,3149
11J,E38000045,NHS Dorset ICB - 11J,E54000041,NHS Dorset Integrated Care Board,E40000006,South West,MAR2022,Attended,GP,Telephone,8  to 14 Days,8386
11J,E38000045,NHS Dorset ICB - 11J,E54000041,NHS Dorset Integrated Care Board,E40000006,South West,MAR2022,Attended,GP,Telephone,More than 28 Days,1441
11J,E38000045,NHS Dorset ICB - 11J,E54000041,NHS Dorset Integrated Care Board,E40000006,South West,MAR2022,Attended,GP,Telephone,Same Day,34024
11J,E38000045,NHS Dorset ICB - 11J,E54000041,NHS Dorset Integrated Care Board,E40000006,South West,MAR2022,Attended,GP,Video/Online,1 Day,800
11J,E38000045,NHS Dorset ICB - 11J,E54000041,NHS Dorset Integrated Care Board,E40000006,South West,MAR2022,Attended,GP,Video/Online,15  to 21 Days,23
11J,E38000045,NHS Dorset ICB - 11J,E54000041,NHS Dorset Integrated Care Board,E40000006,South West,MAR2022,Attended,GP,Video/Online,2 to 7 Days,345
11J,E38000045,NHS Dorset ICB - 11J,E54000041,NHS Dorset Integrated Care Board,E40000006,South West,MAR2022,Attended,GP,Video/Online,22  to 28 Days,16
11J,E38000045,NHS Dorset ICB - 11J,E54000041,NHS Dorset Integrated Care Board,E40000006,South West,MAR2022,Attended,GP,Video/Online,8  to 14 Days,51
11J,E38000045,NHS Dorset ICB - 11J,E54000041,NHS Dorset Integrated Care Board,E40000006,South West,MAR2022,Attended,GP,Video/Online,More than 28 Days,3
11J,E38000045,NHS Dorset ICB - 11J,E54000041,NHS Dorset Integrated Care Board,E40000006,South West,MAR2022,Attended,GP,Video/Online,Same Day,1989
11J,E38000045,NHS Dorset ICB - 11J,E54000041,NHS Dorset Integrated Care Board,E40000006,South West,MAR2022,Attended,Other Practice staff,Face-to-Face,1 Day,13928
11J,E38000045,NHS Dorset ICB - 11J,E54000041,NHS Dorset Integrated Care Board,E40000006,South West,MAR2022,Attended,Other Practice staff,Face-to-Face,15  to 21 Days,16505
11J,E38000045,NHS Dorset ICB - 11J,E54000041,NHS Dorset Integrated Care Board,E40000006,South West,MAR2022,Attended,Other Practice staff,Face-to-Face,2 to 7 Days,38239
11J,E38000045,NHS Dorset ICB - 11J,E54000041,NHS Dorset Integrated Care Board,E40000006,South West,MAR2022,Attended,Other Practice staff,Face-to-Face,22  to 28 Days,10256
11J,E38000045,NHS Dorset ICB - 11J,E54000041,NHS Dorset Integrated Care Board,E40000006,South West,MAR2022,Attended,Other Practice staff,Face-to-Face,8  to 14 Days,28765
11J,E38000045,NHS Dorset ICB - 11J,E54000041,NHS Dorset Integrated Care Board,E40000006,South West,MAR2022,Attended,Other Practice staff,Face-to-Face,More than 28 Days,8659
11J,E38000045,NHS Dorset ICB - 11J,E54000041,NHS Dorset Integrated Care Board,E40000006,South West,MAR2022,Attended,Other Practice staff,Face-to-Face,Same Day,47660
11J,E38000045,NHS Dorset ICB - 11J,E54000041,NHS Dorset Integrated Care Board,E40000006,South West,MAR2022,Attended,Other Practice staff,Face-to-Face,Unknown / Data Quality,22
11J,E38000045,NHS Dorset ICB - 11J,E54000041,NHS Dorset Integrated Care Board,E40000006,South West,MAR2022,Attended,Other Practice staff,Home Visit,1 Day,40
11J,E38000045,NHS Dorset ICB - 11J,E54000041,NHS Dorset Integrated Care Board,E40000006,South West,MAR2022,Attended,Other Practice staff,Home Visit,15  to 21 Days,64
11J,E38000045,NHS Dorset ICB - 11J,E54000041,NHS Dorset Integrated Care Board,E40000006,South West,MAR2022,Attended,Other Practice staff,Home Visit,2 to 7 Days,113
11J,E38000045,NHS Dorset ICB - 11J,E54000041,NHS Dorset Integrated Care Board,E40000006,South West,MAR2022,Attended,Other Practice staff,Home Visit,22  to 28 Days,36
11J,E38000045,NHS Dorset ICB - 11J,E54000041,NHS Dorset Integrated Care Board,E40000006,South West,MAR2022,Attended,Other Practice staff,Home Visit,8  to 14 Days,60
11J,E38000045,NHS Dorset ICB - 11J,E54000041,NHS Dorset Integrated Care Board,E40000006,South West,MAR2022,Attended,Other Practice staff,Home Visit,More than 28 Days,34
11J,E38000045,NHS Dorset ICB - 11J,E54000041,NHS Dorset Integrated Care Board,E40000006,South West,MAR2022,Attended,Other Practice staff,Home Visit,Same Day,134
11J,E38000045,NHS Dorset ICB - 11J,E54000041,NHS Dorset Integrated Care Board,E40000006,South West,MAR2022,Attended,Other Practice staff,Telephone,1 Day,1545
11J,E38000045,NHS Dorset ICB - 11J,E54000041,NHS Dorset Integrated Care Board,E40000006,South West,MAR2022,Attended,Other Practice staff,Telephone,15  to 21 Days,1628
11J,E38000045,NHS Dorset ICB - 11J,E54000041,NHS Dorset Integrated Care Board,E40000006,South West,MAR2022,Attended,Other Practice staff,Telephone,2 to 7 Days,3480
11J,E38000045,NHS Dorset ICB - 11J,E54000041,NHS Dorset Integrated Care Board,E40000006,South West,MAR2022,Attended,Other Practice staff,Telephone,22  to 28 Days,1207
11J,E38000045,NHS Dorset ICB - 11J,E54000041,NHS Dorset Integrated Care Board,E40000006,South West,MAR2022,Attended,Other Practice staff,Telephone,8  to 14 Days,2499
11J,E38000045,NHS Dorset ICB - 11J,E54000041,NHS Dorset Integrated Care Board,E40000006,South West,MAR2022,Attended,Other Practice staff,Telephone,More than 28 Days,910
11J,E38000045,NHS Dorset ICB - 11J,E54000041,NHS Dorset Integrated Care Board,E40000006,South West,MAR2022,Attended,Other Practice staff,Telephone,Same Day,15096
11J,E38000045,NHS Dorset ICB - 11J,E54000041,NHS Dorset Integrated Care Board,E40000006,South West,MAR2022,Attended,Other Practice staff,Telephone,Unknown / Data Quality,2
11J,E38000045,NHS Dorset ICB - 11J,E54000041,NHS Dorset Integrated Care Board,E40000006,South West,MAR2022,Attended,Other Practice staff,Video/Online,1 Day,183
11J,E38000045,NHS Dorset ICB - 11J,E54000041,NHS Dorset Integrated Care Board,E40000006,South West,MAR2022,Attended,Other Practice staff,Video/Online,15  to 21 Days,88
11J,E38000045,NHS Dorset ICB - 11J,E54000041,NHS Dorset Integrated Care Board,E40000006,South West,MAR2022,Attended,Other Practice staff,Video/Online,2 to 7 Days,643
11J,E38000045,NHS Dorset ICB - 11J,E54000041,NHS Dorset Integrated Care Board,E40000006,South West,MAR2022,Attended,Other Practice staff,Video/Online,22  to 28 Days,66
11J,E38000045,NHS Dorset ICB - 11J,E54000041,NHS Dorset Integrated Care Board,E40000006,South West,MAR2022,Attended,Other Practice staff,Video/Online,8  to 14 Days,250
11J,E38000045,NHS Dorset ICB - 11J,E54000041,NHS Dorset Integrated Care Board,E40000006,South West,MAR2022,Attended,Other Practice staff,Video/Online,More than 28 Days,40
11J,E38000045,NHS Dorset ICB - 11J,E54000041,NHS Dorset Integrated Care Board,E40000006,South West,MAR2022,Attended,Other Practice staff,Video/Online,Same Day,203
11J,E38000045,NHS Dorset ICB - 11J,E54000041,NHS Dorset Integrated Care Board,E40000006,South West,MAR2022,Attended,Unknown,Unknown,1 Day,1726
11J,E38000045,NHS Dorset ICB - 11J,E54000041,NHS Dorset Integrated Care Board,E40000006,South West,MAR2022,Attended,Unknown,Unknown,15  to 21 Days,815
11J,E38000045,NHS Dorset ICB - 11J,E54000041,NHS Dorset Integrated Care Board,E40000006,South West,MAR2022,Attended,Unknown,Unknown,2 to 7 Days,3121
11J,E38000045,NHS Dorset ICB - 11J,E54000041,NHS Dorset Integrated Care Board,E40000006,South West,MAR2022,Attended,Unknown,Unknown,22  to 28 Days,566
11J,E38000045,NHS Dorset ICB - 11J,E54000041,NHS Dorset Integrated Care Board,E40000006,South West,MAR2022,Attended,Unknown,Unknown,8  to 14 Days,1294
11J,E38000045,NHS Dorset ICB - 11J,E54000041,NHS Dorset Integrated Care Board,E40000006,South West,MAR2022,Attended,Unknown,Unknown,More than 28 Days,246
11J,E38000045,NHS Dorset ICB - 11J,E54000041,NHS Dorset Integrated Care Board,E40000006,South West,MAR2022,Attended,Unknown,Unknown,Same Day,13221
11J,E38000045,NHS Dorset ICB - 11J,E54000041,NHS Dorset Integrated Care Board,E40000006,South West,MAR2022,Attended,Unknown,Unknown,Unknown / Data Quality,9
11J,E38000045,NHS Dorset ICB - 11J,E54000041,NHS Dorset Integrated Care Board,E40000006,South West,MAR2022,DNA,GP,Face-to-Face,1 Day,245
11J,E38000045,NHS Dorset ICB - 11J,E54000041,NHS Dorset Integrated Care Board,E40000006,South West,MAR2022,DNA,GP,Face-to-Face,15  to 21 Days,528
11J,E38000045,NHS Dorset ICB - 11J,E54000041,NHS Dorset Integrated Care Board,E40000006,South West,MAR2022,DNA,GP,Face-to-Face,2 to 7 Days,732
11J,E38000045,NHS Dorset ICB - 11J,E54000041,NHS Dorset Integrated Care Board,E40000006,South West,MAR2022,DNA,GP,Face-to-Face,22  to 28 Days,339
11J,E38000045,NHS Dorset ICB - 11J,E54000041,NHS Dorset Integrated Care Board,E40000006,South West,MAR2022,DNA,GP,Face-to-Face,8  to 14 Days,663
11J,E38000045,NHS Dorset ICB - 11J,E54000041,NHS Dorset Integrated Care Board,E40000006,South West,MAR2022,DNA,GP,Face-to-Face,More than 28 Days,198
11J,E38000045,NHS Dorset ICB - 11J,E54000041,NHS Dorset Integrated Care Board,E40000006,South West,MAR2022,DNA,GP,Face-to-Face,Same Day,526
11J,E38000045,NHS Dorset ICB - 11J,E54000041,NHS Dorset Integrated Care Board,E40000006,South West,MAR2022,DNA,GP,Home Visit,1 Day,1
11J,E38000045,NHS Dorset ICB - 11J,E54000041,NHS Dorset Integrated Care Board,E40000006,South West,MAR2022,DNA,GP,Home Visit,2 to 7 Days,3
11J,E38000045,NHS Dorset ICB - 11J,E54000041,NHS Dorset Integrated Care Board,E40000006,South West,MAR2022,DNA,GP,Home Visit,Same Day,17
11J,E38000045,NHS Dorset ICB - 11J,E54000041,NHS Dorset Integrated Care Board,E40000006,South West,MAR2022,DNA,GP,Telephone,1 Day,13
11J,E38000045,NHS Dorset ICB - 11J,E54000041,NHS Dorset Integrated Care Board,E40000006,South West,MAR2022,DNA,GP,Telephone,15  to 21 Days,29
11J,E38000045,NHS Dorset ICB - 11J,E54000041,NHS Dorset Integrated Care Board,E40000006,South West,MAR2022,DNA,GP,Telephone,2 to 7 Days,36
11J,E38000045,NHS Dorset ICB - 11J,E54000041,NHS Dorset Integrated Care Board,E40000006,South West,MAR2022,DNA,GP,Telephone,22  to 28 Days,18
11J,E38000045,NHS Dorset ICB - 11J,E54000041,NHS Dorset Integrated Care Board,E40000006,South West,MAR2022,DNA,GP,Telephone,8  to 14 Days,46
11J,E38000045,NHS Dorset ICB - 11J,E54000041,NHS Dorset Integrated Care Board,E40000006,South West,MAR2022,DNA,GP,Telephone,More than 28 Days,14
11J,E38000045,NHS Dorset ICB - 11J,E54000041,NHS Dorset Integrated Care Board,E40000006,South West,MAR2022,DNA,GP,Telephone,Same Day,19
11J,E38000045,NHS Dorset ICB - 11J,E54000041,NHS Dorset Integrated Care Board,E40000006,South West,MAR2022,DNA,GP,Video/Online,2 to 7 Days,3
11J,E38000045,NHS Dorset ICB - 11J,E54000041,NHS Dorset Integrated Care Board,E40000006,South West,MAR2022,DNA,GP,Video/Online,Same Day,3
11J,E38000045,NHS Dorset ICB - 11J,E54000041,NHS Dorset Integrated Care Board,E40000006,South West,MAR2022,DNA,Other Practice staff,Face-to-Face,1 Day,651
11J,E38000045,NHS Dorset ICB - 11J,E54000041,NHS Dorset Integrated Care Board,E40000006,South West,MAR2022,DNA,Other Practice staff,Face-to-Face,15  to 21 Days,1437
11J,E38000045,NHS Dorset ICB - 11J,E54000041,NHS Dorset Integrated Care Board,E40000006,South West,MAR2022,DNA,Other Practice staff,Face-to-Face,2 to 7 Days,2258
11J,E38000045,NHS Dorset ICB - 11J,E54000041,NHS Dorset Integrated Care Board,E40000006,South West,MAR2022,DNA,Other Practice staff,Face-to-Face,22  to 28 Days,956
11J,E38000045,NHS Dorset ICB - 11J,E54000041,NHS Dorset Integrated Care Board,E40000006,South West,MAR2022,DNA,Other Practice staff,Face-to-Face,8  to 14 Days,2239
11J,E38000045,NHS Dorset ICB - 11J,E54000041,NHS Dorset Integrated Care Board,E40000006,South West,MAR2022,DNA,Other Practice staff,Face-to-Face,More than 28 Days,1007
11J,E38000045,NHS Dorset ICB - 11J,E54000041,NHS Dorset Integrated Care Board,E40000006,South West,MAR2022,DNA,Other Practice staff,Face-to-Face,Same Day,1642
11J,E38000045,NHS Dorset ICB - 11J,E54000041,NHS Dorset Integrated Care Board,E40000006,South West,MAR2022,DNA,Other Practice staff,Face-to-Face,Unknown / Data Quality,1
11J,E38000045,NHS Dorset ICB - 11J,E54000041,NHS Dorset Integrated Care Board,E40000006,South West,MAR2022,DNA,Other Practice staff,Home Visit,1 Day,16
11J,E38000045,NHS Dorset ICB - 11J,E54000041,NHS Dorset Integrated Care Board,E40000006,South West,MAR2022,DNA,Other Practice staff,Home Visit,15  to 21 Days,5
11J,E38000045,NHS Dorset ICB - 11J,E54000041,NHS Dorset Integrated Care Board,E40000006,South West,MAR2022,DNA,Other Practice staff,Home Visit,2 to 7 Days,9
11J,E38000045,NHS Dorset ICB - 11J,E54000041,NHS Dorset Integrated Care Board,E40000006,South West,MAR2022,DNA,Other Practice staff,Home Visit,22  to 28 Days,23
11J,E38000045,NHS Dorset ICB - 11J,E54000041,NHS Dorset Integrated Care Board,E40000006,South West,MAR2022,DNA,Other Practice staff,Home Visit,8  to 14 Days,5
11J,E38000045,NHS Dorset ICB - 11J,E54000041,NHS Dorset Integrated Care Board,E40000006,South West,MAR2022,DNA,Other Practice staff,Home Visit,More than 28 Days,2
11J,E38000045,NHS Dorset ICB - 11J,E54000041,NHS Dorset Integrated Care Board,E40000006,South West,MAR2022,DNA,Other Practice staff,Home Visit,Same Day,6
11J,E38000045,NHS Dorset ICB - 11J,E54000041,NHS Dorset Integrated Care Board,E40000006,South West,MAR2022,DNA,Other Practice staff,Telephone,1 Day,13
11J,E38000045,NHS Dorset ICB - 11J,E54000041,NHS Dorset Integrated Care Board,E40000006,South West,MAR2022,DNA,Other Practice staff,Telephone,15  to 21 Days,29
11J,E38000045,NHS Dorset ICB - 11J,E54000041,NHS Dorset Integrated Care Board,E40000006,South West,MAR2022,DNA,Other Practice staff,Telephone,2 to 7 Days,71
11J,E38000045,NHS Dorset ICB - 11J,E54000041,NHS Dorset Integrated Care Board,E40000006,South West,MAR2022,DNA,Other Practice staff,Telephone,22  to 28 Days,18
11J,E38000045,NHS Dorset ICB - 11J,E54000041,NHS Dorset Integrated Care Board,E40000006,South West,MAR2022,DNA,Other Practice staff,Telephone,8  to 14 Days,39
11J,E38000045,NHS Dorset ICB - 11J,E54000041,NHS Dorset Integrated Care Board,E40000006,South West,MAR2022,DNA,Other Practice staff,Telephone,More than 28 Days,14
11J,E38000045,NHS Dorset ICB - 11J,E54000041,NHS Dorset Integrated Care Board,E40000006,South West,MAR2022,DNA,Other Practice staff,Telephone,Same Day,30
11J,E38000045,NHS Dorset ICB - 11J,E54000041,NHS Dorset Integrated Care Board,E40000006,South West,MAR2022,DNA,Other Practice staff,Video/Online,1 Day,2
11J,E38000045,NHS Dorset ICB - 11J,E54000041,NHS Dorset Integrated Care Board,E40000006,South West,MAR2022,DNA,Other Practice staff,Video/Online,15  to 21 Days,7
11J,E38000045,NHS Dorset ICB - 11J,E54000041,NHS Dorset Integrated Care Board,E40000006,South West,MAR2022,DNA,Other Practice staff,Video/Online,2 to 7 Days,26
11J,E38000045,NHS Dorset ICB - 11J,E54000041,NHS Dorset Integrated Care Board,E40000006,South West,MAR2022,DNA,Other Practice staff,Video/Online,22  to 28 Days,7
11J,E38000045,NHS Dorset ICB - 11J,E54000041,NHS Dorset Integrated Care Board,E40000006,South West,MAR2022,DNA,Other Practice staff,Video/Online,8  to 14 Days,8
11J,E38000045,NHS Dorset ICB - 11J,E54000041,NHS Dorset Integrated Care Board,E40000006,South West,MAR2022,DNA,Other Practice staff,Video/Online,More than 28 Days,1
11J,E38000045,NHS Dorset ICB - 11J,E54000041,NHS Dorset Integrated Care Board,E40000006,South West,MAR2022,DNA,Other Practice staff,Video/Online,Same Day,2
11J,E38000045,NHS Dorset ICB - 11J,E54000041,NHS Dorset Integrated Care Board,E40000006,South West,MAR2022,DNA,Unknown,Unknown,1 Day,33
11J,E38000045,NHS Dorset ICB - 11J,E54000041,NHS Dorset Integrated Care Board,E40000006,South West,MAR2022,DNA,Unknown,Unknown,15  to 21 Days,50
11J,E38000045,NHS Dorset ICB - 11J,E54000041,NHS Dorset Integrated Care Board,E40000006,South West,MAR2022,DNA,Unknown,Unknown,2 to 7 Days,90
11J,E38000045,NHS Dorset ICB - 11J,E54000041,NHS Dorset Integrated Care Board,E40000006,South West,MAR2022,DNA,Unknown,Unknown,22  to 28 Days,42
11J,E38000045,NHS Dorset ICB - 11J,E54000041,NHS Dorset Integrated Care Board,E40000006,South West,MAR2022,DNA,Unknown,Unknown,8  to 14 Days,54
11J,E38000045,NHS Dorset ICB - 11J,E54000041,NHS Dorset Integrated Care Board,E40000006,South West,MAR2022,DNA,Unknown,Unknown,More than 28 Days,22
11J,E38000045,NHS Dorset ICB - 11J,E54000041,NHS Dorset Integrated Care Board,E40000006,South West,MAR2022,DNA,Unknown,Unknown,Same Day,88
11J,E38000045,NHS Dorset ICB - 11J,E54000041,NHS Dorset Integrated Care Board,E40000006,South West,MAR2022,Unknown,GP,Face-to-Face,1 Day,244
11J,E38000045,NHS Dorset ICB - 11J,E54000041,NHS Dorset Integrated Care Board,E40000006,South West,MAR2022,Unknown,GP,Face-to-Face,15  to 21 Days,513
11J,E38000045,NHS Dorset ICB - 11J,E54000041,NHS Dorset Integrated Care Board,E40000006,South West,MAR2022,Unknown,GP,Face-to-Face,2 to 7 Days,571
11J,E38000045,NHS Dorset ICB - 11J,E54000041,NHS Dorset Integrated Care Board,E40000006,South West,MAR2022,Unknown,GP,Face-to-Face,22  to 28 Days,297
11J,E38000045,NHS Dorset ICB - 11J,E54000041,NHS Dorset Integrated Care Board,E40000006,South West,MAR2022,Unknown,GP,Face-to-Face,8  to 14 Days,523
11J,E38000045,NHS Dorset ICB - 11J,E54000041,NHS Dorset Integrated Care Board,E40000006,South West,MAR2022,Unknown,GP,Face-to-Face,More than 28 Days,243
11J,E38000045,NHS Dorset ICB - 11J,E54000041,NHS Dorset Integrated Care Board,E40000006,South West,MAR2022,Unknown,GP,Face-to-Face,Same Day,582
11J,E38000045,NHS Dorset ICB - 11J,E54000041,NHS Dorset Integrated Care Board,E40000006,South West,MAR2022,Unknown,GP,Face-to-Face,Unknown / Data Quality,3
11J,E38000045,NHS Dorset ICB - 11J,E54000041,NHS Dorset Integrated Care Board,E40000006,South West,MAR2022,Unknown,GP,Home Visit,2 to 7 Days,3
11J,E38000045,NHS Dorset ICB - 11J,E54000041,NHS Dorset Integrated Care Board,E40000006,South West,MAR2022,Unknown,GP,Home Visit,More than 28 Days,1
11J,E38000045,NHS Dorset ICB - 11J,E54000041,NHS Dorset Integrated Care Board,E40000006,South West,MAR2022,Unknown,GP,Telephone,1 Day,59
11J,E38000045,NHS Dorset ICB - 11J,E54000041,NHS Dorset Integrated Care Board,E40000006,South West,MAR2022,Unknown,GP,Telephone,15  to 21 Days,202
11J,E38000045,NHS Dorset ICB - 11J,E54000041,NHS Dorset Integrated Care Board,E40000006,South West,MAR2022,Unknown,GP,Telephone,2 to 7 Days,166
11J,E38000045,NHS Dorset ICB - 11J,E54000041,NHS Dorset Integrated Care Board,E40000006,South West,MAR2022,Unknown,GP,Telephone,22  to 28 Days,124
11J,E38000045,NHS Dorset ICB - 11J,E54000041,NHS Dorset Integrated Care Board,E40000006,South West,MAR2022,Unknown,GP,Telephone,8  to 14 Days,210
11J,E38000045,NHS Dorset ICB - 11J,E54000041,NHS Dorset Integrated Care Board,E40000006,South West,MAR2022,Unknown,GP,Telephone,More than 28 Days,124
11J,E38000045,NHS Dorset ICB - 11J,E54000041,NHS Dorset Integrated Care Board,E40000006,South West,MAR2022,Unknown,GP,Telephone,Same Day,118
11J,E38000045,NHS Dorset ICB - 11J,E54000041,NHS Dorset Integrated Care Board,E40000006,South West,MAR2022,Unknown,GP,Video/Online,1 Day,33
11J,E38000045,NHS Dorset ICB - 11J,E54000041,NHS Dorset Integrated Care Board,E40000006,South West,MAR2022,Unknown,GP,Video/Online,2 to 7 Days,5
11J,E38000045,NHS Dorset ICB - 11J,E54000041,NHS Dorset Integrated Care Board,E40000006,South West,MAR2022,Unknown,GP,Video/Online,Same Day,80
11J,E38000045,NHS Dorset ICB - 11J,E54000041,NHS Dorset Integrated Care Board,E40000006,South West,MAR2022,Unknown,Other Practice staff,Face-to-Face,1 Day,591
11J,E38000045,NHS Dorset ICB - 11J,E54000041,NHS Dorset Integrated Care Board,E40000006,South West,MAR2022,Unknown,Other Practice staff,Face-to-Face,15  to 21 Days,1154
11J,E38000045,NHS Dorset ICB - 11J,E54000041,NHS Dorset Integrated Care Board,E40000006,South West,MAR2022,Unknown,Other Practice staff,Face-to-Face,2 to 7 Days,1726
11J,E38000045,NHS Dorset ICB - 11J,E54000041,NHS Dorset Integrated Care Board,E40000006,South West,MAR2022,Unknown,Other Practice staff,Face-to-Face,22  to 28 Days,795
11J,E38000045,NHS Dorset ICB - 11J,E54000041,NHS Dorset Integrated Care Board,E40000006,South West,MAR2022,Unknown,Other Practice staff,Face-to-Face,8  to 14 Days,1861
11J,E38000045,NHS Dorset ICB - 11J,E54000041,NHS Dorset Integrated Care Board,E40000006,South West,MAR2022,Unknown,Other Practice staff,Face-to-Face,More than 28 Days,1151
11J,E38000045,NHS Dorset ICB - 11J,E54000041,NHS Dorset Integrated Care Board,E40000006,South West,MAR2022,Unknown,Other Practice staff,Face-to-Face,Same Day,718
11J,E38000045,NHS Dorset ICB - 11J,E54000041,NHS Dorset Integrated Care Board,E40000006,South West,MAR2022,Unknown,Other Practice staff,Face-to-Face,Unknown / Data Quality,16
11J,E38000045,NHS Dorset ICB - 11J,E54000041,NHS Dorset Integrated Care Board,E40000006,South West,MAR2022,Unknown,Other Practice staff,Home Visit,15  to 21 Days,5
11J,E38000045,NHS Dorset ICB - 11J,E54000041,NHS Dorset Integrated Care Board,E40000006,South West,MAR2022,Unknown,Other Practice staff,Home Visit,2 to 7 Days,4
11J,E38000045,NHS Dorset ICB - 11J,E54000041,NHS Dorset Integrated Care Board,E40000006,South West,MAR2022,Unknown,Other Practice staff,Home Visit,22  to 28 Days,3
11J,E38000045,NHS Dorset ICB - 11J,E54000041,NHS Dorset Integrated Care Board,E40000006,South West,MAR2022,Unknown,Other Practice staff,Home Visit,8  to 14 Days,2
11J,E38000045,NHS Dorset ICB - 11J,E54000041,NHS Dorset Integrated Care Board,E40000006,South West,MAR2022,Unknown,Other Practice staff,Home Visit,More than 28 Days,2
11J,E38000045,NHS Dorset ICB - 11J,E54000041,NHS Dorset Integrated Care Board,E40000006,South West,MAR2022,Unknown,Other Practice staff,Home Visit,Same Day,3
11J,E38000045,NHS Dorset ICB - 11J,E54000041,NHS Dorset Integrated Care Board,E40000006,South West,MAR2022,Unknown,Other Practice staff,Telephone,1 Day,39
11J,E38000045,NHS Dorset ICB - 11J,E54000041,NHS Dorset Integrated Care Board,E40000006,South West,MAR2022,Unknown,Other Practice staff,Telephone,15  to 21 Days,66
11J,E38000045,NHS Dorset ICB - 11J,E54000041,NHS Dorset Integrated Care Board,E40000006,South West,MAR2022,Unknown,Other Practice staff,Telephone,2 to 7 Days,133
11J,E38000045,NHS Dorset ICB - 11J,E54000041,NHS Dorset Integrated Care Board,E40000006,South West,MAR2022,Unknown,Other Practice staff,Telephone,22  to 28 Days,56
11J,E38000045,NHS Dorset ICB - 11J,E54000041,NHS Dorset Integrated Care Board,E40000006,South West,MAR2022,Unknown,Other Practice staff,Telephone,8  to 14 Days,109
11J,E38000045,NHS Dorset ICB - 11J,E54000041,NHS Dorset Integrated Care Board,E40000006,South West,MAR2022,Unknown,Other Practice staff,Telephone,More than 28 Days,45
11J,E38000045,NHS Dorset ICB - 11J,E54000041,NHS Dorset Integrated Care Board,E40000006,South West,MAR2022,Unknown,Other Practice staff,Telephone,Same Day,178
11J,E38000045,NHS Dorset ICB - 11J,E54000041,NHS Dorset Integrated Care Board,E40000006,South West,MAR2022,Unknown,Other Practice staff,Video/Online,1 Day,3
11J,E38000045,NHS Dorset ICB - 11J,E54000041,NHS Dorset Integrated Care Board,E40000006,South West,MAR2022,Unknown,Other Practice staff,Video/Online,15  to 21 Days,1
11J,E38000045,NHS Dorset ICB - 11J,E54000041,NHS Dorset Integrated Care Board,E40000006,South West,MAR2022,Unknown,Other Practice staff,Video/Online,2 to 7 Days,17
11J,E38000045,NHS Dorset ICB - 11J,E54000041,NHS Dorset Integrated Care Board,E40000006,South West,MAR2022,Unknown,Other Practice staff,Video/Online,22  to 28 Days,2
11J,E38000045,NHS Dorset ICB - 11J,E54000041,NHS Dorset Integrated Care Board,E40000006,South West,MAR2022,Unknown,Other Practice staff,Video/Online,8  to 14 Days,12
11J,E38000045,NHS Dorset ICB - 11J,E54000041,NHS Dorset Integrated Care Board,E40000006,South West,MAR2022,Unknown,Other Practice staff,Video/Online,More than 28 Days,1
11J,E38000045,NHS Dorset ICB - 11J,E54000041,NHS Dorset Integrated Care Board,E40000006,South West,MAR2022,Unknown,Other Practice staff,Video/Online,Same Day,2
11J,E38000045,NHS Dorset ICB - 11J,E54000041,NHS Dorset Integrated Care Board,E40000006,South West,MAR2022,Unknown,Unknown,Unknown,1 Day,100
11J,E38000045,NHS Dorset ICB - 11J,E54000041,NHS Dorset Integrated Care Board,E40000006,South West,MAR2022,Unknown,Unknown,Unknown,15  to 21 Days,122
11J,E38000045,NHS Dorset ICB - 11J,E54000041,NHS Dorset Integrated Care Board,E40000006,South West,MAR2022,Unknown,Unknown,Unknown,2 to 7 Days,191
11J,E38000045,NHS Dorset ICB - 11J,E54000041,NHS Dorset Integrated Care Board,E40000006,South West,MAR2022,Unknown,Unknown,Unknown,22  to 28 Days,89
11J,E38000045,NHS Dorset ICB - 11J,E54000041,NHS Dorset Integrated Care Board,E40000006,South West,MAR2022,Unknown,Unknown,Unknown,8  to 14 Days,270
11J,E38000045,NHS Dorset ICB - 11J,E54000041,NHS Dorset Integrated Care Board,E40000006,South West,MAR2022,Unknown,Unknown,Unknown,More than 28 Days,116
11J,E38000045,NHS Dorset ICB - 11J,E54000041,NHS Dorset Integrated Care Board,E40000006,South West,MAR2022,Unknown,Unknown,Unknown,Same Day,132
11J,E38000045,NHS Dorset ICB - 11J,E54000041,NHS Dorset Integrated Care Board,E40000006,South West,MAR2022,Unknown,Unknown,Unknown,Unknown / Data Quality,2
11J,E38000045,NHS Dorset ICB - 11J,E54000041,NHS Dorset Integrated Care Board,E40000006,South West,APR2022,Attended,GP,Face-to-Face,1 Day,8782
11J,E38000045,NHS Dorset ICB - 11J,E54000041,NHS Dorset Integrated Care Board,E40000006,South West,APR2022,Attended,GP,Face-to-Face,15  to 21 Days,7976
11J,E38000045,NHS Dorset ICB - 11J,E54000041,NHS Dorset Integrated Care Board,E40000006,South West,APR2022,Attended,GP,Face-to-Face,2 to 7 Days,17132
11J,E38000045,NHS Dorset ICB - 11J,E54000041,NHS Dorset Integrated Care Board,E40000006,South West,APR2022,Attended,GP,Face-to-Face,22  to 28 Days,5206
11J,E38000045,NHS Dorset ICB - 11J,E54000041,NHS Dorset Integrated Care Board,E40000006,South West,APR2022,Attended,GP,Face-to-Face,8  to 14 Days,10352
11J,E38000045,NHS Dorset ICB - 11J,E54000041,NHS Dorset Integrated Care Board,E40000006,South West,APR2022,Attended,GP,Face-to-Face,More than 28 Days,3716
11J,E38000045,NHS Dorset ICB - 11J,E54000041,NHS Dorset Integrated Care Board,E40000006,South West,APR2022,Attended,GP,Face-to-Face,Same Day,42805
11J,E38000045,NHS Dorset ICB - 11J,E54000041,NHS Dorset Integrated Care Board,E40000006,South West,APR2022,Attended,GP,Face-to-Face,Unknown / Data Quality,9
11J,E38000045,NHS Dorset ICB - 11J,E54000041,NHS Dorset Integrated Care Board,E40000006,South West,APR2022,Attended,GP,Home Visit,1 Day,21
11J,E38000045,NHS Dorset ICB - 11J,E54000041,NHS Dorset Integrated Care Board,E40000006,South West,APR2022,Attended,GP,Home Visit,15  to 21 Days,1
11J,E38000045,NHS Dorset ICB - 11J,E54000041,NHS Dorset Integrated Care Board,E40000006,South West,APR2022,Attended,GP,Home Visit,2 to 7 Days,33
11J,E38000045,NHS Dorset ICB - 11J,E54000041,NHS Dorset Integrated Care Board,E40000006,South West,APR2022,Attended,GP,Home Visit,8  to 14 Days,3
11J,E38000045,NHS Dorset ICB - 11J,E54000041,NHS Dorset Integrated Care Board,E40000006,South West,APR2022,Attended,GP,Home Visit,Same Day,85
11J,E38000045,NHS Dorset ICB - 11J,E54000041,NHS Dorset Integrated Care Board,E40000006,South West,APR2022,Attended,GP,Telephone,1 Day,3148
11J,E38000045,NHS Dorset ICB - 11J,E54000041,NHS Dorset Integrated Care Board,E40000006,South West,APR2022,Attended,GP,Telephone,15  to 21 Days,4090
11J,E38000045,NHS Dorset ICB - 11J,E54000041,NHS Dorset Integrated Care Board,E40000006,South West,APR2022,Attended,GP,Telephone,2 to 7 Days,7248
11J,E38000045,NHS Dorset ICB - 11J,E54000041,NHS Dorset Integrated Care Board,E40000006,South West,APR2022,Attended,GP,Telephone,22  to 28 Days,2864
11J,E38000045,NHS Dorset ICB - 11J,E54000041,NHS Dorset Integrated Care Board,E40000006,South West,APR2022,Attended,GP,Telephone,8  to 14 Days,5642
11J,E38000045,NHS Dorset ICB - 11J,E54000041,NHS Dorset Integrated Care Board,E40000006,South West,APR2022,Attended,GP,Telephone,More than 28 Days,1677
11J,E38000045,NHS Dorset ICB - 11J,E54000041,NHS Dorset Integrated Care Board,E40000006,South West,APR2022,Attended,GP,Telephone,Same Day,28988
11J,E38000045,NHS Dorset ICB - 11J,E54000041,NHS Dorset Integrated Care Board,E40000006,South West,APR2022,Attended,GP,Telephone,Unknown / Data Quality,1
11J,E38000045,NHS Dorset ICB - 11J,E54000041,NHS Dorset Integrated Care Board,E40000006,South West,APR2022,Attended,GP,Video/Online,1 Day,776
11J,E38000045,NHS Dorset ICB - 11J,E54000041,NHS Dorset Integrated Care Board,E40000006,South West,APR2022,Attended,GP,Video/Online,15  to 21 Days,26
11J,E38000045,NHS Dorset ICB - 11J,E54000041,NHS Dorset Integrated Care Board,E40000006,South West,APR2022,Attended,GP,Video/Online,2 to 7 Days,373
11J,E38000045,NHS Dorset ICB - 11J,E54000041,NHS Dorset Integrated Care Board,E40000006,South West,APR2022,Attended,GP,Video/Online,22  to 28 Days,14
11J,E38000045,NHS Dorset ICB - 11J,E54000041,NHS Dorset Integrated Care Board,E40000006,South West,APR2022,Attended,GP,Video/Online,8  to 14 Days,51
11J,E38000045,NHS Dorset ICB - 11J,E54000041,NHS Dorset Integrated Care Board,E40000006,South West,APR2022,Attended,GP,Video/Online,More than 28 Days,4
11J,E38000045,NHS Dorset ICB - 11J,E54000041,NHS Dorset Integrated Care Board,E40000006,South West,APR2022,Attended,GP,Video/Online,Same Day,1381
11J,E38000045,NHS Dorset ICB - 11J,E54000041,NHS Dorset Integrated Care Board,E40000006,South West,APR2022,Attended,Other Practice staff,Face-to-Face,1 Day,11128
11J,E38000045,NHS Dorset ICB - 11J,E54000041,NHS Dorset Integrated Care Board,E40000006,South West,APR2022,Attended,Other Practice staff,Face-to-Face,15  to 21 Days,14920
11J,E38000045,NHS Dorset ICB - 11J,E54000041,NHS Dorset Integrated Care Board,E40000006,South West,APR2022,Attended,Other Practice staff,Face-to-Face,2 to 7 Days,28500
11J,E38000045,NHS Dorset ICB - 11J,E54000041,NHS Dorset Integrated Care Board,E40000006,South West,APR2022,Attended,Other Practice staff,Face-to-Face,22  to 28 Days,9470
11J,E38000045,NHS Dorset ICB - 11J,E54000041,NHS Dorset Integrated Care Board,E40000006,South West,APR2022,Attended,Other Practice staff,Face-to-Face,8  to 14 Days,21990
11J,E38000045,NHS Dorset ICB - 11J,E54000041,NHS Dorset Integrated Care Board,E40000006,South West,APR2022,Attended,Other Practice staff,Face-to-Face,More than 28 Days,9097
11J,E38000045,NHS Dorset ICB - 11J,E54000041,NHS Dorset Integrated Care Board,E40000006,South West,APR2022,Attended,Other Practice staff,Face-to-Face,Same Day,39480
11J,E38000045,NHS Dorset ICB - 11J,E54000041,NHS Dorset Integrated Care Board,E40000006,South West,APR2022,Attended,Other Practice staff,Face-to-Face,Unknown / Data Quality,14
11J,E38000045,NHS Dorset ICB - 11J,E54000041,NHS Dorset Integrated Care Board,E40000006,South West,APR2022,Attended,Other Practice staff,Home Visit,1 Day,36
11J,E38000045,NHS Dorset ICB - 11J,E54000041,NHS Dorset Integrated Care Board,E40000006,South West,APR2022,Attended,Other Practice staff,Home Visit,15  to 21 Days,24
11J,E38000045,NHS Dorset ICB - 11J,E54000041,NHS Dorset Integrated Care Board,E40000006,South West,APR2022,Attended,Other Practice staff,Home Visit,2 to 7 Days,90
11J,E38000045,NHS Dorset ICB - 11J,E54000041,NHS Dorset Integrated Care Board,E40000006,South West,APR2022,Attended,Other Practice staff,Home Visit,22  to 28 Days,16
11J,E38000045,NHS Dorset ICB - 11J,E54000041,NHS Dorset Integrated Care Board,E40000006,South West,APR2022,Attended,Other Practice staff,Home Visit,8  to 14 Days,45
11J,E38000045,NHS Dorset ICB - 11J,E54000041,NHS Dorset Integrated Care Board,E40000006,South West,APR2022,Attended,Other Practice staff,Home Visit,More than 28 Days,71
11J,E38000045,NHS Dorset ICB - 11J,E54000041,NHS Dorset Integrated Care Board,E40000006,South West,APR2022,Attended,Other Practice staff,Home Visit,Same Day,97
11J,E38000045,NHS Dorset ICB - 11J,E54000041,NHS Dorset Integrated Care Board,E40000006,South West,APR2022,Attended,Other Practice staff,Home Visit,Unknown / Data Quality,2
11J,E38000045,NHS Dorset ICB - 11J,E54000041,NHS Dorset Integrated Care Board,E40000006,South West,APR2022,Attended,Other Practice staff,Telephone,1 Day,1272
11J,E38000045,NHS Dorset ICB - 11J,E54000041,NHS Dorset Integrated Care Board,E40000006,South West,APR2022,Attended,Other Practice staff,Telephone,15  to 21 Days,1408
11J,E38000045,NHS Dorset ICB - 11J,E54000041,NHS Dorset Integrated Care Board,E40000006,South West,APR2022,Attended,Other Practice staff,Telephone,2 to 7 Days,2658
11J,E38000045,NHS Dorset ICB - 11J,E54000041,NHS Dorset Integrated Care Board,E40000006,South West,APR2022,Attended,Other Practice staff,Telephone,22  to 28 Days,1037
11J,E38000045,NHS Dorset ICB - 11J,E54000041,NHS Dorset Integrated Care Board,E40000006,South West,APR2022,Attended,Other Practice staff,Telephone,8  to 14 Days,1794
11J,E38000045,NHS Dorset ICB - 11J,E54000041,NHS Dorset Integrated Care Board,E40000006,South West,APR2022,Attended,Other Practice staff,Telephone,More than 28 Days,865
11J,E38000045,NHS Dorset ICB - 11J,E54000041,NHS Dorset Integrated Care Board,E40000006,South West,APR2022,Attended,Other Practice staff,Telephone,Same Day,11663
11J,E38000045,NHS Dorset ICB - 11J,E54000041,NHS Dorset Integrated Care Board,E40000006,South West,APR2022,Attended,Other Practice staff,Telephone,Unknown / Data Quality,2
11J,E38000045,NHS Dorset ICB - 11J,E54000041,NHS Dorset Integrated Care Board,E40000006,South West,APR2022,Attended,Other Practice staff,Video/Online,1 Day,282
11J,E38000045,NHS Dorset ICB - 11J,E54000041,NHS Dorset Integrated Care Board,E40000006,South West,APR2022,Attended,Other Practice staff,Video/Online,15  to 21 Days,74
11J,E38000045,NHS Dorset ICB - 11J,E54000041,NHS Dorset Integrated Care Board,E40000006,South West,APR2022,Attended,Other Practice staff,Video/Online,2 to 7 Days,524
11J,E38000045,NHS Dorset ICB - 11J,E54000041,NHS Dorset Integrated Care Board,E40000006,South West,APR2022,Attended,Other Practice staff,Video/Online,22  to 28 Days,65
11J,E38000045,NHS Dorset ICB - 11J,E54000041,NHS Dorset Integrated Care Board,E40000006,South West,APR2022,Attended,Other Practice staff,Video/Online,8  to 14 Days,180
11J,E38000045,NHS Dorset ICB - 11J,E54000041,NHS Dorset Integrated Care Board,E40000006,South West,APR2022,Attended,Other Practice staff,Video/Online,More than 28 Days,57
11J,E38000045,NHS Dorset ICB - 11J,E54000041,NHS Dorset Integrated Care Board,E40000006,South West,APR2022,Attended,Other Practice staff,Video/Online,Same Day,177
11J,E38000045,NHS Dorset ICB - 11J,E54000041,NHS Dorset Integrated Care Board,E40000006,South West,APR2022,Attended,Unknown,Unknown,1 Day,1359
11J,E38000045,NHS Dorset ICB - 11J,E54000041,NHS Dorset Integrated Care Board,E40000006,South West,APR2022,Attended,Unknown,Unknown,15  to 21 Days,810
11J,E38000045,NHS Dorset ICB - 11J,E54000041,NHS Dorset Integrated Care Board,E40000006,South West,APR2022,Attended,Unknown,Unknown,2 to 7 Days,2396
11J,E38000045,NHS Dorset ICB - 11J,E54000041,NHS Dorset Integrated Care Board,E40000006,South West,APR2022,Attended,Unknown,Unknown,22  to 28 Days,452
11J,E38000045,NHS Dorset ICB - 11J,E54000041,NHS Dorset Integrated Care Board,E40000006,South West,APR2022,Attended,Unknown,Unknown,8  to 14 Days,1109
11J,E38000045,NHS Dorset ICB - 11J,E54000041,NHS Dorset Integrated Care Board,E40000006,South West,APR2022,Attended,Unknown,Unknown,More than 28 Days,285
11J,E38000045,NHS Dorset ICB - 11J,E54000041,NHS Dorset Integrated Care Board,E40000006,South West,APR2022,Attended,Unknown,Unknown,Same Day,11759
11J,E38000045,NHS Dorset ICB - 11J,E54000041,NHS Dorset Integrated Care Board,E40000006,South West,APR2022,Attended,Unknown,Unknown,Unknown / Data Quality,5
11J,E38000045,NHS Dorset ICB - 11J,E54000041,NHS Dorset Integrated Care Board,E40000006,South West,APR2022,DNA,GP,Face-to-Face,1 Day,169
11J,E38000045,NHS Dorset ICB - 11J,E54000041,NHS Dorset Integrated Care Board,E40000006,South West,APR2022,DNA,GP,Face-to-Face,15  to 21 Days,404
11J,E38000045,NHS Dorset ICB - 11J,E54000041,NHS Dorset Integrated Care Board,E40000006,South West,APR2022,DNA,GP,Face-to-Face,2 to 7 Days,503
11J,E38000045,NHS Dorset ICB - 11J,E54000041,NHS Dorset Integrated Care Board,E40000006,South West,APR2022,DNA,GP,Face-to-Face,22  to 28 Days,317
11J,E38000045,NHS Dorset ICB - 11J,E54000041,NHS Dorset Integrated Care Board,E40000006,South West,APR2022,DNA,GP,Face-to-Face,8  to 14 Days,418
11J,E38000045,NHS Dorset ICB - 11J,E54000041,NHS Dorset Integrated Care Board,E40000006,South West,APR2022,DNA,GP,Face-to-Face,More than 28 Days,254
11J,E38000045,NHS Dorset ICB - 11J,E54000041,NHS Dorset Integrated Care Board,E40000006,South West,APR2022,DNA,GP,Face-to-Face,Same Day,325
11J,E38000045,NHS Dorset ICB - 11J,E54000041,NHS Dorset Integrated Care Board,E40000006,South West,APR2022,DNA,GP,Home Visit,1 Day,1
11J,E38000045,NHS Dorset ICB - 11J,E54000041,NHS Dorset Integrated Care Board,E40000006,South West,APR2022,DNA,GP,Home Visit,2 to 7 Days,3
11J,E38000045,NHS Dorset ICB - 11J,E54000041,NHS Dorset Integrated Care Board,E40000006,South West,APR2022,DNA,GP,Home Visit,Same Day,8
11J,E38000045,NHS Dorset ICB - 11J,E54000041,NHS Dorset Integrated Care Board,E40000006,South West,APR2022,DNA,GP,Telephone,1 Day,11
11J,E38000045,NHS Dorset ICB - 11J,E54000041,NHS Dorset Integrated Care Board,E40000006,South West,APR2022,DNA,GP,Telephone,15  to 21 Days,30
11J,E38000045,NHS Dorset ICB - 11J,E54000041,NHS Dorset Integrated Care Board,E40000006,South West,APR2022,DNA,GP,Telephone,2 to 7 Days,29
11J,E38000045,NHS Dorset ICB - 11J,E54000041,NHS Dorset Integrated Care Board,E40000006,South West,APR2022,DNA,GP,Telephone,22  to 28 Days,8
11J,E38000045,NHS Dorset ICB - 11J,E54000041,NHS Dorset Integrated Care Board,E40000006,South West,APR2022,DNA,GP,Telephone,8  to 14 Days,30
11J,E38000045,NHS Dorset ICB - 11J,E54000041,NHS Dorset Integrated Care Board,E40000006,South West,APR2022,DNA,GP,Telephone,More than 28 Days,7
11J,E38000045,NHS Dorset ICB - 11J,E54000041,NHS Dorset Integrated Care Board,E40000006,South West,APR2022,DNA,GP,Telephone,Same Day,18
11J,E38000045,NHS Dorset ICB - 11J,E54000041,NHS Dorset Integrated Care Board,E40000006,South West,APR2022,DNA,GP,Video/Online,2 to 7 Days,2
11J,E38000045,NHS Dorset ICB - 11J,E54000041,NHS Dorset Integrated Care Board,E40000006,South West,APR2022,DNA,GP,Video/Online,Same Day,1
11J,E38000045,NHS Dorset ICB - 11J,E54000041,NHS Dorset Integrated Care Board,E40000006,South West,APR2022,DNA,Other Practice staff,Face-to-Face,1 Day,520
11J,E38000045,NHS Dorset ICB - 11J,E54000041,NHS Dorset Integrated Care Board,E40000006,South West,APR2022,DNA,Other Practice staff,Face-to-Face,15  to 21 Days,1921
11J,E38000045,NHS Dorset ICB - 11J,E54000041,NHS Dorset Integrated Care Board,E40000006,South West,APR2022,DNA,Other Practice staff,Face-to-Face,2 to 7 Days,1669
11J,E38000045,NHS Dorset ICB - 11J,E54000041,NHS Dorset Integrated Care Board,E40000006,South West,APR2022,DNA,Other Practice staff,Face-to-Face,22  to 28 Days,1089
11J,E38000045,NHS Dorset ICB - 11J,E54000041,NHS Dorset Integrated Care Board,E40000006,South West,APR2022,DNA,Other Practice staff,Face-to-Face,8  to 14 Days,1948
11J,E38000045,NHS Dorset ICB - 11J,E54000041,NHS Dorset Integrated Care Board,E40000006,South West,APR2022,DNA,Other Practice staff,Face-to-Face,More than 28 Days,992
11J,E38000045,NHS Dorset ICB - 11J,E54000041,NHS Dorset Integrated Care Board,E40000006,South West,APR2022,DNA,Other Practice staff,Face-to-Face,Same Day,1098
11J,E38000045,NHS Dorset ICB - 11J,E54000041,NHS Dorset Integrated Care Board,E40000006,South West,APR2022,DNA,Other Practice staff,Face-to-Face,Unknown / Data Quality,1
11J,E38000045,NHS Dorset ICB - 11J,E54000041,NHS Dorset Integrated Care Board,E40000006,South West,APR2022,DNA,Other Practice staff,Home Visit,15  to 21 Days,2
11J,E38000045,NHS Dorset ICB - 11J,E54000041,NHS Dorset Integrated Care Board,E40000006,South West,APR2022,DNA,Other Practice staff,Home Visit,2 to 7 Days,9
11J,E38000045,NHS Dorset ICB - 11J,E54000041,NHS Dorset Integrated Care Board,E40000006,South West,APR2022,DNA,Other Practice staff,Home Visit,22  to 28 Days,3
11J,E38000045,NHS Dorset ICB - 11J,E54000041,NHS Dorset Integrated Care Board,E40000006,South West,APR2022,DNA,Other Practice staff,Home Visit,8  to 14 Days,5
11J,E38000045,NHS Dorset ICB - 11J,E54000041,NHS Dorset Integrated Care Board,E40000006,South West,APR2022,DNA,Other Practice staff,Home Visit,More than 28 Days,2
11J,E38000045,NHS Dorset ICB - 11J,E54000041,NHS Dorset Integrated Care Board,E40000006,South West,APR2022,DNA,Other Practice staff,Home Visit,Same Day,5
11J,E38000045,NHS Dorset ICB - 11J,E54000041,NHS Dorset Integrated Care Board,E40000006,South West,APR2022,DNA,Other Practice staff,Telephone,1 Day,15
11J,E38000045,NHS Dorset ICB - 11J,E54000041,NHS Dorset Integrated Care Board,E40000006,South West,APR2022,DNA,Other Practice staff,Telephone,15  to 21 Days,21
11J,E38000045,NHS Dorset ICB - 11J,E54000041,NHS Dorset Integrated Care Board,E40000006,South West,APR2022,DNA,Other Practice staff,Telephone,2 to 7 Days,39
11J,E38000045,NHS Dorset ICB - 11J,E54000041,NHS Dorset Integrated Care Board,E40000006,South West,APR2022,DNA,Other Practice staff,Telephone,22  to 28 Days,7
11J,E38000045,NHS Dorset ICB - 11J,E54000041,NHS Dorset Integrated Care Board,E40000006,South West,APR2022,DNA,Other Practice staff,Telephone,8  to 14 Days,23
11J,E38000045,NHS Dorset ICB - 11J,E54000041,NHS Dorset Integrated Care Board,E40000006,South West,APR2022,DNA,Other Practice staff,Telephone,More than 28 Days,18
11J,E38000045,NHS Dorset ICB - 11J,E54000041,NHS Dorset Integrated Care Board,E40000006,South West,APR2022,DNA,Other Practice staff,Telephone,Same Day,17
11J,E38000045,NHS Dorset ICB - 11J,E54000041,NHS Dorset Integrated Care Board,E40000006,South West,APR2022,DNA,Other Practice staff,Video/Online,1 Day,4
11J,E38000045,NHS Dorset ICB - 11J,E54000041,NHS Dorset Integrated Care Board,E40000006,South West,APR2022,DNA,Other Practice staff,Video/Online,15  to 21 Days,7
11J,E38000045,NHS Dorset ICB - 11J,E54000041,NHS Dorset Integrated Care Board,E40000006,South West,APR2022,DNA,Other Practice staff,Video/Online,2 to 7 Days,20
11J,E38000045,NHS Dorset ICB - 11J,E54000041,NHS Dorset Integrated Care Board,E40000006,South West,APR2022,DNA,Other Practice staff,Video/Online,22  to 28 Days,6
11J,E38000045,NHS Dorset ICB - 11J,E54000041,NHS Dorset Integrated Care Board,E40000006,South West,APR2022,DNA,Other Practice staff,Video/Online,8  to 14 Days,20
11J,E38000045,NHS Dorset ICB - 11J,E54000041,NHS Dorset Integrated Care Board,E40000006,South West,APR2022,DNA,Other Practice staff,Video/Online,More than 28 Days,6
11J,E38000045,NHS Dorset ICB - 11J,E54000041,NHS Dorset Integrated Care Board,E40000006,South West,APR2022,DNA,Other Practice staff,Video/Online,Same Day,2
11J,E38000045,NHS Dorset ICB - 11J,E54000041,NHS Dorset Integrated Care Board,E40000006,South West,APR2022,DNA,Unknown,Unknown,1 Day,24
11J,E38000045,NHS Dorset ICB - 11J,E54000041,NHS Dorset Integrated Care Board,E40000006,South West,APR2022,DNA,Unknown,Unknown,15  to 21 Days,50
11J,E38000045,NHS Dorset ICB - 11J,E54000041,NHS Dorset Integrated Care Board,E40000006,South West,APR2022,DNA,Unknown,Unknown,2 to 7 Days,76
11J,E38000045,NHS Dorset ICB - 11J,E54000041,NHS Dorset Integrated Care Board,E40000006,South West,APR2022,DNA,Unknown,Unknown,22  to 28 Days,19
11J,E38000045,NHS Dorset ICB - 11J,E54000041,NHS Dorset Integrated Care Board,E40000006,South West,APR2022,DNA,Unknown,Unknown,8  to 14 Days,39
11J,E38000045,NHS Dorset ICB - 11J,E54000041,NHS Dorset Integrated Care Board,E40000006,South West,APR2022,DNA,Unknown,Unknown,More than 28 Days,16
11J,E38000045,NHS Dorset ICB - 11J,E54000041,NHS Dorset Integrated Care Board,E40000006,South West,APR2022,DNA,Unknown,Unknown,Same Day,58
11J,E38000045,NHS Dorset ICB - 11J,E54000041,NHS Dorset Integrated Care Board,E40000006,South West,APR2022,Unknown,GP,Face-to-Face,1 Day,215
11J,E38000045,NHS Dorset ICB - 11J,E54000041,NHS Dorset Integrated Care Board,E40000006,South West,APR2022,Unknown,GP,Face-to-Face,15  to 21 Days,342
11J,E38000045,NHS Dorset ICB - 11J,E54000041,NHS Dorset Integrated Care Board,E40000006,South West,APR2022,Unknown,GP,Face-to-Face,2 to 7 Days,381
11J,E38000045,NHS Dorset ICB - 11J,E54000041,NHS Dorset Integrated Care Board,E40000006,South West,APR2022,Unknown,GP,Face-to-Face,22  to 28 Days,205
11J,E38000045,NHS Dorset ICB - 11J,E54000041,NHS Dorset Integrated Care Board,E40000006,South West,APR2022,Unknown,GP,Face-to-Face,8  to 14 Days,324
11J,E38000045,NHS Dorset ICB - 11J,E54000041,NHS Dorset Integrated Care Board,E40000006,South West,APR2022,Unknown,GP,Face-to-Face,More than 28 Days,236
11J,E38000045,NHS Dorset ICB - 11J,E54000041,NHS Dorset Integrated Care Board,E40000006,South West,APR2022,Unknown,GP,Face-to-Face,Same Day,452
11J,E38000045,NHS Dorset ICB - 11J,E54000041,NHS Dorset Integrated Care Board,E40000006,South West,APR2022,Unknown,GP,Face-to-Face,Unknown / Data Quality,1
11J,E38000045,NHS Dorset ICB - 11J,E54000041,NHS Dorset Integrated Care Board,E40000006,South West,APR2022,Unknown,GP,Home Visit,Same Day,5
11J,E38000045,NHS Dorset ICB - 11J,E54000041,NHS Dorset Integrated Care Board,E40000006,South West,APR2022,Unknown,GP,Telephone,1 Day,33
11J,E38000045,NHS Dorset ICB - 11J,E54000041,NHS Dorset Integrated Care Board,E40000006,South West,APR2022,Unknown,GP,Telephone,15  to 21 Days,152
11J,E38000045,NHS Dorset ICB - 11J,E54000041,NHS Dorset Integrated Care Board,E40000006,South West,APR2022,Unknown,GP,Telephone,2 to 7 Days,113
11J,E38000045,NHS Dorset ICB - 11J,E54000041,NHS Dorset Integrated Care Board,E40000006,South West,APR2022,Unknown,GP,Telephone,22  to 28 Days,67
11J,E38000045,NHS Dorset ICB - 11J,E54000041,NHS Dorset Integrated Care Board,E40000006,South West,APR2022,Unknown,GP,Telephone,8  to 14 Days,156
11J,E38000045,NHS Dorset ICB - 11J,E54000041,NHS Dorset Integrated Care Board,E40000006,South West,APR2022,Unknown,GP,Telephone,More than 28 Days,106
11J,E38000045,NHS Dorset ICB - 11J,E54000041,NHS Dorset Integrated Care Board,E40000006,South West,APR2022,Unknown,GP,Telephone,Same Day,67
11J,E38000045,NHS Dorset ICB - 11J,E54000041,NHS Dorset Integrated Care Board,E40000006,South West,APR2022,Unknown,GP,Telephone,Unknown / Data Quality,1
11J,E38000045,NHS Dorset ICB - 11J,E54000041,NHS Dorset Integrated Care Board,E40000006,South West,APR2022,Unknown,GP,Video/Online,1 Day,23
11J,E38000045,NHS Dorset ICB - 11J,E54000041,NHS Dorset Integrated Care Board,E40000006,South West,APR2022,Unknown,GP,Video/Online,15  to 21 Days,1
11J,E38000045,NHS Dorset ICB - 11J,E54000041,NHS Dorset Integrated Care Board,E40000006,South West,APR2022,Unknown,GP,Video/Online,2 to 7 Days,3
11J,E38000045,NHS Dorset ICB - 11J,E54000041,NHS Dorset Integrated Care Board,E40000006,South West,APR2022,Unknown,GP,Video/Online,22  to 28 Days,1
11J,E38000045,NHS Dorset ICB - 11J,E54000041,NHS Dorset Integrated Care Board,E40000006,South West,APR2022,Unknown,GP,Video/Online,8  to 14 Days,1
11J,E38000045,NHS Dorset ICB - 11J,E54000041,NHS Dorset Integrated Care Board,E40000006,South West,APR2022,Unknown,GP,Video/Online,Same Day,93
11J,E38000045,NHS Dorset ICB - 11J,E54000041,NHS Dorset Integrated Care Board,E40000006,South West,APR2022,Unknown,Other Practice staff,Face-to-Face,1 Day,407
11J,E38000045,NHS Dorset ICB - 11J,E54000041,NHS Dorset Integrated Care Board,E40000006,South West,APR2022,Unknown,Other Practice staff,Face-to-Face,15  to 21 Days,1305
11J,E38000045,NHS Dorset ICB - 11J,E54000041,NHS Dorset Integrated Care Board,E40000006,South West,APR2022,Unknown,Other Practice staff,Face-to-Face,2 to 7 Days,1053
11J,E38000045,NHS Dorset ICB - 11J,E54000041,NHS Dorset Integrated Care Board,E40000006,South West,APR2022,Unknown,Other Practice staff,Face-to-Face,22  to 28 Days,676
11J,E38000045,NHS Dorset ICB - 11J,E54000041,NHS Dorset Integrated Care Board,E40000006,South West,APR2022,Unknown,Other Practice staff,Face-to-Face,8  to 14 Days,1209
11J,E38000045,NHS Dorset ICB - 11J,E54000041,NHS Dorset Integrated Care Board,E40000006,South West,APR2022,Unknown,Other Practice staff,Face-to-Face,More than 28 Days,969
11J,E38000045,NHS Dorset ICB - 11J,E54000041,NHS Dorset Integrated Care Board,E40000006,South West,APR2022,Unknown,Other Practice staff,Face-to-Face,Same Day,618
11J,E38000045,NHS Dorset ICB - 11J,E54000041,NHS Dorset Integrated Care Board,E40000006,South West,APR2022,Unknown,Other Practice staff,Face-to-Face,Unknown / Data Quality,5
11J,E38000045,NHS Dorset ICB - 11J,E54000041,NHS Dorset Integrated Care Board,E40000006,South West,APR2022,Unknown,Other Practice staff,Home Visit,1 Day,1
11J,E38000045,NHS Dorset ICB - 11J,E54000041,NHS Dorset Integrated Care Board,E40000006,South West,APR2022,Unknown,Other Practice staff,Home Visit,15  to 21 Days,12
11J,E38000045,NHS Dorset ICB - 11J,E54000041,NHS Dorset Integrated Care Board,E40000006,South West,APR2022,Unknown,Other Practice staff,Home Visit,2 to 7 Days,13
11J,E38000045,NHS Dorset ICB - 11J,E54000041,NHS Dorset Integrated Care Board,E40000006,South West,APR2022,Unknown,Other Practice staff,Home Visit,22  to 28 Days,3
11J,E38000045,NHS Dorset ICB - 11J,E54000041,NHS Dorset Integrated Care Board,E40000006,South West,APR2022,Unknown,Other Practice staff,Home Visit,8  to 14 Days,9
11J,E38000045,NHS Dorset ICB - 11J,E54000041,NHS Dorset Integrated Care Board,E40000006,South West,APR2022,Unknown,Other Practice staff,Home Visit,More than 28 Days,4
11J,E38000045,NHS Dorset ICB - 11J,E54000041,NHS Dorset Integrated Care Board,E40000006,South West,APR2022,Unknown,Other Practice staff,Home Visit,Same Day,6
11J,E38000045,NHS Dorset ICB - 11J,E54000041,NHS Dorset Integrated Care Board,E40000006,South West,APR2022,Unknown,Other Practice staff,Telephone,1 Day,39
11J,E38000045,NHS Dorset ICB - 11J,E54000041,NHS Dorset Integrated Care Board,E40000006,South West,APR2022,Unknown,Other Practice staff,Telephone,15  to 21 Days,65
11J,E38000045,NHS Dorset ICB - 11J,E54000041,NHS Dorset Integrated Care Board,E40000006,South West,APR2022,Unknown,Other Practice staff,Telephone,2 to 7 Days,116
11J,E38000045,NHS Dorset ICB - 11J,E54000041,NHS Dorset Integrated Care Board,E40000006,South West,APR2022,Unknown,Other Practice staff,Telephone,22  to 28 Days,37
11J,E38000045,NHS Dorset ICB - 11J,E54000041,NHS Dorset Integrated Care Board,E40000006,South West,APR2022,Unknown,Other Practice staff,Telephone,8  to 14 Days,67
11J,E38000045,NHS Dorset ICB - 11J,E54000041,NHS Dorset Integrated Care Board,E40000006,South West,APR2022,Unknown,Other Practice staff,Telephone,More than 28 Days,61
11J,E38000045,NHS Dorset ICB - 11J,E54000041,NHS Dorset Integrated Care Board,E40000006,South West,APR2022,Unknown,Other Practice staff,Telephone,Same Day,165
11J,E38000045,NHS Dorset ICB - 11J,E54000041,NHS Dorset Integrated Care Board,E40000006,South West,APR2022,Unknown,Other Practice staff,Video/Online,15  to 21 Days,2
11J,E38000045,NHS Dorset ICB - 11J,E54000041,NHS Dorset Integrated Care Board,E40000006,South West,APR2022,Unknown,Other Practice staff,Video/Online,2 to 7 Days,5
11J,E38000045,NHS Dorset ICB - 11J,E54000041,NHS Dorset Integrated Care Board,E40000006,South West,APR2022,Unknown,Other Practice staff,Video/Online,22  to 28 Days,2
11J,E38000045,NHS Dorset ICB - 11J,E54000041,NHS Dorset Integrated Care Board,E40000006,South West,APR2022,Unknown,Other Practice staff,Video/Online,8  to 14 Days,6
11J,E38000045,NHS Dorset ICB - 11J,E54000041,NHS Dorset Integrated Care Board,E40000006,South West,APR2022,Unknown,Other Practice staff,Video/Online,More than 28 Days,6
11J,E38000045,NHS Dorset ICB - 11J,E54000041,NHS Dorset Integrated Care Board,E40000006,South West,APR2022,Unknown,Other Practice staff,Video/Online,Same Day,1
11J,E38000045,NHS Dorset ICB - 11J,E54000041,NHS Dorset Integrated Care Board,E40000006,South West,APR2022,Unknown,Unknown,Unknown,1 Day,72
11J,E38000045,NHS Dorset ICB - 11J,E54000041,NHS Dorset Integrated Care Board,E40000006,South West,APR2022,Unknown,Unknown,Unknown,15  to 21 Days,282
11J,E38000045,NHS Dorset ICB - 11J,E54000041,NHS Dorset Integrated Care Board,E40000006,South West,APR2022,Unknown,Unknown,Unknown,2 to 7 Days,311
11J,E38000045,NHS Dorset ICB - 11J,E54000041,NHS Dorset Integrated Care Board,E40000006,South West,APR2022,Unknown,Unknown,Unknown,22  to 28 Days,111
11J,E38000045,NHS Dorset ICB - 11J,E54000041,NHS Dorset Integrated Care Board,E40000006,South West,APR2022,Unknown,Unknown,Unknown,8  to 14 Days,368
11J,E38000045,NHS Dorset ICB - 11J,E54000041,NHS Dorset Integrated Care Board,E40000006,South West,APR2022,Unknown,Unknown,Unknown,More than 28 Days,102
11J,E38000045,NHS Dorset ICB - 11J,E54000041,NHS Dorset Integrated Care Board,E40000006,South West,APR2022,Unknown,Unknown,Unknown,Same Day,66
11J,E38000045,NHS Dorset ICB - 11J,E54000041,NHS Dorset Integrated Care Board,E40000006,South West,MAY2022,Attended,GP,Face-to-Face,1 Day,9904
11J,E38000045,NHS Dorset ICB - 11J,E54000041,NHS Dorset Integrated Care Board,E40000006,South West,MAY2022,Attended,GP,Face-to-Face,15  to 21 Days,8792
11J,E38000045,NHS Dorset ICB - 11J,E54000041,NHS Dorset Integrated Care Board,E40000006,South West,MAY2022,Attended,GP,Face-to-Face,2 to 7 Days,20414
11J,E38000045,NHS Dorset ICB - 11J,E54000041,NHS Dorset Integrated Care Board,E40000006,South West,MAY2022,Attended,GP,Face-to-Face,22  to 28 Days,5890
11J,E38000045,NHS Dorset ICB - 11J,E54000041,NHS Dorset Integrated Care Board,E40000006,South West,MAY2022,Attended,GP,Face-to-Face,8  to 14 Days,12861
11J,E38000045,NHS Dorset ICB - 11J,E54000041,NHS Dorset Integrated Care Board,E40000006,South West,MAY2022,Attended,GP,Face-to-Face,More than 28 Days,4847
11J,E38000045,NHS Dorset ICB - 11J,E54000041,NHS Dorset Integrated Care Board,E40000006,South West,MAY2022,Attended,GP,Face-to-Face,Same Day,49740
11J,E38000045,NHS Dorset ICB - 11J,E54000041,NHS Dorset Integrated Care Board,E40000006,South West,MAY2022,Attended,GP,Face-to-Face,Unknown / Data Quality,3
11J,E38000045,NHS Dorset ICB - 11J,E54000041,NHS Dorset Integrated Care Board,E40000006,South West,MAY2022,Attended,GP,Home Visit,1 Day,18
11J,E38000045,NHS Dorset ICB - 11J,E54000041,NHS Dorset Integrated Care Board,E40000006,South West,MAY2022,Attended,GP,Home Visit,15  to 21 Days,1
11J,E38000045,NHS Dorset ICB - 11J,E54000041,NHS Dorset Integrated Care Board,E40000006,South West,MAY2022,Attended,GP,Home Visit,2 to 7 Days,22
11J,E38000045,NHS Dorset ICB - 11J,E54000041,NHS Dorset Integrated Care Board,E40000006,South West,MAY2022,Attended,GP,Home Visit,22  to 28 Days,3
11J,E38000045,NHS Dorset ICB - 11J,E54000041,NHS Dorset Integrated Care Board,E40000006,South West,MAY2022,Attended,GP,Home Visit,8  to 14 Days,5
11J,E38000045,NHS Dorset ICB - 11J,E54000041,NHS Dorset Integrated Care Board,E40000006,South West,MAY2022,Attended,GP,Home Visit,More than 28 Days,1
11J,E38000045,NHS Dorset ICB - 11J,E54000041,NHS Dorset Integrated Care Board,E40000006,South West,MAY2022,Attended,GP,Home Visit,Same Day,93
11J,E38000045,NHS Dorset ICB - 11J,E54000041,NHS Dorset Integrated Care Board,E40000006,South West,MAY2022,Attended,GP,Home Visit,Unknown / Data Quality,2
11J,E38000045,NHS Dorset ICB - 11J,E54000041,NHS Dorset Integrated Care Board,E40000006,South West,MAY2022,Attended,GP,Telephone,1 Day,3505
11J,E38000045,NHS Dorset ICB - 11J,E54000041,NHS Dorset Integrated Care Board,E40000006,South West,MAY2022,Attended,GP,Telephone,15  to 21 Days,4752
11J,E38000045,NHS Dorset ICB - 11J,E54000041,NHS Dorset Integrated Care Board,E40000006,South West,MAY2022,Attended,GP,Telephone,2 to 7 Days,8770
11J,E38000045,NHS Dorset ICB - 11J,E54000041,NHS Dorset Integrated Care Board,E40000006,South West,MAY2022,Attended,GP,Telephone,22  to 28 Days,2775
11J,E38000045,NHS Dorset ICB - 11J,E54000041,NHS Dorset Integrated Care Board,E40000006,South West,MAY2022,Attended,GP,Telephone,8  to 14 Days,6848
11J,E38000045,NHS Dorset ICB - 11J,E54000041,NHS Dorset Integrated Care Board,E40000006,South West,MAY2022,Attended,GP,Telephone,More than 28 Days,2200
11J,E38000045,NHS Dorset ICB - 11J,E54000041,NHS Dorset Integrated Care Board,E40000006,South West,MAY2022,Attended,GP,Telephone,Same Day,31208
11J,E38000045,NHS Dorset ICB - 11J,E54000041,NHS Dorset Integrated Care Board,E40000006,South West,MAY2022,Attended,GP,Telephone,Unknown / Data Quality,2
11J,E38000045,NHS Dorset ICB - 11J,E54000041,NHS Dorset Integrated Care Board,E40000006,South West,MAY2022,Attended,GP,Video/Online,1 Day,787
11J,E38000045,NHS Dorset ICB - 11J,E54000041,NHS Dorset Integrated Care Board,E40000006,South West,MAY2022,Attended,GP,Video/Online,15  to 21 Days,15
11J,E38000045,NHS Dorset ICB - 11J,E54000041,NHS Dorset Integrated Care Board,E40000006,South West,MAY2022,Attended,GP,Video/Online,2 to 7 Days,370
11J,E38000045,NHS Dorset ICB - 11J,E54000041,NHS Dorset Integrated Care Board,E40000006,South West,MAY2022,Attended,GP,Video/Online,22  to 28 Days,18
11J,E38000045,NHS Dorset ICB - 11J,E54000041,NHS Dorset Integrated Care Board,E40000006,South West,MAY2022,Attended,GP,Video/Online,8  to 14 Days,54
11J,E38000045,NHS Dorset ICB - 11J,E54000041,NHS Dorset Integrated Care Board,E40000006,South West,MAY2022,Attended,GP,Video/Online,More than 28 Days,4
11J,E38000045,NHS Dorset ICB - 11J,E54000041,NHS Dorset Integrated Care Board,E40000006,South West,MAY2022,Attended,GP,Video/Online,Same Day,1223
11J,E38000045,NHS Dorset ICB - 11J,E54000041,NHS Dorset Integrated Care Board,E40000006,South West,MAY2022,Attended,Other Practice staff,Face-to-Face,1 Day,11364
11J,E38000045,NHS Dorset ICB - 11J,E54000041,NHS Dorset Integrated Care Board,E40000006,South West,MAY2022,Attended,Other Practice staff,Face-to-Face,15  to 21 Days,14732
11J,E38000045,NHS Dorset ICB - 11J,E54000041,NHS Dorset Integrated Care Board,E40000006,South West,MAY2022,Attended,Other Practice staff,Face-to-Face,2 to 7 Days,34015
11J,E38000045,NHS Dorset ICB - 11J,E54000041,NHS Dorset Integrated Care Board,E40000006,South West,MAY2022,Attended,Other Practice staff,Face-to-Face,22  to 28 Days,9277
11J,E38000045,NHS Dorset ICB - 11J,E54000041,NHS Dorset Integrated Care Board,E40000006,South West,MAY2022,Attended,Other Practice staff,Face-to-Face,8  to 14 Days,29471
11J,E38000045,NHS Dorset ICB - 11J,E54000041,NHS Dorset Integrated Care Board,E40000006,South West,MAY2022,Attended,Other Practice staff,Face-to-Face,More than 28 Days,10566
11J,E38000045,NHS Dorset ICB - 11J,E54000041,NHS Dorset Integrated Care Board,E40000006,South West,MAY2022,Attended,Other Practice staff,Face-to-Face,Same Day,42784
11J,E38000045,NHS Dorset ICB - 11J,E54000041,NHS Dorset Integrated Care Board,E40000006,South West,MAY2022,Attended,Other Practice staff,Face-to-Face,Unknown / Data Quality,32
11J,E38000045,NHS Dorset ICB - 11J,E54000041,NHS Dorset Integrated Care Board,E40000006,South West,MAY2022,Attended,Other Practice staff,Home Visit,1 Day,42
11J,E38000045,NHS Dorset ICB - 11J,E54000041,NHS Dorset Integrated Care Board,E40000006,South West,MAY2022,Attended,Other Practice staff,Home Visit,15  to 21 Days,36
11J,E38000045,NHS Dorset ICB - 11J,E54000041,NHS Dorset Integrated Care Board,E40000006,South West,MAY2022,Attended,Other Practice staff,Home Visit,2 to 7 Days,138
11J,E38000045,NHS Dorset ICB - 11J,E54000041,NHS Dorset Integrated Care Board,E40000006,South West,MAY2022,Attended,Other Practice staff,Home Visit,22  to 28 Days,28
11J,E38000045,NHS Dorset ICB - 11J,E54000041,NHS Dorset Integrated Care Board,E40000006,South West,MAY2022,Attended,Other Practice staff,Home Visit,8  to 14 Days,77
11J,E38000045,NHS Dorset ICB - 11J,E54000041,NHS Dorset Integrated Care Board,E40000006,South West,MAY2022,Attended,Other Practice staff,Home Visit,More than 28 Days,39
11J,E38000045,NHS Dorset ICB - 11J,E54000041,NHS Dorset Integrated Care Board,E40000006,South West,MAY2022,Attended,Other Practice staff,Home Visit,Same Day,129
11J,E38000045,NHS Dorset ICB - 11J,E54000041,NHS Dorset Integrated Care Board,E40000006,South West,MAY2022,Attended,Other Practice staff,Home Visit,Unknown / Data Quality,1
11J,E38000045,NHS Dorset ICB - 11J,E54000041,NHS Dorset Integrated Care Board,E40000006,South West,MAY2022,Attended,Other Practice staff,Telephone,1 Day,1318
11J,E38000045,NHS Dorset ICB - 11J,E54000041,NHS Dorset Integrated Care Board,E40000006,South West,MAY2022,Attended,Other Practice staff,Telephone,15  to 21 Days,1651
11J,E38000045,NHS Dorset ICB - 11J,E54000041,NHS Dorset Integrated Care Board,E40000006,South West,MAY2022,Attended,Other Practice staff,Telephone,2 to 7 Days,3274
11J,E38000045,NHS Dorset ICB - 11J,E54000041,NHS Dorset Integrated Care Board,E40000006,South West,MAY2022,Attended,Other Practice staff,Telephone,22  to 28 Days,1046
11J,E38000045,NHS Dorset ICB - 11J,E54000041,NHS Dorset Integrated Care Board,E40000006,South West,MAY2022,Attended,Other Practice staff,Telephone,8  to 14 Days,2315
11J,E38000045,NHS Dorset ICB - 11J,E54000041,NHS Dorset Integrated Care Board,E40000006,South West,MAY2022,Attended,Other Practice staff,Telephone,More than 28 Days,985
11J,E38000045,NHS Dorset ICB - 11J,E54000041,NHS Dorset Integrated Care Board,E40000006,South West,MAY2022,Attended,Other Practice staff,Telephone,Same Day,12824
11J,E38000045,NHS Dorset ICB - 11J,E54000041,NHS Dorset Integrated Care Board,E40000006,South West,MAY2022,Attended,Other Practice staff,Telephone,Unknown / Data Quality,4
11J,E38000045,NHS Dorset ICB - 11J,E54000041,NHS Dorset Integrated Care Board,E40000006,South West,MAY2022,Attended,Other Practice staff,Video/Online,1 Day,119
11J,E38000045,NHS Dorset ICB - 11J,E54000041,NHS Dorset Integrated Care Board,E40000006,South West,MAY2022,Attended,Other Practice staff,Video/Online,15  to 21 Days,78
11J,E38000045,NHS Dorset ICB - 11J,E54000041,NHS Dorset Integrated Care Board,E40000006,South West,MAY2022,Attended,Other Practice staff,Video/Online,2 to 7 Days,661
11J,E38000045,NHS Dorset ICB - 11J,E54000041,NHS Dorset Integrated Care Board,E40000006,South West,MAY2022,Attended,Other Practice staff,Video/Online,22  to 28 Days,57
11J,E38000045,NHS Dorset ICB - 11J,E54000041,NHS Dorset Integrated Care Board,E40000006,South West,MAY2022,Attended,Other Practice staff,Video/Online,8  to 14 Days,241
11J,E38000045,NHS Dorset ICB - 11J,E54000041,NHS Dorset Integrated Care Board,E40000006,South West,MAY2022,Attended,Other Practice staff,Video/Online,More than 28 Days,73
11J,E38000045,NHS Dorset ICB - 11J,E54000041,NHS Dorset Integrated Care Board,E40000006,South West,MAY2022,Attended,Other Practice staff,Video/Online,Same Day,141
11J,E38000045,NHS Dorset ICB - 11J,E54000041,NHS Dorset Integrated Care Board,E40000006,South West,MAY2022,Attended,Unknown,Unknown,1 Day,1395
11J,E38000045,NHS Dorset ICB - 11J,E54000041,NHS Dorset Integrated Care Board,E40000006,South West,MAY2022,Attended,Unknown,Unknown,15  to 21 Days,826
11J,E38000045,NHS Dorset ICB - 11J,E54000041,NHS Dorset Integrated Care Board,E40000006,South West,MAY2022,Attended,Unknown,Unknown,2 to 7 Days,2867
11J,E38000045,NHS Dorset ICB - 11J,E54000041,NHS Dorset Integrated Care Board,E40000006,South West,MAY2022,Attended,Unknown,Unknown,22  to 28 Days,423
11J,E38000045,NHS Dorset ICB - 11J,E54000041,NHS Dorset Integrated Care Board,E40000006,South West,MAY2022,Attended,Unknown,Unknown,8  to 14 Days,1277
11J,E38000045,NHS Dorset ICB - 11J,E54000041,NHS Dorset Integrated Care Board,E40000006,South West,MAY2022,Attended,Unknown,Unknown,More than 28 Days,411
11J,E38000045,NHS Dorset ICB - 11J,E54000041,NHS Dorset Integrated Care Board,E40000006,South West,MAY2022,Attended,Unknown,Unknown,Same Day,12577
11J,E38000045,NHS Dorset ICB - 11J,E54000041,NHS Dorset Integrated Care Board,E40000006,South West,MAY2022,Attended,Unknown,Unknown,Unknown / Data Quality,1
11J,E38000045,NHS Dorset ICB - 11J,E54000041,NHS Dorset Integrated Care Board,E40000006,South West,MAY2022,DNA,GP,Face-to-Face,1 Day,197
11J,E38000045,NHS Dorset ICB - 11J,E54000041,NHS Dorset Integrated Care Board,E40000006,South West,MAY2022,DNA,GP,Face-to-Face,15  to 21 Days,452
11J,E38000045,NHS Dorset ICB - 11J,E54000041,NHS Dorset Integrated Care Board,E40000006,South West,MAY2022,DNA,GP,Face-to-Face,2 to 7 Days,625
11J,E38000045,NHS Dorset ICB - 11J,E54000041,NHS Dorset Integrated Care Board,E40000006,South West,MAY2022,DNA,GP,Face-to-Face,22  to 28 Days,307
11J,E38000045,NHS Dorset ICB - 11J,E54000041,NHS Dorset Integrated Care Board,E40000006,South West,MAY2022,DNA,GP,Face-to-Face,8  to 14 Days,573
11J,E38000045,NHS Dorset ICB - 11J,E54000041,NHS Dorset Integrated Care Board,E40000006,South West,MAY2022,DNA,GP,Face-to-Face,More than 28 Days,319
11J,E38000045,NHS Dorset ICB - 11J,E54000041,NHS Dorset Integrated Care Board,E40000006,South West,MAY2022,DNA,GP,Face-to-Face,Same Day,393
11J,E38000045,NHS Dorset ICB - 11J,E54000041,NHS Dorset Integrated Care Board,E40000006,South West,MAY2022,DNA,GP,Face-to-Face,Unknown / Data Quality,1
11J,E38000045,NHS Dorset ICB - 11J,E54000041,NHS Dorset Integrated Care Board,E40000006,South West,MAY2022,DNA,GP,Home Visit,1 Day,2
11J,E38000045,NHS Dorset ICB - 11J,E54000041,NHS Dorset Integrated Care Board,E40000006,South West,MAY2022,DNA,GP,Home Visit,2 to 7 Days,1
11J,E38000045,NHS Dorset ICB - 11J,E54000041,NHS Dorset Integrated Care Board,E40000006,South West,MAY2022,DNA,GP,Home Visit,8  to 14 Days,1
11J,E38000045,NHS Dorset ICB - 11J,E54000041,NHS Dorset Integrated Care Board,E40000006,South West,MAY2022,DNA,GP,Home Visit,Same Day,13
11J,E38000045,NHS Dorset ICB - 11J,E54000041,NHS Dorset Integrated Care Board,E40000006,South West,MAY2022,DNA,GP,Telephone,1 Day,12
11J,E38000045,NHS Dorset ICB - 11J,E54000041,NHS Dorset Integrated Care Board,E40000006,South West,MAY2022,DNA,GP,Telephone,15  to 21 Days,24
11J,E38000045,NHS Dorset ICB - 11J,E54000041,NHS Dorset Integrated Care Board,E40000006,South West,MAY2022,DNA,GP,Telephone,2 to 7 Days,31
11J,E38000045,NHS Dorset ICB - 11J,E54000041,NHS Dorset Integrated Care Board,E40000006,South West,MAY2022,DNA,GP,Telephone,22  to 28 Days,11
11J,E38000045,NHS Dorset ICB - 11J,E54000041,NHS Dorset Integrated Care Board,E40000006,South West,MAY2022,DNA,GP,Telephone,8  to 14 Days,45
11J,E38000045,NHS Dorset ICB - 11J,E54000041,NHS Dorset Integrated Care Board,E40000006,South West,MAY2022,DNA,GP,Telephone,More than 28 Days,9
11J,E38000045,NHS Dorset ICB - 11J,E54000041,NHS Dorset Integrated Care Board,E40000006,South West,MAY2022,DNA,GP,Telephone,Same Day,24
11J,E38000045,NHS Dorset ICB - 11J,E54000041,NHS Dorset Integrated Care Board,E40000006,South West,MAY2022,DNA,GP,Video/Online,15  to 21 Days,1
11J,E38000045,NHS Dorset ICB - 11J,E54000041,NHS Dorset Integrated Care Board,E40000006,South West,MAY2022,DNA,GP,Video/Online,2 to 7 Days,3
11J,E38000045,NHS Dorset ICB - 11J,E54000041,NHS Dorset Integrated Care Board,E40000006,South West,MAY2022,DNA,GP,Video/Online,Same Day,2
11J,E38000045,NHS Dorset ICB - 11J,E54000041,NHS Dorset Integrated Care Board,E40000006,South West,MAY2022,DNA,Other Practice staff,Face-to-Face,1 Day,478
11J,E38000045,NHS Dorset ICB - 11J,E54000041,NHS Dorset Integrated Care Board,E40000006,South West,MAY2022,DNA,Other Practice staff,Face-to-Face,15  to 21 Days,1139
11J,E38000045,NHS Dorset ICB - 11J,E54000041,NHS Dorset Integrated Care Board,E40000006,South West,MAY2022,DNA,Other Practice staff,Face-to-Face,2 to 7 Days,2110
11J,E38000045,NHS Dorset ICB - 11J,E54000041,NHS Dorset Integrated Care Board,E40000006,South West,MAY2022,DNA,Other Practice staff,Face-to-Face,22  to 28 Days,789
11J,E38000045,NHS Dorset ICB - 11J,E54000041,NHS Dorset Integrated Care Board,E40000006,South West,MAY2022,DNA,Other Practice staff,Face-to-Face,8  to 14 Days,2384
11J,E38000045,NHS Dorset ICB - 11J,E54000041,NHS Dorset Integrated Care Board,E40000006,South West,MAY2022,DNA,Other Practice staff,Face-to-Face,More than 28 Days,1088
11J,E38000045,NHS Dorset ICB - 11J,E54000041,NHS Dorset Integrated Care Board,E40000006,South West,MAY2022,DNA,Other Practice staff,Face-to-Face,Same Day,1266
11J,E38000045,NHS Dorset ICB - 11J,E54000041,NHS Dorset Integrated Care Board,E40000006,South West,MAY2022,DNA,Other Practice staff,Home Visit,1 Day,7
11J,E38000045,NHS Dorset ICB - 11J,E54000041,NHS Dorset Integrated Care Board,E40000006,South West,MAY2022,DNA,Other Practice staff,Home Visit,15  to 21 Days,96
11J,E38000045,NHS Dorset ICB - 11J,E54000041,NHS Dorset Integrated Care Board,E40000006,South West,MAY2022,DNA,Other Practice staff,Home Visit,2 to 7 Days,69
11J,E38000045,NHS Dorset ICB - 11J,E54000041,NHS Dorset Integrated Care Board,E40000006,South West,MAY2022,DNA,Other Practice staff,Home Visit,22  to 28 Days,53
11J,E38000045,NHS Dorset ICB - 11J,E54000041,NHS Dorset Integrated Care Board,E40000006,South West,MAY2022,DNA,Other Practice staff,Home Visit,8  to 14 Days,91
11J,E38000045,NHS Dorset ICB - 11J,E54000041,NHS Dorset Integrated Care Board,E40000006,South West,MAY2022,DNA,Other Practice staff,Home Visit,More than 28 Days,5
11J,E38000045,NHS Dorset ICB - 11J,E54000041,NHS Dorset Integrated Care Board,E40000006,South West,MAY2022,DNA,Other Practice staff,Home Visit,Same Day,8
11J,E38000045,NHS Dorset ICB - 11J,E54000041,NHS Dorset Integrated Care Board,E40000006,South West,MAY2022,DNA,Other Practice staff,Telephone,1 Day,13
11J,E38000045,NHS Dorset ICB - 11J,E54000041,NHS Dorset Integrated Care Board,E40000006,South West,MAY2022,DNA,Other Practice staff,Telephone,15  to 21 Days,15
11J,E38000045,NHS Dorset ICB - 11J,E54000041,NHS Dorset Integrated Care Board,E40000006,South West,MAY2022,DNA,Other Practice staff,Telephone,2 to 7 Days,41
11J,E38000045,NHS Dorset ICB - 11J,E54000041,NHS Dorset Integrated Care Board,E40000006,South West,MAY2022,DNA,Other Practice staff,Telephone,22  to 28 Days,17
11J,E38000045,NHS Dorset ICB - 11J,E54000041,NHS Dorset Integrated Care Board,E40000006,South West,MAY2022,DNA,Other Practice staff,Telephone,8  to 14 Days,38
11J,E38000045,NHS Dorset ICB - 11J,E54000041,NHS Dorset Integrated Care Board,E40000006,South West,MAY2022,DNA,Other Practice staff,Telephone,More than 28 Days,13
11J,E38000045,NHS Dorset ICB - 11J,E54000041,NHS Dorset Integrated Care Board,E40000006,South West,MAY2022,DNA,Other Practice staff,Telephone,Same Day,23
11J,E38000045,NHS Dorset ICB - 11J,E54000041,NHS Dorset Integrated Care Board,E40000006,South West,MAY2022,DNA,Other Practice staff,Video/Online,1 Day,2
11J,E38000045,NHS Dorset ICB - 11J,E54000041,NHS Dorset Integrated Care Board,E40000006,South West,MAY2022,DNA,Other Practice staff,Video/Online,15  to 21 Days,1
11J,E38000045,NHS Dorset ICB - 11J,E54000041,NHS Dorset Integrated Care Board,E40000006,South West,MAY2022,DNA,Other Practice staff,Video/Online,2 to 7 Days,25
11J,E38000045,NHS Dorset ICB - 11J,E54000041,NHS Dorset Integrated Care Board,E40000006,South West,MAY2022,DNA,Other Practice staff,Video/Online,22  to 28 Days,1
11J,E38000045,NHS Dorset ICB - 11J,E54000041,NHS Dorset Integrated Care Board,E40000006,South West,MAY2022,DNA,Other Practice staff,Video/Online,8  to 14 Days,8
11J,E38000045,NHS Dorset ICB - 11J,E54000041,NHS Dorset Integrated Care Board,E40000006,South West,MAY2022,DNA,Other Practice staff,Video/Online,More than 28 Days,9
11J,E38000045,NHS Dorset ICB - 11J,E54000041,NHS Dorset Integrated Care Board,E40000006,South West,MAY2022,DNA,Unknown,Unknown,1 Day,35
11J,E38000045,NHS Dorset ICB - 11J,E54000041,NHS Dorset Integrated Care Board,E40000006,South West,MAY2022,DNA,Unknown,Unknown,15  to 21 Days,68
11J,E38000045,NHS Dorset ICB - 11J,E54000041,NHS Dorset Integrated Care Board,E40000006,South West,MAY2022,DNA,Unknown,Unknown,2 to 7 Days,98
11J,E38000045,NHS Dorset ICB - 11J,E54000041,NHS Dorset Integrated Care Board,E40000006,South West,MAY2022,DNA,Unknown,Unknown,22  to 28 Days,43
11J,E38000045,NHS Dorset ICB - 11J,E54000041,NHS Dorset Integrated Care Board,E40000006,South West,MAY2022,DNA,Unknown,Unknown,8  to 14 Days,51
11J,E38000045,NHS Dorset ICB - 11J,E54000041,NHS Dorset Integrated Care Board,E40000006,South West,MAY2022,DNA,Unknown,Unknown,More than 28 Days,16
11J,E38000045,NHS Dorset ICB - 11J,E54000041,NHS Dorset Integrated Care Board,E40000006,South West,MAY2022,DNA,Unknown,Unknown,Same Day,84
11J,E38000045,NHS Dorset ICB - 11J,E54000041,NHS Dorset Integrated Care Board,E40000006,South West,MAY2022,Unknown,GP,Face-to-Face,1 Day,217
11J,E38000045,NHS Dorset ICB - 11J,E54000041,NHS Dorset Integrated Care Board,E40000006,South West,MAY2022,Unknown,GP,Face-to-Face,15  to 21 Days,236
11J,E38000045,NHS Dorset ICB - 11J,E54000041,NHS Dorset Integrated Care Board,E40000006,South West,MAY2022,Unknown,GP,Face-to-Face,2 to 7 Days,394
11J,E38000045,NHS Dorset ICB - 11J,E54000041,NHS Dorset Integrated Care Board,E40000006,South West,MAY2022,Unknown,GP,Face-to-Face,22  to 28 Days,238
11J,E38000045,NHS Dorset ICB - 11J,E54000041,NHS Dorset Integrated Care Board,E40000006,South West,MAY2022,Unknown,GP,Face-to-Face,8  to 14 Days,316
11J,E38000045,NHS Dorset ICB - 11J,E54000041,NHS Dorset Integrated Care Board,E40000006,South West,MAY2022,Unknown,GP,Face-to-Face,More than 28 Days,369
11J,E38000045,NHS Dorset ICB - 11J,E54000041,NHS Dorset Integrated Care Board,E40000006,South West,MAY2022,Unknown,GP,Face-to-Face,Same Day,450
11J,E38000045,NHS Dorset ICB - 11J,E54000041,NHS Dorset Integrated Care Board,E40000006,South West,MAY2022,Unknown,GP,Home Visit,15  to 21 Days,1
11J,E38000045,NHS Dorset ICB - 11J,E54000041,NHS Dorset Integrated Care Board,E40000006,South West,MAY2022,Unknown,GP,Home Visit,2 to 7 Days,6
11J,E38000045,NHS Dorset ICB - 11J,E54000041,NHS Dorset Integrated Care Board,E40000006,South West,MAY2022,Unknown,GP,Home Visit,Same Day,5
11J,E38000045,NHS Dorset ICB - 11J,E54000041,NHS Dorset Integrated Care Board,E40000006,South West,MAY2022,Unknown,GP,Telephone,1 Day,41
11J,E38000045,NHS Dorset ICB - 11J,E54000041,NHS Dorset Integrated Care Board,E40000006,South West,MAY2022,Unknown,GP,Telephone,15  to 21 Days,103
11J,E38000045,NHS Dorset ICB - 11J,E54000041,NHS Dorset Integrated Care Board,E40000006,South West,MAY2022,Unknown,GP,Telephone,2 to 7 Days,124
11J,E38000045,NHS Dorset ICB - 11J,E54000041,NHS Dorset Integrated Care Board,E40000006,South West,MAY2022,Unknown,GP,Telephone,22  to 28 Days,100
11J,E38000045,NHS Dorset ICB - 11J,E54000041,NHS Dorset Integrated Care Board,E40000006,South West,MAY2022,Unknown,GP,Telephone,8  to 14 Days,132
11J,E38000045,NHS Dorset ICB - 11J,E54000041,NHS Dorset Integrated Care Board,E40000006,South West,MAY2022,Unknown,GP,Telephone,More than 28 Days,141
11J,E38000045,NHS Dorset ICB - 11J,E54000041,NHS Dorset Integrated Care Board,E40000006,South West,MAY2022,Unknown,GP,Telephone,Same Day,65
11J,E38000045,NHS Dorset ICB - 11J,E54000041,NHS Dorset Integrated Care Board,E40000006,South West,MAY2022,Unknown,GP,Video/Online,1 Day,7
11J,E38000045,NHS Dorset ICB - 11J,E54000041,NHS Dorset Integrated Care Board,E40000006,South West,MAY2022,Unknown,GP,Video/Online,2 to 7 Days,2
11J,E38000045,NHS Dorset ICB - 11J,E54000041,NHS Dorset Integrated Care Board,E40000006,South West,MAY2022,Unknown,GP,Video/Online,22  to 28 Days,1
11J,E38000045,NHS Dorset ICB - 11J,E54000041,NHS Dorset Integrated Care Board,E40000006,South West,MAY2022,Unknown,GP,Video/Online,8  to 14 Days,1
11J,E38000045,NHS Dorset ICB - 11J,E54000041,NHS Dorset Integrated Care Board,E40000006,South West,MAY2022,Unknown,GP,Video/Online,More than 28 Days,1
11J,E38000045,NHS Dorset ICB - 11J,E54000041,NHS Dorset Integrated Care Board,E40000006,South West,MAY2022,Unknown,GP,Video/Online,Same Day,64
11J,E38000045,NHS Dorset ICB - 11J,E54000041,NHS Dorset Integrated Care Board,E40000006,South West,MAY2022,Unknown,Other Practice staff,Face-to-Face,1 Day,342
11J,E38000045,NHS Dorset ICB - 11J,E54000041,NHS Dorset Integrated Care Board,E40000006,South West,MAY2022,Unknown,Other Practice staff,Face-to-Face,15  to 21 Days,755
11J,E38000045,NHS Dorset ICB - 11J,E54000041,NHS Dorset Integrated Care Board,E40000006,South West,MAY2022,Unknown,Other Practice staff,Face-to-Face,2 to 7 Days,1260
11J,E38000045,NHS Dorset ICB - 11J,E54000041,NHS Dorset Integrated Care Board,E40000006,South West,MAY2022,Unknown,Other Practice staff,Face-to-Face,22  to 28 Days,630
11J,E38000045,NHS Dorset ICB - 11J,E54000041,NHS Dorset Integrated Care Board,E40000006,South West,MAY2022,Unknown,Other Practice staff,Face-to-Face,8  to 14 Days,1463
11J,E38000045,NHS Dorset ICB - 11J,E54000041,NHS Dorset Integrated Care Board,E40000006,South West,MAY2022,Unknown,Other Practice staff,Face-to-Face,More than 28 Days,1063
11J,E38000045,NHS Dorset ICB - 11J,E54000041,NHS Dorset Integrated Care Board,E40000006,South West,MAY2022,Unknown,Other Practice staff,Face-to-Face,Same Day,497
11J,E38000045,NHS Dorset ICB - 11J,E54000041,NHS Dorset Integrated Care Board,E40000006,South West,MAY2022,Unknown,Other Practice staff,Face-to-Face,Unknown / Data Quality,12
11J,E38000045,NHS Dorset ICB - 11J,E54000041,NHS Dorset Integrated Care Board,E40000006,South West,MAY2022,Unknown,Other Practice staff,Home Visit,1 Day,2
11J,E38000045,NHS Dorset ICB - 11J,E54000041,NHS Dorset Integrated Care Board,E40000006,South West,MAY2022,Unknown,Other Practice staff,Home Visit,15  to 21 Days,5
11J,E38000045,NHS Dorset ICB - 11J,E54000041,NHS Dorset Integrated Care Board,E40000006,South West,MAY2022,Unknown,Other Practice staff,Home Visit,2 to 7 Days,8
11J,E38000045,NHS Dorset ICB - 11J,E54000041,NHS Dorset Integrated Care Board,E40000006,South West,MAY2022,Unknown,Other Practice staff,Home Visit,22  to 28 Days,4
11J,E38000045,NHS Dorset ICB - 11J,E54000041,NHS Dorset Integrated Care Board,E40000006,South West,MAY2022,Unknown,Other Practice staff,Home Visit,8  to 14 Days,6
11J,E38000045,NHS Dorset ICB - 11J,E54000041,NHS Dorset Integrated Care Board,E40000006,South West,MAY2022,Unknown,Other Practice staff,Home Visit,More than 28 Days,4
11J,E38000045,NHS Dorset ICB - 11J,E54000041,NHS Dorset Integrated Care Board,E40000006,South West,MAY2022,Unknown,Other Practice staff,Home Visit,Same Day,6
11J,E38000045,NHS Dorset ICB - 11J,E54000041,NHS Dorset Integrated Care Board,E40000006,South West,MAY2022,Unknown,Other Practice staff,Telephone,1 Day,43
11J,E38000045,NHS Dorset ICB - 11J,E54000041,NHS Dorset Integrated Care Board,E40000006,South West,MAY2022,Unknown,Other Practice staff,Telephone,15  to 21 Days,78
11J,E38000045,NHS Dorset ICB - 11J,E54000041,NHS Dorset Integrated Care Board,E40000006,South West,MAY2022,Unknown,Other Practice staff,Telephone,2 to 7 Days,158
11J,E38000045,NHS Dorset ICB - 11J,E54000041,NHS Dorset Integrated Care Board,E40000006,South West,MAY2022,Unknown,Other Practice staff,Telephone,22  to 28 Days,64
11J,E38000045,NHS Dorset ICB - 11J,E54000041,NHS Dorset Integrated Care Board,E40000006,South West,MAY2022,Unknown,Other Practice staff,Telephone,8  to 14 Days,97
11J,E38000045,NHS Dorset ICB - 11J,E54000041,NHS Dorset Integrated Care Board,E40000006,South West,MAY2022,Unknown,Other Practice staff,Telephone,More than 28 Days,97
11J,E38000045,NHS Dorset ICB - 11J,E54000041,NHS Dorset Integrated Care Board,E40000006,South West,MAY2022,Unknown,Other Practice staff,Telephone,Same Day,116
11J,E38000045,NHS Dorset ICB - 11J,E54000041,NHS Dorset Integrated Care Board,E40000006,South West,MAY2022,Unknown,Other Practice staff,Telephone,Unknown / Data Quality,3
11J,E38000045,NHS Dorset ICB - 11J,E54000041,NHS Dorset Integrated Care Board,E40000006,South West,MAY2022,Unknown,Other Practice staff,Video/Online,15  to 21 Days,1
11J,E38000045,NHS Dorset ICB - 11J,E54000041,NHS Dorset Integrated Care Board,E40000006,South West,MAY2022,Unknown,Other Practice staff,Video/Online,2 to 7 Days,17
11J,E38000045,NHS Dorset ICB - 11J,E54000041,NHS Dorset Integrated Care Board,E40000006,South West,MAY2022,Unknown,Other Practice staff,Video/Online,22  to 28 Days,6
11J,E38000045,NHS Dorset ICB - 11J,E54000041,NHS Dorset Integrated Care Board,E40000006,South West,MAY2022,Unknown,Other Practice staff,Video/Online,8  to 14 Days,5
11J,E38000045,NHS Dorset ICB - 11J,E54000041,NHS Dorset Integrated Care Board,E40000006,South West,MAY2022,Unknown,Other Practice staff,Video/Online,More than 28 Days,4
11J,E38000045,NHS Dorset ICB - 11J,E54000041,NHS Dorset Integrated Care Board,E40000006,South West,MAY2022,Unknown,Unknown,Unknown,1 Day,30
11J,E38000045,NHS Dorset ICB - 11J,E54000041,NHS Dorset Integrated Care Board,E40000006,South West,MAY2022,Unknown,Unknown,Unknown,15  to 21 Days,97
11J,E38000045,NHS Dorset ICB - 11J,E54000041,NHS Dorset Integrated Care Board,E40000006,South West,MAY2022,Unknown,Unknown,Unknown,2 to 7 Days,100
11J,E38000045,NHS Dorset ICB - 11J,E54000041,NHS Dorset Integrated Care Board,E40000006,South West,MAY2022,Unknown,Unknown,Unknown,22  to 28 Days,145
11J,E38000045,NHS Dorset ICB - 11J,E54000041,NHS Dorset Integrated Care Board,E40000006,South West,MAY2022,Unknown,Unknown,Unknown,8  to 14 Days,151
11J,E38000045,NHS Dorset ICB - 11J,E54000041,NHS Dorset Integrated Care Board,E40000006,South West,MAY2022,Unknown,Unknown,Unknown,More than 28 Days,207
11J,E38000045,NHS Dorset ICB - 11J,E54000041,NHS Dorset Integrated Care Board,E40000006,South West,MAY2022,Unknown,Unknown,Unknown,Same Day,61
11J,E38000045,NHS Dorset ICB - 11J,E54000041,NHS Dorset Integrated Care Board,E40000006,South West,JUN2022,Attended,GP,Face-to-Face,1 Day,9553
11J,E38000045,NHS Dorset ICB - 11J,E54000041,NHS Dorset Integrated Care Board,E40000006,South West,JUN2022,Attended,GP,Face-to-Face,15  to 21 Days,7711
11J,E38000045,NHS Dorset ICB - 11J,E54000041,NHS Dorset Integrated Care Board,E40000006,South West,JUN2022,Attended,GP,Face-to-Face,2 to 7 Days,17768
11J,E38000045,NHS Dorset ICB - 11J,E54000041,NHS Dorset Integrated Care Board,E40000006,South West,JUN2022,Attended,GP,Face-to-Face,22  to 28 Days,5988
11J,E38000045,NHS Dorset ICB - 11J,E54000041,NHS Dorset Integrated Care Board,E40000006,South West,JUN2022,Attended,GP,Face-to-Face,8  to 14 Days,11421
11J,E38000045,NHS Dorset ICB - 11J,E54000041,NHS Dorset Integrated Care Board,E40000006,South West,JUN2022,Attended,GP,Face-to-Face,More than 28 Days,5994
11J,E38000045,NHS Dorset ICB - 11J,E54000041,NHS Dorset Integrated Care Board,E40000006,South West,JUN2022,Attended,GP,Face-to-Face,Same Day,51582
11J,E38000045,NHS Dorset ICB - 11J,E54000041,NHS Dorset Integrated Care Board,E40000006,South West,JUN2022,Attended,GP,Face-to-Face,Unknown / Data Quality,8
11J,E38000045,NHS Dorset ICB - 11J,E54000041,NHS Dorset Integrated Care Board,E40000006,South West,JUN2022,Attended,GP,Home Visit,1 Day,18
11J,E38000045,NHS Dorset ICB - 11J,E54000041,NHS Dorset Integrated Care Board,E40000006,South West,JUN2022,Attended,GP,Home Visit,2 to 7 Days,27
11J,E38000045,NHS Dorset ICB - 11J,E54000041,NHS Dorset Integrated Care Board,E40000006,South West,JUN2022,Attended,GP,Home Visit,22  to 28 Days,2
11J,E38000045,NHS Dorset ICB - 11J,E54000041,NHS Dorset Integrated Care Board,E40000006,South West,JUN2022,Attended,GP,Home Visit,8  to 14 Days,6
11J,E38000045,NHS Dorset ICB - 11J,E54000041,NHS Dorset Integrated Care Board,E40000006,South West,JUN2022,Attended,GP,Home Visit,Same Day,96
11J,E38000045,NHS Dorset ICB - 11J,E54000041,NHS Dorset Integrated Care Board,E40000006,South West,JUN2022,Attended,GP,Home Visit,Unknown / Data Quality,1
11J,E38000045,NHS Dorset ICB - 11J,E54000041,NHS Dorset Integrated Care Board,E40000006,South West,JUN2022,Attended,GP,Telephone,1 Day,3292
11J,E38000045,NHS Dorset ICB - 11J,E54000041,NHS Dorset Integrated Care Board,E40000006,South West,JUN2022,Attended,GP,Telephone,15  to 21 Days,4063
11J,E38000045,NHS Dorset ICB - 11J,E54000041,NHS Dorset Integrated Care Board,E40000006,South West,JUN2022,Attended,GP,Telephone,2 to 7 Days,6664
11J,E38000045,NHS Dorset ICB - 11J,E54000041,NHS Dorset Integrated Care Board,E40000006,South West,JUN2022,Attended,GP,Telephone,22  to 28 Days,2728
11J,E38000045,NHS Dorset ICB - 11J,E54000041,NHS Dorset Integrated Care Board,E40000006,South West,JUN2022,Attended,GP,Telephone,8  to 14 Days,5351
11J,E38000045,NHS Dorset ICB - 11J,E54000041,NHS Dorset Integrated Care Board,E40000006,South West,JUN2022,Attended,GP,Telephone,More than 28 Days,1780
11J,E38000045,NHS Dorset ICB - 11J,E54000041,NHS Dorset Integrated Care Board,E40000006,South West,JUN2022,Attended,GP,Telephone,Same Day,27645
11J,E38000045,NHS Dorset ICB - 11J,E54000041,NHS Dorset Integrated Care Board,E40000006,South West,JUN2022,Attended,GP,Telephone,Unknown / Data Quality,19
11J,E38000045,NHS Dorset ICB - 11J,E54000041,NHS Dorset Integrated Care Board,E40000006,South West,JUN2022,Attended,GP,Video/Online,1 Day,492
11J,E38000045,NHS Dorset ICB - 11J,E54000041,NHS Dorset Integrated Care Board,E40000006,South West,JUN2022,Attended,GP,Video/Online,15  to 21 Days,17
11J,E38000045,NHS Dorset ICB - 11J,E54000041,NHS Dorset Integrated Care Board,E40000006,South West,JUN2022,Attended,GP,Video/Online,2 to 7 Days,364
11J,E38000045,NHS Dorset ICB - 11J,E54000041,NHS Dorset Integrated Care Board,E40000006,South West,JUN2022,Attended,GP,Video/Online,22  to 28 Days,12
11J,E38000045,NHS Dorset ICB - 11J,E54000041,NHS Dorset Integrated Care Board,E40000006,South West,JUN2022,Attended,GP,Video/Online,8  to 14 Days,39
11J,E38000045,NHS Dorset ICB - 11J,E54000041,NHS Dorset Integrated Care Board,E40000006,South West,JUN2022,Attended,GP,Video/Online,More than 28 Days,4
11J,E38000045,NHS Dorset ICB - 11J,E54000041,NHS Dorset Integrated Care Board,E40000006,South West,JUN2022,Attended,GP,Video/Online,Same Day,540
11J,E38000045,NHS Dorset ICB - 11J,E54000041,NHS Dorset Integrated Care Board,E40000006,South West,JUN2022,Attended,Other Practice staff,Face-to-Face,1 Day,10709
11J,E38000045,NHS Dorset ICB - 11J,E54000041,NHS Dorset Integrated Care Board,E40000006,South West,JUN2022,Attended,Other Practice staff,Face-to-Face,15  to 21 Days,17155
11J,E38000045,NHS Dorset ICB - 11J,E54000041,NHS Dorset Integrated Care Board,E40000006,South West,JUN2022,Attended,Other Practice staff,Face-to-Face,2 to 7 Days,27677
11J,E38000045,NHS Dorset ICB - 11J,E54000041,NHS Dorset Integrated Care Board,E40000006,South West,JUN2022,Attended,Other Practice staff,Face-to-Face,22  to 28 Days,10873
11J,E38000045,NHS Dorset ICB - 11J,E54000041,NHS Dorset Integrated Care Board,E40000006,South West,JUN2022,Attended,Other Practice staff,Face-to-Face,8  to 14 Days,25399
11J,E38000045,NHS Dorset ICB - 11J,E54000041,NHS Dorset Integrated Care Board,E40000006,South West,JUN2022,Attended,Other Practice staff,Face-to-Face,More than 28 Days,11411
11J,E38000045,NHS Dorset ICB - 11J,E54000041,NHS Dorset Integrated Care Board,E40000006,South West,JUN2022,Attended,Other Practice staff,Face-to-Face,Same Day,40783
11J,E38000045,NHS Dorset ICB - 11J,E54000041,NHS Dorset Integrated Care Board,E40000006,South West,JUN2022,Attended,Other Practice staff,Face-to-Face,Unknown / Data Quality,34
11J,E38000045,NHS Dorset ICB - 11J,E54000041,NHS Dorset Integrated Care Board,E40000006,South West,JUN2022,Attended,Other Practice staff,Home Visit,1 Day,75
11J,E38000045,NHS Dorset ICB - 11J,E54000041,NHS Dorset Integrated Care Board,E40000006,South West,JUN2022,Attended,Other Practice staff,Home Visit,15  to 21 Days,98
11J,E38000045,NHS Dorset ICB - 11J,E54000041,NHS Dorset Integrated Care Board,E40000006,South West,JUN2022,Attended,Other Practice staff,Home Visit,2 to 7 Days,133
11J,E38000045,NHS Dorset ICB - 11J,E54000041,NHS Dorset Integrated Care Board,E40000006,South West,JUN2022,Attended,Other Practice staff,Home Visit,22  to 28 Days,69
11J,E38000045,NHS Dorset ICB - 11J,E54000041,NHS Dorset Integrated Care Board,E40000006,South West,JUN2022,Attended,Other Practice staff,Home Visit,8  to 14 Days,88
11J,E38000045,NHS Dorset ICB - 11J,E54000041,NHS Dorset Integrated Care Board,E40000006,South West,JUN2022,Attended,Other Practice staff,Home Visit,More than 28 Days,86
11J,E38000045,NHS Dorset ICB - 11J,E54000041,NHS Dorset Integrated Care Board,E40000006,South West,JUN2022,Attended,Other Practice staff,Home Visit,Same Day,122
11J,E38000045,NHS Dorset ICB - 11J,E54000041,NHS Dorset Integrated Care Board,E40000006,South West,JUN2022,Attended,Other Practice staff,Telephone,1 Day,1242
11J,E38000045,NHS Dorset ICB - 11J,E54000041,NHS Dorset Integrated Care Board,E40000006,South West,JUN2022,Attended,Other Practice staff,Telephone,15  to 21 Days,1472
11J,E38000045,NHS Dorset ICB - 11J,E54000041,NHS Dorset Integrated Care Board,E40000006,South West,JUN2022,Attended,Other Practice staff,Telephone,2 to 7 Days,2599
11J,E38000045,NHS Dorset ICB - 11J,E54000041,NHS Dorset Integrated Care Board,E40000006,South West,JUN2022,Attended,Other Practice staff,Telephone,22  to 28 Days,1023
11J,E38000045,NHS Dorset ICB - 11J,E54000041,NHS Dorset Integrated Care Board,E40000006,South West,JUN2022,Attended,Other Practice staff,Telephone,8  to 14 Days,1929
11J,E38000045,NHS Dorset ICB - 11J,E54000041,NHS Dorset Integrated Care Board,E40000006,South West,JUN2022,Attended,Other Practice staff,Telephone,More than 28 Days,985
11J,E38000045,NHS Dorset ICB - 11J,E54000041,NHS Dorset Integrated Care Board,E40000006,South West,JUN2022,Attended,Other Practice staff,Telephone,Same Day,11673
11J,E38000045,NHS Dorset ICB - 11J,E54000041,NHS Dorset Integrated Care Board,E40000006,South West,JUN2022,Attended,Other Practice staff,Telephone,Unknown / Data Quality,3
11J,E38000045,NHS Dorset ICB - 11J,E54000041,NHS Dorset Integrated Care Board,E40000006,South West,JUN2022,Attended,Other Practice staff,Video/Online,1 Day,186
11J,E38000045,NHS Dorset ICB - 11J,E54000041,NHS Dorset Integrated Care Board,E40000006,South West,JUN2022,Attended,Other Practice staff,Video/Online,15  to 21 Days,72
11J,E38000045,NHS Dorset ICB - 11J,E54000041,NHS Dorset Integrated Care Board,E40000006,South West,JUN2022,Attended,Other Practice staff,Video/Online,2 to 7 Days,547
11J,E38000045,NHS Dorset ICB - 11J,E54000041,NHS Dorset Integrated Care Board,E40000006,South West,JUN2022,Attended,Other Practice staff,Video/Online,22  to 28 Days,62
11J,E38000045,NHS Dorset ICB - 11J,E54000041,NHS Dorset Integrated Care Board,E40000006,South West,JUN2022,Attended,Other Practice staff,Video/Online,8  to 14 Days,219
11J,E38000045,NHS Dorset ICB - 11J,E54000041,NHS Dorset Integrated Care Board,E40000006,South West,JUN2022,Attended,Other Practice staff,Video/Online,More than 28 Days,67
11J,E38000045,NHS Dorset ICB - 11J,E54000041,NHS Dorset Integrated Care Board,E40000006,South West,JUN2022,Attended,Other Practice staff,Video/Online,Same Day,78
11J,E38000045,NHS Dorset ICB - 11J,E54000041,NHS Dorset Integrated Care Board,E40000006,South West,JUN2022,Attended,Unknown,Unknown,1 Day,1392
11J,E38000045,NHS Dorset ICB - 11J,E54000041,NHS Dorset Integrated Care Board,E40000006,South West,JUN2022,Attended,Unknown,Unknown,15  to 21 Days,760
11J,E38000045,NHS Dorset ICB - 11J,E54000041,NHS Dorset Integrated Care Board,E40000006,South West,JUN2022,Attended,Unknown,Unknown,2 to 7 Days,2401
11J,E38000045,NHS Dorset ICB - 11J,E54000041,NHS Dorset Integrated Care Board,E40000006,South West,JUN2022,Attended,Unknown,Unknown,22  to 28 Days,519
11J,E38000045,NHS Dorset ICB - 11J,E54000041,NHS Dorset Integrated Care Board,E40000006,South West,JUN2022,Attended,Unknown,Unknown,8  to 14 Days,1277
11J,E38000045,NHS Dorset ICB - 11J,E54000041,NHS Dorset Integrated Care Board,E40000006,South West,JUN2022,Attended,Unknown,Unknown,More than 28 Days,381
11J,E38000045,NHS Dorset ICB - 11J,E54000041,NHS Dorset Integrated Care Board,E40000006,South West,JUN2022,Attended,Unknown,Unknown,Same Day,10957
11J,E38000045,NHS Dorset ICB - 11J,E54000041,NHS Dorset Integrated Care Board,E40000006,South West,JUN2022,Attended,Unknown,Unknown,Unknown / Data Quality,6
11J,E38000045,NHS Dorset ICB - 11J,E54000041,NHS Dorset Integrated Care Board,E40000006,South West,JUN2022,DNA,GP,Face-to-Face,1 Day,234
11J,E38000045,NHS Dorset ICB - 11J,E54000041,NHS Dorset Integrated Care Board,E40000006,South West,JUN2022,DNA,GP,Face-to-Face,15  to 21 Days,407
11J,E38000045,NHS Dorset ICB - 11J,E54000041,NHS Dorset Integrated Care Board,E40000006,South West,JUN2022,DNA,GP,Face-to-Face,2 to 7 Days,581
11J,E38000045,NHS Dorset ICB - 11J,E54000041,NHS Dorset Integrated Care Board,E40000006,South West,JUN2022,DNA,GP,Face-to-Face,22  to 28 Days,388
11J,E38000045,NHS Dorset ICB - 11J,E54000041,NHS Dorset Integrated Care Board,E40000006,South West,JUN2022,DNA,GP,Face-to-Face,8  to 14 Days,492
11J,E38000045,NHS Dorset ICB - 11J,E54000041,NHS Dorset Integrated Care Board,E40000006,South West,JUN2022,DNA,GP,Face-to-Face,More than 28 Days,411
11J,E38000045,NHS Dorset ICB - 11J,E54000041,NHS Dorset Integrated Care Board,E40000006,South West,JUN2022,DNA,GP,Face-to-Face,Same Day,399
11J,E38000045,NHS Dorset ICB - 11J,E54000041,NHS Dorset Integrated Care Board,E40000006,South West,JUN2022,DNA,GP,Home Visit,1 Day,1
11J,E38000045,NHS Dorset ICB - 11J,E54000041,NHS Dorset Integrated Care Board,E40000006,South West,JUN2022,DNA,GP,Home Visit,2 to 7 Days,1
11J,E38000045,NHS Dorset ICB - 11J,E54000041,NHS Dorset Integrated Care Board,E40000006,South West,JUN2022,DNA,GP,Home Visit,Same Day,9
11J,E38000045,NHS Dorset ICB - 11J,E54000041,NHS Dorset Integrated Care Board,E40000006,South West,JUN2022,DNA,GP,Telephone,1 Day,10
11J,E38000045,NHS Dorset ICB - 11J,E54000041,NHS Dorset Integrated Care Board,E40000006,South West,JUN2022,DNA,GP,Telephone,15  to 21 Days,31
11J,E38000045,NHS Dorset ICB - 11J,E54000041,NHS Dorset Integrated Care Board,E40000006,South West,JUN2022,DNA,GP,Telephone,2 to 7 Days,29
11J,E38000045,NHS Dorset ICB - 11J,E54000041,NHS Dorset Integrated Care Board,E40000006,South West,JUN2022,DNA,GP,Telephone,22  to 28 Days,19
11J,E38000045,NHS Dorset ICB - 11J,E54000041,NHS Dorset Integrated Care Board,E40000006,South West,JUN2022,DNA,GP,Telephone,8  to 14 Days,36
11J,E38000045,NHS Dorset ICB - 11J,E54000041,NHS Dorset Integrated Care Board,E40000006,South West,JUN2022,DNA,GP,Telephone,More than 28 Days,21
11J,E38000045,NHS Dorset ICB - 11J,E54000041,NHS Dorset Integrated Care Board,E40000006,South West,JUN2022,DNA,GP,Telephone,Same Day,18
11J,E38000045,NHS Dorset ICB - 11J,E54000041,NHS Dorset Integrated Care Board,E40000006,South West,JUN2022,DNA,GP,Video/Online,1 Day,3
11J,E38000045,NHS Dorset ICB - 11J,E54000041,NHS Dorset Integrated Care Board,E40000006,South West,JUN2022,DNA,GP,Video/Online,Same Day,2
11J,E38000045,NHS Dorset ICB - 11J,E54000041,NHS Dorset Integrated Care Board,E40000006,South West,JUN2022,DNA,Other Practice staff,Face-to-Face,1 Day,430
11J,E38000045,NHS Dorset ICB - 11J,E54000041,NHS Dorset Integrated Care Board,E40000006,South West,JUN2022,DNA,Other Practice staff,Face-to-Face,15  to 21 Days,1635
11J,E38000045,NHS Dorset ICB - 11J,E54000041,NHS Dorset Integrated Care Board,E40000006,South West,JUN2022,DNA,Other Practice staff,Face-to-Face,2 to 7 Days,1773
11J,E38000045,NHS Dorset ICB - 11J,E54000041,NHS Dorset Integrated Care Board,E40000006,South West,JUN2022,DNA,Other Practice staff,Face-to-Face,22  to 28 Days,1224
11J,E38000045,NHS Dorset ICB - 11J,E54000041,NHS Dorset Integrated Care Board,E40000006,South West,JUN2022,DNA,Other Practice staff,Face-to-Face,8  to 14 Days,1904
11J,E38000045,NHS Dorset ICB - 11J,E54000041,NHS Dorset Integrated Care Board,E40000006,South West,JUN2022,DNA,Other Practice staff,Face-to-Face,More than 28 Days,1284
11J,E38000045,NHS Dorset ICB - 11J,E54000041,NHS Dorset Integrated Care Board,E40000006,South West,JUN2022,DNA,Other Practice staff,Face-to-Face,Same Day,1161
11J,E38000045,NHS Dorset ICB - 11J,E54000041,NHS Dorset Integrated Care Board,E40000006,South West,JUN2022,DNA,Other Practice staff,Home Visit,1 Day,13
11J,E38000045,NHS Dorset ICB - 11J,E54000041,NHS Dorset Integrated Care Board,E40000006,South West,JUN2022,DNA,Other Practice staff,Home Visit,15  to 21 Days,60
11J,E38000045,NHS Dorset ICB - 11J,E54000041,NHS Dorset Integrated Care Board,E40000006,South West,JUN2022,DNA,Other Practice staff,Home Visit,2 to 7 Days,54
11J,E38000045,NHS Dorset ICB - 11J,E54000041,NHS Dorset Integrated Care Board,E40000006,South West,JUN2022,DNA,Other Practice staff,Home Visit,22  to 28 Days,23
11J,E38000045,NHS Dorset ICB - 11J,E54000041,NHS Dorset Integrated Care Board,E40000006,South West,JUN2022,DNA,Other Practice staff,Home Visit,8  to 14 Days,107
11J,E38000045,NHS Dorset ICB - 11J,E54000041,NHS Dorset Integrated Care Board,E40000006,South West,JUN2022,DNA,Other Practice staff,Home Visit,More than 28 Days,7
11J,E38000045,NHS Dorset ICB - 11J,E54000041,NHS Dorset Integrated Care Board,E40000006,South West,JUN2022,DNA,Other Practice staff,Home Visit,Same Day,11
11J,E38000045,NHS Dorset ICB - 11J,E54000041,NHS Dorset Integrated Care Board,E40000006,South West,JUN2022,DNA,Other Practice staff,Telephone,1 Day,3
11J,E38000045,NHS Dorset ICB - 11J,E54000041,NHS Dorset Integrated Care Board,E40000006,South West,JUN2022,DNA,Other Practice staff,Telephone,15  to 21 Days,21
11J,E38000045,NHS Dorset ICB - 11J,E54000041,NHS Dorset Integrated Care Board,E40000006,South West,JUN2022,DNA,Other Practice staff,Telephone,2 to 7 Days,50
11J,E38000045,NHS Dorset ICB - 11J,E54000041,NHS Dorset Integrated Care Board,E40000006,South West,JUN2022,DNA,Other Practice staff,Telephone,22  to 28 Days,12
11J,E38000045,NHS Dorset ICB - 11J,E54000041,NHS Dorset Integrated Care Board,E40000006,South West,JUN2022,DNA,Other Practice staff,Telephone,8  to 14 Days,43
11J,E38000045,NHS Dorset ICB - 11J,E54000041,NHS Dorset Integrated Care Board,E40000006,South West,JUN2022,DNA,Other Practice staff,Telephone,More than 28 Days,12
11J,E38000045,NHS Dorset ICB - 11J,E54000041,NHS Dorset Integrated Care Board,E40000006,South West,JUN2022,DNA,Other Practice staff,Telephone,Same Day,13
11J,E38000045,NHS Dorset ICB - 11J,E54000041,NHS Dorset Integrated Care Board,E40000006,South West,JUN2022,DNA,Other Practice staff,Video/Online,1 Day,5
11J,E38000045,NHS Dorset ICB - 11J,E54000041,NHS Dorset Integrated Care Board,E40000006,South West,JUN2022,DNA,Other Practice staff,Video/Online,15  to 21 Days,5
11J,E38000045,NHS Dorset ICB - 11J,E54000041,NHS Dorset Integrated Care Board,E40000006,South West,JUN2022,DNA,Other Practice staff,Video/Online,2 to 7 Days,22
11J,E38000045,NHS Dorset ICB - 11J,E54000041,NHS Dorset Integrated Care Board,E40000006,South West,JUN2022,DNA,Other Practice staff,Video/Online,22  to 28 Days,4
11J,E38000045,NHS Dorset ICB - 11J,E54000041,NHS Dorset Integrated Care Board,E40000006,South West,JUN2022,DNA,Other Practice staff,Video/Online,8  to 14 Days,13
11J,E38000045,NHS Dorset ICB - 11J,E54000041,NHS Dorset Integrated Care Board,E40000006,South West,JUN2022,DNA,Other Practice staff,Video/Online,More than 28 Days,13
11J,E38000045,NHS Dorset ICB - 11J,E54000041,NHS Dorset Integrated Care Board,E40000006,South West,JUN2022,DNA,Unknown,Unknown,1 Day,31
11J,E38000045,NHS Dorset ICB - 11J,E54000041,NHS Dorset Integrated Care Board,E40000006,South West,JUN2022,DNA,Unknown,Unknown,15  to 21 Days,46
11J,E38000045,NHS Dorset ICB - 11J,E54000041,NHS Dorset Integrated Care Board,E40000006,South West,JUN2022,DNA,Unknown,Unknown,2 to 7 Days,99
11J,E38000045,NHS Dorset ICB - 11J,E54000041,NHS Dorset Integrated Care Board,E40000006,South West,JUN2022,DNA,Unknown,Unknown,22  to 28 Days,47
11J,E38000045,NHS Dorset ICB - 11J,E54000041,NHS Dorset Integrated Care Board,E40000006,South West,JUN2022,DNA,Unknown,Unknown,8  to 14 Days,65
11J,E38000045,NHS Dorset ICB - 11J,E54000041,NHS Dorset Integrated Care Board,E40000006,South West,JUN2022,DNA,Unknown,Unknown,More than 28 Days,36
11J,E38000045,NHS Dorset ICB - 11J,E54000041,NHS Dorset Integrated Care Board,E40000006,South West,JUN2022,DNA,Unknown,Unknown,Same Day,63
11J,E38000045,NHS Dorset ICB - 11J,E54000041,NHS Dorset Integrated Care Board,E40000006,South West,JUN2022,Unknown,GP,Face-to-Face,1 Day,201
11J,E38000045,NHS Dorset ICB - 11J,E54000041,NHS Dorset Integrated Care Board,E40000006,South West,JUN2022,Unknown,GP,Face-to-Face,15  to 21 Days,267
11J,E38000045,NHS Dorset ICB - 11J,E54000041,NHS Dorset Integrated Care Board,E40000006,South West,JUN2022,Unknown,GP,Face-to-Face,2 to 7 Days,456
11J,E38000045,NHS Dorset ICB - 11J,E54000041,NHS Dorset Integrated Care Board,E40000006,South West,JUN2022,Unknown,GP,Face-to-Face,22  to 28 Days,197
11J,E38000045,NHS Dorset ICB - 11J,E54000041,NHS Dorset Integrated Care Board,E40000006,South West,JUN2022,Unknown,GP,Face-to-Face,8  to 14 Days,351
11J,E38000045,NHS Dorset ICB - 11J,E54000041,NHS Dorset Integrated Care Board,E40000006,South West,JUN2022,Unknown,GP,Face-to-Face,More than 28 Days,373
11J,E38000045,NHS Dorset ICB - 11J,E54000041,NHS Dorset Integrated Care Board,E40000006,South West,JUN2022,Unknown,GP,Face-to-Face,Same Day,355
11J,E38000045,NHS Dorset ICB - 11J,E54000041,NHS Dorset Integrated Care Board,E40000006,South West,JUN2022,Unknown,GP,Face-to-Face,Unknown / Data Quality,1
11J,E38000045,NHS Dorset ICB - 11J,E54000041,NHS Dorset Integrated Care Board,E40000006,South West,JUN2022,Unknown,GP,Home Visit,2 to 7 Days,1
11J,E38000045,NHS Dorset ICB - 11J,E54000041,NHS Dorset Integrated Care Board,E40000006,South West,JUN2022,Unknown,GP,Home Visit,Same Day,1
11J,E38000045,NHS Dorset ICB - 11J,E54000041,NHS Dorset Integrated Care Board,E40000006,South West,JUN2022,Unknown,GP,Telephone,1 Day,35
11J,E38000045,NHS Dorset ICB - 11J,E54000041,NHS Dorset Integrated Care Board,E40000006,South West,JUN2022,Unknown,GP,Telephone,15  to 21 Days,110
11J,E38000045,NHS Dorset ICB - 11J,E54000041,NHS Dorset Integrated Care Board,E40000006,South West,JUN2022,Unknown,GP,Telephone,2 to 7 Days,115
11J,E38000045,NHS Dorset ICB - 11J,E54000041,NHS Dorset Integrated Care Board,E40000006,South West,JUN2022,Unknown,GP,Telephone,22  to 28 Days,98
11J,E38000045,NHS Dorset ICB - 11J,E54000041,NHS Dorset Integrated Care Board,E40000006,South West,JUN2022,Unknown,GP,Telephone,8  to 14 Days,121
11J,E38000045,NHS Dorset ICB - 11J,E54000041,NHS Dorset Integrated Care Board,E40000006,South West,JUN2022,Unknown,GP,Telephone,More than 28 Days,257
11J,E38000045,NHS Dorset ICB - 11J,E54000041,NHS Dorset Integrated Care Board,E40000006,South West,JUN2022,Unknown,GP,Telephone,Same Day,90
11J,E38000045,NHS Dorset ICB - 11J,E54000041,NHS Dorset Integrated Care Board,E40000006,South West,JUN2022,Unknown,GP,Video/Online,8  to 14 Days,1
11J,E38000045,NHS Dorset ICB - 11J,E54000041,NHS Dorset Integrated Care Board,E40000006,South West,JUN2022,Unknown,Other Practice staff,Face-to-Face,1 Day,405
11J,E38000045,NHS Dorset ICB - 11J,E54000041,NHS Dorset Integrated Care Board,E40000006,South West,JUN2022,Unknown,Other Practice staff,Face-to-Face,15  to 21 Days,849
11J,E38000045,NHS Dorset ICB - 11J,E54000041,NHS Dorset Integrated Care Board,E40000006,South West,JUN2022,Unknown,Other Practice staff,Face-to-Face,2 to 7 Days,950
11J,E38000045,NHS Dorset ICB - 11J,E54000041,NHS Dorset Integrated Care Board,E40000006,South West,JUN2022,Unknown,Other Practice staff,Face-to-Face,22  to 28 Days,633
11J,E38000045,NHS Dorset ICB - 11J,E54000041,NHS Dorset Integrated Care Board,E40000006,South West,JUN2022,Unknown,Other Practice staff,Face-to-Face,8  to 14 Days,1118
11J,E38000045,NHS Dorset ICB - 11J,E54000041,NHS Dorset Integrated Care Board,E40000006,South West,JUN2022,Unknown,Other Practice staff,Face-to-Face,More than 28 Days,1240
11J,E38000045,NHS Dorset ICB - 11J,E54000041,NHS Dorset Integrated Care Board,E40000006,South West,JUN2022,Unknown,Other Practice staff,Face-to-Face,Same Day,515
11J,E38000045,NHS Dorset ICB - 11J,E54000041,NHS Dorset Integrated Care Board,E40000006,South West,JUN2022,Unknown,Other Practice staff,Face-to-Face,Unknown / Data Quality,5
11J,E38000045,NHS Dorset ICB - 11J,E54000041,NHS Dorset Integrated Care Board,E40000006,South West,JUN2022,Unknown,Other Practice staff,Home Visit,1 Day,3
11J,E38000045,NHS Dorset ICB - 11J,E54000041,NHS Dorset Integrated Care Board,E40000006,South West,JUN2022,Unknown,Other Practice staff,Home Visit,15  to 21 Days,3
11J,E38000045,NHS Dorset ICB - 11J,E54000041,NHS Dorset Integrated Care Board,E40000006,South West,JUN2022,Unknown,Other Practice staff,Home Visit,2 to 7 Days,7
11J,E38000045,NHS Dorset ICB - 11J,E54000041,NHS Dorset Integrated Care Board,E40000006,South West,JUN2022,Unknown,Other Practice staff,Home Visit,22  to 28 Days,11
11J,E38000045,NHS Dorset ICB - 11J,E54000041,NHS Dorset Integrated Care Board,E40000006,South West,JUN2022,Unknown,Other Practice staff,Home Visit,8  to 14 Days,18
11J,E38000045,NHS Dorset ICB - 11J,E54000041,NHS Dorset Integrated Care Board,E40000006,South West,JUN2022,Unknown,Other Practice staff,Home Visit,More than 28 Days,5
11J,E38000045,NHS Dorset ICB - 11J,E54000041,NHS Dorset Integrated Care Board,E40000006,South West,JUN2022,Unknown,Other Practice staff,Home Visit,Same Day,2
11J,E38000045,NHS Dorset ICB - 11J,E54000041,NHS Dorset Integrated Care Board,E40000006,South West,JUN2022,Unknown,Other Practice staff,Telephone,1 Day,48
11J,E38000045,NHS Dorset ICB - 11J,E54000041,NHS Dorset Integrated Care Board,E40000006,South West,JUN2022,Unknown,Other Practice staff,Telephone,15  to 21 Days,76
11J,E38000045,NHS Dorset ICB - 11J,E54000041,NHS Dorset Integrated Care Board,E40000006,South West,JUN2022,Unknown,Other Practice staff,Telephone,2 to 7 Days,138
11J,E38000045,NHS Dorset ICB - 11J,E54000041,NHS Dorset Integrated Care Board,E40000006,South West,JUN2022,Unknown,Other Practice staff,Telephone,22  to 28 Days,85
11J,E38000045,NHS Dorset ICB - 11J,E54000041,NHS Dorset Integrated Care Board,E40000006,South West,JUN2022,Unknown,Other Practice staff,Telephone,8  to 14 Days,107
11J,E38000045,NHS Dorset ICB - 11J,E54000041,NHS Dorset Integrated Care Board,E40000006,South West,JUN2022,Unknown,Other Practice staff,Telephone,More than 28 Days,98
11J,E38000045,NHS Dorset ICB - 11J,E54000041,NHS Dorset Integrated Care Board,E40000006,South West,JUN2022,Unknown,Other Practice staff,Telephone,Same Day,110
11J,E38000045,NHS Dorset ICB - 11J,E54000041,NHS Dorset Integrated Care Board,E40000006,South West,JUN2022,Unknown,Other Practice staff,Video/Online,1 Day,10
11J,E38000045,NHS Dorset ICB - 11J,E54000041,NHS Dorset Integrated Care Board,E40000006,South West,JUN2022,Unknown,Other Practice staff,Video/Online,15  to 21 Days,2
11J,E38000045,NHS Dorset ICB - 11J,E54000041,NHS Dorset Integrated Care Board,E40000006,South West,JUN2022,Unknown,Other Practice staff,Video/Online,2 to 7 Days,8
11J,E38000045,NHS Dorset ICB - 11J,E54000041,NHS Dorset Integrated Care Board,E40000006,South West,JUN2022,Unknown,Other Practice staff,Video/Online,22  to 28 Days,1
11J,E38000045,NHS Dorset ICB - 11J,E54000041,NHS Dorset Integrated Care Board,E40000006,South West,JUN2022,Unknown,Other Practice staff,Video/Online,8  to 14 Days,3
11J,E38000045,NHS Dorset ICB - 11J,E54000041,NHS Dorset Integrated Care Board,E40000006,South West,JUN2022,Unknown,Other Practice staff,Video/Online,More than 28 Days,1
11J,E38000045,NHS Dorset ICB - 11J,E54000041,NHS Dorset Integrated Care Board,E40000006,South West,JUN2022,Unknown,Unknown,Unknown,1 Day,29
11J,E38000045,NHS Dorset ICB - 11J,E54000041,NHS Dorset Integrated Care Board,E40000006,South West,JUN2022,Unknown,Unknown,Unknown,15  to 21 Days,88
11J,E38000045,NHS Dorset ICB - 11J,E54000041,NHS Dorset Integrated Care Board,E40000006,South West,JUN2022,Unknown,Unknown,Unknown,2 to 7 Days,133
11J,E38000045,NHS Dorset ICB - 11J,E54000041,NHS Dorset Integrated Care Board,E40000006,South West,JUN2022,Unknown,Unknown,Unknown,22  to 28 Days,114
11J,E38000045,NHS Dorset ICB - 11J,E54000041,NHS Dorset Integrated Care Board,E40000006,South West,JUN2022,Unknown,Unknown,Unknown,8  to 14 Days,150
11J,E38000045,NHS Dorset ICB - 11J,E54000041,NHS Dorset Integrated Care Board,E40000006,South West,JUN2022,Unknown,Unknown,Unknown,More than 28 Days,196
11J,E38000045,NHS Dorset ICB - 11J,E54000041,NHS Dorset Integrated Care Board,E40000006,South West,JUN2022,Unknown,Unknown,Unknown,Same Day,35
11J,E38000045,NHS Dorset ICB - 11J,E54000041,NHS Dorset Integrated Care Board,E40000006,South West,JUL2022,Attended,GP,Face-to-Face,1 Day,9212
11J,E38000045,NHS Dorset ICB - 11J,E54000041,NHS Dorset Integrated Care Board,E40000006,South West,JUL2022,Attended,GP,Face-to-Face,15  to 21 Days,8286
11J,E38000045,NHS Dorset ICB - 11J,E54000041,NHS Dorset Integrated Care Board,E40000006,South West,JUL2022,Attended,GP,Face-to-Face,2 to 7 Days,18535
11J,E38000045,NHS Dorset ICB - 11J,E54000041,NHS Dorset Integrated Care Board,E40000006,South West,JUL2022,Attended,GP,Face-to-Face,22  to 28 Days,6597
11J,E38000045,NHS Dorset ICB - 11J,E54000041,NHS Dorset Integrated Care Board,E40000006,South West,JUL2022,Attended,GP,Face-to-Face,8  to 14 Days,10851
11J,E38000045,NHS Dorset ICB - 11J,E54000041,NHS Dorset Integrated Care Board,E40000006,South West,JUL2022,Attended,GP,Face-to-Face,More than 28 Days,5497
11J,E38000045,NHS Dorset ICB - 11J,E54000041,NHS Dorset Integrated Care Board,E40000006,South West,JUL2022,Attended,GP,Face-to-Face,Same Day,51731
11J,E38000045,NHS Dorset ICB - 11J,E54000041,NHS Dorset Integrated Care Board,E40000006,South West,JUL2022,Attended,GP,Face-to-Face,Unknown / Data Quality,11
11J,E38000045,NHS Dorset ICB - 11J,E54000041,NHS Dorset Integrated Care Board,E40000006,South West,JUL2022,Attended,GP,Home Visit,1 Day,16
11J,E38000045,NHS Dorset ICB - 11J,E54000041,NHS Dorset Integrated Care Board,E40000006,South West,JUL2022,Attended,GP,Home Visit,15  to 21 Days,2
11J,E38000045,NHS Dorset ICB - 11J,E54000041,NHS Dorset Integrated Care Board,E40000006,South West,JUL2022,Attended,GP,Home Visit,2 to 7 Days,27
11J,E38000045,NHS Dorset ICB - 11J,E54000041,NHS Dorset Integrated Care Board,E40000006,South West,JUL2022,Attended,GP,Home Visit,8  to 14 Days,5
11J,E38000045,NHS Dorset ICB - 11J,E54000041,NHS Dorset Integrated Care Board,E40000006,South West,JUL2022,Attended,GP,Home Visit,Same Day,105
11J,E38000045,NHS Dorset ICB - 11J,E54000041,NHS Dorset Integrated Care Board,E40000006,South West,JUL2022,Attended,GP,Telephone,1 Day,3027
11J,E38000045,NHS Dorset ICB - 11J,E54000041,NHS Dorset Integrated Care Board,E40000006,South West,JUL2022,Attended,GP,Telephone,15  to 21 Days,3848
11J,E38000045,NHS Dorset ICB - 11J,E54000041,NHS Dorset Integrated Care Board,E40000006,South West,JUL2022,Attended,GP,Telephone,2 to 7 Days,7163
11J,E38000045,NHS Dorset ICB - 11J,E54000041,NHS Dorset Integrated Care Board,E40000006,South West,JUL2022,Attended,GP,Telephone,22  to 28 Days,1964
11J,E38000045,NHS Dorset ICB - 11J,E54000041,NHS Dorset Integrated Care Board,E40000006,South West,JUL2022,Attended,GP,Telephone,8  to 14 Days,5340
11J,E38000045,NHS Dorset ICB - 11J,E54000041,NHS Dorset Integrated Care Board,E40000006,South West,JUL2022,Attended,GP,Telephone,More than 28 Days,1074
11J,E38000045,NHS Dorset ICB - 11J,E54000041,NHS Dorset Integrated Care Board,E40000006,South West,JUL2022,Attended,GP,Telephone,Same Day,27866
11J,E38000045,NHS Dorset ICB - 11J,E54000041,NHS Dorset Integrated Care Board,E40000006,South West,JUL2022,Attended,GP,Telephone,Unknown / Data Quality,5
11J,E38000045,NHS Dorset ICB - 11J,E54000041,NHS Dorset Integrated Care Board,E40000006,South West,JUL2022,Attended,GP,Video/Online,1 Day,602
11J,E38000045,NHS Dorset ICB - 11J,E54000041,NHS Dorset Integrated Care Board,E40000006,South West,JUL2022,Attended,GP,Video/Online,15  to 21 Days,33
11J,E38000045,NHS Dorset ICB - 11J,E54000041,NHS Dorset Integrated Care Board,E40000006,South West,JUL2022,Attended,GP,Video/Online,2 to 7 Days,657
11J,E38000045,NHS Dorset ICB - 11J,E54000041,NHS Dorset Integrated Care Board,E40000006,South West,JUL2022,Attended,GP,Video/Online,22  to 28 Days,11
11J,E38000045,NHS Dorset ICB - 11J,E54000041,NHS Dorset Integrated Care Board,E40000006,South West,JUL2022,Attended,GP,Video/Online,8  to 14 Days,49
11J,E38000045,NHS Dorset ICB - 11J,E54000041,NHS Dorset Integrated Care Board,E40000006,South West,JUL2022,Attended,GP,Video/Online,More than 28 Days,2
11J,E38000045,NHS Dorset ICB - 11J,E54000041,NHS Dorset Integrated Care Board,E40000006,South West,JUL2022,Attended,GP,Video/Online,Same Day,573
11J,E38000045,NHS Dorset ICB - 11J,E54000041,NHS Dorset Integrated Care Board,E40000006,South West,JUL2022,Attended,Other Practice staff,Face-to-Face,1 Day,11609
11J,E38000045,NHS Dorset ICB - 11J,E54000041,NHS Dorset Integrated Care Board,E40000006,South West,JUL2022,Attended,Other Practice staff,Face-to-Face,15  to 21 Days,15346
11J,E38000045,NHS Dorset ICB - 11J,E54000041,NHS Dorset Integrated Care Board,E40000006,South West,JUL2022,Attended,Other Practice staff,Face-to-Face,2 to 7 Days,32364
11J,E38000045,NHS Dorset ICB - 11J,E54000041,NHS Dorset Integrated Care Board,E40000006,South West,JUL2022,Attended,Other Practice staff,Face-to-Face,22  to 28 Days,10004
11J,E38000045,NHS Dorset ICB - 11J,E54000041,NHS Dorset Integrated Care Board,E40000006,South West,JUL2022,Attended,Other Practice staff,Face-to-Face,8  to 14 Days,26984
11J,E38000045,NHS Dorset ICB - 11J,E54000041,NHS Dorset Integrated Care Board,E40000006,South West,JUL2022,Attended,Other Practice staff,Face-to-Face,More than 28 Days,10061
11J,E38000045,NHS Dorset ICB - 11J,E54000041,NHS Dorset Integrated Care Board,E40000006,South West,JUL2022,Attended,Other Practice staff,Face-to-Face,Same Day,42391
11J,E38000045,NHS Dorset ICB - 11J,E54000041,NHS Dorset Integrated Care Board,E40000006,South West,JUL2022,Attended,Other Practice staff,Face-to-Face,Unknown / Data Quality,13
11J,E38000045,NHS Dorset ICB - 11J,E54000041,NHS Dorset Integrated Care Board,E40000006,South West,JUL2022,Attended,Other Practice staff,Home Visit,1 Day,56
11J,E38000045,NHS Dorset ICB - 11J,E54000041,NHS Dorset Integrated Care Board,E40000006,South West,JUL2022,Attended,Other Practice staff,Home Visit,15  to 21 Days,95
11J,E38000045,NHS Dorset ICB - 11J,E54000041,NHS Dorset Integrated Care Board,E40000006,South West,JUL2022,Attended,Other Practice staff,Home Visit,2 to 7 Days,163
11J,E38000045,NHS Dorset ICB - 11J,E54000041,NHS Dorset Integrated Care Board,E40000006,South West,JUL2022,Attended,Other Practice staff,Home Visit,22  to 28 Days,93
11J,E38000045,NHS Dorset ICB - 11J,E54000041,NHS Dorset Integrated Care Board,E40000006,South West,JUL2022,Attended,Other Practice staff,Home Visit,8  to 14 Days,71
11J,E38000045,NHS Dorset ICB - 11J,E54000041,NHS Dorset Integrated Care Board,E40000006,South West,JUL2022,Attended,Other Practice staff,Home Visit,More than 28 Days,71
11J,E38000045,NHS Dorset ICB - 11J,E54000041,NHS Dorset Integrated Care Board,E40000006,South West,JUL2022,Attended,Other Practice staff,Home Visit,Same Day,122
11J,E38000045,NHS Dorset ICB - 11J,E54000041,NHS Dorset Integrated Care Board,E40000006,South West,JUL2022,Attended,Other Practice staff,Home Visit,Unknown / Data Quality,7
11J,E38000045,NHS Dorset ICB - 11J,E54000041,NHS Dorset Integrated Care Board,E40000006,South West,JUL2022,Attended,Other Practice staff,Telephone,1 Day,1196
11J,E38000045,NHS Dorset ICB - 11J,E54000041,NHS Dorset Integrated Care Board,E40000006,South West,JUL2022,Attended,Other Practice staff,Telephone,15  to 21 Days,1222
11J,E38000045,NHS Dorset ICB - 11J,E54000041,NHS Dorset Integrated Care Board,E40000006,South West,JUL2022,Attended,Other Practice staff,Telephone,2 to 7 Days,2879
11J,E38000045,NHS Dorset ICB - 11J,E54000041,NHS Dorset Integrated Care Board,E40000006,South West,JUL2022,Attended,Other Practice staff,Telephone,22  to 28 Days,776
11J,E38000045,NHS Dorset ICB - 11J,E54000041,NHS Dorset Integrated Care Board,E40000006,South West,JUL2022,Attended,Other Practice staff,Telephone,8  to 14 Days,1807
11J,E38000045,NHS Dorset ICB - 11J,E54000041,NHS Dorset Integrated Care Board,E40000006,South West,JUL2022,Attended,Other Practice staff,Telephone,More than 28 Days,847
11J,E38000045,NHS Dorset ICB - 11J,E54000041,NHS Dorset Integrated Care Board,E40000006,South West,JUL2022,Attended,Other Practice staff,Telephone,Same Day,11879
11J,E38000045,NHS Dorset ICB - 11J,E54000041,NHS Dorset Integrated Care Board,E40000006,South West,JUL2022,Attended,Other Practice staff,Telephone,Unknown / Data Quality,1
11J,E38000045,NHS Dorset ICB - 11J,E54000041,NHS Dorset Integrated Care Board,E40000006,South West,JUL2022,Attended,Other Practice staff,Video/Online,1 Day,38
11J,E38000045,NHS Dorset ICB - 11J,E54000041,NHS Dorset Integrated Care Board,E40000006,South West,JUL2022,Attended,Other Practice staff,Video/Online,15  to 21 Days,105
11J,E38000045,NHS Dorset ICB - 11J,E54000041,NHS Dorset Integrated Care Board,E40000006,South West,JUL2022,Attended,Other Practice staff,Video/Online,2 to 7 Days,143
11J,E38000045,NHS Dorset ICB - 11J,E54000041,NHS Dorset Integrated Care Board,E40000006,South West,JUL2022,Attended,Other Practice staff,Video/Online,22  to 28 Days,64
11J,E38000045,NHS Dorset ICB - 11J,E54000041,NHS Dorset Integrated Care Board,E40000006,South West,JUL2022,Attended,Other Practice staff,Video/Online,8  to 14 Days,432
11J,E38000045,NHS Dorset ICB - 11J,E54000041,NHS Dorset Integrated Care Board,E40000006,South West,JUL2022,Attended,Other Practice staff,Video/Online,More than 28 Days,66
11J,E38000045,NHS Dorset ICB - 11J,E54000041,NHS Dorset Integrated Care Board,E40000006,South West,JUL2022,Attended,Other Practice staff,Video/Online,Same Day,32
11J,E38000045,NHS Dorset ICB - 11J,E54000041,NHS Dorset Integrated Care Board,E40000006,South West,JUL2022,Attended,Unknown,Unknown,1 Day,1251
11J,E38000045,NHS Dorset ICB - 11J,E54000041,NHS Dorset Integrated Care Board,E40000006,South West,JUL2022,Attended,Unknown,Unknown,15  to 21 Days,794
11J,E38000045,NHS Dorset ICB - 11J,E54000041,NHS Dorset Integrated Care Board,E40000006,South West,JUL2022,Attended,Unknown,Unknown,2 to 7 Days,2547
11J,E38000045,NHS Dorset ICB - 11J,E54000041,NHS Dorset Integrated Care Board,E40000006,South West,JUL2022,Attended,Unknown,Unknown,22  to 28 Days,487
11J,E38000045,NHS Dorset ICB - 11J,E54000041,NHS Dorset Integrated Care Board,E40000006,South West,JUL2022,Attended,Unknown,Unknown,8  to 14 Days,1145
11J,E38000045,NHS Dorset ICB - 11J,E54000041,NHS Dorset Integrated Care Board,E40000006,South West,JUL2022,Attended,Unknown,Unknown,More than 28 Days,299
11J,E38000045,NHS Dorset ICB - 11J,E54000041,NHS Dorset Integrated Care Board,E40000006,South West,JUL2022,Attended,Unknown,Unknown,Same Day,10640
11J,E38000045,NHS Dorset ICB - 11J,E54000041,NHS Dorset Integrated Care Board,E40000006,South West,JUL2022,Attended,Unknown,Unknown,Unknown / Data Quality,3
11J,E38000045,NHS Dorset ICB - 11J,E54000041,NHS Dorset Integrated Care Board,E40000006,South West,JUL2022,DNA,GP,Face-to-Face,1 Day,227
11J,E38000045,NHS Dorset ICB - 11J,E54000041,NHS Dorset Integrated Care Board,E40000006,South West,JUL2022,DNA,GP,Face-to-Face,15  to 21 Days,452
11J,E38000045,NHS Dorset ICB - 11J,E54000041,NHS Dorset Integrated Care Board,E40000006,South West,JUL2022,DNA,GP,Face-to-Face,2 to 7 Days,617
11J,E38000045,NHS Dorset ICB - 11J,E54000041,NHS Dorset Integrated Care Board,E40000006,South West,JUL2022,DNA,GP,Face-to-Face,22  to 28 Days,445
11J,E38000045,NHS Dorset ICB - 11J,E54000041,NHS Dorset Integrated Care Board,E40000006,South West,JUL2022,DNA,GP,Face-to-Face,8  to 14 Days,541
11J,E38000045,NHS Dorset ICB - 11J,E54000041,NHS Dorset Integrated Care Board,E40000006,South West,JUL2022,DNA,GP,Face-to-Face,More than 28 Days,407
11J,E38000045,NHS Dorset ICB - 11J,E54000041,NHS Dorset Integrated Care Board,E40000006,South West,JUL2022,DNA,GP,Face-to-Face,Same Day,465
11J,E38000045,NHS Dorset ICB - 11J,E54000041,NHS Dorset Integrated Care Board,E40000006,South West,JUL2022,DNA,GP,Home Visit,1 Day,1
11J,E38000045,NHS Dorset ICB - 11J,E54000041,NHS Dorset Integrated Care Board,E40000006,South West,JUL2022,DNA,GP,Home Visit,2 to 7 Days,2
11J,E38000045,NHS Dorset ICB - 11J,E54000041,NHS Dorset Integrated Care Board,E40000006,South West,JUL2022,DNA,GP,Home Visit,Same Day,7
11J,E38000045,NHS Dorset ICB - 11J,E54000041,NHS Dorset Integrated Care Board,E40000006,South West,JUL2022,DNA,GP,Telephone,1 Day,14
11J,E38000045,NHS Dorset ICB - 11J,E54000041,NHS Dorset Integrated Care Board,E40000006,South West,JUL2022,DNA,GP,Telephone,15  to 21 Days,33
11J,E38000045,NHS Dorset ICB - 11J,E54000041,NHS Dorset Integrated Care Board,E40000006,South West,JUL2022,DNA,GP,Telephone,2 to 7 Days,45
11J,E38000045,NHS Dorset ICB - 11J,E54000041,NHS Dorset Integrated Care Board,E40000006,South West,JUL2022,DNA,GP,Telephone,22  to 28 Days,18
11J,E38000045,NHS Dorset ICB - 11J,E54000041,NHS Dorset Integrated Care Board,E40000006,South West,JUL2022,DNA,GP,Telephone,8  to 14 Days,36
11J,E38000045,NHS Dorset ICB - 11J,E54000041,NHS Dorset Integrated Care Board,E40000006,South West,JUL2022,DNA,GP,Telephone,More than 28 Days,12
11J,E38000045,NHS Dorset ICB - 11J,E54000041,NHS Dorset Integrated Care Board,E40000006,South West,JUL2022,DNA,GP,Telephone,Same Day,15
11J,E38000045,NHS Dorset ICB - 11J,E54000041,NHS Dorset Integrated Care Board,E40000006,South West,JUL2022,DNA,GP,Unknown,1 Day,1
11J,E38000045,NHS Dorset ICB - 11J,E54000041,NHS Dorset Integrated Care Board,E40000006,South West,JUL2022,DNA,GP,Video/Online,1 Day,2
11J,E38000045,NHS Dorset ICB - 11J,E54000041,NHS Dorset Integrated Care Board,E40000006,South West,JUL2022,DNA,GP,Video/Online,2 to 7 Days,6
11J,E38000045,NHS Dorset ICB - 11J,E54000041,NHS Dorset Integrated Care Board,E40000006,South West,JUL2022,DNA,Other Practice staff,Face-to-Face,1 Day,540
11J,E38000045,NHS Dorset ICB - 11J,E54000041,NHS Dorset Integrated Care Board,E40000006,South West,JUL2022,DNA,Other Practice staff,Face-to-Face,15  to 21 Days,1270
11J,E38000045,NHS Dorset ICB - 11J,E54000041,NHS Dorset Integrated Care Board,E40000006,South West,JUL2022,DNA,Other Practice staff,Face-to-Face,2 to 7 Days,1865
11J,E38000045,NHS Dorset ICB - 11J,E54000041,NHS Dorset Integrated Care Board,E40000006,South West,JUL2022,DNA,Other Practice staff,Face-to-Face,22  to 28 Days,878
11J,E38000045,NHS Dorset ICB - 11J,E54000041,NHS Dorset Integrated Care Board,E40000006,South West,JUL2022,DNA,Other Practice staff,Face-to-Face,8  to 14 Days,2109
11J,E38000045,NHS Dorset ICB - 11J,E54000041,NHS Dorset Integrated Care Board,E40000006,South West,JUL2022,DNA,Other Practice staff,Face-to-Face,More than 28 Days,1059
11J,E38000045,NHS Dorset ICB - 11J,E54000041,NHS Dorset Integrated Care Board,E40000006,South West,JUL2022,DNA,Other Practice staff,Face-to-Face,Same Day,941
11J,E38000045,NHS Dorset ICB - 11J,E54000041,NHS Dorset Integrated Care Board,E40000006,South West,JUL2022,DNA,Other Practice staff,Face-to-Face,Unknown / Data Quality,1
11J,E38000045,NHS Dorset ICB - 11J,E54000041,NHS Dorset Integrated Care Board,E40000006,South West,JUL2022,DNA,Other Practice staff,Home Visit,1 Day,2
11J,E38000045,NHS Dorset ICB - 11J,E54000041,NHS Dorset Integrated Care Board,E40000006,South West,JUL2022,DNA,Other Practice staff,Home Visit,15  to 21 Days,8
11J,E38000045,NHS Dorset ICB - 11J,E54000041,NHS Dorset Integrated Care Board,E40000006,South West,JUL2022,DNA,Other Practice staff,Home Visit,2 to 7 Days,1
11J,E38000045,NHS Dorset ICB - 11J,E54000041,NHS Dorset Integrated Care Board,E40000006,South West,JUL2022,DNA,Other Practice staff,Home Visit,22  to 28 Days,4
11J,E38000045,NHS Dorset ICB - 11J,E54000041,NHS Dorset Integrated Care Board,E40000006,South West,JUL2022,DNA,Other Practice staff,Home Visit,8  to 14 Days,7
11J,E38000045,NHS Dorset ICB - 11J,E54000041,NHS Dorset Integrated Care Board,E40000006,South West,JUL2022,DNA,Other Practice staff,Home Visit,More than 28 Days,2
11J,E38000045,NHS Dorset ICB - 11J,E54000041,NHS Dorset Integrated Care Board,E40000006,South West,JUL2022,DNA,Other Practice staff,Home Visit,Same Day,7
11J,E38000045,NHS Dorset ICB - 11J,E54000041,NHS Dorset Integrated Care Board,E40000006,South West,JUL2022,DNA,Other Practice staff,Telephone,1 Day,5
11J,E38000045,NHS Dorset ICB - 11J,E54000041,NHS Dorset Integrated Care Board,E40000006,South West,JUL2022,DNA,Other Practice staff,Telephone,15  to 21 Days,11
11J,E38000045,NHS Dorset ICB - 11J,E54000041,NHS Dorset Integrated Care Board,E40000006,South West,JUL2022,DNA,Other Practice staff,Telephone,2 to 7 Days,53
11J,E38000045,NHS Dorset ICB - 11J,E54000041,NHS Dorset Integrated Care Board,E40000006,South West,JUL2022,DNA,Other Practice staff,Telephone,22  to 28 Days,10
11J,E38000045,NHS Dorset ICB - 11J,E54000041,NHS Dorset Integrated Care Board,E40000006,South West,JUL2022,DNA,Other Practice staff,Telephone,8  to 14 Days,26
11J,E38000045,NHS Dorset ICB - 11J,E54000041,NHS Dorset Integrated Care Board,E40000006,South West,JUL2022,DNA,Other Practice staff,Telephone,More than 28 Days,12
11J,E38000045,NHS Dorset ICB - 11J,E54000041,NHS Dorset Integrated Care Board,E40000006,South West,JUL2022,DNA,Other Practice staff,Telephone,Same Day,8
11J,E38000045,NHS Dorset ICB - 11J,E54000041,NHS Dorset Integrated Care Board,E40000006,South West,JUL2022,DNA,Other Practice staff,Video/Online,1 Day,1
11J,E38000045,NHS Dorset ICB - 11J,E54000041,NHS Dorset Integrated Care Board,E40000006,South West,JUL2022,DNA,Other Practice staff,Video/Online,15  to 21 Days,5
11J,E38000045,NHS Dorset ICB - 11J,E54000041,NHS Dorset Integrated Care Board,E40000006,South West,JUL2022,DNA,Other Practice staff,Video/Online,2 to 7 Days,11
11J,E38000045,NHS Dorset ICB - 11J,E54000041,NHS Dorset Integrated Care Board,E40000006,South West,JUL2022,DNA,Other Practice staff,Video/Online,22  to 28 Days,6
11J,E38000045,NHS Dorset ICB - 11J,E54000041,NHS Dorset Integrated Care Board,E40000006,South West,JUL2022,DNA,Other Practice staff,Video/Online,8  to 14 Days,28
11J,E38000045,NHS Dorset ICB - 11J,E54000041,NHS Dorset Integrated Care Board,E40000006,South West,JUL2022,DNA,Other Practice staff,Video/Online,More than 28 Days,4
11J,E38000045,NHS Dorset ICB - 11J,E54000041,NHS Dorset Integrated Care Board,E40000006,South West,JUL2022,DNA,Unknown,Unknown,1 Day,30
11J,E38000045,NHS Dorset ICB - 11J,E54000041,NHS Dorset Integrated Care Board,E40000006,South West,JUL2022,DNA,Unknown,Unknown,15  to 21 Days,62
11J,E38000045,NHS Dorset ICB - 11J,E54000041,NHS Dorset Integrated Care Board,E40000006,South West,JUL2022,DNA,Unknown,Unknown,2 to 7 Days,114
11J,E38000045,NHS Dorset ICB - 11J,E54000041,NHS Dorset Integrated Care Board,E40000006,South West,JUL2022,DNA,Unknown,Unknown,22  to 28 Days,31
11J,E38000045,NHS Dorset ICB - 11J,E54000041,NHS Dorset Integrated Care Board,E40000006,South West,JUL2022,DNA,Unknown,Unknown,8  to 14 Days,53
11J,E38000045,NHS Dorset ICB - 11J,E54000041,NHS Dorset Integrated Care Board,E40000006,South West,JUL2022,DNA,Unknown,Unknown,More than 28 Days,20
11J,E38000045,NHS Dorset ICB - 11J,E54000041,NHS Dorset Integrated Care Board,E40000006,South West,JUL2022,DNA,Unknown,Unknown,Same Day,72
11J,E38000045,NHS Dorset ICB - 11J,E54000041,NHS Dorset Integrated Care Board,E40000006,South West,JUL2022,Unknown,GP,Face-to-Face,1 Day,257
11J,E38000045,NHS Dorset ICB - 11J,E54000041,NHS Dorset Integrated Care Board,E40000006,South West,JUL2022,Unknown,GP,Face-to-Face,15  to 21 Days,329
11J,E38000045,NHS Dorset ICB - 11J,E54000041,NHS Dorset Integrated Care Board,E40000006,South West,JUL2022,Unknown,GP,Face-to-Face,2 to 7 Days,417
11J,E38000045,NHS Dorset ICB - 11J,E54000041,NHS Dorset Integrated Care Board,E40000006,South West,JUL2022,Unknown,GP,Face-to-Face,22  to 28 Days,265
11J,E38000045,NHS Dorset ICB - 11J,E54000041,NHS Dorset Integrated Care Board,E40000006,South West,JUL2022,Unknown,GP,Face-to-Face,8  to 14 Days,294
11J,E38000045,NHS Dorset ICB - 11J,E54000041,NHS Dorset Integrated Care Board,E40000006,South West,JUL2022,Unknown,GP,Face-to-Face,More than 28 Days,369
11J,E38000045,NHS Dorset ICB - 11J,E54000041,NHS Dorset Integrated Care Board,E40000006,South West,JUL2022,Unknown,GP,Face-to-Face,Same Day,482
11J,E38000045,NHS Dorset ICB - 11J,E54000041,NHS Dorset Integrated Care Board,E40000006,South West,JUL2022,Unknown,GP,Home Visit,2 to 7 Days,1
11J,E38000045,NHS Dorset ICB - 11J,E54000041,NHS Dorset Integrated Care Board,E40000006,South West,JUL2022,Unknown,GP,Home Visit,8  to 14 Days,1
11J,E38000045,NHS Dorset ICB - 11J,E54000041,NHS Dorset Integrated Care Board,E40000006,South West,JUL2022,Unknown,GP,Home Visit,Same Day,2
11J,E38000045,NHS Dorset ICB - 11J,E54000041,NHS Dorset Integrated Care Board,E40000006,South West,JUL2022,Unknown,GP,Telephone,1 Day,34
11J,E38000045,NHS Dorset ICB - 11J,E54000041,NHS Dorset Integrated Care Board,E40000006,South West,JUL2022,Unknown,GP,Telephone,15  to 21 Days,104
11J,E38000045,NHS Dorset ICB - 11J,E54000041,NHS Dorset Integrated Care Board,E40000006,South West,JUL2022,Unknown,GP,Telephone,2 to 7 Days,114
11J,E38000045,NHS Dorset ICB - 11J,E54000041,NHS Dorset Integrated Care Board,E40000006,South West,JUL2022,Unknown,GP,Telephone,22  to 28 Days,74
11J,E38000045,NHS Dorset ICB - 11J,E54000041,NHS Dorset Integrated Care Board,E40000006,South West,JUL2022,Unknown,GP,Telephone,8  to 14 Days,105
11J,E38000045,NHS Dorset ICB - 11J,E54000041,NHS Dorset Integrated Care Board,E40000006,South West,JUL2022,Unknown,GP,Telephone,More than 28 Days,85
11J,E38000045,NHS Dorset ICB - 11J,E54000041,NHS Dorset Integrated Care Board,E40000006,South West,JUL2022,Unknown,GP,Telephone,Same Day,90
11J,E38000045,NHS Dorset ICB - 11J,E54000041,NHS Dorset Integrated Care Board,E40000006,South West,JUL2022,Unknown,GP,Video/Online,1 Day,3
11J,E38000045,NHS Dorset ICB - 11J,E54000041,NHS Dorset Integrated Care Board,E40000006,South West,JUL2022,Unknown,GP,Video/Online,2 to 7 Days,1
11J,E38000045,NHS Dorset ICB - 11J,E54000041,NHS Dorset Integrated Care Board,E40000006,South West,JUL2022,Unknown,GP,Video/Online,8  to 14 Days,1
11J,E38000045,NHS Dorset ICB - 11J,E54000041,NHS Dorset Integrated Care Board,E40000006,South West,JUL2022,Unknown,GP,Video/Online,More than 28 Days,2
11J,E38000045,NHS Dorset ICB - 11J,E54000041,NHS Dorset Integrated Care Board,E40000006,South West,JUL2022,Unknown,Other Practice staff,Face-to-Face,1 Day,330
11J,E38000045,NHS Dorset ICB - 11J,E54000041,NHS Dorset Integrated Care Board,E40000006,South West,JUL2022,Unknown,Other Practice staff,Face-to-Face,15  to 21 Days,896
11J,E38000045,NHS Dorset ICB - 11J,E54000041,NHS Dorset Integrated Care Board,E40000006,South West,JUL2022,Unknown,Other Practice staff,Face-to-Face,2 to 7 Days,1334
11J,E38000045,NHS Dorset ICB - 11J,E54000041,NHS Dorset Integrated Care Board,E40000006,South West,JUL2022,Unknown,Other Practice staff,Face-to-Face,22  to 28 Days,750
11J,E38000045,NHS Dorset ICB - 11J,E54000041,NHS Dorset Integrated Care Board,E40000006,South West,JUL2022,Unknown,Other Practice staff,Face-to-Face,8  to 14 Days,1443
11J,E38000045,NHS Dorset ICB - 11J,E54000041,NHS Dorset Integrated Care Board,E40000006,South West,JUL2022,Unknown,Other Practice staff,Face-to-Face,More than 28 Days,1181
11J,E38000045,NHS Dorset ICB - 11J,E54000041,NHS Dorset Integrated Care Board,E40000006,South West,JUL2022,Unknown,Other Practice staff,Face-to-Face,Same Day,623
11J,E38000045,NHS Dorset ICB - 11J,E54000041,NHS Dorset Integrated Care Board,E40000006,South West,JUL2022,Unknown,Other Practice staff,Face-to-Face,Unknown / Data Quality,3
11J,E38000045,NHS Dorset ICB - 11J,E54000041,NHS Dorset Integrated Care Board,E40000006,South West,JUL2022,Unknown,Other Practice staff,Home Visit,15  to 21 Days,13
11J,E38000045,NHS Dorset ICB - 11J,E54000041,NHS Dorset Integrated Care Board,E40000006,South West,JUL2022,Unknown,Other Practice staff,Home Visit,2 to 7 Days,11
11J,E38000045,NHS Dorset ICB - 11J,E54000041,NHS Dorset Integrated Care Board,E40000006,South West,JUL2022,Unknown,Other Practice staff,Home Visit,22  to 28 Days,6
11J,E38000045,NHS Dorset ICB - 11J,E54000041,NHS Dorset Integrated Care Board,E40000006,South West,JUL2022,Unknown,Other Practice staff,Home Visit,8  to 14 Days,7
11J,E38000045,NHS Dorset ICB - 11J,E54000041,NHS Dorset Integrated Care Board,E40000006,South West,JUL2022,Unknown,Other Practice staff,Home Visit,More than 28 Days,3
11J,E38000045,NHS Dorset ICB - 11J,E54000041,NHS Dorset Integrated Care Board,E40000006,South West,JUL2022,Unknown,Other Practice staff,Home Visit,Same Day,1
11J,E38000045,NHS Dorset ICB - 11J,E54000041,NHS Dorset Integrated Care Board,E40000006,South West,JUL2022,Unknown,Other Practice staff,Telephone,1 Day,31
11J,E38000045,NHS Dorset ICB - 11J,E54000041,NHS Dorset Integrated Care Board,E40000006,South West,JUL2022,Unknown,Other Practice staff,Telephone,15  to 21 Days,90
11J,E38000045,NHS Dorset ICB - 11J,E54000041,NHS Dorset Integrated Care Board,E40000006,South West,JUL2022,Unknown,Other Practice staff,Telephone,2 to 7 Days,126
11J,E38000045,NHS Dorset ICB - 11J,E54000041,NHS Dorset Integrated Care Board,E40000006,South West,JUL2022,Unknown,Other Practice staff,Telephone,22  to 28 Days,80
11J,E38000045,NHS Dorset ICB - 11J,E54000041,NHS Dorset Integrated Care Board,E40000006,South West,JUL2022,Unknown,Other Practice staff,Telephone,8  to 14 Days,83
11J,E38000045,NHS Dorset ICB - 11J,E54000041,NHS Dorset Integrated Care Board,E40000006,South West,JUL2022,Unknown,Other Practice staff,Telephone,More than 28 Days,67
11J,E38000045,NHS Dorset ICB - 11J,E54000041,NHS Dorset Integrated Care Board,E40000006,South West,JUL2022,Unknown,Other Practice staff,Telephone,Same Day,127
11J,E38000045,NHS Dorset ICB - 11J,E54000041,NHS Dorset Integrated Care Board,E40000006,South West,JUL2022,Unknown,Other Practice staff,Video/Online,15  to 21 Days,1
11J,E38000045,NHS Dorset ICB - 11J,E54000041,NHS Dorset Integrated Care Board,E40000006,South West,JUL2022,Unknown,Other Practice staff,Video/Online,8  to 14 Days,5
11J,E38000045,NHS Dorset ICB - 11J,E54000041,NHS Dorset Integrated Care Board,E40000006,South West,JUL2022,Unknown,Other Practice staff,Video/Online,More than 28 Days,1
11J,E38000045,NHS Dorset ICB - 11J,E54000041,NHS Dorset Integrated Care Board,E40000006,South West,JUL2022,Unknown,Unknown,Unknown,1 Day,26
11J,E38000045,NHS Dorset ICB - 11J,E54000041,NHS Dorset Integrated Care Board,E40000006,South West,JUL2022,Unknown,Unknown,Unknown,15  to 21 Days,159
11J,E38000045,NHS Dorset ICB - 11J,E54000041,NHS Dorset Integrated Care Board,E40000006,South West,JUL2022,Unknown,Unknown,Unknown,2 to 7 Days,219
11J,E38000045,NHS Dorset ICB - 11J,E54000041,NHS Dorset Integrated Care Board,E40000006,South West,JUL2022,Unknown,Unknown,Unknown,22  to 28 Days,124
11J,E38000045,NHS Dorset ICB - 11J,E54000041,NHS Dorset Integrated Care Board,E40000006,South West,JUL2022,Unknown,Unknown,Unknown,8  to 14 Days,223
11J,E38000045,NHS Dorset ICB - 11J,E54000041,NHS Dorset Integrated Care Board,E40000006,South West,JUL2022,Unknown,Unknown,Unknown,More than 28 Days,153
11J,E38000045,NHS Dorset ICB - 11J,E54000041,NHS Dorset Integrated Care Board,E40000006,South West,JUL2022,Unknown,Unknown,Unknown,Same Day,57
11J,E38000045,NHS Dorset ICB - 11J,E54000041,NHS Dorset Integrated Care Board,E40000006,South West,AUG2022,Attended,GP,Face-to-Face,1 Day,9068
11J,E38000045,NHS Dorset ICB - 11J,E54000041,NHS Dorset Integrated Care Board,E40000006,South West,AUG2022,Attended,GP,Face-to-Face,15  to 21 Days,8295
11J,E38000045,NHS Dorset ICB - 11J,E54000041,NHS Dorset Integrated Care Board,E40000006,South West,AUG2022,Attended,GP,Face-to-Face,2 to 7 Days,17530
11J,E38000045,NHS Dorset ICB - 11J,E54000041,NHS Dorset Integrated Care Board,E40000006,South West,AUG2022,Attended,GP,Face-to-Face,22  to 28 Days,6299
11J,E38000045,NHS Dorset ICB - 11J,E54000041,NHS Dorset Integrated Care Board,E40000006,South West,AUG2022,Attended,GP,Face-to-Face,8  to 14 Days,11751
11J,E38000045,NHS Dorset ICB - 11J,E54000041,NHS Dorset Integrated Care Board,E40000006,South West,AUG2022,Attended,GP,Face-to-Face,More than 28 Days,5835
11J,E38000045,NHS Dorset ICB - 11J,E54000041,NHS Dorset Integrated Care Board,E40000006,South West,AUG2022,Attended,GP,Face-to-Face,Same Day,53330
11J,E38000045,NHS Dorset ICB - 11J,E54000041,NHS Dorset Integrated Care Board,E40000006,South West,AUG2022,Attended,GP,Face-to-Face,Unknown / Data Quality,12
11J,E38000045,NHS Dorset ICB - 11J,E54000041,NHS Dorset Integrated Care Board,E40000006,South West,AUG2022,Attended,GP,Home Visit,1 Day,21
11J,E38000045,NHS Dorset ICB - 11J,E54000041,NHS Dorset Integrated Care Board,E40000006,South West,AUG2022,Attended,GP,Home Visit,15  to 21 Days,3
11J,E38000045,NHS Dorset ICB - 11J,E54000041,NHS Dorset Integrated Care Board,E40000006,South West,AUG2022,Attended,GP,Home Visit,2 to 7 Days,19
11J,E38000045,NHS Dorset ICB - 11J,E54000041,NHS Dorset Integrated Care Board,E40000006,South West,AUG2022,Attended,GP,Home Visit,8  to 14 Days,5
11J,E38000045,NHS Dorset ICB - 11J,E54000041,NHS Dorset Integrated Care Board,E40000006,South West,AUG2022,Attended,GP,Home Visit,Same Day,125
11J,E38000045,NHS Dorset ICB - 11J,E54000041,NHS Dorset Integrated Care Board,E40000006,South West,AUG2022,Attended,GP,Home Visit,Unknown / Data Quality,4
11J,E38000045,NHS Dorset ICB - 11J,E54000041,NHS Dorset Integrated Care Board,E40000006,South West,AUG2022,Attended,GP,Telephone,1 Day,2650
11J,E38000045,NHS Dorset ICB - 11J,E54000041,NHS Dorset Integrated Care Board,E40000006,South West,AUG2022,Attended,GP,Telephone,15  to 21 Days,3646
11J,E38000045,NHS Dorset ICB - 11J,E54000041,NHS Dorset Integrated Care Board,E40000006,South West,AUG2022,Attended,GP,Telephone,2 to 7 Days,7023
11J,E38000045,NHS Dorset ICB - 11J,E54000041,NHS Dorset Integrated Care Board,E40000006,South West,AUG2022,Attended,GP,Telephone,22  to 28 Days,1943
11J,E38000045,NHS Dorset ICB - 11J,E54000041,NHS Dorset Integrated Care Board,E40000006,South West,AUG2022,Attended,GP,Telephone,8  to 14 Days,4629
11J,E38000045,NHS Dorset ICB - 11J,E54000041,NHS Dorset Integrated Care Board,E40000006,South West,AUG2022,Attended,GP,Telephone,More than 28 Days,1452
11J,E38000045,NHS Dorset ICB - 11J,E54000041,NHS Dorset Integrated Care Board,E40000006,South West,AUG2022,Attended,GP,Telephone,Same Day,25710
11J,E38000045,NHS Dorset ICB - 11J,E54000041,NHS Dorset Integrated Care Board,E40000006,South West,AUG2022,Attended,GP,Telephone,Unknown / Data Quality,10
11J,E38000045,NHS Dorset ICB - 11J,E54000041,NHS Dorset Integrated Care Board,E40000006,South West,AUG2022,Attended,GP,Unknown,1 Day,2
11J,E38000045,NHS Dorset ICB - 11J,E54000041,NHS Dorset Integrated Care Board,E40000006,South West,AUG2022,Attended,GP,Unknown,2 to 7 Days,4
11J,E38000045,NHS Dorset ICB - 11J,E54000041,NHS Dorset Integrated Care Board,E40000006,South West,AUG2022,Attended,GP,Unknown,Same Day,41
11J,E38000045,NHS Dorset ICB - 11J,E54000041,NHS Dorset Integrated Care Board,E40000006,South West,AUG2022,Attended,GP,Video/Online,1 Day,567
11J,E38000045,NHS Dorset ICB - 11J,E54000041,NHS Dorset Integrated Care Board,E40000006,South West,AUG2022,Attended,GP,Video/Online,15  to 21 Days,12
11J,E38000045,NHS Dorset ICB - 11J,E54000041,NHS Dorset Integrated Care Board,E40000006,South West,AUG2022,Attended,GP,Video/Online,2 to 7 Days,631
11J,E38000045,NHS Dorset ICB - 11J,E54000041,NHS Dorset Integrated Care Board,E40000006,South West,AUG2022,Attended,GP,Video/Online,22  to 28 Days,6
11J,E38000045,NHS Dorset ICB - 11J,E54000041,NHS Dorset Integrated Care Board,E40000006,South West,AUG2022,Attended,GP,Video/Online,8  to 14 Days,74
11J,E38000045,NHS Dorset ICB - 11J,E54000041,NHS Dorset Integrated Care Board,E40000006,South West,AUG2022,Attended,GP,Video/Online,More than 28 Days,7
11J,E38000045,NHS Dorset ICB - 11J,E54000041,NHS Dorset Integrated Care Board,E40000006,South West,AUG2022,Attended,GP,Video/Online,Same Day,781
11J,E38000045,NHS Dorset ICB - 11J,E54000041,NHS Dorset Integrated Care Board,E40000006,South West,AUG2022,Attended,Other Practice staff,Face-to-Face,1 Day,11530
11J,E38000045,NHS Dorset ICB - 11J,E54000041,NHS Dorset Integrated Care Board,E40000006,South West,AUG2022,Attended,Other Practice staff,Face-to-Face,15  to 21 Days,16275
11J,E38000045,NHS Dorset ICB - 11J,E54000041,NHS Dorset Integrated Care Board,E40000006,South West,AUG2022,Attended,Other Practice staff,Face-to-Face,2 to 7 Days,33445
11J,E38000045,NHS Dorset ICB - 11J,E54000041,NHS Dorset Integrated Care Board,E40000006,South West,AUG2022,Attended,Other Practice staff,Face-to-Face,22  to 28 Days,10781
11J,E38000045,NHS Dorset ICB - 11J,E54000041,NHS Dorset Integrated Care Board,E40000006,South West,AUG2022,Attended,Other Practice staff,Face-to-Face,8  to 14 Days,26814
11J,E38000045,NHS Dorset ICB - 11J,E54000041,NHS Dorset Integrated Care Board,E40000006,South West,AUG2022,Attended,Other Practice staff,Face-to-Face,More than 28 Days,12526
11J,E38000045,NHS Dorset ICB - 11J,E54000041,NHS Dorset Integrated Care Board,E40000006,South West,AUG2022,Attended,Other Practice staff,Face-to-Face,Same Day,44018
11J,E38000045,NHS Dorset ICB - 11J,E54000041,NHS Dorset Integrated Care Board,E40000006,South West,AUG2022,Attended,Other Practice staff,Face-to-Face,Unknown / Data Quality,21
11J,E38000045,NHS Dorset ICB - 11J,E54000041,NHS Dorset Integrated Care Board,E40000006,South West,AUG2022,Attended,Other Practice staff,Home Visit,1 Day,53
11J,E38000045,NHS Dorset ICB - 11J,E54000041,NHS Dorset Integrated Care Board,E40000006,South West,AUG2022,Attended,Other Practice staff,Home Visit,15  to 21 Days,65
11J,E38000045,NHS Dorset ICB - 11J,E54000041,NHS Dorset Integrated Care Board,E40000006,South West,AUG2022,Attended,Other Practice staff,Home Visit,2 to 7 Days,142
11J,E38000045,NHS Dorset ICB - 11J,E54000041,NHS Dorset Integrated Care Board,E40000006,South West,AUG2022,Attended,Other Practice staff,Home Visit,22  to 28 Days,54
11J,E38000045,NHS Dorset ICB - 11J,E54000041,NHS Dorset Integrated Care Board,E40000006,South West,AUG2022,Attended,Other Practice staff,Home Visit,8  to 14 Days,83
11J,E38000045,NHS Dorset ICB - 11J,E54000041,NHS Dorset Integrated Care Board,E40000006,South West,AUG2022,Attended,Other Practice staff,Home Visit,More than 28 Days,187
11J,E38000045,NHS Dorset ICB - 11J,E54000041,NHS Dorset Integrated Care Board,E40000006,South West,AUG2022,Attended,Other Practice staff,Home Visit,Same Day,129
11J,E38000045,NHS Dorset ICB - 11J,E54000041,NHS Dorset Integrated Care Board,E40000006,South West,AUG2022,Attended,Other Practice staff,Home Visit,Unknown / Data Quality,3
11J,E38000045,NHS Dorset ICB - 11J,E54000041,NHS Dorset Integrated Care Board,E40000006,South West,AUG2022,Attended,Other Practice staff,Telephone,1 Day,1393
11J,E38000045,NHS Dorset ICB - 11J,E54000041,NHS Dorset Integrated Care Board,E40000006,South West,AUG2022,Attended,Other Practice staff,Telephone,15  to 21 Days,1299
11J,E38000045,NHS Dorset ICB - 11J,E54000041,NHS Dorset Integrated Care Board,E40000006,South West,AUG2022,Attended,Other Practice staff,Telephone,2 to 7 Days,2692
11J,E38000045,NHS Dorset ICB - 11J,E54000041,NHS Dorset Integrated Care Board,E40000006,South West,AUG2022,Attended,Other Practice staff,Telephone,22  to 28 Days,762
11J,E38000045,NHS Dorset ICB - 11J,E54000041,NHS Dorset Integrated Care Board,E40000006,South West,AUG2022,Attended,Other Practice staff,Telephone,8  to 14 Days,1898
11J,E38000045,NHS Dorset ICB - 11J,E54000041,NHS Dorset Integrated Care Board,E40000006,South West,AUG2022,Attended,Other Practice staff,Telephone,More than 28 Days,1025
11J,E38000045,NHS Dorset ICB - 11J,E54000041,NHS Dorset Integrated Care Board,E40000006,South West,AUG2022,Attended,Other Practice staff,Telephone,Same Day,11951
11J,E38000045,NHS Dorset ICB - 11J,E54000041,NHS Dorset Integrated Care Board,E40000006,South West,AUG2022,Attended,Other Practice staff,Telephone,Unknown / Data Quality,33
11J,E38000045,NHS Dorset ICB - 11J,E54000041,NHS Dorset Integrated Care Board,E40000006,South West,AUG2022,Attended,Other Practice staff,Video/Online,1 Day,47
11J,E38000045,NHS Dorset ICB - 11J,E54000041,NHS Dorset Integrated Care Board,E40000006,South West,AUG2022,Attended,Other Practice staff,Video/Online,15  to 21 Days,158
11J,E38000045,NHS Dorset ICB - 11J,E54000041,NHS Dorset Integrated Care Board,E40000006,South West,AUG2022,Attended,Other Practice staff,Video/Online,2 to 7 Days,508
11J,E38000045,NHS Dorset ICB - 11J,E54000041,NHS Dorset Integrated Care Board,E40000006,South West,AUG2022,Attended,Other Practice staff,Video/Online,22  to 28 Days,73
11J,E38000045,NHS Dorset ICB - 11J,E54000041,NHS Dorset Integrated Care Board,E40000006,South West,AUG2022,Attended,Other Practice staff,Video/Online,8  to 14 Days,617
11J,E38000045,NHS Dorset ICB - 11J,E54000041,NHS Dorset Integrated Care Board,E40000006,South West,AUG2022,Attended,Other Practice staff,Video/Online,More than 28 Days,79
11J,E38000045,NHS Dorset ICB - 11J,E54000041,NHS Dorset Integrated Care Board,E40000006,South West,AUG2022,Attended,Other Practice staff,Video/Online,Same Day,61
11J,E38000045,NHS Dorset ICB - 11J,E54000041,NHS Dorset Integrated Care Board,E40000006,South West,AUG2022,Attended,Unknown,Unknown,1 Day,1294
11J,E38000045,NHS Dorset ICB - 11J,E54000041,NHS Dorset Integrated Care Board,E40000006,South West,AUG2022,Attended,Unknown,Unknown,15  to 21 Days,771
11J,E38000045,NHS Dorset ICB - 11J,E54000041,NHS Dorset Integrated Care Board,E40000006,South West,AUG2022,Attended,Unknown,Unknown,2 to 7 Days,2489
11J,E38000045,NHS Dorset ICB - 11J,E54000041,NHS Dorset Integrated Care Board,E40000006,South West,AUG2022,Attended,Unknown,Unknown,22  to 28 Days,369
11J,E38000045,NHS Dorset ICB - 11J,E54000041,NHS Dorset Integrated Care Board,E40000006,South West,AUG2022,Attended,Unknown,Unknown,8  to 14 Days,1094
11J,E38000045,NHS Dorset ICB - 11J,E54000041,NHS Dorset Integrated Care Board,E40000006,South West,AUG2022,Attended,Unknown,Unknown,More than 28 Days,275
11J,E38000045,NHS Dorset ICB - 11J,E54000041,NHS Dorset Integrated Care Board,E40000006,South West,AUG2022,Attended,Unknown,Unknown,Same Day,11201
11J,E38000045,NHS Dorset ICB - 11J,E54000041,NHS Dorset Integrated Care Board,E40000006,South West,AUG2022,Attended,Unknown,Unknown,Unknown / Data Quality,13
11J,E38000045,NHS Dorset ICB - 11J,E54000041,NHS Dorset Integrated Care Board,E40000006,South West,AUG2022,DNA,GP,Face-to-Face,1 Day,191
11J,E38000045,NHS Dorset ICB - 11J,E54000041,NHS Dorset Integrated Care Board,E40000006,South West,AUG2022,DNA,GP,Face-to-Face,15  to 21 Days,420
11J,E38000045,NHS Dorset ICB - 11J,E54000041,NHS Dorset Integrated Care Board,E40000006,South West,AUG2022,DNA,GP,Face-to-Face,2 to 7 Days,548
11J,E38000045,NHS Dorset ICB - 11J,E54000041,NHS Dorset Integrated Care Board,E40000006,South West,AUG2022,DNA,GP,Face-to-Face,22  to 28 Days,348
11J,E38000045,NHS Dorset ICB - 11J,E54000041,NHS Dorset Integrated Care Board,E40000006,South West,AUG2022,DNA,GP,Face-to-Face,8  to 14 Days,541
11J,E38000045,NHS Dorset ICB - 11J,E54000041,NHS Dorset Integrated Care Board,E40000006,South West,AUG2022,DNA,GP,Face-to-Face,More than 28 Days,380
11J,E38000045,NHS Dorset ICB - 11J,E54000041,NHS Dorset Integrated Care Board,E40000006,South West,AUG2022,DNA,GP,Face-to-Face,Same Day,416
11J,E38000045,NHS Dorset ICB - 11J,E54000041,NHS Dorset Integrated Care Board,E40000006,South West,AUG2022,DNA,GP,Home Visit,1 Day,1
11J,E38000045,NHS Dorset ICB - 11J,E54000041,NHS Dorset Integrated Care Board,E40000006,South West,AUG2022,DNA,GP,Home Visit,2 to 7 Days,4
11J,E38000045,NHS Dorset ICB - 11J,E54000041,NHS Dorset Integrated Care Board,E40000006,South West,AUG2022,DNA,GP,Home Visit,Same Day,9
11J,E38000045,NHS Dorset ICB - 11J,E54000041,NHS Dorset Integrated Care Board,E40000006,South West,AUG2022,DNA,GP,Telephone,1 Day,7
11J,E38000045,NHS Dorset ICB - 11J,E54000041,NHS Dorset Integrated Care Board,E40000006,South West,AUG2022,DNA,GP,Telephone,15  to 21 Days,31
11J,E38000045,NHS Dorset ICB - 11J,E54000041,NHS Dorset Integrated Care Board,E40000006,South West,AUG2022,DNA,GP,Telephone,2 to 7 Days,51
11J,E38000045,NHS Dorset ICB - 11J,E54000041,NHS Dorset Integrated Care Board,E40000006,South West,AUG2022,DNA,GP,Telephone,22  to 28 Days,17
11J,E38000045,NHS Dorset ICB - 11J,E54000041,NHS Dorset Integrated Care Board,E40000006,South West,AUG2022,DNA,GP,Telephone,8  to 14 Days,30
11J,E38000045,NHS Dorset ICB - 11J,E54000041,NHS Dorset Integrated Care Board,E40000006,South West,AUG2022,DNA,GP,Telephone,More than 28 Days,21
11J,E38000045,NHS Dorset ICB - 11J,E54000041,NHS Dorset Integrated Care Board,E40000006,South West,AUG2022,DNA,GP,Telephone,Same Day,29
11J,E38000045,NHS Dorset ICB - 11J,E54000041,NHS Dorset Integrated Care Board,E40000006,South West,AUG2022,DNA,GP,Unknown,8  to 14 Days,3
11J,E38000045,NHS Dorset ICB - 11J,E54000041,NHS Dorset Integrated Care Board,E40000006,South West,AUG2022,DNA,GP,Video/Online,1 Day,3
11J,E38000045,NHS Dorset ICB - 11J,E54000041,NHS Dorset Integrated Care Board,E40000006,South West,AUG2022,DNA,GP,Video/Online,2 to 7 Days,2
11J,E38000045,NHS Dorset ICB - 11J,E54000041,NHS Dorset Integrated Care Board,E40000006,South West,AUG2022,DNA,GP,Video/Online,8  to 14 Days,1
11J,E38000045,NHS Dorset ICB - 11J,E54000041,NHS Dorset Integrated Care Board,E40000006,South West,AUG2022,DNA,Other Practice staff,Face-to-Face,1 Day,481
11J,E38000045,NHS Dorset ICB - 11J,E54000041,NHS Dorset Integrated Care Board,E40000006,South West,AUG2022,DNA,Other Practice staff,Face-to-Face,15  to 21 Days,1240
11J,E38000045,NHS Dorset ICB - 11J,E54000041,NHS Dorset Integrated Care Board,E40000006,South West,AUG2022,DNA,Other Practice staff,Face-to-Face,2 to 7 Days,1933
11J,E38000045,NHS Dorset ICB - 11J,E54000041,NHS Dorset Integrated Care Board,E40000006,South West,AUG2022,DNA,Other Practice staff,Face-to-Face,22  to 28 Days,961
11J,E38000045,NHS Dorset ICB - 11J,E54000041,NHS Dorset Integrated Care Board,E40000006,South West,AUG2022,DNA,Other Practice staff,Face-to-Face,8  to 14 Days,1887
11J,E38000045,NHS Dorset ICB - 11J,E54000041,NHS Dorset Integrated Care Board,E40000006,South West,AUG2022,DNA,Other Practice staff,Face-to-Face,More than 28 Days,1262
11J,E38000045,NHS Dorset ICB - 11J,E54000041,NHS Dorset Integrated Care Board,E40000006,South West,AUG2022,DNA,Other Practice staff,Face-to-Face,Same Day,1157
11J,E38000045,NHS Dorset ICB - 11J,E54000041,NHS Dorset Integrated Care Board,E40000006,South West,AUG2022,DNA,Other Practice staff,Face-to-Face,Unknown / Data Quality,1
11J,E38000045,NHS Dorset ICB - 11J,E54000041,NHS Dorset Integrated Care Board,E40000006,South West,AUG2022,DNA,Other Practice staff,Home Visit,1 Day,1
11J,E38000045,NHS Dorset ICB - 11J,E54000041,NHS Dorset Integrated Care Board,E40000006,South West,AUG2022,DNA,Other Practice staff,Home Visit,15  to 21 Days,1
11J,E38000045,NHS Dorset ICB - 11J,E54000041,NHS Dorset Integrated Care Board,E40000006,South West,AUG2022,DNA,Other Practice staff,Home Visit,2 to 7 Days,6
11J,E38000045,NHS Dorset ICB - 11J,E54000041,NHS Dorset Integrated Care Board,E40000006,South West,AUG2022,DNA,Other Practice staff,Home Visit,8  to 14 Days,5
11J,E38000045,NHS Dorset ICB - 11J,E54000041,NHS Dorset Integrated Care Board,E40000006,South West,AUG2022,DNA,Other Practice staff,Home Visit,More than 28 Days,10
11J,E38000045,NHS Dorset ICB - 11J,E54000041,NHS Dorset Integrated Care Board,E40000006,South West,AUG2022,DNA,Other Practice staff,Home Visit,Same Day,4
11J,E38000045,NHS Dorset ICB - 11J,E54000041,NHS Dorset Integrated Care Board,E40000006,South West,AUG2022,DNA,Other Practice staff,Telephone,1 Day,11
11J,E38000045,NHS Dorset ICB - 11J,E54000041,NHS Dorset Integrated Care Board,E40000006,South West,AUG2022,DNA,Other Practice staff,Telephone,15  to 21 Days,22
11J,E38000045,NHS Dorset ICB - 11J,E54000041,NHS Dorset Integrated Care Board,E40000006,South West,AUG2022,DNA,Other Practice staff,Telephone,2 to 7 Days,25
11J,E38000045,NHS Dorset ICB - 11J,E54000041,NHS Dorset Integrated Care Board,E40000006,South West,AUG2022,DNA,Other Practice staff,Telephone,22  to 28 Days,11
11J,E38000045,NHS Dorset ICB - 11J,E54000041,NHS Dorset Integrated Care Board,E40000006,South West,AUG2022,DNA,Other Practice staff,Telephone,8  to 14 Days,36
11J,E38000045,NHS Dorset ICB - 11J,E54000041,NHS Dorset Integrated Care Board,E40000006,South West,AUG2022,DNA,Other Practice staff,Telephone,More than 28 Days,14
11J,E38000045,NHS Dorset ICB - 11J,E54000041,NHS Dorset Integrated Care Board,E40000006,South West,AUG2022,DNA,Other Practice staff,Telephone,Same Day,9
11J,E38000045,NHS Dorset ICB - 11J,E54000041,NHS Dorset Integrated Care Board,E40000006,South West,AUG2022,DNA,Other Practice staff,Video/Online,1 Day,1
11J,E38000045,NHS Dorset ICB - 11J,E54000041,NHS Dorset Integrated Care Board,E40000006,South West,AUG2022,DNA,Other Practice staff,Video/Online,15  to 21 Days,13
11J,E38000045,NHS Dorset ICB - 11J,E54000041,NHS Dorset Integrated Care Board,E40000006,South West,AUG2022,DNA,Other Practice staff,Video/Online,2 to 7 Days,23
11J,E38000045,NHS Dorset ICB - 11J,E54000041,NHS Dorset Integrated Care Board,E40000006,South West,AUG2022,DNA,Other Practice staff,Video/Online,22  to 28 Days,4
11J,E38000045,NHS Dorset ICB - 11J,E54000041,NHS Dorset Integrated Care Board,E40000006,South West,AUG2022,DNA,Other Practice staff,Video/Online,8  to 14 Days,27
11J,E38000045,NHS Dorset ICB - 11J,E54000041,NHS Dorset Integrated Care Board,E40000006,South West,AUG2022,DNA,Other Practice staff,Video/Online,More than 28 Days,4
11J,E38000045,NHS Dorset ICB - 11J,E54000041,NHS Dorset Integrated Care Board,E40000006,South West,AUG2022,DNA,Unknown,Unknown,1 Day,35
11J,E38000045,NHS Dorset ICB - 11J,E54000041,NHS Dorset Integrated Care Board,E40000006,South West,AUG2022,DNA,Unknown,Unknown,15  to 21 Days,60
11J,E38000045,NHS Dorset ICB - 11J,E54000041,NHS Dorset Integrated Care Board,E40000006,South West,AUG2022,DNA,Unknown,Unknown,2 to 7 Days,91
11J,E38000045,NHS Dorset ICB - 11J,E54000041,NHS Dorset Integrated Care Board,E40000006,South West,AUG2022,DNA,Unknown,Unknown,22  to 28 Days,26
11J,E38000045,NHS Dorset ICB - 11J,E54000041,NHS Dorset Integrated Care Board,E40000006,South West,AUG2022,DNA,Unknown,Unknown,8  to 14 Days,55
11J,E38000045,NHS Dorset ICB - 11J,E54000041,NHS Dorset Integrated Care Board,E40000006,South West,AUG2022,DNA,Unknown,Unknown,More than 28 Days,33
11J,E38000045,NHS Dorset ICB - 11J,E54000041,NHS Dorset Integrated Care Board,E40000006,South West,AUG2022,DNA,Unknown,Unknown,Same Day,74
11J,E38000045,NHS Dorset ICB - 11J,E54000041,NHS Dorset Integrated Care Board,E40000006,South West,AUG2022,Unknown,GP,Face-to-Face,1 Day,69
11J,E38000045,NHS Dorset ICB - 11J,E54000041,NHS Dorset Integrated Care Board,E40000006,South West,AUG2022,Unknown,GP,Face-to-Face,15  to 21 Days,199
11J,E38000045,NHS Dorset ICB - 11J,E54000041,NHS Dorset Integrated Care Board,E40000006,South West,AUG2022,Unknown,GP,Face-to-Face,2 to 7 Days,284
11J,E38000045,NHS Dorset ICB - 11J,E54000041,NHS Dorset Integrated Care Board,E40000006,South West,AUG2022,Unknown,GP,Face-to-Face,22  to 28 Days,236
11J,E38000045,NHS Dorset ICB - 11J,E54000041,NHS Dorset Integrated Care Board,E40000006,South West,AUG2022,Unknown,GP,Face-to-Face,8  to 14 Days,338
11J,E38000045,NHS Dorset ICB - 11J,E54000041,NHS Dorset Integrated Care Board,E40000006,South West,AUG2022,Unknown,GP,Face-to-Face,More than 28 Days,383
11J,E38000045,NHS Dorset ICB - 11J,E54000041,NHS Dorset Integrated Care Board,E40000006,South West,AUG2022,Unknown,GP,Face-to-Face,Same Day,234
11J,E38000045,NHS Dorset ICB - 11J,E54000041,NHS Dorset Integrated Care Board,E40000006,South West,AUG2022,Unknown,GP,Face-to-Face,Unknown / Data Quality,1
11J,E38000045,NHS Dorset ICB - 11J,E54000041,NHS Dorset Integrated Care Board,E40000006,South West,AUG2022,Unknown,GP,Home Visit,8  to 14 Days,1
11J,E38000045,NHS Dorset ICB - 11J,E54000041,NHS Dorset Integrated Care Board,E40000006,South West,AUG2022,Unknown,GP,Home Visit,Same Day,5
11J,E38000045,NHS Dorset ICB - 11J,E54000041,NHS Dorset Integrated Care Board,E40000006,South West,AUG2022,Unknown,GP,Telephone,1 Day,33
11J,E38000045,NHS Dorset ICB - 11J,E54000041,NHS Dorset Integrated Care Board,E40000006,South West,AUG2022,Unknown,GP,Telephone,15  to 21 Days,96
11J,E38000045,NHS Dorset ICB - 11J,E54000041,NHS Dorset Integrated Care Board,E40000006,South West,AUG2022,Unknown,GP,Telephone,2 to 7 Days,95
11J,E38000045,NHS Dorset ICB - 11J,E54000041,NHS Dorset Integrated Care Board,E40000006,South West,AUG2022,Unknown,GP,Telephone,22  to 28 Days,60
11J,E38000045,NHS Dorset ICB - 11J,E54000041,NHS Dorset Integrated Care Board,E40000006,South West,AUG2022,Unknown,GP,Telephone,8  to 14 Days,110
11J,E38000045,NHS Dorset ICB - 11J,E54000041,NHS Dorset Integrated Care Board,E40000006,South West,AUG2022,Unknown,GP,Telephone,More than 28 Days,71
11J,E38000045,NHS Dorset ICB - 11J,E54000041,NHS Dorset Integrated Care Board,E40000006,South West,AUG2022,Unknown,GP,Telephone,Same Day,77
11J,E38000045,NHS Dorset ICB - 11J,E54000041,NHS Dorset Integrated Care Board,E40000006,South West,AUG2022,Unknown,GP,Telephone,Unknown / Data Quality,4
11J,E38000045,NHS Dorset ICB - 11J,E54000041,NHS Dorset Integrated Care Board,E40000006,South West,AUG2022,Unknown,GP,Video/Online,15  to 21 Days,2
11J,E38000045,NHS Dorset ICB - 11J,E54000041,NHS Dorset Integrated Care Board,E40000006,South West,AUG2022,Unknown,GP,Video/Online,2 to 7 Days,3
11J,E38000045,NHS Dorset ICB - 11J,E54000041,NHS Dorset Integrated Care Board,E40000006,South West,AUG2022,Unknown,GP,Video/Online,22  to 28 Days,1
11J,E38000045,NHS Dorset ICB - 11J,E54000041,NHS Dorset Integrated Care Board,E40000006,South West,AUG2022,Unknown,GP,Video/Online,Same Day,1
11J,E38000045,NHS Dorset ICB - 11J,E54000041,NHS Dorset Integrated Care Board,E40000006,South West,AUG2022,Unknown,Other Practice staff,Face-to-Face,1 Day,339
11J,E38000045,NHS Dorset ICB - 11J,E54000041,NHS Dorset Integrated Care Board,E40000006,South West,AUG2022,Unknown,Other Practice staff,Face-to-Face,15  to 21 Days,754
11J,E38000045,NHS Dorset ICB - 11J,E54000041,NHS Dorset Integrated Care Board,E40000006,South West,AUG2022,Unknown,Other Practice staff,Face-to-Face,2 to 7 Days,957
11J,E38000045,NHS Dorset ICB - 11J,E54000041,NHS Dorset Integrated Care Board,E40000006,South West,AUG2022,Unknown,Other Practice staff,Face-to-Face,22  to 28 Days,578
11J,E38000045,NHS Dorset ICB - 11J,E54000041,NHS Dorset Integrated Care Board,E40000006,South West,AUG2022,Unknown,Other Practice staff,Face-to-Face,8  to 14 Days,1225
11J,E38000045,NHS Dorset ICB - 11J,E54000041,NHS Dorset Integrated Care Board,E40000006,South West,AUG2022,Unknown,Other Practice staff,Face-to-Face,More than 28 Days,1139
11J,E38000045,NHS Dorset ICB - 11J,E54000041,NHS Dorset Integrated Care Board,E40000006,South West,AUG2022,Unknown,Other Practice staff,Face-to-Face,Same Day,503
11J,E38000045,NHS Dorset ICB - 11J,E54000041,NHS Dorset Integrated Care Board,E40000006,South West,AUG2022,Unknown,Other Practice staff,Face-to-Face,Unknown / Data Quality,12
11J,E38000045,NHS Dorset ICB - 11J,E54000041,NHS Dorset Integrated Care Board,E40000006,South West,AUG2022,Unknown,Other Practice staff,Home Visit,1 Day,1
11J,E38000045,NHS Dorset ICB - 11J,E54000041,NHS Dorset Integrated Care Board,E40000006,South West,AUG2022,Unknown,Other Practice staff,Home Visit,15  to 21 Days,8
11J,E38000045,NHS Dorset ICB - 11J,E54000041,NHS Dorset Integrated Care Board,E40000006,South West,AUG2022,Unknown,Other Practice staff,Home Visit,2 to 7 Days,15
11J,E38000045,NHS Dorset ICB - 11J,E54000041,NHS Dorset Integrated Care Board,E40000006,South West,AUG2022,Unknown,Other Practice staff,Home Visit,22  to 28 Days,5
11J,E38000045,NHS Dorset ICB - 11J,E54000041,NHS Dorset Integrated Care Board,E40000006,South West,AUG2022,Unknown,Other Practice staff,Home Visit,8  to 14 Days,4
11J,E38000045,NHS Dorset ICB - 11J,E54000041,NHS Dorset Integrated Care Board,E40000006,South West,AUG2022,Unknown,Other Practice staff,Home Visit,More than 28 Days,11
11J,E38000045,NHS Dorset ICB - 11J,E54000041,NHS Dorset Integrated Care Board,E40000006,South West,AUG2022,Unknown,Other Practice staff,Telephone,1 Day,55
11J,E38000045,NHS Dorset ICB - 11J,E54000041,NHS Dorset Integrated Care Board,E40000006,South West,AUG2022,Unknown,Other Practice staff,Telephone,15  to 21 Days,78
11J,E38000045,NHS Dorset ICB - 11J,E54000041,NHS Dorset Integrated Care Board,E40000006,South West,AUG2022,Unknown,Other Practice staff,Telephone,2 to 7 Days,135
11J,E38000045,NHS Dorset ICB - 11J,E54000041,NHS Dorset Integrated Care Board,E40000006,South West,AUG2022,Unknown,Other Practice staff,Telephone,22  to 28 Days,46
11J,E38000045,NHS Dorset ICB - 11J,E54000041,NHS Dorset Integrated Care Board,E40000006,South West,AUG2022,Unknown,Other Practice staff,Telephone,8  to 14 Days,112
11J,E38000045,NHS Dorset ICB - 11J,E54000041,NHS Dorset Integrated Care Board,E40000006,South West,AUG2022,Unknown,Other Practice staff,Telephone,More than 28 Days,92
11J,E38000045,NHS Dorset ICB - 11J,E54000041,NHS Dorset Integrated Care Board,E40000006,South West,AUG2022,Unknown,Other Practice staff,Telephone,Same Day,131
11J,E38000045,NHS Dorset ICB - 11J,E54000041,NHS Dorset Integrated Care Board,E40000006,South West,AUG2022,Unknown,Other Practice staff,Telephone,Unknown / Data Quality,1
11J,E38000045,NHS Dorset ICB - 11J,E54000041,NHS Dorset Integrated Care Board,E40000006,South West,AUG2022,Unknown,Other Practice staff,Video/Online,15  to 21 Days,9
11J,E38000045,NHS Dorset ICB - 11J,E54000041,NHS Dorset Integrated Care Board,E40000006,South West,AUG2022,Unknown,Other Practice staff,Video/Online,2 to 7 Days,7
11J,E38000045,NHS Dorset ICB - 11J,E54000041,NHS Dorset Integrated Care Board,E40000006,South West,AUG2022,Unknown,Other Practice staff,Video/Online,22  to 28 Days,3
11J,E38000045,NHS Dorset ICB - 11J,E54000041,NHS Dorset Integrated Care Board,E40000006,South West,AUG2022,Unknown,Other Practice staff,Video/Online,8  to 14 Days,8
11J,E38000045,NHS Dorset ICB - 11J,E54000041,NHS Dorset Integrated Care Board,E40000006,South West,AUG2022,Unknown,Other Practice staff,Video/Online,More than 28 Days,13
11J,E38000045,NHS Dorset ICB - 11J,E54000041,NHS Dorset Integrated Care Board,E40000006,South West,AUG2022,Unknown,Other Practice staff,Video/Online,Same Day,1
11J,E38000045,NHS Dorset ICB - 11J,E54000041,NHS Dorset Integrated Care Board,E40000006,South West,AUG2022,Unknown,Unknown,Unknown,1 Day,54
11J,E38000045,NHS Dorset ICB - 11J,E54000041,NHS Dorset Integrated Care Board,E40000006,South West,AUG2022,Unknown,Unknown,Unknown,15  to 21 Days,117
11J,E38000045,NHS Dorset ICB - 11J,E54000041,NHS Dorset Integrated Care Board,E40000006,South West,AUG2022,Unknown,Unknown,Unknown,2 to 7 Days,191
11J,E38000045,NHS Dorset ICB - 11J,E54000041,NHS Dorset Integrated Care Board,E40000006,South West,AUG2022,Unknown,Unknown,Unknown,22  to 28 Days,84
11J,E38000045,NHS Dorset ICB - 11J,E54000041,NHS Dorset Integrated Care Board,E40000006,South West,AUG2022,Unknown,Unknown,Unknown,8  to 14 Days,203
11J,E38000045,NHS Dorset ICB - 11J,E54000041,NHS Dorset Integrated Care Board,E40000006,South West,AUG2022,Unknown,Unknown,Unknown,More than 28 Days,129
11J,E38000045,NHS Dorset ICB - 11J,E54000041,NHS Dorset Integrated Care Board,E40000006,South West,AUG2022,Unknown,Unknown,Unknown,Same Day,44
11J,E38000045,NHS Dorset ICB - 11J,E54000041,NHS Dorset Integrated Care Board,E40000006,South West,SEP2022,Attended,GP,Face-to-Face,1 Day,9478
11J,E38000045,NHS Dorset ICB - 11J,E54000041,NHS Dorset Integrated Care Board,E40000006,South West,SEP2022,Attended,GP,Face-to-Face,15  to 21 Days,10106
11J,E38000045,NHS Dorset ICB - 11J,E54000041,NHS Dorset Integrated Care Board,E40000006,South West,SEP2022,Attended,GP,Face-to-Face,2 to 7 Days,18897
11J,E38000045,NHS Dorset ICB - 11J,E54000041,NHS Dorset Integrated Care Board,E40000006,South West,SEP2022,Attended,GP,Face-to-Face,22  to 28 Days,6142
11J,E38000045,NHS Dorset ICB - 11J,E54000041,NHS Dorset Integrated Care Board,E40000006,South West,SEP2022,Attended,GP,Face-to-Face,8  to 14 Days,13359
11J,E38000045,NHS Dorset ICB - 11J,E54000041,NHS Dorset Integrated Care Board,E40000006,South West,SEP2022,Attended,GP,Face-to-Face,More than 28 Days,7558
11J,E38000045,NHS Dorset ICB - 11J,E54000041,NHS Dorset Integrated Care Board,E40000006,South West,SEP2022,Attended,GP,Face-to-Face,Same Day,53087
11J,E38000045,NHS Dorset ICB - 11J,E54000041,NHS Dorset Integrated Care Board,E40000006,South West,SEP2022,Attended,GP,Face-to-Face,Unknown / Data Quality,18
11J,E38000045,NHS Dorset ICB - 11J,E54000041,NHS Dorset Integrated Care Board,E40000006,South West,SEP2022,Attended,GP,Home Visit,1 Day,30
11J,E38000045,NHS Dorset ICB - 11J,E54000041,NHS Dorset Integrated Care Board,E40000006,South West,SEP2022,Attended,GP,Home Visit,15  to 21 Days,2
11J,E38000045,NHS Dorset ICB - 11J,E54000041,NHS Dorset Integrated Care Board,E40000006,South West,SEP2022,Attended,GP,Home Visit,2 to 7 Days,24
11J,E38000045,NHS Dorset ICB - 11J,E54000041,NHS Dorset Integrated Care Board,E40000006,South West,SEP2022,Attended,GP,Home Visit,22  to 28 Days,1
11J,E38000045,NHS Dorset ICB - 11J,E54000041,NHS Dorset Integrated Care Board,E40000006,South West,SEP2022,Attended,GP,Home Visit,8  to 14 Days,6
11J,E38000045,NHS Dorset ICB - 11J,E54000041,NHS Dorset Integrated Care Board,E40000006,South West,SEP2022,Attended,GP,Home Visit,Same Day,94
11J,E38000045,NHS Dorset ICB - 11J,E54000041,NHS Dorset Integrated Care Board,E40000006,South West,SEP2022,Attended,GP,Telephone,1 Day,2621
11J,E38000045,NHS Dorset ICB - 11J,E54000041,NHS Dorset Integrated Care Board,E40000006,South West,SEP2022,Attended,GP,Telephone,15  to 21 Days,3610
11J,E38000045,NHS Dorset ICB - 11J,E54000041,NHS Dorset Integrated Care Board,E40000006,South West,SEP2022,Attended,GP,Telephone,2 to 7 Days,7035
11J,E38000045,NHS Dorset ICB - 11J,E54000041,NHS Dorset Integrated Care Board,E40000006,South West,SEP2022,Attended,GP,Telephone,22  to 28 Days,2148
11J,E38000045,NHS Dorset ICB - 11J,E54000041,NHS Dorset Integrated Care Board,E40000006,South West,SEP2022,Attended,GP,Telephone,8  to 14 Days,4745
11J,E38000045,NHS Dorset ICB - 11J,E54000041,NHS Dorset Integrated Care Board,E40000006,South West,SEP2022,Attended,GP,Telephone,More than 28 Days,1587
11J,E38000045,NHS Dorset ICB - 11J,E54000041,NHS Dorset Integrated Care Board,E40000006,South West,SEP2022,Attended,GP,Telephone,Same Day,24197
11J,E38000045,NHS Dorset ICB - 11J,E54000041,NHS Dorset Integrated Care Board,E40000006,South West,SEP2022,Attended,GP,Telephone,Unknown / Data Quality,14
11J,E38000045,NHS Dorset ICB - 11J,E54000041,NHS Dorset Integrated Care Board,E40000006,South West,SEP2022,Attended,GP,Video/Online,1 Day,385
11J,E38000045,NHS Dorset ICB - 11J,E54000041,NHS Dorset Integrated Care Board,E40000006,South West,SEP2022,Attended,GP,Video/Online,15  to 21 Days,110
11J,E38000045,NHS Dorset ICB - 11J,E54000041,NHS Dorset Integrated Care Board,E40000006,South West,SEP2022,Attended,GP,Video/Online,2 to 7 Days,943
11J,E38000045,NHS Dorset ICB - 11J,E54000041,NHS Dorset Integrated Care Board,E40000006,South West,SEP2022,Attended,GP,Video/Online,22  to 28 Days,110
11J,E38000045,NHS Dorset ICB - 11J,E54000041,NHS Dorset Integrated Care Board,E40000006,South West,SEP2022,Attended,GP,Video/Online,8  to 14 Days,189
11J,E38000045,NHS Dorset ICB - 11J,E54000041,NHS Dorset Integrated Care Board,E40000006,South West,SEP2022,Attended,GP,Video/Online,More than 28 Days,8
11J,E38000045,NHS Dorset ICB - 11J,E54000041,NHS Dorset Integrated Care Board,E40000006,South West,SEP2022,Attended,GP,Video/Online,Same Day,477
11J,E38000045,NHS Dorset ICB - 11J,E54000041,NHS Dorset Integrated Care Board,E40000006,South West,SEP2022,Attended,Other Practice staff,Face-to-Face,1 Day,11987
11J,E38000045,NHS Dorset ICB - 11J,E54000041,NHS Dorset Integrated Care Board,E40000006,South West,SEP2022,Attended,Other Practice staff,Face-to-Face,15  to 21 Days,18549
11J,E38000045,NHS Dorset ICB - 11J,E54000041,NHS Dorset Integrated Care Board,E40000006,South West,SEP2022,Attended,Other Practice staff,Face-to-Face,2 to 7 Days,32658
11J,E38000045,NHS Dorset ICB - 11J,E54000041,NHS Dorset Integrated Care Board,E40000006,South West,SEP2022,Attended,Other Practice staff,Face-to-Face,22  to 28 Days,11361
11J,E38000045,NHS Dorset ICB - 11J,E54000041,NHS Dorset Integrated Care Board,E40000006,South West,SEP2022,Attended,Other Practice staff,Face-to-Face,8  to 14 Days,28460
11J,E38000045,NHS Dorset ICB - 11J,E54000041,NHS Dorset Integrated Care Board,E40000006,South West,SEP2022,Attended,Other Practice staff,Face-to-Face,More than 28 Days,16479
11J,E38000045,NHS Dorset ICB - 11J,E54000041,NHS Dorset Integrated Care Board,E40000006,South West,SEP2022,Attended,Other Practice staff,Face-to-Face,Same Day,42974
11J,E38000045,NHS Dorset ICB - 11J,E54000041,NHS Dorset Integrated Care Board,E40000006,South West,SEP2022,Attended,Other Practice staff,Face-to-Face,Unknown / Data Quality,204
11J,E38000045,NHS Dorset ICB - 11J,E54000041,NHS Dorset Integrated Care Board,E40000006,South West,SEP2022,Attended,Other Practice staff,Home Visit,1 Day,115
11J,E38000045,NHS Dorset ICB - 11J,E54000041,NHS Dorset Integrated Care Board,E40000006,South West,SEP2022,Attended,Other Practice staff,Home Visit,15  to 21 Days,75
11J,E38000045,NHS Dorset ICB - 11J,E54000041,NHS Dorset Integrated Care Board,E40000006,South West,SEP2022,Attended,Other Practice staff,Home Visit,2 to 7 Days,220
11J,E38000045,NHS Dorset ICB - 11J,E54000041,NHS Dorset Integrated Care Board,E40000006,South West,SEP2022,Attended,Other Practice staff,Home Visit,22  to 28 Days,62
11J,E38000045,NHS Dorset ICB - 11J,E54000041,NHS Dorset Integrated Care Board,E40000006,South West,SEP2022,Attended,Other Practice staff,Home Visit,8  to 14 Days,87
11J,E38000045,NHS Dorset ICB - 11J,E54000041,NHS Dorset Integrated Care Board,E40000006,South West,SEP2022,Attended,Other Practice staff,Home Visit,More than 28 Days,151
11J,E38000045,NHS Dorset ICB - 11J,E54000041,NHS Dorset Integrated Care Board,E40000006,South West,SEP2022,Attended,Other Practice staff,Home Visit,Same Day,177
11J,E38000045,NHS Dorset ICB - 11J,E54000041,NHS Dorset Integrated Care Board,E40000006,South West,SEP2022,Attended,Other Practice staff,Home Visit,Unknown / Data Quality,21
11J,E38000045,NHS Dorset ICB - 11J,E54000041,NHS Dorset Integrated Care Board,E40000006,South West,SEP2022,Attended,Other Practice staff,Telephone,1 Day,1382
11J,E38000045,NHS Dorset ICB - 11J,E54000041,NHS Dorset Integrated Care Board,E40000006,South West,SEP2022,Attended,Other Practice staff,Telephone,15  to 21 Days,1281
11J,E38000045,NHS Dorset ICB - 11J,E54000041,NHS Dorset Integrated Care Board,E40000006,South West,SEP2022,Attended,Other Practice staff,Telephone,2 to 7 Days,2908
11J,E38000045,NHS Dorset ICB - 11J,E54000041,NHS Dorset Integrated Care Board,E40000006,South West,SEP2022,Attended,Other Practice staff,Telephone,22  to 28 Days,758
11J,E38000045,NHS Dorset ICB - 11J,E54000041,NHS Dorset Integrated Care Board,E40000006,South West,SEP2022,Attended,Other Practice staff,Telephone,8  to 14 Days,1874
11J,E38000045,NHS Dorset ICB - 11J,E54000041,NHS Dorset Integrated Care Board,E40000006,South West,SEP2022,Attended,Other Practice staff,Telephone,More than 28 Days,995
11J,E38000045,NHS Dorset ICB - 11J,E54000041,NHS Dorset Integrated Care Board,E40000006,South West,SEP2022,Attended,Other Practice staff,Telephone,Same Day,11543
11J,E38000045,NHS Dorset ICB - 11J,E54000041,NHS Dorset Integrated Care Board,E40000006,South West,SEP2022,Attended,Other Practice staff,Telephone,Unknown / Data Quality,19
11J,E38000045,NHS Dorset ICB - 11J,E54000041,NHS Dorset Integrated Care Board,E40000006,South West,SEP2022,Attended,Other Practice staff,Video/Online,1 Day,118
11J,E38000045,NHS Dorset ICB - 11J,E54000041,NHS Dorset Integrated Care Board,E40000006,South West,SEP2022,Attended,Other Practice staff,Video/Online,15  to 21 Days,589
11J,E38000045,NHS Dorset ICB - 11J,E54000041,NHS Dorset Integrated Care Board,E40000006,South West,SEP2022,Attended,Other Practice staff,Video/Online,2 to 7 Days,572
11J,E38000045,NHS Dorset ICB - 11J,E54000041,NHS Dorset Integrated Care Board,E40000006,South West,SEP2022,Attended,Other Practice staff,Video/Online,22  to 28 Days,252
11J,E38000045,NHS Dorset ICB - 11J,E54000041,NHS Dorset Integrated Care Board,E40000006,South West,SEP2022,Attended,Other Practice staff,Video/Online,8  to 14 Days,1014
11J,E38000045,NHS Dorset ICB - 11J,E54000041,NHS Dorset Integrated Care Board,E40000006,South West,SEP2022,Attended,Other Practice staff,Video/Online,More than 28 Days,1170
11J,E38000045,NHS Dorset ICB - 11J,E54000041,NHS Dorset Integrated Care Board,E40000006,South West,SEP2022,Attended,Other Practice staff,Video/Online,Same Day,91
11J,E38000045,NHS Dorset ICB - 11J,E54000041,NHS Dorset Integrated Care Board,E40000006,South West,SEP2022,Attended,Unknown,Unknown,1 Day,1377
11J,E38000045,NHS Dorset ICB - 11J,E54000041,NHS Dorset Integrated Care Board,E40000006,South West,SEP2022,Attended,Unknown,Unknown,15  to 21 Days,582
11J,E38000045,NHS Dorset ICB - 11J,E54000041,NHS Dorset Integrated Care Board,E40000006,South West,SEP2022,Attended,Unknown,Unknown,2 to 7 Days,2588
11J,E38000045,NHS Dorset ICB - 11J,E54000041,NHS Dorset Integrated Care Board,E40000006,South West,SEP2022,Attended,Unknown,Unknown,22  to 28 Days,528
11J,E38000045,NHS Dorset ICB - 11J,E54000041,NHS Dorset Integrated Care Board,E40000006,South West,SEP2022,Attended,Unknown,Unknown,8  to 14 Days,1134
11J,E38000045,NHS Dorset ICB - 11J,E54000041,NHS Dorset Integrated Care Board,E40000006,South West,SEP2022,Attended,Unknown,Unknown,More than 28 Days,459
11J,E38000045,NHS Dorset ICB - 11J,E54000041,NHS Dorset Integrated Care Board,E40000006,South West,SEP2022,Attended,Unknown,Unknown,Same Day,11108
11J,E38000045,NHS Dorset ICB - 11J,E54000041,NHS Dorset Integrated Care Board,E40000006,South West,SEP2022,Attended,Unknown,Unknown,Unknown / Data Quality,8
11J,E38000045,NHS Dorset ICB - 11J,E54000041,NHS Dorset Integrated Care Board,E40000006,South West,SEP2022,DNA,GP,Face-to-Face,1 Day,248
11J,E38000045,NHS Dorset ICB - 11J,E54000041,NHS Dorset Integrated Care Board,E40000006,South West,SEP2022,DNA,GP,Face-to-Face,15  to 21 Days,542
11J,E38000045,NHS Dorset ICB - 11J,E54000041,NHS Dorset Integrated Care Board,E40000006,South West,SEP2022,DNA,GP,Face-to-Face,2 to 7 Days,740
11J,E38000045,NHS Dorset ICB - 11J,E54000041,NHS Dorset Integrated Care Board,E40000006,South West,SEP2022,DNA,GP,Face-to-Face,22  to 28 Days,342
11J,E38000045,NHS Dorset ICB - 11J,E54000041,NHS Dorset Integrated Care Board,E40000006,South West,SEP2022,DNA,GP,Face-to-Face,8  to 14 Days,684
11J,E38000045,NHS Dorset ICB - 11J,E54000041,NHS Dorset Integrated Care Board,E40000006,South West,SEP2022,DNA,GP,Face-to-Face,More than 28 Days,466
11J,E38000045,NHS Dorset ICB - 11J,E54000041,NHS Dorset Integrated Care Board,E40000006,South West,SEP2022,DNA,GP,Face-to-Face,Same Day,426
11J,E38000045,NHS Dorset ICB - 11J,E54000041,NHS Dorset Integrated Care Board,E40000006,South West,SEP2022,DNA,GP,Home Visit,2 to 7 Days,2
11J,E38000045,NHS Dorset ICB - 11J,E54000041,NHS Dorset Integrated Care Board,E40000006,South West,SEP2022,DNA,GP,Home Visit,Same Day,8
11J,E38000045,NHS Dorset ICB - 11J,E54000041,NHS Dorset Integrated Care Board,E40000006,South West,SEP2022,DNA,GP,Telephone,1 Day,10
11J,E38000045,NHS Dorset ICB - 11J,E54000041,NHS Dorset Integrated Care Board,E40000006,South West,SEP2022,DNA,GP,Telephone,15  to 21 Days,17
11J,E38000045,NHS Dorset ICB - 11J,E54000041,NHS Dorset Integrated Care Board,E40000006,South West,SEP2022,DNA,GP,Telephone,2 to 7 Days,59
11J,E38000045,NHS Dorset ICB - 11J,E54000041,NHS Dorset Integrated Care Board,E40000006,South West,SEP2022,DNA,GP,Telephone,22  to 28 Days,23
11J,E38000045,NHS Dorset ICB - 11J,E54000041,NHS Dorset Integrated Care Board,E40000006,South West,SEP2022,DNA,GP,Telephone,8  to 14 Days,27
11J,E38000045,NHS Dorset ICB - 11J,E54000041,NHS Dorset Integrated Care Board,E40000006,South West,SEP2022,DNA,GP,Telephone,More than 28 Days,21
11J,E38000045,NHS Dorset ICB - 11J,E54000041,NHS Dorset Integrated Care Board,E40000006,South West,SEP2022,DNA,GP,Telephone,Same Day,25
11J,E38000045,NHS Dorset ICB - 11J,E54000041,NHS Dorset Integrated Care Board,E40000006,South West,SEP2022,DNA,GP,Video/Online,2 to 7 Days,4
11J,E38000045,NHS Dorset ICB - 11J,E54000041,NHS Dorset Integrated Care Board,E40000006,South West,SEP2022,DNA,GP,Video/Online,8  to 14 Days,2
11J,E38000045,NHS Dorset ICB - 11J,E54000041,NHS Dorset Integrated Care Board,E40000006,South West,SEP2022,DNA,GP,Video/Online,Same Day,2
11J,E38000045,NHS Dorset ICB - 11J,E54000041,NHS Dorset Integrated Care Board,E40000006,South West,SEP2022,DNA,Other Practice staff,Face-to-Face,1 Day,465
11J,E38000045,NHS Dorset ICB - 11J,E54000041,NHS Dorset Integrated Care Board,E40000006,South West,SEP2022,DNA,Other Practice staff,Face-to-Face,15  to 21 Days,1582
11J,E38000045,NHS Dorset ICB - 11J,E54000041,NHS Dorset Integrated Care Board,E40000006,South West,SEP2022,DNA,Other Practice staff,Face-to-Face,2 to 7 Days,2165
11J,E38000045,NHS Dorset ICB - 11J,E54000041,NHS Dorset Integrated Care Board,E40000006,South West,SEP2022,DNA,Other Practice staff,Face-to-Face,22  to 28 Days,976
11J,E38000045,NHS Dorset ICB - 11J,E54000041,NHS Dorset Integrated Care Board,E40000006,South West,SEP2022,DNA,Other Practice staff,Face-to-Face,8  to 14 Days,2618
11J,E38000045,NHS Dorset ICB - 11J,E54000041,NHS Dorset Integrated Care Board,E40000006,South West,SEP2022,DNA,Other Practice staff,Face-to-Face,More than 28 Days,1855
11J,E38000045,NHS Dorset ICB - 11J,E54000041,NHS Dorset Integrated Care Board,E40000006,South West,SEP2022,DNA,Other Practice staff,Face-to-Face,Same Day,1128
11J,E38000045,NHS Dorset ICB - 11J,E54000041,NHS Dorset Integrated Care Board,E40000006,South West,SEP2022,DNA,Other Practice staff,Face-to-Face,Unknown / Data Quality,2
11J,E38000045,NHS Dorset ICB - 11J,E54000041,NHS Dorset Integrated Care Board,E40000006,South West,SEP2022,DNA,Other Practice staff,Home Visit,1 Day,9
11J,E38000045,NHS Dorset ICB - 11J,E54000041,NHS Dorset Integrated Care Board,E40000006,South West,SEP2022,DNA,Other Practice staff,Home Visit,15  to 21 Days,3
11J,E38000045,NHS Dorset ICB - 11J,E54000041,NHS Dorset Integrated Care Board,E40000006,South West,SEP2022,DNA,Other Practice staff,Home Visit,2 to 7 Days,9
11J,E38000045,NHS Dorset ICB - 11J,E54000041,NHS Dorset Integrated Care Board,E40000006,South West,SEP2022,DNA,Other Practice staff,Home Visit,22  to 28 Days,7
11J,E38000045,NHS Dorset ICB - 11J,E54000041,NHS Dorset Integrated Care Board,E40000006,South West,SEP2022,DNA,Other Practice staff,Home Visit,8  to 14 Days,6
11J,E38000045,NHS Dorset ICB - 11J,E54000041,NHS Dorset Integrated Care Board,E40000006,South West,SEP2022,DNA,Other Practice staff,Home Visit,More than 28 Days,8
11J,E38000045,NHS Dorset ICB - 11J,E54000041,NHS Dorset Integrated Care Board,E40000006,South West,SEP2022,DNA,Other Practice staff,Home Visit,Same Day,15
11J,E38000045,NHS Dorset ICB - 11J,E54000041,NHS Dorset Integrated Care Board,E40000006,South West,SEP2022,DNA,Other Practice staff,Telephone,1 Day,11
11J,E38000045,NHS Dorset ICB - 11J,E54000041,NHS Dorset Integrated Care Board,E40000006,South West,SEP2022,DNA,Other Practice staff,Telephone,15  to 21 Days,22
11J,E38000045,NHS Dorset ICB - 11J,E54000041,NHS Dorset Integrated Care Board,E40000006,South West,SEP2022,DNA,Other Practice staff,Telephone,2 to 7 Days,40
11J,E38000045,NHS Dorset ICB - 11J,E54000041,NHS Dorset Integrated Care Board,E40000006,South West,SEP2022,DNA,Other Practice staff,Telephone,22  to 28 Days,9
11J,E38000045,NHS Dorset ICB - 11J,E54000041,NHS Dorset Integrated Care Board,E40000006,South West,SEP2022,DNA,Other Practice staff,Telephone,8  to 14 Days,43
11J,E38000045,NHS Dorset ICB - 11J,E54000041,NHS Dorset Integrated Care Board,E40000006,South West,SEP2022,DNA,Other Practice staff,Telephone,More than 28 Days,21
11J,E38000045,NHS Dorset ICB - 11J,E54000041,NHS Dorset Integrated Care Board,E40000006,South West,SEP2022,DNA,Other Practice staff,Telephone,Same Day,16
11J,E38000045,NHS Dorset ICB - 11J,E54000041,NHS Dorset Integrated Care Board,E40000006,South West,SEP2022,DNA,Other Practice staff,Video/Online,1 Day,5
11J,E38000045,NHS Dorset ICB - 11J,E54000041,NHS Dorset Integrated Care Board,E40000006,South West,SEP2022,DNA,Other Practice staff,Video/Online,15  to 21 Days,35
11J,E38000045,NHS Dorset ICB - 11J,E54000041,NHS Dorset Integrated Care Board,E40000006,South West,SEP2022,DNA,Other Practice staff,Video/Online,2 to 7 Days,21
11J,E38000045,NHS Dorset ICB - 11J,E54000041,NHS Dorset Integrated Care Board,E40000006,South West,SEP2022,DNA,Other Practice staff,Video/Online,22  to 28 Days,14
11J,E38000045,NHS Dorset ICB - 11J,E54000041,NHS Dorset Integrated Care Board,E40000006,South West,SEP2022,DNA,Other Practice staff,Video/Online,8  to 14 Days,86
11J,E38000045,NHS Dorset ICB - 11J,E54000041,NHS Dorset Integrated Care Board,E40000006,South West,SEP2022,DNA,Other Practice staff,Video/Online,More than 28 Days,63
11J,E38000045,NHS Dorset ICB - 11J,E54000041,NHS Dorset Integrated Care Board,E40000006,South West,SEP2022,DNA,Other Practice staff,Video/Online,Same Day,2
11J,E38000045,NHS Dorset ICB - 11J,E54000041,NHS Dorset Integrated Care Board,E40000006,South West,SEP2022,DNA,Unknown,Unknown,1 Day,39
11J,E38000045,NHS Dorset ICB - 11J,E54000041,NHS Dorset Integrated Care Board,E40000006,South West,SEP2022,DNA,Unknown,Unknown,15  to 21 Days,26
11J,E38000045,NHS Dorset ICB - 11J,E54000041,NHS Dorset Integrated Care Board,E40000006,South West,SEP2022,DNA,Unknown,Unknown,2 to 7 Days,107
11J,E38000045,NHS Dorset ICB - 11J,E54000041,NHS Dorset Integrated Care Board,E40000006,South West,SEP2022,DNA,Unknown,Unknown,22  to 28 Days,45
11J,E38000045,NHS Dorset ICB - 11J,E54000041,NHS Dorset Integrated Care Board,E40000006,South West,SEP2022,DNA,Unknown,Unknown,8  to 14 Days,83
11J,E38000045,NHS Dorset ICB - 11J,E54000041,NHS Dorset Integrated Care Board,E40000006,South West,SEP2022,DNA,Unknown,Unknown,More than 28 Days,55
11J,E38000045,NHS Dorset ICB - 11J,E54000041,NHS Dorset Integrated Care Board,E40000006,South West,SEP2022,DNA,Unknown,Unknown,Same Day,73
11J,E38000045,NHS Dorset ICB - 11J,E54000041,NHS Dorset Integrated Care Board,E40000006,South West,SEP2022,Unknown,GP,Face-to-Face,1 Day,122
11J,E38000045,NHS Dorset ICB - 11J,E54000041,NHS Dorset Integrated Care Board,E40000006,South West,SEP2022,Unknown,GP,Face-to-Face,15  to 21 Days,503
11J,E38000045,NHS Dorset ICB - 11J,E54000041,NHS Dorset Integrated Care Board,E40000006,South West,SEP2022,Unknown,GP,Face-to-Face,2 to 7 Days,483
11J,E38000045,NHS Dorset ICB - 11J,E54000041,NHS Dorset Integrated Care Board,E40000006,South West,SEP2022,Unknown,GP,Face-to-Face,22  to 28 Days,451
11J,E38000045,NHS Dorset ICB - 11J,E54000041,NHS Dorset Integrated Care Board,E40000006,South West,SEP2022,Unknown,GP,Face-to-Face,8  to 14 Days,660
11J,E38000045,NHS Dorset ICB - 11J,E54000041,NHS Dorset Integrated Care Board,E40000006,South West,SEP2022,Unknown,GP,Face-to-Face,More than 28 Days,659
11J,E38000045,NHS Dorset ICB - 11J,E54000041,NHS Dorset Integrated Care Board,E40000006,South West,SEP2022,Unknown,GP,Face-to-Face,Same Day,225
11J,E38000045,NHS Dorset ICB - 11J,E54000041,NHS Dorset Integrated Care Board,E40000006,South West,SEP2022,Unknown,GP,Face-to-Face,Unknown / Data Quality,1
11J,E38000045,NHS Dorset ICB - 11J,E54000041,NHS Dorset Integrated Care Board,E40000006,South West,SEP2022,Unknown,GP,Home Visit,1 Day,1
11J,E38000045,NHS Dorset ICB - 11J,E54000041,NHS Dorset Integrated Care Board,E40000006,South West,SEP2022,Unknown,GP,Home Visit,Same Day,4
11J,E38000045,NHS Dorset ICB - 11J,E54000041,NHS Dorset Integrated Care Board,E40000006,South West,SEP2022,Unknown,GP,Telephone,1 Day,15
11J,E38000045,NHS Dorset ICB - 11J,E54000041,NHS Dorset Integrated Care Board,E40000006,South West,SEP2022,Unknown,GP,Telephone,15  to 21 Days,147
11J,E38000045,NHS Dorset ICB - 11J,E54000041,NHS Dorset Integrated Care Board,E40000006,South West,SEP2022,Unknown,GP,Telephone,2 to 7 Days,130
11J,E38000045,NHS Dorset ICB - 11J,E54000041,NHS Dorset Integrated Care Board,E40000006,South West,SEP2022,Unknown,GP,Telephone,22  to 28 Days,120
11J,E38000045,NHS Dorset ICB - 11J,E54000041,NHS Dorset Integrated Care Board,E40000006,South West,SEP2022,Unknown,GP,Telephone,8  to 14 Days,179
11J,E38000045,NHS Dorset ICB - 11J,E54000041,NHS Dorset Integrated Care Board,E40000006,South West,SEP2022,Unknown,GP,Telephone,More than 28 Days,117
11J,E38000045,NHS Dorset ICB - 11J,E54000041,NHS Dorset Integrated Care Board,E40000006,South West,SEP2022,Unknown,GP,Telephone,Same Day,67
11J,E38000045,NHS Dorset ICB - 11J,E54000041,NHS Dorset Integrated Care Board,E40000006,South West,SEP2022,Unknown,GP,Video/Online,15  to 21 Days,78
11J,E38000045,NHS Dorset ICB - 11J,E54000041,NHS Dorset Integrated Care Board,E40000006,South West,SEP2022,Unknown,GP,Video/Online,2 to 7 Days,17
11J,E38000045,NHS Dorset ICB - 11J,E54000041,NHS Dorset Integrated Care Board,E40000006,South West,SEP2022,Unknown,GP,Video/Online,22  to 28 Days,87
11J,E38000045,NHS Dorset ICB - 11J,E54000041,NHS Dorset Integrated Care Board,E40000006,South West,SEP2022,Unknown,GP,Video/Online,8  to 14 Days,25
11J,E38000045,NHS Dorset ICB - 11J,E54000041,NHS Dorset Integrated Care Board,E40000006,South West,SEP2022,Unknown,GP,Video/Online,More than 28 Days,1
11J,E38000045,NHS Dorset ICB - 11J,E54000041,NHS Dorset Integrated Care Board,E40000006,South West,SEP2022,Unknown,Other Practice staff,Face-to-Face,1 Day,296
11J,E38000045,NHS Dorset ICB - 11J,E54000041,NHS Dorset Integrated Care Board,E40000006,South West,SEP2022,Unknown,Other Practice staff,Face-to-Face,15  to 21 Days,1578
11J,E38000045,NHS Dorset ICB - 11J,E54000041,NHS Dorset Integrated Care Board,E40000006,South West,SEP2022,Unknown,Other Practice staff,Face-to-Face,2 to 7 Days,1231
11J,E38000045,NHS Dorset ICB - 11J,E54000041,NHS Dorset Integrated Care Board,E40000006,South West,SEP2022,Unknown,Other Practice staff,Face-to-Face,22  to 28 Days,1383
11J,E38000045,NHS Dorset ICB - 11J,E54000041,NHS Dorset Integrated Care Board,E40000006,South West,SEP2022,Unknown,Other Practice staff,Face-to-Face,8  to 14 Days,1678
11J,E38000045,NHS Dorset ICB - 11J,E54000041,NHS Dorset Integrated Care Board,E40000006,South West,SEP2022,Unknown,Other Practice staff,Face-to-Face,More than 28 Days,3429
11J,E38000045,NHS Dorset ICB - 11J,E54000041,NHS Dorset Integrated Care Board,E40000006,South West,SEP2022,Unknown,Other Practice staff,Face-to-Face,Same Day,733
11J,E38000045,NHS Dorset ICB - 11J,E54000041,NHS Dorset Integrated Care Board,E40000006,South West,SEP2022,Unknown,Other Practice staff,Face-to-Face,Unknown / Data Quality,11
11J,E38000045,NHS Dorset ICB - 11J,E54000041,NHS Dorset Integrated Care Board,E40000006,South West,SEP2022,Unknown,Other Practice staff,Home Visit,1 Day,2
11J,E38000045,NHS Dorset ICB - 11J,E54000041,NHS Dorset Integrated Care Board,E40000006,South West,SEP2022,Unknown,Other Practice staff,Home Visit,15  to 21 Days,13
11J,E38000045,NHS Dorset ICB - 11J,E54000041,NHS Dorset Integrated Care Board,E40000006,South West,SEP2022,Unknown,Other Practice staff,Home Visit,2 to 7 Days,9
11J,E38000045,NHS Dorset ICB - 11J,E54000041,NHS Dorset Integrated Care Board,E40000006,South West,SEP2022,Unknown,Other Practice staff,Home Visit,22  to 28 Days,1
11J,E38000045,NHS Dorset ICB - 11J,E54000041,NHS Dorset Integrated Care Board,E40000006,South West,SEP2022,Unknown,Other Practice staff,Home Visit,8  to 14 Days,23
11J,E38000045,NHS Dorset ICB - 11J,E54000041,NHS Dorset Integrated Care Board,E40000006,South West,SEP2022,Unknown,Other Practice staff,Home Visit,More than 28 Days,16
11J,E38000045,NHS Dorset ICB - 11J,E54000041,NHS Dorset Integrated Care Board,E40000006,South West,SEP2022,Unknown,Other Practice staff,Home Visit,Same Day,6
11J,E38000045,NHS Dorset ICB - 11J,E54000041,NHS Dorset Integrated Care Board,E40000006,South West,SEP2022,Unknown,Other Practice staff,Telephone,1 Day,44
11J,E38000045,NHS Dorset ICB - 11J,E54000041,NHS Dorset Integrated Care Board,E40000006,South West,SEP2022,Unknown,Other Practice staff,Telephone,15  to 21 Days,84
11J,E38000045,NHS Dorset ICB - 11J,E54000041,NHS Dorset Integrated Care Board,E40000006,South West,SEP2022,Unknown,Other Practice staff,Telephone,2 to 7 Days,168
11J,E38000045,NHS Dorset ICB - 11J,E54000041,NHS Dorset Integrated Care Board,E40000006,South West,SEP2022,Unknown,Other Practice staff,Telephone,22  to 28 Days,34
11J,E38000045,NHS Dorset ICB - 11J,E54000041,NHS Dorset Integrated Care Board,E40000006,South West,SEP2022,Unknown,Other Practice staff,Telephone,8  to 14 Days,120
11J,E38000045,NHS Dorset ICB - 11J,E54000041,NHS Dorset Integrated Care Board,E40000006,South West,SEP2022,Unknown,Other Practice staff,Telephone,More than 28 Days,61
11J,E38000045,NHS Dorset ICB - 11J,E54000041,NHS Dorset Integrated Care Board,E40000006,South West,SEP2022,Unknown,Other Practice staff,Telephone,Same Day,124
11J,E38000045,NHS Dorset ICB - 11J,E54000041,NHS Dorset Integrated Care Board,E40000006,South West,SEP2022,Unknown,Other Practice staff,Telephone,Unknown / Data Quality,1
11J,E38000045,NHS Dorset ICB - 11J,E54000041,NHS Dorset Integrated Care Board,E40000006,South West,SEP2022,Unknown,Other Practice staff,Video/Online,1 Day,8
11J,E38000045,NHS Dorset ICB - 11J,E54000041,NHS Dorset Integrated Care Board,E40000006,South West,SEP2022,Unknown,Other Practice staff,Video/Online,15  to 21 Days,214
11J,E38000045,NHS Dorset ICB - 11J,E54000041,NHS Dorset Integrated Care Board,E40000006,South West,SEP2022,Unknown,Other Practice staff,Video/Online,2 to 7 Days,77
11J,E38000045,NHS Dorset ICB - 11J,E54000041,NHS Dorset Integrated Care Board,E40000006,South West,SEP2022,Unknown,Other Practice staff,Video/Online,22  to 28 Days,104
11J,E38000045,NHS Dorset ICB - 11J,E54000041,NHS Dorset Integrated Care Board,E40000006,South West,SEP2022,Unknown,Other Practice staff,Video/Online,8  to 14 Days,103
11J,E38000045,NHS Dorset ICB - 11J,E54000041,NHS Dorset Integrated Care Board,E40000006,South West,SEP2022,Unknown,Other Practice staff,Video/Online,More than 28 Days,96
11J,E38000045,NHS Dorset ICB - 11J,E54000041,NHS Dorset Integrated Care Board,E40000006,South West,SEP2022,Unknown,Other Practice staff,Video/Online,Same Day,1
11J,E38000045,NHS Dorset ICB - 11J,E54000041,NHS Dorset Integrated Care Board,E40000006,South West,SEP2022,Unknown,Unknown,Unknown,1 Day,33
11J,E38000045,NHS Dorset ICB - 11J,E54000041,NHS Dorset Integrated Care Board,E40000006,South West,SEP2022,Unknown,Unknown,Unknown,15  to 21 Days,149
11J,E38000045,NHS Dorset ICB - 11J,E54000041,NHS Dorset Integrated Care Board,E40000006,South West,SEP2022,Unknown,Unknown,Unknown,2 to 7 Days,155
11J,E38000045,NHS Dorset ICB - 11J,E54000041,NHS Dorset Integrated Care Board,E40000006,South West,SEP2022,Unknown,Unknown,Unknown,22  to 28 Days,125
11J,E38000045,NHS Dorset ICB - 11J,E54000041,NHS Dorset Integrated Care Board,E40000006,South West,SEP2022,Unknown,Unknown,Unknown,8  to 14 Days,198
11J,E38000045,NHS Dorset ICB - 11J,E54000041,NHS Dorset Integrated Care Board,E40000006,South West,SEP2022,Unknown,Unknown,Unknown,More than 28 Days,432
11J,E38000045,NHS Dorset ICB - 11J,E54000041,NHS Dorset Integrated Care Board,E40000006,South West,SEP2022,Unknown,Unknown,Unknown,Same Day,51
11J,E38000045,NHS Dorset ICB - 11J,E54000041,NHS Dorset Integrated Care Board,E40000006,South West,SEP2022,Unknown,Unknown,Unknown,Unknown / Data Quality,2
11J,E38000045,NHS Dorset ICB - 11J,E54000041,NHS Dorset Integrated Care Board,E40000006,South West,OCT2022,Attended,GP,Face-to-Face,1 Day,9947
11J,E38000045,NHS Dorset ICB - 11J,E54000041,NHS Dorset Integrated Care Board,E40000006,South West,OCT2022,Attended,GP,Face-to-Face,15  to 21 Days,10405
11J,E38000045,NHS Dorset ICB - 11J,E54000041,NHS Dorset Integrated Care Board,E40000006,South West,OCT2022,Attended,GP,Face-to-Face,2 to 7 Days,21878
11J,E38000045,NHS Dorset ICB - 11J,E54000041,NHS Dorset Integrated Care Board,E40000006,South West,OCT2022,Attended,GP,Face-to-Face,22  to 28 Days,6353
11J,E38000045,NHS Dorset ICB - 11J,E54000041,NHS Dorset Integrated Care Board,E40000006,South West,OCT2022,Attended,GP,Face-to-Face,8  to 14 Days,15187
11J,E38000045,NHS Dorset ICB - 11J,E54000041,NHS Dorset Integrated Care Board,E40000006,South West,OCT2022,Attended,GP,Face-to-Face,More than 28 Days,7993
11J,E38000045,NHS Dorset ICB - 11J,E54000041,NHS Dorset Integrated Care Board,E40000006,South West,OCT2022,Attended,GP,Face-to-Face,Same Day,56508
11J,E38000045,NHS Dorset ICB - 11J,E54000041,NHS Dorset Integrated Care Board,E40000006,South West,OCT2022,Attended,GP,Face-to-Face,Unknown / Data Quality,25
11J,E38000045,NHS Dorset ICB - 11J,E54000041,NHS Dorset Integrated Care Board,E40000006,South West,OCT2022,Attended,GP,Home Visit,1 Day,23
11J,E38000045,NHS Dorset ICB - 11J,E54000041,NHS Dorset Integrated Care Board,E40000006,South West,OCT2022,Attended,GP,Home Visit,15  to 21 Days,3
11J,E38000045,NHS Dorset ICB - 11J,E54000041,NHS Dorset Integrated Care Board,E40000006,South West,OCT2022,Attended,GP,Home Visit,2 to 7 Days,19
11J,E38000045,NHS Dorset ICB - 11J,E54000041,NHS Dorset Integrated Care Board,E40000006,South West,OCT2022,Attended,GP,Home Visit,22  to 28 Days,2
11J,E38000045,NHS Dorset ICB - 11J,E54000041,NHS Dorset Integrated Care Board,E40000006,South West,OCT2022,Attended,GP,Home Visit,8  to 14 Days,5
11J,E38000045,NHS Dorset ICB - 11J,E54000041,NHS Dorset Integrated Care Board,E40000006,South West,OCT2022,Attended,GP,Home Visit,Same Day,96
11J,E38000045,NHS Dorset ICB - 11J,E54000041,NHS Dorset Integrated Care Board,E40000006,South West,OCT2022,Attended,GP,Telephone,1 Day,2831
11J,E38000045,NHS Dorset ICB - 11J,E54000041,NHS Dorset Integrated Care Board,E40000006,South West,OCT2022,Attended,GP,Telephone,15  to 21 Days,3232
11J,E38000045,NHS Dorset ICB - 11J,E54000041,NHS Dorset Integrated Care Board,E40000006,South West,OCT2022,Attended,GP,Telephone,2 to 7 Days,7687
11J,E38000045,NHS Dorset ICB - 11J,E54000041,NHS Dorset Integrated Care Board,E40000006,South West,OCT2022,Attended,GP,Telephone,22  to 28 Days,1781
11J,E38000045,NHS Dorset ICB - 11J,E54000041,NHS Dorset Integrated Care Board,E40000006,South West,OCT2022,Attended,GP,Telephone,8  to 14 Days,4344
11J,E38000045,NHS Dorset ICB - 11J,E54000041,NHS Dorset Integrated Care Board,E40000006,South West,OCT2022,Attended,GP,Telephone,More than 28 Days,1203
11J,E38000045,NHS Dorset ICB - 11J,E54000041,NHS Dorset Integrated Care Board,E40000006,South West,OCT2022,Attended,GP,Telephone,Same Day,24670
11J,E38000045,NHS Dorset ICB - 11J,E54000041,NHS Dorset Integrated Care Board,E40000006,South West,OCT2022,Attended,GP,Telephone,Unknown / Data Quality,46
11J,E38000045,NHS Dorset ICB - 11J,E54000041,NHS Dorset Integrated Care Board,E40000006,South West,OCT2022,Attended,GP,Video/Online,1 Day,413
11J,E38000045,NHS Dorset ICB - 11J,E54000041,NHS Dorset Integrated Care Board,E40000006,South West,OCT2022,Attended,GP,Video/Online,15  to 21 Days,72
11J,E38000045,NHS Dorset ICB - 11J,E54000041,NHS Dorset Integrated Care Board,E40000006,South West,OCT2022,Attended,GP,Video/Online,2 to 7 Days,1059
11J,E38000045,NHS Dorset ICB - 11J,E54000041,NHS Dorset Integrated Care Board,E40000006,South West,OCT2022,Attended,GP,Video/Online,22  to 28 Days,111
11J,E38000045,NHS Dorset ICB - 11J,E54000041,NHS Dorset Integrated Care Board,E40000006,South West,OCT2022,Attended,GP,Video/Online,8  to 14 Days,123
11J,E38000045,NHS Dorset ICB - 11J,E54000041,NHS Dorset Integrated Care Board,E40000006,South West,OCT2022,Attended,GP,Video/Online,More than 28 Days,84
11J,E38000045,NHS Dorset ICB - 11J,E54000041,NHS Dorset Integrated Care Board,E40000006,South West,OCT2022,Attended,GP,Video/Online,Same Day,518
11J,E38000045,NHS Dorset ICB - 11J,E54000041,NHS Dorset Integrated Care Board,E40000006,South West,OCT2022,Attended,Other Practice staff,Face-to-Face,1 Day,12722
11J,E38000045,NHS Dorset ICB - 11J,E54000041,NHS Dorset Integrated Care Board,E40000006,South West,OCT2022,Attended,Other Practice staff,Face-to-Face,15  to 21 Days,27434
11J,E38000045,NHS Dorset ICB - 11J,E54000041,NHS Dorset Integrated Care Board,E40000006,South West,OCT2022,Attended,Other Practice staff,Face-to-Face,2 to 7 Days,43695
11J,E38000045,NHS Dorset ICB - 11J,E54000041,NHS Dorset Integrated Care Board,E40000006,South West,OCT2022,Attended,Other Practice staff,Face-to-Face,22  to 28 Days,18035
11J,E38000045,NHS Dorset ICB - 11J,E54000041,NHS Dorset Integrated Care Board,E40000006,South West,OCT2022,Attended,Other Practice staff,Face-to-Face,8  to 14 Days,40956
11J,E38000045,NHS Dorset ICB - 11J,E54000041,NHS Dorset Integrated Care Board,E40000006,South West,OCT2022,Attended,Other Practice staff,Face-to-Face,More than 28 Days,39155
11J,E38000045,NHS Dorset ICB - 11J,E54000041,NHS Dorset Integrated Care Board,E40000006,South West,OCT2022,Attended,Other Practice staff,Face-to-Face,Same Day,47160
11J,E38000045,NHS Dorset ICB - 11J,E54000041,NHS Dorset Integrated Care Board,E40000006,South West,OCT2022,Attended,Other Practice staff,Face-to-Face,Unknown / Data Quality,50
11J,E38000045,NHS Dorset ICB - 11J,E54000041,NHS Dorset Integrated Care Board,E40000006,South West,OCT2022,Attended,Other Practice staff,Home Visit,1 Day,93
11J,E38000045,NHS Dorset ICB - 11J,E54000041,NHS Dorset Integrated Care Board,E40000006,South West,OCT2022,Attended,Other Practice staff,Home Visit,15  to 21 Days,36
11J,E38000045,NHS Dorset ICB - 11J,E54000041,NHS Dorset Integrated Care Board,E40000006,South West,OCT2022,Attended,Other Practice staff,Home Visit,2 to 7 Days,266
11J,E38000045,NHS Dorset ICB - 11J,E54000041,NHS Dorset Integrated Care Board,E40000006,South West,OCT2022,Attended,Other Practice staff,Home Visit,22  to 28 Days,33
11J,E38000045,NHS Dorset ICB - 11J,E54000041,NHS Dorset Integrated Care Board,E40000006,South West,OCT2022,Attended,Other Practice staff,Home Visit,8  to 14 Days,74
11J,E38000045,NHS Dorset ICB - 11J,E54000041,NHS Dorset Integrated Care Board,E40000006,South West,OCT2022,Attended,Other Practice staff,Home Visit,More than 28 Days,192
11J,E38000045,NHS Dorset ICB - 11J,E54000041,NHS Dorset Integrated Care Board,E40000006,South West,OCT2022,Attended,Other Practice staff,Home Visit,Same Day,312
11J,E38000045,NHS Dorset ICB - 11J,E54000041,NHS Dorset Integrated Care Board,E40000006,South West,OCT2022,Attended,Other Practice staff,Telephone,1 Day,1463
11J,E38000045,NHS Dorset ICB - 11J,E54000041,NHS Dorset Integrated Care Board,E40000006,South West,OCT2022,Attended,Other Practice staff,Telephone,15  to 21 Days,987
11J,E38000045,NHS Dorset ICB - 11J,E54000041,NHS Dorset Integrated Care Board,E40000006,South West,OCT2022,Attended,Other Practice staff,Telephone,2 to 7 Days,3051
11J,E38000045,NHS Dorset ICB - 11J,E54000041,NHS Dorset Integrated Care Board,E40000006,South West,OCT2022,Attended,Other Practice staff,Telephone,22  to 28 Days,720
11J,E38000045,NHS Dorset ICB - 11J,E54000041,NHS Dorset Integrated Care Board,E40000006,South West,OCT2022,Attended,Other Practice staff,Telephone,8  to 14 Days,1972
11J,E38000045,NHS Dorset ICB - 11J,E54000041,NHS Dorset Integrated Care Board,E40000006,South West,OCT2022,Attended,Other Practice staff,Telephone,More than 28 Days,785
11J,E38000045,NHS Dorset ICB - 11J,E54000041,NHS Dorset Integrated Care Board,E40000006,South West,OCT2022,Attended,Other Practice staff,Telephone,Same Day,10858
11J,E38000045,NHS Dorset ICB - 11J,E54000041,NHS Dorset Integrated Care Board,E40000006,South West,OCT2022,Attended,Other Practice staff,Telephone,Unknown / Data Quality,13
11J,E38000045,NHS Dorset ICB - 11J,E54000041,NHS Dorset Integrated Care Board,E40000006,South West,OCT2022,Attended,Other Practice staff,Video/Online,1 Day,262
11J,E38000045,NHS Dorset ICB - 11J,E54000041,NHS Dorset Integrated Care Board,E40000006,South West,OCT2022,Attended,Other Practice staff,Video/Online,15  to 21 Days,174
11J,E38000045,NHS Dorset ICB - 11J,E54000041,NHS Dorset Integrated Care Board,E40000006,South West,OCT2022,Attended,Other Practice staff,Video/Online,2 to 7 Days,879
11J,E38000045,NHS Dorset ICB - 11J,E54000041,NHS Dorset Integrated Care Board,E40000006,South West,OCT2022,Attended,Other Practice staff,Video/Online,22  to 28 Days,154
11J,E38000045,NHS Dorset ICB - 11J,E54000041,NHS Dorset Integrated Care Board,E40000006,South West,OCT2022,Attended,Other Practice staff,Video/Online,8  to 14 Days,482
11J,E38000045,NHS Dorset ICB - 11J,E54000041,NHS Dorset Integrated Care Board,E40000006,South West,OCT2022,Attended,Other Practice staff,Video/Online,More than 28 Days,184
11J,E38000045,NHS Dorset ICB - 11J,E54000041,NHS Dorset Integrated Care Board,E40000006,South West,OCT2022,Attended,Other Practice staff,Video/Online,Same Day,137
11J,E38000045,NHS Dorset ICB - 11J,E54000041,NHS Dorset Integrated Care Board,E40000006,South West,OCT2022,Attended,Unknown,Unknown,1 Day,1589
11J,E38000045,NHS Dorset ICB - 11J,E54000041,NHS Dorset Integrated Care Board,E40000006,South West,OCT2022,Attended,Unknown,Unknown,15  to 21 Days,753
11J,E38000045,NHS Dorset ICB - 11J,E54000041,NHS Dorset Integrated Care Board,E40000006,South West,OCT2022,Attended,Unknown,Unknown,2 to 7 Days,3645
11J,E38000045,NHS Dorset ICB - 11J,E54000041,NHS Dorset Integrated Care Board,E40000006,South West,OCT2022,Attended,Unknown,Unknown,22  to 28 Days,593
11J,E38000045,NHS Dorset ICB - 11J,E54000041,NHS Dorset Integrated Care Board,E40000006,South West,OCT2022,Attended,Unknown,Unknown,8  to 14 Days,1552
11J,E38000045,NHS Dorset ICB - 11J,E54000041,NHS Dorset Integrated Care Board,E40000006,South West,OCT2022,Attended,Unknown,Unknown,More than 28 Days,690
11J,E38000045,NHS Dorset ICB - 11J,E54000041,NHS Dorset Integrated Care Board,E40000006,South West,OCT2022,Attended,Unknown,Unknown,Same Day,12750
11J,E38000045,NHS Dorset ICB - 11J,E54000041,NHS Dorset Integrated Care Board,E40000006,South West,OCT2022,Attended,Unknown,Unknown,Unknown / Data Quality,31
11J,E38000045,NHS Dorset ICB - 11J,E54000041,NHS Dorset Integrated Care Board,E40000006,South West,OCT2022,DNA,GP,Face-to-Face,1 Day,210
11J,E38000045,NHS Dorset ICB - 11J,E54000041,NHS Dorset Integrated Care Board,E40000006,South West,OCT2022,DNA,GP,Face-to-Face,15  to 21 Days,496
11J,E38000045,NHS Dorset ICB - 11J,E54000041,NHS Dorset Integrated Care Board,E40000006,South West,OCT2022,DNA,GP,Face-to-Face,2 to 7 Days,789
11J,E38000045,NHS Dorset ICB - 11J,E54000041,NHS Dorset Integrated Care Board,E40000006,South West,OCT2022,DNA,GP,Face-to-Face,22  to 28 Days,320
11J,E38000045,NHS Dorset ICB - 11J,E54000041,NHS Dorset Integrated Care Board,E40000006,South West,OCT2022,DNA,GP,Face-to-Face,8  to 14 Days,773
11J,E38000045,NHS Dorset ICB - 11J,E54000041,NHS Dorset Integrated Care Board,E40000006,South West,OCT2022,DNA,GP,Face-to-Face,More than 28 Days,445
11J,E38000045,NHS Dorset ICB - 11J,E54000041,NHS Dorset Integrated Care Board,E40000006,South West,OCT2022,DNA,GP,Face-to-Face,Same Day,422
11J,E38000045,NHS Dorset ICB - 11J,E54000041,NHS Dorset Integrated Care Board,E40000006,South West,OCT2022,DNA,GP,Face-to-Face,Unknown / Data Quality,1
11J,E38000045,NHS Dorset ICB - 11J,E54000041,NHS Dorset Integrated Care Board,E40000006,South West,OCT2022,DNA,GP,Home Visit,1 Day,1
11J,E38000045,NHS Dorset ICB - 11J,E54000041,NHS Dorset Integrated Care Board,E40000006,South West,OCT2022,DNA,GP,Home Visit,2 to 7 Days,1
11J,E38000045,NHS Dorset ICB - 11J,E54000041,NHS Dorset Integrated Care Board,E40000006,South West,OCT2022,DNA,GP,Home Visit,8  to 14 Days,3
11J,E38000045,NHS Dorset ICB - 11J,E54000041,NHS Dorset Integrated Care Board,E40000006,South West,OCT2022,DNA,GP,Home Visit,Same Day,6
11J,E38000045,NHS Dorset ICB - 11J,E54000041,NHS Dorset Integrated Care Board,E40000006,South West,OCT2022,DNA,GP,Telephone,1 Day,16
11J,E38000045,NHS Dorset ICB - 11J,E54000041,NHS Dorset Integrated Care Board,E40000006,South West,OCT2022,DNA,GP,Telephone,15  to 21 Days,29
11J,E38000045,NHS Dorset ICB - 11J,E54000041,NHS Dorset Integrated Care Board,E40000006,South West,OCT2022,DNA,GP,Telephone,2 to 7 Days,60
11J,E38000045,NHS Dorset ICB - 11J,E54000041,NHS Dorset Integrated Care Board,E40000006,South West,OCT2022,DNA,GP,Telephone,22  to 28 Days,14
11J,E38000045,NHS Dorset ICB - 11J,E54000041,NHS Dorset Integrated Care Board,E40000006,South West,OCT2022,DNA,GP,Telephone,8  to 14 Days,25
11J,E38000045,NHS Dorset ICB - 11J,E54000041,NHS Dorset Integrated Care Board,E40000006,South West,OCT2022,DNA,GP,Telephone,More than 28 Days,20
11J,E38000045,NHS Dorset ICB - 11J,E54000041,NHS Dorset Integrated Care Board,E40000006,South West,OCT2022,DNA,GP,Telephone,Same Day,32
11J,E38000045,NHS Dorset ICB - 11J,E54000041,NHS Dorset Integrated Care Board,E40000006,South West,OCT2022,DNA,GP,Video/Online,22  to 28 Days,1
11J,E38000045,NHS Dorset ICB - 11J,E54000041,NHS Dorset Integrated Care Board,E40000006,South West,OCT2022,DNA,GP,Video/Online,Same Day,2
11J,E38000045,NHS Dorset ICB - 11J,E54000041,NHS Dorset Integrated Care Board,E40000006,South West,OCT2022,DNA,Other Practice staff,Face-to-Face,1 Day,654
11J,E38000045,NHS Dorset ICB - 11J,E54000041,NHS Dorset Integrated Care Board,E40000006,South West,OCT2022,DNA,Other Practice staff,Face-to-Face,15  to 21 Days,2592
11J,E38000045,NHS Dorset ICB - 11J,E54000041,NHS Dorset Integrated Care Board,E40000006,South West,OCT2022,DNA,Other Practice staff,Face-to-Face,2 to 7 Days,3114
11J,E38000045,NHS Dorset ICB - 11J,E54000041,NHS Dorset Integrated Care Board,E40000006,South West,OCT2022,DNA,Other Practice staff,Face-to-Face,22  to 28 Days,2532
11J,E38000045,NHS Dorset ICB - 11J,E54000041,NHS Dorset Integrated Care Board,E40000006,South West,OCT2022,DNA,Other Practice staff,Face-to-Face,8  to 14 Days,3456
11J,E38000045,NHS Dorset ICB - 11J,E54000041,NHS Dorset Integrated Care Board,E40000006,South West,OCT2022,DNA,Other Practice staff,Face-to-Face,More than 28 Days,3645
11J,E38000045,NHS Dorset ICB - 11J,E54000041,NHS Dorset Integrated Care Board,E40000006,South West,OCT2022,DNA,Other Practice staff,Face-to-Face,Same Day,1634
11J,E38000045,NHS Dorset ICB - 11J,E54000041,NHS Dorset Integrated Care Board,E40000006,South West,OCT2022,DNA,Other Practice staff,Face-to-Face,Unknown / Data Quality,1
11J,E38000045,NHS Dorset ICB - 11J,E54000041,NHS Dorset Integrated Care Board,E40000006,South West,OCT2022,DNA,Other Practice staff,Home Visit,1 Day,4
11J,E38000045,NHS Dorset ICB - 11J,E54000041,NHS Dorset Integrated Care Board,E40000006,South West,OCT2022,DNA,Other Practice staff,Home Visit,15  to 21 Days,1
11J,E38000045,NHS Dorset ICB - 11J,E54000041,NHS Dorset Integrated Care Board,E40000006,South West,OCT2022,DNA,Other Practice staff,Home Visit,2 to 7 Days,10
11J,E38000045,NHS Dorset ICB - 11J,E54000041,NHS Dorset Integrated Care Board,E40000006,South West,OCT2022,DNA,Other Practice staff,Home Visit,More than 28 Days,11
11J,E38000045,NHS Dorset ICB - 11J,E54000041,NHS Dorset Integrated Care Board,E40000006,South West,OCT2022,DNA,Other Practice staff,Home Visit,Same Day,22
11J,E38000045,NHS Dorset ICB - 11J,E54000041,NHS Dorset Integrated Care Board,E40000006,South West,OCT2022,DNA,Other Practice staff,Telephone,1 Day,14
11J,E38000045,NHS Dorset ICB - 11J,E54000041,NHS Dorset Integrated Care Board,E40000006,South West,OCT2022,DNA,Other Practice staff,Telephone,15  to 21 Days,11
11J,E38000045,NHS Dorset ICB - 11J,E54000041,NHS Dorset Integrated Care Board,E40000006,South West,OCT2022,DNA,Other Practice staff,Telephone,2 to 7 Days,33
11J,E38000045,NHS Dorset ICB - 11J,E54000041,NHS Dorset Integrated Care Board,E40000006,South West,OCT2022,DNA,Other Practice staff,Telephone,22  to 28 Days,14
11J,E38000045,NHS Dorset ICB - 11J,E54000041,NHS Dorset Integrated Care Board,E40000006,South West,OCT2022,DNA,Other Practice staff,Telephone,8  to 14 Days,31
11J,E38000045,NHS Dorset ICB - 11J,E54000041,NHS Dorset Integrated Care Board,E40000006,South West,OCT2022,DNA,Other Practice staff,Telephone,More than 28 Days,12
11J,E38000045,NHS Dorset ICB - 11J,E54000041,NHS Dorset Integrated Care Board,E40000006,South West,OCT2022,DNA,Other Practice staff,Telephone,Same Day,11
11J,E38000045,NHS Dorset ICB - 11J,E54000041,NHS Dorset Integrated Care Board,E40000006,South West,OCT2022,DNA,Other Practice staff,Video/Online,1 Day,13
11J,E38000045,NHS Dorset ICB - 11J,E54000041,NHS Dorset Integrated Care Board,E40000006,South West,OCT2022,DNA,Other Practice staff,Video/Online,15  to 21 Days,11
11J,E38000045,NHS Dorset ICB - 11J,E54000041,NHS Dorset Integrated Care Board,E40000006,South West,OCT2022,DNA,Other Practice staff,Video/Online,2 to 7 Days,36
11J,E38000045,NHS Dorset ICB - 11J,E54000041,NHS Dorset Integrated Care Board,E40000006,South West,OCT2022,DNA,Other Practice staff,Video/Online,22  to 28 Days,5
11J,E38000045,NHS Dorset ICB - 11J,E54000041,NHS Dorset Integrated Care Board,E40000006,South West,OCT2022,DNA,Other Practice staff,Video/Online,8  to 14 Days,18
11J,E38000045,NHS Dorset ICB - 11J,E54000041,NHS Dorset Integrated Care Board,E40000006,South West,OCT2022,DNA,Other Practice staff,Video/Online,More than 28 Days,12
11J,E38000045,NHS Dorset ICB - 11J,E54000041,NHS Dorset Integrated Care Board,E40000006,South West,OCT2022,DNA,Other Practice staff,Video/Online,Same Day,6
11J,E38000045,NHS Dorset ICB - 11J,E54000041,NHS Dorset Integrated Care Board,E40000006,South West,OCT2022,DNA,Unknown,Unknown,1 Day,41
11J,E38000045,NHS Dorset ICB - 11J,E54000041,NHS Dorset Integrated Care Board,E40000006,South West,OCT2022,DNA,Unknown,Unknown,15  to 21 Days,53
11J,E38000045,NHS Dorset ICB - 11J,E54000041,NHS Dorset Integrated Care Board,E40000006,South West,OCT2022,DNA,Unknown,Unknown,2 to 7 Days,139
11J,E38000045,NHS Dorset ICB - 11J,E54000041,NHS Dorset Integrated Care Board,E40000006,South West,OCT2022,DNA,Unknown,Unknown,22  to 28 Days,37
11J,E38000045,NHS Dorset ICB - 11J,E54000041,NHS Dorset Integrated Care Board,E40000006,South West,OCT2022,DNA,Unknown,Unknown,8  to 14 Days,63
11J,E38000045,NHS Dorset ICB - 11J,E54000041,NHS Dorset Integrated Care Board,E40000006,South West,OCT2022,DNA,Unknown,Unknown,More than 28 Days,62
11J,E38000045,NHS Dorset ICB - 11J,E54000041,NHS Dorset Integrated Care Board,E40000006,South West,OCT2022,DNA,Unknown,Unknown,Same Day,84
11J,E38000045,NHS Dorset ICB - 11J,E54000041,NHS Dorset Integrated Care Board,E40000006,South West,OCT2022,Unknown,GP,Face-to-Face,1 Day,102
11J,E38000045,NHS Dorset ICB - 11J,E54000041,NHS Dorset Integrated Care Board,E40000006,South West,OCT2022,Unknown,GP,Face-to-Face,15  to 21 Days,364
11J,E38000045,NHS Dorset ICB - 11J,E54000041,NHS Dorset Integrated Care Board,E40000006,South West,OCT2022,Unknown,GP,Face-to-Face,2 to 7 Days,439
11J,E38000045,NHS Dorset ICB - 11J,E54000041,NHS Dorset Integrated Care Board,E40000006,South West,OCT2022,Unknown,GP,Face-to-Face,22  to 28 Days,372
11J,E38000045,NHS Dorset ICB - 11J,E54000041,NHS Dorset Integrated Care Board,E40000006,South West,OCT2022,Unknown,GP,Face-to-Face,8  to 14 Days,448
11J,E38000045,NHS Dorset ICB - 11J,E54000041,NHS Dorset Integrated Care Board,E40000006,South West,OCT2022,Unknown,GP,Face-to-Face,More than 28 Days,525
11J,E38000045,NHS Dorset ICB - 11J,E54000041,NHS Dorset Integrated Care Board,E40000006,South West,OCT2022,Unknown,GP,Face-to-Face,Same Day,290
11J,E38000045,NHS Dorset ICB - 11J,E54000041,NHS Dorset Integrated Care Board,E40000006,South West,OCT2022,Unknown,GP,Home Visit,2 to 7 Days,3
11J,E38000045,NHS Dorset ICB - 11J,E54000041,NHS Dorset Integrated Care Board,E40000006,South West,OCT2022,Unknown,GP,Home Visit,8  to 14 Days,1
11J,E38000045,NHS Dorset ICB - 11J,E54000041,NHS Dorset Integrated Care Board,E40000006,South West,OCT2022,Unknown,GP,Home Visit,Same Day,6
11J,E38000045,NHS Dorset ICB - 11J,E54000041,NHS Dorset Integrated Care Board,E40000006,South West,OCT2022,Unknown,GP,Telephone,1 Day,38
11J,E38000045,NHS Dorset ICB - 11J,E54000041,NHS Dorset Integrated Care Board,E40000006,South West,OCT2022,Unknown,GP,Telephone,15  to 21 Days,104
11J,E38000045,NHS Dorset ICB - 11J,E54000041,NHS Dorset Integrated Care Board,E40000006,South West,OCT2022,Unknown,GP,Telephone,2 to 7 Days,139
11J,E38000045,NHS Dorset ICB - 11J,E54000041,NHS Dorset Integrated Care Board,E40000006,South West,OCT2022,Unknown,GP,Telephone,22  to 28 Days,58
11J,E38000045,NHS Dorset ICB - 11J,E54000041,NHS Dorset Integrated Care Board,E40000006,South West,OCT2022,Unknown,GP,Telephone,8  to 14 Days,82
11J,E38000045,NHS Dorset ICB - 11J,E54000041,NHS Dorset Integrated Care Board,E40000006,South West,OCT2022,Unknown,GP,Telephone,More than 28 Days,63
11J,E38000045,NHS Dorset ICB - 11J,E54000041,NHS Dorset Integrated Care Board,E40000006,South West,OCT2022,Unknown,GP,Telephone,Same Day,70
11J,E38000045,NHS Dorset ICB - 11J,E54000041,NHS Dorset Integrated Care Board,E40000006,South West,OCT2022,Unknown,GP,Video/Online,1 Day,6
11J,E38000045,NHS Dorset ICB - 11J,E54000041,NHS Dorset Integrated Care Board,E40000006,South West,OCT2022,Unknown,GP,Video/Online,15  to 21 Days,5
11J,E38000045,NHS Dorset ICB - 11J,E54000041,NHS Dorset Integrated Care Board,E40000006,South West,OCT2022,Unknown,GP,Video/Online,2 to 7 Days,4
11J,E38000045,NHS Dorset ICB - 11J,E54000041,NHS Dorset Integrated Care Board,E40000006,South West,OCT2022,Unknown,GP,Video/Online,22  to 28 Days,14
11J,E38000045,NHS Dorset ICB - 11J,E54000041,NHS Dorset Integrated Care Board,E40000006,South West,OCT2022,Unknown,GP,Video/Online,8  to 14 Days,8
11J,E38000045,NHS Dorset ICB - 11J,E54000041,NHS Dorset Integrated Care Board,E40000006,South West,OCT2022,Unknown,GP,Video/Online,More than 28 Days,10
11J,E38000045,NHS Dorset ICB - 11J,E54000041,NHS Dorset Integrated Care Board,E40000006,South West,OCT2022,Unknown,Other Practice staff,Face-to-Face,1 Day,627
11J,E38000045,NHS Dorset ICB - 11J,E54000041,NHS Dorset Integrated Care Board,E40000006,South West,OCT2022,Unknown,Other Practice staff,Face-to-Face,15  to 21 Days,4068
11J,E38000045,NHS Dorset ICB - 11J,E54000041,NHS Dorset Integrated Care Board,E40000006,South West,OCT2022,Unknown,Other Practice staff,Face-to-Face,2 to 7 Days,3643
11J,E38000045,NHS Dorset ICB - 11J,E54000041,NHS Dorset Integrated Care Board,E40000006,South West,OCT2022,Unknown,Other Practice staff,Face-to-Face,22  to 28 Days,2924
11J,E38000045,NHS Dorset ICB - 11J,E54000041,NHS Dorset Integrated Care Board,E40000006,South West,OCT2022,Unknown,Other Practice staff,Face-to-Face,8  to 14 Days,5559
11J,E38000045,NHS Dorset ICB - 11J,E54000041,NHS Dorset Integrated Care Board,E40000006,South West,OCT2022,Unknown,Other Practice staff,Face-to-Face,More than 28 Days,6791
11J,E38000045,NHS Dorset ICB - 11J,E54000041,NHS Dorset Integrated Care Board,E40000006,South West,OCT2022,Unknown,Other Practice staff,Face-to-Face,Same Day,945
11J,E38000045,NHS Dorset ICB - 11J,E54000041,NHS Dorset Integrated Care Board,E40000006,South West,OCT2022,Unknown,Other Practice staff,Face-to-Face,Unknown / Data Quality,14
11J,E38000045,NHS Dorset ICB - 11J,E54000041,NHS Dorset Integrated Care Board,E40000006,South West,OCT2022,Unknown,Other Practice staff,Home Visit,1 Day,1
11J,E38000045,NHS Dorset ICB - 11J,E54000041,NHS Dorset Integrated Care Board,E40000006,South West,OCT2022,Unknown,Other Practice staff,Home Visit,15  to 21 Days,6
11J,E38000045,NHS Dorset ICB - 11J,E54000041,NHS Dorset Integrated Care Board,E40000006,South West,OCT2022,Unknown,Other Practice staff,Home Visit,2 to 7 Days,16
11J,E38000045,NHS Dorset ICB - 11J,E54000041,NHS Dorset Integrated Care Board,E40000006,South West,OCT2022,Unknown,Other Practice staff,Home Visit,22  to 28 Days,5
11J,E38000045,NHS Dorset ICB - 11J,E54000041,NHS Dorset Integrated Care Board,E40000006,South West,OCT2022,Unknown,Other Practice staff,Home Visit,8  to 14 Days,15
11J,E38000045,NHS Dorset ICB - 11J,E54000041,NHS Dorset Integrated Care Board,E40000006,South West,OCT2022,Unknown,Other Practice staff,Home Visit,More than 28 Days,9
11J,E38000045,NHS Dorset ICB - 11J,E54000041,NHS Dorset Integrated Care Board,E40000006,South West,OCT2022,Unknown,Other Practice staff,Home Visit,Same Day,13
11J,E38000045,NHS Dorset ICB - 11J,E54000041,NHS Dorset Integrated Care Board,E40000006,South West,OCT2022,Unknown,Other Practice staff,Telephone,1 Day,41
11J,E38000045,NHS Dorset ICB - 11J,E54000041,NHS Dorset Integrated Care Board,E40000006,South West,OCT2022,Unknown,Other Practice staff,Telephone,15  to 21 Days,95
11J,E38000045,NHS Dorset ICB - 11J,E54000041,NHS Dorset Integrated Care Board,E40000006,South West,OCT2022,Unknown,Other Practice staff,Telephone,2 to 7 Days,199
11J,E38000045,NHS Dorset ICB - 11J,E54000041,NHS Dorset Integrated Care Board,E40000006,South West,OCT2022,Unknown,Other Practice staff,Telephone,22  to 28 Days,54
11J,E38000045,NHS Dorset ICB - 11J,E54000041,NHS Dorset Integrated Care Board,E40000006,South West,OCT2022,Unknown,Other Practice staff,Telephone,8  to 14 Days,159
11J,E38000045,NHS Dorset ICB - 11J,E54000041,NHS Dorset Integrated Care Board,E40000006,South West,OCT2022,Unknown,Other Practice staff,Telephone,More than 28 Days,49
11J,E38000045,NHS Dorset ICB - 11J,E54000041,NHS Dorset Integrated Care Board,E40000006,South West,OCT2022,Unknown,Other Practice staff,Telephone,Same Day,207
11J,E38000045,NHS Dorset ICB - 11J,E54000041,NHS Dorset Integrated Care Board,E40000006,South West,OCT2022,Unknown,Other Practice staff,Video/Online,1 Day,6
11J,E38000045,NHS Dorset ICB - 11J,E54000041,NHS Dorset Integrated Care Board,E40000006,South West,OCT2022,Unknown,Other Practice staff,Video/Online,15  to 21 Days,13
11J,E38000045,NHS Dorset ICB - 11J,E54000041,NHS Dorset Integrated Care Board,E40000006,South West,OCT2022,Unknown,Other Practice staff,Video/Online,2 to 7 Days,30
11J,E38000045,NHS Dorset ICB - 11J,E54000041,NHS Dorset Integrated Care Board,E40000006,South West,OCT2022,Unknown,Other Practice staff,Video/Online,22  to 28 Days,19
11J,E38000045,NHS Dorset ICB - 11J,E54000041,NHS Dorset Integrated Care Board,E40000006,South West,OCT2022,Unknown,Other Practice staff,Video/Online,8  to 14 Days,33
11J,E38000045,NHS Dorset ICB - 11J,E54000041,NHS Dorset Integrated Care Board,E40000006,South West,OCT2022,Unknown,Other Practice staff,Video/Online,More than 28 Days,67
11J,E38000045,NHS Dorset ICB - 11J,E54000041,NHS Dorset Integrated Care Board,E40000006,South West,OCT2022,Unknown,Unknown,Unknown,1 Day,64
11J,E38000045,NHS Dorset ICB - 11J,E54000041,NHS Dorset Integrated Care Board,E40000006,South West,OCT2022,Unknown,Unknown,Unknown,15  to 21 Days,255
11J,E38000045,NHS Dorset ICB - 11J,E54000041,NHS Dorset Integrated Care Board,E40000006,South West,OCT2022,Unknown,Unknown,Unknown,2 to 7 Days,207
11J,E38000045,NHS Dorset ICB - 11J,E54000041,NHS Dorset Integrated Care Board,E40000006,South West,OCT2022,Unknown,Unknown,Unknown,22  to 28 Days,159
11J,E38000045,NHS Dorset ICB - 11J,E54000041,NHS Dorset Integrated Care Board,E40000006,South West,OCT2022,Unknown,Unknown,Unknown,8  to 14 Days,400
11J,E38000045,NHS Dorset ICB - 11J,E54000041,NHS Dorset Integrated Care Board,E40000006,South West,OCT2022,Unknown,Unknown,Unknown,More than 28 Days,659
11J,E38000045,NHS Dorset ICB - 11J,E54000041,NHS Dorset Integrated Care Board,E40000006,South West,OCT2022,Unknown,Unknown,Unknown,Same Day,68
11J,E38000045,NHS Dorset ICB - 11J,E54000041,NHS Dorset Integrated Care Board,E40000006,South West,OCT2022,Unknown,Unknown,Unknown,Unknown / Data Quality,1
11J,E38000045,NHS Dorset ICB - 11J,E54000041,NHS Dorset Integrated Care Board,E40000006,South West,NOV2022,Attended,GP,Face-to-Face,1 Day,11596
11J,E38000045,NHS Dorset ICB - 11J,E54000041,NHS Dorset Integrated Care Board,E40000006,South West,NOV2022,Attended,GP,Face-to-Face,15  to 21 Days,11349
11J,E38000045,NHS Dorset ICB - 11J,E54000041,NHS Dorset Integrated Care Board,E40000006,South West,NOV2022,Attended,GP,Face-to-Face,2 to 7 Days,22327
11J,E38000045,NHS Dorset ICB - 11J,E54000041,NHS Dorset Integrated Care Board,E40000006,South West,NOV2022,Attended,GP,Face-to-Face,22  to 28 Days,7974
11J,E38000045,NHS Dorset ICB - 11J,E54000041,NHS Dorset Integrated Care Board,E40000006,South West,NOV2022,Attended,GP,Face-to-Face,8  to 14 Days,15579
11J,E38000045,NHS Dorset ICB - 11J,E54000041,NHS Dorset Integrated Care Board,E40000006,South West,NOV2022,Attended,GP,Face-to-Face,More than 28 Days,7280
11J,E38000045,NHS Dorset ICB - 11J,E54000041,NHS Dorset Integrated Care Board,E40000006,South West,NOV2022,Attended,GP,Face-to-Face,Same Day,60438
11J,E38000045,NHS Dorset ICB - 11J,E54000041,NHS Dorset Integrated Care Board,E40000006,South West,NOV2022,Attended,GP,Face-to-Face,Unknown / Data Quality,30
11J,E38000045,NHS Dorset ICB - 11J,E54000041,NHS Dorset Integrated Care Board,E40000006,South West,NOV2022,Attended,GP,Home Visit,1 Day,28
11J,E38000045,NHS Dorset ICB - 11J,E54000041,NHS Dorset Integrated Care Board,E40000006,South West,NOV2022,Attended,GP,Home Visit,15  to 21 Days,2
11J,E38000045,NHS Dorset ICB - 11J,E54000041,NHS Dorset Integrated Care Board,E40000006,South West,NOV2022,Attended,GP,Home Visit,2 to 7 Days,34
11J,E38000045,NHS Dorset ICB - 11J,E54000041,NHS Dorset Integrated Care Board,E40000006,South West,NOV2022,Attended,GP,Home Visit,8  to 14 Days,7
11J,E38000045,NHS Dorset ICB - 11J,E54000041,NHS Dorset Integrated Care Board,E40000006,South West,NOV2022,Attended,GP,Home Visit,More than 28 Days,2
11J,E38000045,NHS Dorset ICB - 11J,E54000041,NHS Dorset Integrated Care Board,E40000006,South West,NOV2022,Attended,GP,Home Visit,Same Day,120
11J,E38000045,NHS Dorset ICB - 11J,E54000041,NHS Dorset Integrated Care Board,E40000006,South West,NOV2022,Attended,GP,Home Visit,Unknown / Data Quality,1
11J,E38000045,NHS Dorset ICB - 11J,E54000041,NHS Dorset Integrated Care Board,E40000006,South West,NOV2022,Attended,GP,Telephone,1 Day,2941
11J,E38000045,NHS Dorset ICB - 11J,E54000041,NHS Dorset Integrated Care Board,E40000006,South West,NOV2022,Attended,GP,Telephone,15  to 21 Days,3889
11J,E38000045,NHS Dorset ICB - 11J,E54000041,NHS Dorset Integrated Care Board,E40000006,South West,NOV2022,Attended,GP,Telephone,2 to 7 Days,7517
11J,E38000045,NHS Dorset ICB - 11J,E54000041,NHS Dorset Integrated Care Board,E40000006,South West,NOV2022,Attended,GP,Telephone,22  to 28 Days,1836
11J,E38000045,NHS Dorset ICB - 11J,E54000041,NHS Dorset Integrated Care Board,E40000006,South West,NOV2022,Attended,GP,Telephone,8  to 14 Days,5265
11J,E38000045,NHS Dorset ICB - 11J,E54000041,NHS Dorset Integrated Care Board,E40000006,South West,NOV2022,Attended,GP,Telephone,More than 28 Days,1256
11J,E38000045,NHS Dorset ICB - 11J,E54000041,NHS Dorset Integrated Care Board,E40000006,South West,NOV2022,Attended,GP,Telephone,Same Day,25358
11J,E38000045,NHS Dorset ICB - 11J,E54000041,NHS Dorset Integrated Care Board,E40000006,South West,NOV2022,Attended,GP,Telephone,Unknown / Data Quality,62
11J,E38000045,NHS Dorset ICB - 11J,E54000041,NHS Dorset Integrated Care Board,E40000006,South West,NOV2022,Attended,GP,Unknown,1 Day,1
11J,E38000045,NHS Dorset ICB - 11J,E54000041,NHS Dorset Integrated Care Board,E40000006,South West,NOV2022,Attended,GP,Unknown,15  to 21 Days,3
11J,E38000045,NHS Dorset ICB - 11J,E54000041,NHS Dorset Integrated Care Board,E40000006,South West,NOV2022,Attended,GP,Unknown,2 to 7 Days,16
11J,E38000045,NHS Dorset ICB - 11J,E54000041,NHS Dorset Integrated Care Board,E40000006,South West,NOV2022,Attended,GP,Unknown,8  to 14 Days,8
11J,E38000045,NHS Dorset ICB - 11J,E54000041,NHS Dorset Integrated Care Board,E40000006,South West,NOV2022,Attended,GP,Unknown,Same Day,2
11J,E38000045,NHS Dorset ICB - 11J,E54000041,NHS Dorset Integrated Care Board,E40000006,South West,NOV2022,Attended,GP,Video/Online,1 Day,391
11J,E38000045,NHS Dorset ICB - 11J,E54000041,NHS Dorset Integrated Care Board,E40000006,South West,NOV2022,Attended,GP,Video/Online,15  to 21 Days,41
11J,E38000045,NHS Dorset ICB - 11J,E54000041,NHS Dorset Integrated Care Board,E40000006,South West,NOV2022,Attended,GP,Video/Online,2 to 7 Days,764
11J,E38000045,NHS Dorset ICB - 11J,E54000041,NHS Dorset Integrated Care Board,E40000006,South West,NOV2022,Attended,GP,Video/Online,22  to 28 Days,31
11J,E38000045,NHS Dorset ICB - 11J,E54000041,NHS Dorset Integrated Care Board,E40000006,South West,NOV2022,Attended,GP,Video/Online,8  to 14 Days,89
11J,E38000045,NHS Dorset ICB - 11J,E54000041,NHS Dorset Integrated Care Board,E40000006,South West,NOV2022,Attended,GP,Video/Online,More than 28 Days,7
11J,E38000045,NHS Dorset ICB - 11J,E54000041,NHS Dorset Integrated Care Board,E40000006,South West,NOV2022,Attended,GP,Video/Online,Same Day,547
11J,E38000045,NHS Dorset ICB - 11J,E54000041,NHS Dorset Integrated Care Board,E40000006,South West,NOV2022,Attended,Other Practice staff,Face-to-Face,1 Day,14017
11J,E38000045,NHS Dorset ICB - 11J,E54000041,NHS Dorset Integrated Care Board,E40000006,South West,NOV2022,Attended,Other Practice staff,Face-to-Face,15  to 21 Days,23266
11J,E38000045,NHS Dorset ICB - 11J,E54000041,NHS Dorset Integrated Care Board,E40000006,South West,NOV2022,Attended,Other Practice staff,Face-to-Face,2 to 7 Days,35046
11J,E38000045,NHS Dorset ICB - 11J,E54000041,NHS Dorset Integrated Care Board,E40000006,South West,NOV2022,Attended,Other Practice staff,Face-to-Face,22  to 28 Days,14723
11J,E38000045,NHS Dorset ICB - 11J,E54000041,NHS Dorset Integrated Care Board,E40000006,South West,NOV2022,Attended,Other Practice staff,Face-to-Face,8  to 14 Days,34060
11J,E38000045,NHS Dorset ICB - 11J,E54000041,NHS Dorset Integrated Care Board,E40000006,South West,NOV2022,Attended,Other Practice staff,Face-to-Face,More than 28 Days,20825
11J,E38000045,NHS Dorset ICB - 11J,E54000041,NHS Dorset Integrated Care Board,E40000006,South West,NOV2022,Attended,Other Practice staff,Face-to-Face,Same Day,48997
11J,E38000045,NHS Dorset ICB - 11J,E54000041,NHS Dorset Integrated Care Board,E40000006,South West,NOV2022,Attended,Other Practice staff,Face-to-Face,Unknown / Data Quality,66
11J,E38000045,NHS Dorset ICB - 11J,E54000041,NHS Dorset Integrated Care Board,E40000006,South West,NOV2022,Attended,Other Practice staff,Home Visit,1 Day,77
11J,E38000045,NHS Dorset ICB - 11J,E54000041,NHS Dorset Integrated Care Board,E40000006,South West,NOV2022,Attended,Other Practice staff,Home Visit,15  to 21 Days,47
11J,E38000045,NHS Dorset ICB - 11J,E54000041,NHS Dorset Integrated Care Board,E40000006,South West,NOV2022,Attended,Other Practice staff,Home Visit,2 to 7 Days,256
11J,E38000045,NHS Dorset ICB - 11J,E54000041,NHS Dorset Integrated Care Board,E40000006,South West,NOV2022,Attended,Other Practice staff,Home Visit,22  to 28 Days,37
11J,E38000045,NHS Dorset ICB - 11J,E54000041,NHS Dorset Integrated Care Board,E40000006,South West,NOV2022,Attended,Other Practice staff,Home Visit,8  to 14 Days,137
11J,E38000045,NHS Dorset ICB - 11J,E54000041,NHS Dorset Integrated Care Board,E40000006,South West,NOV2022,Attended,Other Practice staff,Home Visit,More than 28 Days,129
11J,E38000045,NHS Dorset ICB - 11J,E54000041,NHS Dorset Integrated Care Board,E40000006,South West,NOV2022,Attended,Other Practice staff,Home Visit,Same Day,316
11J,E38000045,NHS Dorset ICB - 11J,E54000041,NHS Dorset Integrated Care Board,E40000006,South West,NOV2022,Attended,Other Practice staff,Home Visit,Unknown / Data Quality,1
11J,E38000045,NHS Dorset ICB - 11J,E54000041,NHS Dorset Integrated Care Board,E40000006,South West,NOV2022,Attended,Other Practice staff,Telephone,1 Day,1728
11J,E38000045,NHS Dorset ICB - 11J,E54000041,NHS Dorset Integrated Care Board,E40000006,South West,NOV2022,Attended,Other Practice staff,Telephone,15  to 21 Days,1330
11J,E38000045,NHS Dorset ICB - 11J,E54000041,NHS Dorset Integrated Care Board,E40000006,South West,NOV2022,Attended,Other Practice staff,Telephone,2 to 7 Days,3256
11J,E38000045,NHS Dorset ICB - 11J,E54000041,NHS Dorset Integrated Care Board,E40000006,South West,NOV2022,Attended,Other Practice staff,Telephone,22  to 28 Days,844
11J,E38000045,NHS Dorset ICB - 11J,E54000041,NHS Dorset Integrated Care Board,E40000006,South West,NOV2022,Attended,Other Practice staff,Telephone,8  to 14 Days,2309
11J,E38000045,NHS Dorset ICB - 11J,E54000041,NHS Dorset Integrated Care Board,E40000006,South West,NOV2022,Attended,Other Practice staff,Telephone,More than 28 Days,897
11J,E38000045,NHS Dorset ICB - 11J,E54000041,NHS Dorset Integrated Care Board,E40000006,South West,NOV2022,Attended,Other Practice staff,Telephone,Same Day,11891
11J,E38000045,NHS Dorset ICB - 11J,E54000041,NHS Dorset Integrated Care Board,E40000006,South West,NOV2022,Attended,Other Practice staff,Telephone,Unknown / Data Quality,36
11J,E38000045,NHS Dorset ICB - 11J,E54000041,NHS Dorset Integrated Care Board,E40000006,South West,NOV2022,Attended,Other Practice staff,Video/Online,1 Day,175
11J,E38000045,NHS Dorset ICB - 11J,E54000041,NHS Dorset Integrated Care Board,E40000006,South West,NOV2022,Attended,Other Practice staff,Video/Online,15  to 21 Days,154
11J,E38000045,NHS Dorset ICB - 11J,E54000041,NHS Dorset Integrated Care Board,E40000006,South West,NOV2022,Attended,Other Practice staff,Video/Online,2 to 7 Days,761
11J,E38000045,NHS Dorset ICB - 11J,E54000041,NHS Dorset Integrated Care Board,E40000006,South West,NOV2022,Attended,Other Practice staff,Video/Online,22  to 28 Days,95
11J,E38000045,NHS Dorset ICB - 11J,E54000041,NHS Dorset Integrated Care Board,E40000006,South West,NOV2022,Attended,Other Practice staff,Video/Online,8  to 14 Days,628
11J,E38000045,NHS Dorset ICB - 11J,E54000041,NHS Dorset Integrated Care Board,E40000006,South West,NOV2022,Attended,Other Practice staff,Video/Online,More than 28 Days,108
11J,E38000045,NHS Dorset ICB - 11J,E54000041,NHS Dorset Integrated Care Board,E40000006,South West,NOV2022,Attended,Other Practice staff,Video/Online,Same Day,120
11J,E38000045,NHS Dorset ICB - 11J,E54000041,NHS Dorset Integrated Care Board,E40000006,South West,NOV2022,Attended,Unknown,Unknown,1 Day,2190
11J,E38000045,NHS Dorset ICB - 11J,E54000041,NHS Dorset Integrated Care Board,E40000006,South West,NOV2022,Attended,Unknown,Unknown,15  to 21 Days,1184
11J,E38000045,NHS Dorset ICB - 11J,E54000041,NHS Dorset Integrated Care Board,E40000006,South West,NOV2022,Attended,Unknown,Unknown,2 to 7 Days,4504
11J,E38000045,NHS Dorset ICB - 11J,E54000041,NHS Dorset Integrated Care Board,E40000006,South West,NOV2022,Attended,Unknown,Unknown,22  to 28 Days,743
11J,E38000045,NHS Dorset ICB - 11J,E54000041,NHS Dorset Integrated Care Board,E40000006,South West,NOV2022,Attended,Unknown,Unknown,8  to 14 Days,2094
11J,E38000045,NHS Dorset ICB - 11J,E54000041,NHS Dorset Integrated Care Board,E40000006,South West,NOV2022,Attended,Unknown,Unknown,More than 28 Days,885
11J,E38000045,NHS Dorset ICB - 11J,E54000041,NHS Dorset Integrated Care Board,E40000006,South West,NOV2022,Attended,Unknown,Unknown,Same Day,14339
11J,E38000045,NHS Dorset ICB - 11J,E54000041,NHS Dorset Integrated Care Board,E40000006,South West,NOV2022,Attended,Unknown,Unknown,Unknown / Data Quality,36
11J,E38000045,NHS Dorset ICB - 11J,E54000041,NHS Dorset Integrated Care Board,E40000006,South West,NOV2022,DNA,GP,Face-to-Face,1 Day,288
11J,E38000045,NHS Dorset ICB - 11J,E54000041,NHS Dorset Integrated Care Board,E40000006,South West,NOV2022,DNA,GP,Face-to-Face,15  to 21 Days,537
11J,E38000045,NHS Dorset ICB - 11J,E54000041,NHS Dorset Integrated Care Board,E40000006,South West,NOV2022,DNA,GP,Face-to-Face,2 to 7 Days,806
11J,E38000045,NHS Dorset ICB - 11J,E54000041,NHS Dorset Integrated Care Board,E40000006,South West,NOV2022,DNA,GP,Face-to-Face,22  to 28 Days,445
11J,E38000045,NHS Dorset ICB - 11J,E54000041,NHS Dorset Integrated Care Board,E40000006,South West,NOV2022,DNA,GP,Face-to-Face,8  to 14 Days,713
11J,E38000045,NHS Dorset ICB - 11J,E54000041,NHS Dorset Integrated Care Board,E40000006,South West,NOV2022,DNA,GP,Face-to-Face,More than 28 Days,518
11J,E38000045,NHS Dorset ICB - 11J,E54000041,NHS Dorset Integrated Care Board,E40000006,South West,NOV2022,DNA,GP,Face-to-Face,Same Day,426
11J,E38000045,NHS Dorset ICB - 11J,E54000041,NHS Dorset Integrated Care Board,E40000006,South West,NOV2022,DNA,GP,Home Visit,1 Day,2
11J,E38000045,NHS Dorset ICB - 11J,E54000041,NHS Dorset Integrated Care Board,E40000006,South West,NOV2022,DNA,GP,Home Visit,2 to 7 Days,2
11J,E38000045,NHS Dorset ICB - 11J,E54000041,NHS Dorset Integrated Care Board,E40000006,South West,NOV2022,DNA,GP,Home Visit,Same Day,7
11J,E38000045,NHS Dorset ICB - 11J,E54000041,NHS Dorset Integrated Care Board,E40000006,South West,NOV2022,DNA,GP,Telephone,1 Day,21
11J,E38000045,NHS Dorset ICB - 11J,E54000041,NHS Dorset Integrated Care Board,E40000006,South West,NOV2022,DNA,GP,Telephone,15  to 21 Days,35
11J,E38000045,NHS Dorset ICB - 11J,E54000041,NHS Dorset Integrated Care Board,E40000006,South West,NOV2022,DNA,GP,Telephone,2 to 7 Days,76
11J,E38000045,NHS Dorset ICB - 11J,E54000041,NHS Dorset Integrated Care Board,E40000006,South West,NOV2022,DNA,GP,Telephone,22  to 28 Days,15
11J,E38000045,NHS Dorset ICB - 11J,E54000041,NHS Dorset Integrated Care Board,E40000006,South West,NOV2022,DNA,GP,Telephone,8  to 14 Days,48
11J,E38000045,NHS Dorset ICB - 11J,E54000041,NHS Dorset Integrated Care Board,E40000006,South West,NOV2022,DNA,GP,Telephone,More than 28 Days,15
11J,E38000045,NHS Dorset ICB - 11J,E54000041,NHS Dorset Integrated Care Board,E40000006,South West,NOV2022,DNA,GP,Telephone,Same Day,24
11J,E38000045,NHS Dorset ICB - 11J,E54000041,NHS Dorset Integrated Care Board,E40000006,South West,NOV2022,DNA,GP,Video/Online,1 Day,3
11J,E38000045,NHS Dorset ICB - 11J,E54000041,NHS Dorset Integrated Care Board,E40000006,South West,NOV2022,DNA,GP,Video/Online,15  to 21 Days,1
11J,E38000045,NHS Dorset ICB - 11J,E54000041,NHS Dorset Integrated Care Board,E40000006,South West,NOV2022,DNA,GP,Video/Online,2 to 7 Days,2
11J,E38000045,NHS Dorset ICB - 11J,E54000041,NHS Dorset Integrated Care Board,E40000006,South West,NOV2022,DNA,GP,Video/Online,8  to 14 Days,2
11J,E38000045,NHS Dorset ICB - 11J,E54000041,NHS Dorset Integrated Care Board,E40000006,South West,NOV2022,DNA,Other Practice staff,Face-to-Face,1 Day,566
11J,E38000045,NHS Dorset ICB - 11J,E54000041,NHS Dorset Integrated Care Board,E40000006,South West,NOV2022,DNA,Other Practice staff,Face-to-Face,15  to 21 Days,2036
11J,E38000045,NHS Dorset ICB - 11J,E54000041,NHS Dorset Integrated Care Board,E40000006,South West,NOV2022,DNA,Other Practice staff,Face-to-Face,2 to 7 Days,2391
11J,E38000045,NHS Dorset ICB - 11J,E54000041,NHS Dorset Integrated Care Board,E40000006,South West,NOV2022,DNA,Other Practice staff,Face-to-Face,22  to 28 Days,1276
11J,E38000045,NHS Dorset ICB - 11J,E54000041,NHS Dorset Integrated Care Board,E40000006,South West,NOV2022,DNA,Other Practice staff,Face-to-Face,8  to 14 Days,3015
11J,E38000045,NHS Dorset ICB - 11J,E54000041,NHS Dorset Integrated Care Board,E40000006,South West,NOV2022,DNA,Other Practice staff,Face-to-Face,More than 28 Days,2029
11J,E38000045,NHS Dorset ICB - 11J,E54000041,NHS Dorset Integrated Care Board,E40000006,South West,NOV2022,DNA,Other Practice staff,Face-to-Face,Same Day,1112
11J,E38000045,NHS Dorset ICB - 11J,E54000041,NHS Dorset Integrated Care Board,E40000006,South West,NOV2022,DNA,Other Practice staff,Face-to-Face,Unknown / Data Quality,2
11J,E38000045,NHS Dorset ICB - 11J,E54000041,NHS Dorset Integrated Care Board,E40000006,South West,NOV2022,DNA,Other Practice staff,Home Visit,1 Day,1
11J,E38000045,NHS Dorset ICB - 11J,E54000041,NHS Dorset Integrated Care Board,E40000006,South West,NOV2022,DNA,Other Practice staff,Home Visit,15  to 21 Days,7
11J,E38000045,NHS Dorset ICB - 11J,E54000041,NHS Dorset Integrated Care Board,E40000006,South West,NOV2022,DNA,Other Practice staff,Home Visit,2 to 7 Days,9
11J,E38000045,NHS Dorset ICB - 11J,E54000041,NHS Dorset Integrated Care Board,E40000006,South West,NOV2022,DNA,Other Practice staff,Home Visit,8  to 14 Days,7
11J,E38000045,NHS Dorset ICB - 11J,E54000041,NHS Dorset Integrated Care Board,E40000006,South West,NOV2022,DNA,Other Practice staff,Home Visit,More than 28 Days,9
11J,E38000045,NHS Dorset ICB - 11J,E54000041,NHS Dorset Integrated Care Board,E40000006,South West,NOV2022,DNA,Other Practice staff,Home Visit,Same Day,46
11J,E38000045,NHS Dorset ICB - 11J,E54000041,NHS Dorset Integrated Care Board,E40000006,South West,NOV2022,DNA,Other Practice staff,Telephone,1 Day,23
11J,E38000045,NHS Dorset ICB - 11J,E54000041,NHS Dorset Integrated Care Board,E40000006,South West,NOV2022,DNA,Other Practice staff,Telephone,15  to 21 Days,24
11J,E38000045,NHS Dorset ICB - 11J,E54000041,NHS Dorset Integrated Care Board,E40000006,South West,NOV2022,DNA,Other Practice staff,Telephone,2 to 7 Days,35
11J,E38000045,NHS Dorset ICB - 11J,E54000041,NHS Dorset Integrated Care Board,E40000006,South West,NOV2022,DNA,Other Practice staff,Telephone,22  to 28 Days,24
11J,E38000045,NHS Dorset ICB - 11J,E54000041,NHS Dorset Integrated Care Board,E40000006,South West,NOV2022,DNA,Other Practice staff,Telephone,8  to 14 Days,50
11J,E38000045,NHS Dorset ICB - 11J,E54000041,NHS Dorset Integrated Care Board,E40000006,South West,NOV2022,DNA,Other Practice staff,Telephone,More than 28 Days,18
11J,E38000045,NHS Dorset ICB - 11J,E54000041,NHS Dorset Integrated Care Board,E40000006,South West,NOV2022,DNA,Other Practice staff,Telephone,Same Day,20
11J,E38000045,NHS Dorset ICB - 11J,E54000041,NHS Dorset Integrated Care Board,E40000006,South West,NOV2022,DNA,Other Practice staff,Video/Online,1 Day,5
11J,E38000045,NHS Dorset ICB - 11J,E54000041,NHS Dorset Integrated Care Board,E40000006,South West,NOV2022,DNA,Other Practice staff,Video/Online,15  to 21 Days,10
11J,E38000045,NHS Dorset ICB - 11J,E54000041,NHS Dorset Integrated Care Board,E40000006,South West,NOV2022,DNA,Other Practice staff,Video/Online,2 to 7 Days,35
11J,E38000045,NHS Dorset ICB - 11J,E54000041,NHS Dorset Integrated Care Board,E40000006,South West,NOV2022,DNA,Other Practice staff,Video/Online,22  to 28 Days,6
11J,E38000045,NHS Dorset ICB - 11J,E54000041,NHS Dorset Integrated Care Board,E40000006,South West,NOV2022,DNA,Other Practice staff,Video/Online,8  to 14 Days,19
11J,E38000045,NHS Dorset ICB - 11J,E54000041,NHS Dorset Integrated Care Board,E40000006,South West,NOV2022,DNA,Other Practice staff,Video/Online,More than 28 Days,6
11J,E38000045,NHS Dorset ICB - 11J,E54000041,NHS Dorset Integrated Care Board,E40000006,South West,NOV2022,DNA,Other Practice staff,Video/Online,Same Day,1
11J,E38000045,NHS Dorset ICB - 11J,E54000041,NHS Dorset Integrated Care Board,E40000006,South West,NOV2022,DNA,Unknown,Unknown,1 Day,48
11J,E38000045,NHS Dorset ICB - 11J,E54000041,NHS Dorset Integrated Care Board,E40000006,South West,NOV2022,DNA,Unknown,Unknown,15  to 21 Days,66
11J,E38000045,NHS Dorset ICB - 11J,E54000041,NHS Dorset Integrated Care Board,E40000006,South West,NOV2022,DNA,Unknown,Unknown,2 to 7 Days,152
11J,E38000045,NHS Dorset ICB - 11J,E54000041,NHS Dorset Integrated Care Board,E40000006,South West,NOV2022,DNA,Unknown,Unknown,22  to 28 Days,67
11J,E38000045,NHS Dorset ICB - 11J,E54000041,NHS Dorset Integrated Care Board,E40000006,South West,NOV2022,DNA,Unknown,Unknown,8  to 14 Days,123
11J,E38000045,NHS Dorset ICB - 11J,E54000041,NHS Dorset Integrated Care Board,E40000006,South West,NOV2022,DNA,Unknown,Unknown,More than 28 Days,68
11J,E38000045,NHS Dorset ICB - 11J,E54000041,NHS Dorset Integrated Care Board,E40000006,South West,NOV2022,DNA,Unknown,Unknown,Same Day,117
11J,E38000045,NHS Dorset ICB - 11J,E54000041,NHS Dorset Integrated Care Board,E40000006,South West,NOV2022,Unknown,GP,Face-to-Face,1 Day,116
11J,E38000045,NHS Dorset ICB - 11J,E54000041,NHS Dorset Integrated Care Board,E40000006,South West,NOV2022,Unknown,GP,Face-to-Face,15  to 21 Days,368
11J,E38000045,NHS Dorset ICB - 11J,E54000041,NHS Dorset Integrated Care Board,E40000006,South West,NOV2022,Unknown,GP,Face-to-Face,2 to 7 Days,415
11J,E38000045,NHS Dorset ICB - 11J,E54000041,NHS Dorset Integrated Care Board,E40000006,South West,NOV2022,Unknown,GP,Face-to-Face,22  to 28 Days,284
11J,E38000045,NHS Dorset ICB - 11J,E54000041,NHS Dorset Integrated Care Board,E40000006,South West,NOV2022,Unknown,GP,Face-to-Face,8  to 14 Days,404
11J,E38000045,NHS Dorset ICB - 11J,E54000041,NHS Dorset Integrated Care Board,E40000006,South West,NOV2022,Unknown,GP,Face-to-Face,More than 28 Days,566
11J,E38000045,NHS Dorset ICB - 11J,E54000041,NHS Dorset Integrated Care Board,E40000006,South West,NOV2022,Unknown,GP,Face-to-Face,Same Day,393
11J,E38000045,NHS Dorset ICB - 11J,E54000041,NHS Dorset Integrated Care Board,E40000006,South West,NOV2022,Unknown,GP,Face-to-Face,Unknown / Data Quality,9
11J,E38000045,NHS Dorset ICB - 11J,E54000041,NHS Dorset Integrated Care Board,E40000006,South West,NOV2022,Unknown,GP,Home Visit,2 to 7 Days,3
11J,E38000045,NHS Dorset ICB - 11J,E54000041,NHS Dorset Integrated Care Board,E40000006,South West,NOV2022,Unknown,GP,Home Visit,Same Day,6
11J,E38000045,NHS Dorset ICB - 11J,E54000041,NHS Dorset Integrated Care Board,E40000006,South West,NOV2022,Unknown,GP,Telephone,1 Day,46
11J,E38000045,NHS Dorset ICB - 11J,E54000041,NHS Dorset Integrated Care Board,E40000006,South West,NOV2022,Unknown,GP,Telephone,15  to 21 Days,126
11J,E38000045,NHS Dorset ICB - 11J,E54000041,NHS Dorset Integrated Care Board,E40000006,South West,NOV2022,Unknown,GP,Telephone,2 to 7 Days,104
11J,E38000045,NHS Dorset ICB - 11J,E54000041,NHS Dorset Integrated Care Board,E40000006,South West,NOV2022,Unknown,GP,Telephone,22  to 28 Days,63
11J,E38000045,NHS Dorset ICB - 11J,E54000041,NHS Dorset Integrated Care Board,E40000006,South West,NOV2022,Unknown,GP,Telephone,8  to 14 Days,93
11J,E38000045,NHS Dorset ICB - 11J,E54000041,NHS Dorset Integrated Care Board,E40000006,South West,NOV2022,Unknown,GP,Telephone,More than 28 Days,80
11J,E38000045,NHS Dorset ICB - 11J,E54000041,NHS Dorset Integrated Care Board,E40000006,South West,NOV2022,Unknown,GP,Telephone,Same Day,96
11J,E38000045,NHS Dorset ICB - 11J,E54000041,NHS Dorset Integrated Care Board,E40000006,South West,NOV2022,Unknown,GP,Telephone,Unknown / Data Quality,1
11J,E38000045,NHS Dorset ICB - 11J,E54000041,NHS Dorset Integrated Care Board,E40000006,South West,NOV2022,Unknown,GP,Unknown,Same Day,4
11J,E38000045,NHS Dorset ICB - 11J,E54000041,NHS Dorset Integrated Care Board,E40000006,South West,NOV2022,Unknown,GP,Video/Online,1 Day,6
11J,E38000045,NHS Dorset ICB - 11J,E54000041,NHS Dorset Integrated Care Board,E40000006,South West,NOV2022,Unknown,GP,Video/Online,15  to 21 Days,2
11J,E38000045,NHS Dorset ICB - 11J,E54000041,NHS Dorset Integrated Care Board,E40000006,South West,NOV2022,Unknown,GP,Video/Online,2 to 7 Days,74
11J,E38000045,NHS Dorset ICB - 11J,E54000041,NHS Dorset Integrated Care Board,E40000006,South West,NOV2022,Unknown,GP,Video/Online,22  to 28 Days,1
11J,E38000045,NHS Dorset ICB - 11J,E54000041,NHS Dorset Integrated Care Board,E40000006,South West,NOV2022,Unknown,GP,Video/Online,8  to 14 Days,172
11J,E38000045,NHS Dorset ICB - 11J,E54000041,NHS Dorset Integrated Care Board,E40000006,South West,NOV2022,Unknown,Other Practice staff,Face-to-Face,1 Day,611
11J,E38000045,NHS Dorset ICB - 11J,E54000041,NHS Dorset Integrated Care Board,E40000006,South West,NOV2022,Unknown,Other Practice staff,Face-to-Face,15  to 21 Days,1553
11J,E38000045,NHS Dorset ICB - 11J,E54000041,NHS Dorset Integrated Care Board,E40000006,South West,NOV2022,Unknown,Other Practice staff,Face-to-Face,2 to 7 Days,2402
11J,E38000045,NHS Dorset ICB - 11J,E54000041,NHS Dorset Integrated Care Board,E40000006,South West,NOV2022,Unknown,Other Practice staff,Face-to-Face,22  to 28 Days,1047
11J,E38000045,NHS Dorset ICB - 11J,E54000041,NHS Dorset Integrated Care Board,E40000006,South West,NOV2022,Unknown,Other Practice staff,Face-to-Face,8  to 14 Days,2242
11J,E38000045,NHS Dorset ICB - 11J,E54000041,NHS Dorset Integrated Care Board,E40000006,South West,NOV2022,Unknown,Other Practice staff,Face-to-Face,More than 28 Days,2633
11J,E38000045,NHS Dorset ICB - 11J,E54000041,NHS Dorset Integrated Care Board,E40000006,South West,NOV2022,Unknown,Other Practice staff,Face-to-Face,Same Day,907
11J,E38000045,NHS Dorset ICB - 11J,E54000041,NHS Dorset Integrated Care Board,E40000006,South West,NOV2022,Unknown,Other Practice staff,Face-to-Face,Unknown / Data Quality,5
11J,E38000045,NHS Dorset ICB - 11J,E54000041,NHS Dorset Integrated Care Board,E40000006,South West,NOV2022,Unknown,Other Practice staff,Home Visit,1 Day,3
11J,E38000045,NHS Dorset ICB - 11J,E54000041,NHS Dorset Integrated Care Board,E40000006,South West,NOV2022,Unknown,Other Practice staff,Home Visit,15  to 21 Days,21
11J,E38000045,NHS Dorset ICB - 11J,E54000041,NHS Dorset Integrated Care Board,E40000006,South West,NOV2022,Unknown,Other Practice staff,Home Visit,2 to 7 Days,19
11J,E38000045,NHS Dorset ICB - 11J,E54000041,NHS Dorset Integrated Care Board,E40000006,South West,NOV2022,Unknown,Other Practice staff,Home Visit,22  to 28 Days,12
11J,E38000045,NHS Dorset ICB - 11J,E54000041,NHS Dorset Integrated Care Board,E40000006,South West,NOV2022,Unknown,Other Practice staff,Home Visit,8  to 14 Days,19
11J,E38000045,NHS Dorset ICB - 11J,E54000041,NHS Dorset Integrated Care Board,E40000006,South West,NOV2022,Unknown,Other Practice staff,Home Visit,More than 28 Days,23
11J,E38000045,NHS Dorset ICB - 11J,E54000041,NHS Dorset Integrated Care Board,E40000006,South West,NOV2022,Unknown,Other Practice staff,Home Visit,Same Day,33
11J,E38000045,NHS Dorset ICB - 11J,E54000041,NHS Dorset Integrated Care Board,E40000006,South West,NOV2022,Unknown,Other Practice staff,Telephone,1 Day,66
11J,E38000045,NHS Dorset ICB - 11J,E54000041,NHS Dorset Integrated Care Board,E40000006,South West,NOV2022,Unknown,Other Practice staff,Telephone,15  to 21 Days,83
11J,E38000045,NHS Dorset ICB - 11J,E54000041,NHS Dorset Integrated Care Board,E40000006,South West,NOV2022,Unknown,Other Practice staff,Telephone,2 to 7 Days,184
11J,E38000045,NHS Dorset ICB - 11J,E54000041,NHS Dorset Integrated Care Board,E40000006,South West,NOV2022,Unknown,Other Practice staff,Telephone,22  to 28 Days,61
11J,E38000045,NHS Dorset ICB - 11J,E54000041,NHS Dorset Integrated Care Board,E40000006,South West,NOV2022,Unknown,Other Practice staff,Telephone,8  to 14 Days,141
11J,E38000045,NHS Dorset ICB - 11J,E54000041,NHS Dorset Integrated Care Board,E40000006,South West,NOV2022,Unknown,Other Practice staff,Telephone,More than 28 Days,65
11J,E38000045,NHS Dorset ICB - 11J,E54000041,NHS Dorset Integrated Care Board,E40000006,South West,NOV2022,Unknown,Other Practice staff,Telephone,Same Day,195
11J,E38000045,NHS Dorset ICB - 11J,E54000041,NHS Dorset Integrated Care Board,E40000006,South West,NOV2022,Unknown,Other Practice staff,Telephone,Unknown / Data Quality,9
11J,E38000045,NHS Dorset ICB - 11J,E54000041,NHS Dorset Integrated Care Board,E40000006,South West,NOV2022,Unknown,Other Practice staff,Video/Online,1 Day,2
11J,E38000045,NHS Dorset ICB - 11J,E54000041,NHS Dorset Integrated Care Board,E40000006,South West,NOV2022,Unknown,Other Practice staff,Video/Online,15  to 21 Days,4
11J,E38000045,NHS Dorset ICB - 11J,E54000041,NHS Dorset Integrated Care Board,E40000006,South West,NOV2022,Unknown,Other Practice staff,Video/Online,2 to 7 Days,52
11J,E38000045,NHS Dorset ICB - 11J,E54000041,NHS Dorset Integrated Care Board,E40000006,South West,NOV2022,Unknown,Other Practice staff,Video/Online,22  to 28 Days,3
11J,E38000045,NHS Dorset ICB - 11J,E54000041,NHS Dorset Integrated Care Board,E40000006,South West,NOV2022,Unknown,Other Practice staff,Video/Online,8  to 14 Days,121
11J,E38000045,NHS Dorset ICB - 11J,E54000041,NHS Dorset Integrated Care Board,E40000006,South West,NOV2022,Unknown,Other Practice staff,Video/Online,More than 28 Days,3
11J,E38000045,NHS Dorset ICB - 11J,E54000041,NHS Dorset Integrated Care Board,E40000006,South West,NOV2022,Unknown,Other Practice staff,Video/Online,Same Day,1
11J,E38000045,NHS Dorset ICB - 11J,E54000041,NHS Dorset Integrated Care Board,E40000006,South West,NOV2022,Unknown,Unknown,Unknown,1 Day,45
11J,E38000045,NHS Dorset ICB - 11J,E54000041,NHS Dorset Integrated Care Board,E40000006,South West,NOV2022,Unknown,Unknown,Unknown,15  to 21 Days,211
11J,E38000045,NHS Dorset ICB - 11J,E54000041,NHS Dorset Integrated Care Board,E40000006,South West,NOV2022,Unknown,Unknown,Unknown,2 to 7 Days,285
11J,E38000045,NHS Dorset ICB - 11J,E54000041,NHS Dorset Integrated Care Board,E40000006,South West,NOV2022,Unknown,Unknown,Unknown,22  to 28 Days,159
11J,E38000045,NHS Dorset ICB - 11J,E54000041,NHS Dorset Integrated Care Board,E40000006,South West,NOV2022,Unknown,Unknown,Unknown,8  to 14 Days,280
11J,E38000045,NHS Dorset ICB - 11J,E54000041,NHS Dorset Integrated Care Board,E40000006,South West,NOV2022,Unknown,Unknown,Unknown,More than 28 Days,300
11J,E38000045,NHS Dorset ICB - 11J,E54000041,NHS Dorset Integrated Care Board,E40000006,South West,NOV2022,Unknown,Unknown,Unknown,Same Day,84
11J,E38000045,NHS Dorset ICB - 11J,E54000041,NHS Dorset Integrated Care Board,E40000006,South West,NOV2022,Unknown,Unknown,Unknown,Unknown / Data Quality,1
11J,E38000045,NHS Dorset ICB - 11J,E54000041,NHS Dorset Integrated Care Board,E40000006,South West,DEC2022,Attended,GP,Face-to-Face,1 Day,11058
11J,E38000045,NHS Dorset ICB - 11J,E54000041,NHS Dorset Integrated Care Board,E40000006,South West,DEC2022,Attended,GP,Face-to-Face,15  to 21 Days,7872
11J,E38000045,NHS Dorset ICB - 11J,E54000041,NHS Dorset Integrated Care Board,E40000006,South West,DEC2022,Attended,GP,Face-to-Face,2 to 7 Days,16435
11J,E38000045,NHS Dorset ICB - 11J,E54000041,NHS Dorset Integrated Care Board,E40000006,South West,DEC2022,Attended,GP,Face-to-Face,22  to 28 Days,5676
11J,E38000045,NHS Dorset ICB - 11J,E54000041,NHS Dorset Integrated Care Board,E40000006,South West,DEC2022,Attended,GP,Face-to-Face,8  to 14 Days,10678
11J,E38000045,NHS Dorset ICB - 11J,E54000041,NHS Dorset Integrated Care Board,E40000006,South West,DEC2022,Attended,GP,Face-to-Face,More than 28 Days,4703
11J,E38000045,NHS Dorset ICB - 11J,E54000041,NHS Dorset Integrated Care Board,E40000006,South West,DEC2022,Attended,GP,Face-to-Face,Same Day,65406
11J,E38000045,NHS Dorset ICB - 11J,E54000041,NHS Dorset Integrated Care Board,E40000006,South West,DEC2022,Attended,GP,Face-to-Face,Unknown / Data Quality,9
11J,E38000045,NHS Dorset ICB - 11J,E54000041,NHS Dorset Integrated Care Board,E40000006,South West,DEC2022,Attended,GP,Home Visit,1 Day,33
11J,E38000045,NHS Dorset ICB - 11J,E54000041,NHS Dorset Integrated Care Board,E40000006,South West,DEC2022,Attended,GP,Home Visit,15  to 21 Days,2
11J,E38000045,NHS Dorset ICB - 11J,E54000041,NHS Dorset Integrated Care Board,E40000006,South West,DEC2022,Attended,GP,Home Visit,2 to 7 Days,16
11J,E38000045,NHS Dorset ICB - 11J,E54000041,NHS Dorset Integrated Care Board,E40000006,South West,DEC2022,Attended,GP,Home Visit,8  to 14 Days,3
11J,E38000045,NHS Dorset ICB - 11J,E54000041,NHS Dorset Integrated Care Board,E40000006,South West,DEC2022,Attended,GP,Home Visit,Same Day,152
11J,E38000045,NHS Dorset ICB - 11J,E54000041,NHS Dorset Integrated Care Board,E40000006,South West,DEC2022,Attended,GP,Telephone,1 Day,2506
11J,E38000045,NHS Dorset ICB - 11J,E54000041,NHS Dorset Integrated Care Board,E40000006,South West,DEC2022,Attended,GP,Telephone,15  to 21 Days,2496
11J,E38000045,NHS Dorset ICB - 11J,E54000041,NHS Dorset Integrated Care Board,E40000006,South West,DEC2022,Attended,GP,Telephone,2 to 7 Days,5893
11J,E38000045,NHS Dorset ICB - 11J,E54000041,NHS Dorset Integrated Care Board,E40000006,South West,DEC2022,Attended,GP,Telephone,22  to 28 Days,1529
11J,E38000045,NHS Dorset ICB - 11J,E54000041,NHS Dorset Integrated Care Board,E40000006,South West,DEC2022,Attended,GP,Telephone,8  to 14 Days,4362
11J,E38000045,NHS Dorset ICB - 11J,E54000041,NHS Dorset Integrated Care Board,E40000006,South West,DEC2022,Attended,GP,Telephone,More than 28 Days,1024
11J,E38000045,NHS Dorset ICB - 11J,E54000041,NHS Dorset Integrated Care Board,E40000006,South West,DEC2022,Attended,GP,Telephone,Same Day,26978
11J,E38000045,NHS Dorset ICB - 11J,E54000041,NHS Dorset Integrated Care Board,E40000006,South West,DEC2022,Attended,GP,Telephone,Unknown / Data Quality,30
11J,E38000045,NHS Dorset ICB - 11J,E54000041,NHS Dorset Integrated Care Board,E40000006,South West,DEC2022,Attended,GP,Video/Online,1 Day,285
11J,E38000045,NHS Dorset ICB - 11J,E54000041,NHS Dorset Integrated Care Board,E40000006,South West,DEC2022,Attended,GP,Video/Online,15  to 21 Days,21
11J,E38000045,NHS Dorset ICB - 11J,E54000041,NHS Dorset Integrated Care Board,E40000006,South West,DEC2022,Attended,GP,Video/Online,2 to 7 Days,544
11J,E38000045,NHS Dorset ICB - 11J,E54000041,NHS Dorset Integrated Care Board,E40000006,South West,DEC2022,Attended,GP,Video/Online,22  to 28 Days,15
11J,E38000045,NHS Dorset ICB - 11J,E54000041,NHS Dorset Integrated Care Board,E40000006,South West,DEC2022,Attended,GP,Video/Online,8  to 14 Days,54
11J,E38000045,NHS Dorset ICB - 11J,E54000041,NHS Dorset Integrated Care Board,E40000006,South West,DEC2022,Attended,GP,Video/Online,More than 28 Days,19
11J,E38000045,NHS Dorset ICB - 11J,E54000041,NHS Dorset Integrated Care Board,E40000006,South West,DEC2022,Attended,GP,Video/Online,Same Day,597
11J,E38000045,NHS Dorset ICB - 11J,E54000041,NHS Dorset Integrated Care Board,E40000006,South West,DEC2022,Attended,GP,Video/Online,Unknown / Data Quality,1
11J,E38000045,NHS Dorset ICB - 11J,E54000041,NHS Dorset Integrated Care Board,E40000006,South West,DEC2022,Attended,Other Practice staff,Face-to-Face,1 Day,11412
11J,E38000045,NHS Dorset ICB - 11J,E54000041,NHS Dorset Integrated Care Board,E40000006,South West,DEC2022,Attended,Other Practice staff,Face-to-Face,15  to 21 Days,16750
11J,E38000045,NHS Dorset ICB - 11J,E54000041,NHS Dorset Integrated Care Board,E40000006,South West,DEC2022,Attended,Other Practice staff,Face-to-Face,2 to 7 Days,24373
11J,E38000045,NHS Dorset ICB - 11J,E54000041,NHS Dorset Integrated Care Board,E40000006,South West,DEC2022,Attended,Other Practice staff,Face-to-Face,22  to 28 Days,10974
11J,E38000045,NHS Dorset ICB - 11J,E54000041,NHS Dorset Integrated Care Board,E40000006,South West,DEC2022,Attended,Other Practice staff,Face-to-Face,8  to 14 Days,23856
11J,E38000045,NHS Dorset ICB - 11J,E54000041,NHS Dorset Integrated Care Board,E40000006,South West,DEC2022,Attended,Other Practice staff,Face-to-Face,More than 28 Days,13046
11J,E38000045,NHS Dorset ICB - 11J,E54000041,NHS Dorset Integrated Care Board,E40000006,South West,DEC2022,Attended,Other Practice staff,Face-to-Face,Same Day,45623
11J,E38000045,NHS Dorset ICB - 11J,E54000041,NHS Dorset Integrated Care Board,E40000006,South West,DEC2022,Attended,Other Practice staff,Face-to-Face,Unknown / Data Quality,15
11J,E38000045,NHS Dorset ICB - 11J,E54000041,NHS Dorset Integrated Care Board,E40000006,South West,DEC2022,Attended,Other Practice staff,Home Visit,1 Day,80
11J,E38000045,NHS Dorset ICB - 11J,E54000041,NHS Dorset Integrated Care Board,E40000006,South West,DEC2022,Attended,Other Practice staff,Home Visit,15  to 21 Days,45
11J,E38000045,NHS Dorset ICB - 11J,E54000041,NHS Dorset Integrated Care Board,E40000006,South West,DEC2022,Attended,Other Practice staff,Home Visit,2 to 7 Days,263
11J,E38000045,NHS Dorset ICB - 11J,E54000041,NHS Dorset Integrated Care Board,E40000006,South West,DEC2022,Attended,Other Practice staff,Home Visit,22  to 28 Days,34
11J,E38000045,NHS Dorset ICB - 11J,E54000041,NHS Dorset Integrated Care Board,E40000006,South West,DEC2022,Attended,Other Practice staff,Home Visit,8  to 14 Days,158
11J,E38000045,NHS Dorset ICB - 11J,E54000041,NHS Dorset Integrated Care Board,E40000006,South West,DEC2022,Attended,Other Practice staff,Home Visit,More than 28 Days,117
11J,E38000045,NHS Dorset ICB - 11J,E54000041,NHS Dorset Integrated Care Board,E40000006,South West,DEC2022,Attended,Other Practice staff,Home Visit,Same Day,280
11J,E38000045,NHS Dorset ICB - 11J,E54000041,NHS Dorset Integrated Care Board,E40000006,South West,DEC2022,Attended,Other Practice staff,Telephone,1 Day,1420
11J,E38000045,NHS Dorset ICB - 11J,E54000041,NHS Dorset Integrated Care Board,E40000006,South West,DEC2022,Attended,Other Practice staff,Telephone,15  to 21 Days,1012
11J,E38000045,NHS Dorset ICB - 11J,E54000041,NHS Dorset Integrated Care Board,E40000006,South West,DEC2022,Attended,Other Practice staff,Telephone,2 to 7 Days,2686
11J,E38000045,NHS Dorset ICB - 11J,E54000041,NHS Dorset Integrated Care Board,E40000006,South West,DEC2022,Attended,Other Practice staff,Telephone,22  to 28 Days,641
11J,E38000045,NHS Dorset ICB - 11J,E54000041,NHS Dorset Integrated Care Board,E40000006,South West,DEC2022,Attended,Other Practice staff,Telephone,8  to 14 Days,1623
11J,E38000045,NHS Dorset ICB - 11J,E54000041,NHS Dorset Integrated Care Board,E40000006,South West,DEC2022,Attended,Other Practice staff,Telephone,More than 28 Days,987
11J,E38000045,NHS Dorset ICB - 11J,E54000041,NHS Dorset Integrated Care Board,E40000006,South West,DEC2022,Attended,Other Practice staff,Telephone,Same Day,12950
11J,E38000045,NHS Dorset ICB - 11J,E54000041,NHS Dorset Integrated Care Board,E40000006,South West,DEC2022,Attended,Other Practice staff,Telephone,Unknown / Data Quality,29
11J,E38000045,NHS Dorset ICB - 11J,E54000041,NHS Dorset Integrated Care Board,E40000006,South West,DEC2022,Attended,Other Practice staff,Unknown,1 Day,5
11J,E38000045,NHS Dorset ICB - 11J,E54000041,NHS Dorset Integrated Care Board,E40000006,South West,DEC2022,Attended,Other Practice staff,Unknown,2 to 7 Days,5
11J,E38000045,NHS Dorset ICB - 11J,E54000041,NHS Dorset Integrated Care Board,E40000006,South West,DEC2022,Attended,Other Practice staff,Unknown,Same Day,3
11J,E38000045,NHS Dorset ICB - 11J,E54000041,NHS Dorset Integrated Care Board,E40000006,South West,DEC2022,Attended,Other Practice staff,Video/Online,1 Day,200
11J,E38000045,NHS Dorset ICB - 11J,E54000041,NHS Dorset Integrated Care Board,E40000006,South West,DEC2022,Attended,Other Practice staff,Video/Online,15  to 21 Days,131
11J,E38000045,NHS Dorset ICB - 11J,E54000041,NHS Dorset Integrated Care Board,E40000006,South West,DEC2022,Attended,Other Practice staff,Video/Online,2 to 7 Days,540
11J,E38000045,NHS Dorset ICB - 11J,E54000041,NHS Dorset Integrated Care Board,E40000006,South West,DEC2022,Attended,Other Practice staff,Video/Online,22  to 28 Days,94
11J,E38000045,NHS Dorset ICB - 11J,E54000041,NHS Dorset Integrated Care Board,E40000006,South West,DEC2022,Attended,Other Practice staff,Video/Online,8  to 14 Days,533
11J,E38000045,NHS Dorset ICB - 11J,E54000041,NHS Dorset Integrated Care Board,E40000006,South West,DEC2022,Attended,Other Practice staff,Video/Online,More than 28 Days,103
11J,E38000045,NHS Dorset ICB - 11J,E54000041,NHS Dorset Integrated Care Board,E40000006,South West,DEC2022,Attended,Other Practice staff,Video/Online,Same Day,129
11J,E38000045,NHS Dorset ICB - 11J,E54000041,NHS Dorset Integrated Care Board,E40000006,South West,DEC2022,Attended,Unknown,Unknown,1 Day,1261
11J,E38000045,NHS Dorset ICB - 11J,E54000041,NHS Dorset Integrated Care Board,E40000006,South West,DEC2022,Attended,Unknown,Unknown,15  to 21 Days,531
11J,E38000045,NHS Dorset ICB - 11J,E54000041,NHS Dorset Integrated Care Board,E40000006,South West,DEC2022,Attended,Unknown,Unknown,2 to 7 Days,2642
11J,E38000045,NHS Dorset ICB - 11J,E54000041,NHS Dorset Integrated Care Board,E40000006,South West,DEC2022,Attended,Unknown,Unknown,22  to 28 Days,307
11J,E38000045,NHS Dorset ICB - 11J,E54000041,NHS Dorset Integrated Care Board,E40000006,South West,DEC2022,Attended,Unknown,Unknown,8  to 14 Days,1181
11J,E38000045,NHS Dorset ICB - 11J,E54000041,NHS Dorset Integrated Care Board,E40000006,South West,DEC2022,Attended,Unknown,Unknown,More than 28 Days,261
11J,E38000045,NHS Dorset ICB - 11J,E54000041,NHS Dorset Integrated Care Board,E40000006,South West,DEC2022,Attended,Unknown,Unknown,Same Day,14402
11J,E38000045,NHS Dorset ICB - 11J,E54000041,NHS Dorset Integrated Care Board,E40000006,South West,DEC2022,Attended,Unknown,Unknown,Unknown / Data Quality,15
11J,E38000045,NHS Dorset ICB - 11J,E54000041,NHS Dorset Integrated Care Board,E40000006,South West,DEC2022,DNA,GP,Face-to-Face,1 Day,267
11J,E38000045,NHS Dorset ICB - 11J,E54000041,NHS Dorset Integrated Care Board,E40000006,South West,DEC2022,DNA,GP,Face-to-Face,15  to 21 Days,438
11J,E38000045,NHS Dorset ICB - 11J,E54000041,NHS Dorset Integrated Care Board,E40000006,South West,DEC2022,DNA,GP,Face-to-Face,2 to 7 Days,647
11J,E38000045,NHS Dorset ICB - 11J,E54000041,NHS Dorset Integrated Care Board,E40000006,South West,DEC2022,DNA,GP,Face-to-Face,22  to 28 Days,410
11J,E38000045,NHS Dorset ICB - 11J,E54000041,NHS Dorset Integrated Care Board,E40000006,South West,DEC2022,DNA,GP,Face-to-Face,8  to 14 Days,607
11J,E38000045,NHS Dorset ICB - 11J,E54000041,NHS Dorset Integrated Care Board,E40000006,South West,DEC2022,DNA,GP,Face-to-Face,More than 28 Days,311
11J,E38000045,NHS Dorset ICB - 11J,E54000041,NHS Dorset Integrated Care Board,E40000006,South West,DEC2022,DNA,GP,Face-to-Face,Same Day,506
11J,E38000045,NHS Dorset ICB - 11J,E54000041,NHS Dorset Integrated Care Board,E40000006,South West,DEC2022,DNA,GP,Home Visit,1 Day,1
11J,E38000045,NHS Dorset ICB - 11J,E54000041,NHS Dorset Integrated Care Board,E40000006,South West,DEC2022,DNA,GP,Home Visit,2 to 7 Days,1
11J,E38000045,NHS Dorset ICB - 11J,E54000041,NHS Dorset Integrated Care Board,E40000006,South West,DEC2022,DNA,GP,Home Visit,8  to 14 Days,1
11J,E38000045,NHS Dorset ICB - 11J,E54000041,NHS Dorset Integrated Care Board,E40000006,South West,DEC2022,DNA,GP,Home Visit,Same Day,5
11J,E38000045,NHS Dorset ICB - 11J,E54000041,NHS Dorset Integrated Care Board,E40000006,South West,DEC2022,DNA,GP,Telephone,1 Day,5
11J,E38000045,NHS Dorset ICB - 11J,E54000041,NHS Dorset Integrated Care Board,E40000006,South West,DEC2022,DNA,GP,Telephone,15  to 21 Days,28
11J,E38000045,NHS Dorset ICB - 11J,E54000041,NHS Dorset Integrated Care Board,E40000006,South West,DEC2022,DNA,GP,Telephone,2 to 7 Days,63
11J,E38000045,NHS Dorset ICB - 11J,E54000041,NHS Dorset Integrated Care Board,E40000006,South West,DEC2022,DNA,GP,Telephone,22  to 28 Days,14
11J,E38000045,NHS Dorset ICB - 11J,E54000041,NHS Dorset Integrated Care Board,E40000006,South West,DEC2022,DNA,GP,Telephone,8  to 14 Days,32
11J,E38000045,NHS Dorset ICB - 11J,E54000041,NHS Dorset Integrated Care Board,E40000006,South West,DEC2022,DNA,GP,Telephone,More than 28 Days,21
11J,E38000045,NHS Dorset ICB - 11J,E54000041,NHS Dorset Integrated Care Board,E40000006,South West,DEC2022,DNA,GP,Telephone,Same Day,35
11J,E38000045,NHS Dorset ICB - 11J,E54000041,NHS Dorset Integrated Care Board,E40000006,South West,DEC2022,DNA,GP,Video/Online,1 Day,2
11J,E38000045,NHS Dorset ICB - 11J,E54000041,NHS Dorset Integrated Care Board,E40000006,South West,DEC2022,DNA,GP,Video/Online,15  to 21 Days,1
11J,E38000045,NHS Dorset ICB - 11J,E54000041,NHS Dorset Integrated Care Board,E40000006,South West,DEC2022,DNA,GP,Video/Online,22  to 28 Days,2
11J,E38000045,NHS Dorset ICB - 11J,E54000041,NHS Dorset Integrated Care Board,E40000006,South West,DEC2022,DNA,GP,Video/Online,More than 28 Days,1
11J,E38000045,NHS Dorset ICB - 11J,E54000041,NHS Dorset Integrated Care Board,E40000006,South West,DEC2022,DNA,GP,Video/Online,Same Day,3
11J,E38000045,NHS Dorset ICB - 11J,E54000041,NHS Dorset Integrated Care Board,E40000006,South West,DEC2022,DNA,Other Practice staff,Face-to-Face,1 Day,556
11J,E38000045,NHS Dorset ICB - 11J,E54000041,NHS Dorset Integrated Care Board,E40000006,South West,DEC2022,DNA,Other Practice staff,Face-to-Face,15  to 21 Days,1729
11J,E38000045,NHS Dorset ICB - 11J,E54000041,NHS Dorset Integrated Care Board,E40000006,South West,DEC2022,DNA,Other Practice staff,Face-to-Face,2 to 7 Days,1749
11J,E38000045,NHS Dorset ICB - 11J,E54000041,NHS Dorset Integrated Care Board,E40000006,South West,DEC2022,DNA,Other Practice staff,Face-to-Face,22  to 28 Days,1228
11J,E38000045,NHS Dorset ICB - 11J,E54000041,NHS Dorset Integrated Care Board,E40000006,South West,DEC2022,DNA,Other Practice staff,Face-to-Face,8  to 14 Days,2245
11J,E38000045,NHS Dorset ICB - 11J,E54000041,NHS Dorset Integrated Care Board,E40000006,South West,DEC2022,DNA,Other Practice staff,Face-to-Face,More than 28 Days,1728
11J,E38000045,NHS Dorset ICB - 11J,E54000041,NHS Dorset Integrated Care Board,E40000006,South West,DEC2022,DNA,Other Practice staff,Face-to-Face,Same Day,909
11J,E38000045,NHS Dorset ICB - 11J,E54000041,NHS Dorset Integrated Care Board,E40000006,South West,DEC2022,DNA,Other Practice staff,Face-to-Face,Unknown / Data Quality,1
11J,E38000045,NHS Dorset ICB - 11J,E54000041,NHS Dorset Integrated Care Board,E40000006,South West,DEC2022,DNA,Other Practice staff,Home Visit,1 Day,1
11J,E38000045,NHS Dorset ICB - 11J,E54000041,NHS Dorset Integrated Care Board,E40000006,South West,DEC2022,DNA,Other Practice staff,Home Visit,15  to 21 Days,2
11J,E38000045,NHS Dorset ICB - 11J,E54000041,NHS Dorset Integrated Care Board,E40000006,South West,DEC2022,DNA,Other Practice staff,Home Visit,2 to 7 Days,3
11J,E38000045,NHS Dorset ICB - 11J,E54000041,NHS Dorset Integrated Care Board,E40000006,South West,DEC2022,DNA,Other Practice staff,Home Visit,22  to 28 Days,1
11J,E38000045,NHS Dorset ICB - 11J,E54000041,NHS Dorset Integrated Care Board,E40000006,South West,DEC2022,DNA,Other Practice staff,Home Visit,8  to 14 Days,5
11J,E38000045,NHS Dorset ICB - 11J,E54000041,NHS Dorset Integrated Care Board,E40000006,South West,DEC2022,DNA,Other Practice staff,Home Visit,More than 28 Days,10
11J,E38000045,NHS Dorset ICB - 11J,E54000041,NHS Dorset Integrated Care Board,E40000006,South West,DEC2022,DNA,Other Practice staff,Home Visit,Same Day,54
11J,E38000045,NHS Dorset ICB - 11J,E54000041,NHS Dorset Integrated Care Board,E40000006,South West,DEC2022,DNA,Other Practice staff,Telephone,1 Day,11
11J,E38000045,NHS Dorset ICB - 11J,E54000041,NHS Dorset Integrated Care Board,E40000006,South West,DEC2022,DNA,Other Practice staff,Telephone,15  to 21 Days,14
11J,E38000045,NHS Dorset ICB - 11J,E54000041,NHS Dorset Integrated Care Board,E40000006,South West,DEC2022,DNA,Other Practice staff,Telephone,2 to 7 Days,35
11J,E38000045,NHS Dorset ICB - 11J,E54000041,NHS Dorset Integrated Care Board,E40000006,South West,DEC2022,DNA,Other Practice staff,Telephone,22  to 28 Days,7
11J,E38000045,NHS Dorset ICB - 11J,E54000041,NHS Dorset Integrated Care Board,E40000006,South West,DEC2022,DNA,Other Practice staff,Telephone,8  to 14 Days,44
11J,E38000045,NHS Dorset ICB - 11J,E54000041,NHS Dorset Integrated Care Board,E40000006,South West,DEC2022,DNA,Other Practice staff,Telephone,More than 28 Days,22
11J,E38000045,NHS Dorset ICB - 11J,E54000041,NHS Dorset Integrated Care Board,E40000006,South West,DEC2022,DNA,Other Practice staff,Telephone,Same Day,15
11J,E38000045,NHS Dorset ICB - 11J,E54000041,NHS Dorset Integrated Care Board,E40000006,South West,DEC2022,DNA,Other Practice staff,Video/Online,1 Day,7
11J,E38000045,NHS Dorset ICB - 11J,E54000041,NHS Dorset Integrated Care Board,E40000006,South West,DEC2022,DNA,Other Practice staff,Video/Online,15  to 21 Days,7
11J,E38000045,NHS Dorset ICB - 11J,E54000041,NHS Dorset Integrated Care Board,E40000006,South West,DEC2022,DNA,Other Practice staff,Video/Online,2 to 7 Days,26
11J,E38000045,NHS Dorset ICB - 11J,E54000041,NHS Dorset Integrated Care Board,E40000006,South West,DEC2022,DNA,Other Practice staff,Video/Online,22  to 28 Days,8
11J,E38000045,NHS Dorset ICB - 11J,E54000041,NHS Dorset Integrated Care Board,E40000006,South West,DEC2022,DNA,Other Practice staff,Video/Online,8  to 14 Days,24
11J,E38000045,NHS Dorset ICB - 11J,E54000041,NHS Dorset Integrated Care Board,E40000006,South West,DEC2022,DNA,Other Practice staff,Video/Online,More than 28 Days,7
11J,E38000045,NHS Dorset ICB - 11J,E54000041,NHS Dorset Integrated Care Board,E40000006,South West,DEC2022,DNA,Unknown,Unknown,1 Day,44
11J,E38000045,NHS Dorset ICB - 11J,E54000041,NHS Dorset Integrated Care Board,E40000006,South West,DEC2022,DNA,Unknown,Unknown,15  to 21 Days,43
11J,E38000045,NHS Dorset ICB - 11J,E54000041,NHS Dorset Integrated Care Board,E40000006,South West,DEC2022,DNA,Unknown,Unknown,2 to 7 Days,115
11J,E38000045,NHS Dorset ICB - 11J,E54000041,NHS Dorset Integrated Care Board,E40000006,South West,DEC2022,DNA,Unknown,Unknown,22  to 28 Days,19
11J,E38000045,NHS Dorset ICB - 11J,E54000041,NHS Dorset Integrated Care Board,E40000006,South West,DEC2022,DNA,Unknown,Unknown,8  to 14 Days,93
11J,E38000045,NHS Dorset ICB - 11J,E54000041,NHS Dorset Integrated Care Board,E40000006,South West,DEC2022,DNA,Unknown,Unknown,More than 28 Days,26
11J,E38000045,NHS Dorset ICB - 11J,E54000041,NHS Dorset Integrated Care Board,E40000006,South West,DEC2022,DNA,Unknown,Unknown,Same Day,103
11J,E38000045,NHS Dorset ICB - 11J,E54000041,NHS Dorset Integrated Care Board,E40000006,South West,DEC2022,Unknown,GP,Face-to-Face,1 Day,105
11J,E38000045,NHS Dorset ICB - 11J,E54000041,NHS Dorset Integrated Care Board,E40000006,South West,DEC2022,Unknown,GP,Face-to-Face,15  to 21 Days,348
11J,E38000045,NHS Dorset ICB - 11J,E54000041,NHS Dorset Integrated Care Board,E40000006,South West,DEC2022,Unknown,GP,Face-to-Face,2 to 7 Days,380
11J,E38000045,NHS Dorset ICB - 11J,E54000041,NHS Dorset Integrated Care Board,E40000006,South West,DEC2022,Unknown,GP,Face-to-Face,22  to 28 Days,295
11J,E38000045,NHS Dorset ICB - 11J,E54000041,NHS Dorset Integrated Care Board,E40000006,South West,DEC2022,Unknown,GP,Face-to-Face,8  to 14 Days,403
11J,E38000045,NHS Dorset ICB - 11J,E54000041,NHS Dorset Integrated Care Board,E40000006,South West,DEC2022,Unknown,GP,Face-to-Face,More than 28 Days,436
11J,E38000045,NHS Dorset ICB - 11J,E54000041,NHS Dorset Integrated Care Board,E40000006,South West,DEC2022,Unknown,GP,Face-to-Face,Same Day,396
11J,E38000045,NHS Dorset ICB - 11J,E54000041,NHS Dorset Integrated Care Board,E40000006,South West,DEC2022,Unknown,GP,Face-to-Face,Unknown / Data Quality,2
11J,E38000045,NHS Dorset ICB - 11J,E54000041,NHS Dorset Integrated Care Board,E40000006,South West,DEC2022,Unknown,GP,Home Visit,1 Day,1
11J,E38000045,NHS Dorset ICB - 11J,E54000041,NHS Dorset Integrated Care Board,E40000006,South West,DEC2022,Unknown,GP,Home Visit,2 to 7 Days,1
11J,E38000045,NHS Dorset ICB - 11J,E54000041,NHS Dorset Integrated Care Board,E40000006,South West,DEC2022,Unknown,GP,Home Visit,22  to 28 Days,1
11J,E38000045,NHS Dorset ICB - 11J,E54000041,NHS Dorset Integrated Care Board,E40000006,South West,DEC2022,Unknown,GP,Home Visit,8  to 14 Days,1
11J,E38000045,NHS Dorset ICB - 11J,E54000041,NHS Dorset Integrated Care Board,E40000006,South West,DEC2022,Unknown,GP,Home Visit,Same Day,7
11J,E38000045,NHS Dorset ICB - 11J,E54000041,NHS Dorset Integrated Care Board,E40000006,South West,DEC2022,Unknown,GP,Telephone,1 Day,27
11J,E38000045,NHS Dorset ICB - 11J,E54000041,NHS Dorset Integrated Care Board,E40000006,South West,DEC2022,Unknown,GP,Telephone,15  to 21 Days,104
11J,E38000045,NHS Dorset ICB - 11J,E54000041,NHS Dorset Integrated Care Board,E40000006,South West,DEC2022,Unknown,GP,Telephone,2 to 7 Days,70
11J,E38000045,NHS Dorset ICB - 11J,E54000041,NHS Dorset Integrated Care Board,E40000006,South West,DEC2022,Unknown,GP,Telephone,22  to 28 Days,61
11J,E38000045,NHS Dorset ICB - 11J,E54000041,NHS Dorset Integrated Care Board,E40000006,South West,DEC2022,Unknown,GP,Telephone,8  to 14 Days,96
11J,E38000045,NHS Dorset ICB - 11J,E54000041,NHS Dorset Integrated Care Board,E40000006,South West,DEC2022,Unknown,GP,Telephone,More than 28 Days,100
11J,E38000045,NHS Dorset ICB - 11J,E54000041,NHS Dorset Integrated Care Board,E40000006,South West,DEC2022,Unknown,GP,Telephone,Same Day,63
11J,E38000045,NHS Dorset ICB - 11J,E54000041,NHS Dorset Integrated Care Board,E40000006,South West,DEC2022,Unknown,GP,Telephone,Unknown / Data Quality,1
11J,E38000045,NHS Dorset ICB - 11J,E54000041,NHS Dorset Integrated Care Board,E40000006,South West,DEC2022,Unknown,GP,Video/Online,1 Day,1
11J,E38000045,NHS Dorset ICB - 11J,E54000041,NHS Dorset Integrated Care Board,E40000006,South West,DEC2022,Unknown,GP,Video/Online,2 to 7 Days,3
11J,E38000045,NHS Dorset ICB - 11J,E54000041,NHS Dorset Integrated Care Board,E40000006,South West,DEC2022,Unknown,GP,Video/Online,8  to 14 Days,3
11J,E38000045,NHS Dorset ICB - 11J,E54000041,NHS Dorset Integrated Care Board,E40000006,South West,DEC2022,Unknown,GP,Video/Online,Same Day,2
11J,E38000045,NHS Dorset ICB - 11J,E54000041,NHS Dorset Integrated Care Board,E40000006,South West,DEC2022,Unknown,Other Practice staff,Face-to-Face,1 Day,314
11J,E38000045,NHS Dorset ICB - 11J,E54000041,NHS Dorset Integrated Care Board,E40000006,South West,DEC2022,Unknown,Other Practice staff,Face-to-Face,15  to 21 Days,1276
11J,E38000045,NHS Dorset ICB - 11J,E54000041,NHS Dorset Integrated Care Board,E40000006,South West,DEC2022,Unknown,Other Practice staff,Face-to-Face,2 to 7 Days,1229
11J,E38000045,NHS Dorset ICB - 11J,E54000041,NHS Dorset Integrated Care Board,E40000006,South West,DEC2022,Unknown,Other Practice staff,Face-to-Face,22  to 28 Days,792
11J,E38000045,NHS Dorset ICB - 11J,E54000041,NHS Dorset Integrated Care Board,E40000006,South West,DEC2022,Unknown,Other Practice staff,Face-to-Face,8  to 14 Days,1631
11J,E38000045,NHS Dorset ICB - 11J,E54000041,NHS Dorset Integrated Care Board,E40000006,South West,DEC2022,Unknown,Other Practice staff,Face-to-Face,More than 28 Days,1455
11J,E38000045,NHS Dorset ICB - 11J,E54000041,NHS Dorset Integrated Care Board,E40000006,South West,DEC2022,Unknown,Other Practice staff,Face-to-Face,Same Day,756
11J,E38000045,NHS Dorset ICB - 11J,E54000041,NHS Dorset Integrated Care Board,E40000006,South West,DEC2022,Unknown,Other Practice staff,Face-to-Face,Unknown / Data Quality,4
11J,E38000045,NHS Dorset ICB - 11J,E54000041,NHS Dorset Integrated Care Board,E40000006,South West,DEC2022,Unknown,Other Practice staff,Home Visit,15  to 21 Days,10
11J,E38000045,NHS Dorset ICB - 11J,E54000041,NHS Dorset Integrated Care Board,E40000006,South West,DEC2022,Unknown,Other Practice staff,Home Visit,2 to 7 Days,15
11J,E38000045,NHS Dorset ICB - 11J,E54000041,NHS Dorset Integrated Care Board,E40000006,South West,DEC2022,Unknown,Other Practice staff,Home Visit,22  to 28 Days,2
11J,E38000045,NHS Dorset ICB - 11J,E54000041,NHS Dorset Integrated Care Board,E40000006,South West,DEC2022,Unknown,Other Practice staff,Home Visit,8  to 14 Days,23
11J,E38000045,NHS Dorset ICB - 11J,E54000041,NHS Dorset Integrated Care Board,E40000006,South West,DEC2022,Unknown,Other Practice staff,Home Visit,More than 28 Days,12
11J,E38000045,NHS Dorset ICB - 11J,E54000041,NHS Dorset Integrated Care Board,E40000006,South West,DEC2022,Unknown,Other Practice staff,Home Visit,Same Day,11
11J,E38000045,NHS Dorset ICB - 11J,E54000041,NHS Dorset Integrated Care Board,E40000006,South West,DEC2022,Unknown,Other Practice staff,Telephone,1 Day,62
11J,E38000045,NHS Dorset ICB - 11J,E54000041,NHS Dorset Integrated Care Board,E40000006,South West,DEC2022,Unknown,Other Practice staff,Telephone,15  to 21 Days,104
11J,E38000045,NHS Dorset ICB - 11J,E54000041,NHS Dorset Integrated Care Board,E40000006,South West,DEC2022,Unknown,Other Practice staff,Telephone,2 to 7 Days,201
11J,E38000045,NHS Dorset ICB - 11J,E54000041,NHS Dorset Integrated Care Board,E40000006,South West,DEC2022,Unknown,Other Practice staff,Telephone,22  to 28 Days,54
11J,E38000045,NHS Dorset ICB - 11J,E54000041,NHS Dorset Integrated Care Board,E40000006,South West,DEC2022,Unknown,Other Practice staff,Telephone,8  to 14 Days,172
11J,E38000045,NHS Dorset ICB - 11J,E54000041,NHS Dorset Integrated Care Board,E40000006,South West,DEC2022,Unknown,Other Practice staff,Telephone,More than 28 Days,85
11J,E38000045,NHS Dorset ICB - 11J,E54000041,NHS Dorset Integrated Care Board,E40000006,South West,DEC2022,Unknown,Other Practice staff,Telephone,Same Day,204
11J,E38000045,NHS Dorset ICB - 11J,E54000041,NHS Dorset Integrated Care Board,E40000006,South West,DEC2022,Unknown,Other Practice staff,Video/Online,15  to 21 Days,22
11J,E38000045,NHS Dorset ICB - 11J,E54000041,NHS Dorset Integrated Care Board,E40000006,South West,DEC2022,Unknown,Other Practice staff,Video/Online,2 to 7 Days,8
11J,E38000045,NHS Dorset ICB - 11J,E54000041,NHS Dorset Integrated Care Board,E40000006,South West,DEC2022,Unknown,Other Practice staff,Video/Online,22  to 28 Days,5
11J,E38000045,NHS Dorset ICB - 11J,E54000041,NHS Dorset Integrated Care Board,E40000006,South West,DEC2022,Unknown,Other Practice staff,Video/Online,8  to 14 Days,36
11J,E38000045,NHS Dorset ICB - 11J,E54000041,NHS Dorset Integrated Care Board,E40000006,South West,DEC2022,Unknown,Other Practice staff,Video/Online,More than 28 Days,9
11J,E38000045,NHS Dorset ICB - 11J,E54000041,NHS Dorset Integrated Care Board,E40000006,South West,DEC2022,Unknown,Unknown,Unknown,1 Day,61
11J,E38000045,NHS Dorset ICB - 11J,E54000041,NHS Dorset Integrated Care Board,E40000006,South West,DEC2022,Unknown,Unknown,Unknown,15  to 21 Days,147
11J,E38000045,NHS Dorset ICB - 11J,E54000041,NHS Dorset Integrated Care Board,E40000006,South West,DEC2022,Unknown,Unknown,Unknown,2 to 7 Days,229
11J,E38000045,NHS Dorset ICB - 11J,E54000041,NHS Dorset Integrated Care Board,E40000006,South West,DEC2022,Unknown,Unknown,Unknown,22  to 28 Days,122
11J,E38000045,NHS Dorset ICB - 11J,E54000041,NHS Dorset Integrated Care Board,E40000006,South West,DEC2022,Unknown,Unknown,Unknown,8  to 14 Days,205
11J,E38000045,NHS Dorset ICB - 11J,E54000041,NHS Dorset Integrated Care Board,E40000006,South West,DEC2022,Unknown,Unknown,Unknown,More than 28 Days,157
11J,E38000045,NHS Dorset ICB - 11J,E54000041,NHS Dorset Integrated Care Board,E40000006,South West,DEC2022,Unknown,Unknown,Unknown,Same Day,64
11J,E38000045,NHS Dorset ICB - 11J,E54000041,NHS Dorset Integrated Care Board,E40000006,South West,JAN2023,Attended,GP,Face-to-Face,1 Day,11781
11J,E38000045,NHS Dorset ICB - 11J,E54000041,NHS Dorset Integrated Care Board,E40000006,South West,JAN2023,Attended,GP,Face-to-Face,15  to 21 Days,9505
11J,E38000045,NHS Dorset ICB - 11J,E54000041,NHS Dorset Integrated Care Board,E40000006,South West,JAN2023,Attended,GP,Face-to-Face,2 to 7 Days,22135
11J,E38000045,NHS Dorset ICB - 11J,E54000041,NHS Dorset Integrated Care Board,E40000006,South West,JAN2023,Attended,GP,Face-to-Face,22  to 28 Days,6801
11J,E38000045,NHS Dorset ICB - 11J,E54000041,NHS Dorset Integrated Care Board,E40000006,South West,JAN2023,Attended,GP,Face-to-Face,8  to 14 Days,14830
11J,E38000045,NHS Dorset ICB - 11J,E54000041,NHS Dorset Integrated Care Board,E40000006,South West,JAN2023,Attended,GP,Face-to-Face,More than 28 Days,7512
11J,E38000045,NHS Dorset ICB - 11J,E54000041,NHS Dorset Integrated Care Board,E40000006,South West,JAN2023,Attended,GP,Face-to-Face,Same Day,64540
11J,E38000045,NHS Dorset ICB - 11J,E54000041,NHS Dorset Integrated Care Board,E40000006,South West,JAN2023,Attended,GP,Face-to-Face,Unknown / Data Quality,30
11J,E38000045,NHS Dorset ICB - 11J,E54000041,NHS Dorset Integrated Care Board,E40000006,South West,JAN2023,Attended,GP,Home Visit,1 Day,42
11J,E38000045,NHS Dorset ICB - 11J,E54000041,NHS Dorset Integrated Care Board,E40000006,South West,JAN2023,Attended,GP,Home Visit,15  to 21 Days,3
11J,E38000045,NHS Dorset ICB - 11J,E54000041,NHS Dorset Integrated Care Board,E40000006,South West,JAN2023,Attended,GP,Home Visit,2 to 7 Days,35
11J,E38000045,NHS Dorset ICB - 11J,E54000041,NHS Dorset Integrated Care Board,E40000006,South West,JAN2023,Attended,GP,Home Visit,22  to 28 Days,1
11J,E38000045,NHS Dorset ICB - 11J,E54000041,NHS Dorset Integrated Care Board,E40000006,South West,JAN2023,Attended,GP,Home Visit,8  to 14 Days,3
11J,E38000045,NHS Dorset ICB - 11J,E54000041,NHS Dorset Integrated Care Board,E40000006,South West,JAN2023,Attended,GP,Home Visit,More than 28 Days,2
11J,E38000045,NHS Dorset ICB - 11J,E54000041,NHS Dorset Integrated Care Board,E40000006,South West,JAN2023,Attended,GP,Home Visit,Same Day,114
11J,E38000045,NHS Dorset ICB - 11J,E54000041,NHS Dorset Integrated Care Board,E40000006,South West,JAN2023,Attended,GP,Home Visit,Unknown / Data Quality,3
11J,E38000045,NHS Dorset ICB - 11J,E54000041,NHS Dorset Integrated Care Board,E40000006,South West,JAN2023,Attended,GP,Telephone,1 Day,2673
11J,E38000045,NHS Dorset ICB - 11J,E54000041,NHS Dorset Integrated Care Board,E40000006,South West,JAN2023,Attended,GP,Telephone,15  to 21 Days,3042
11J,E38000045,NHS Dorset ICB - 11J,E54000041,NHS Dorset Integrated Care Board,E40000006,South West,JAN2023,Attended,GP,Telephone,2 to 7 Days,6413
11J,E38000045,NHS Dorset ICB - 11J,E54000041,NHS Dorset Integrated Care Board,E40000006,South West,JAN2023,Attended,GP,Telephone,22  to 28 Days,1959
11J,E38000045,NHS Dorset ICB - 11J,E54000041,NHS Dorset Integrated Care Board,E40000006,South West,JAN2023,Attended,GP,Telephone,8  to 14 Days,4804
11J,E38000045,NHS Dorset ICB - 11J,E54000041,NHS Dorset Integrated Care Board,E40000006,South West,JAN2023,Attended,GP,Telephone,More than 28 Days,2010
11J,E38000045,NHS Dorset ICB - 11J,E54000041,NHS Dorset Integrated Care Board,E40000006,South West,JAN2023,Attended,GP,Telephone,Same Day,25050
11J,E38000045,NHS Dorset ICB - 11J,E54000041,NHS Dorset Integrated Care Board,E40000006,South West,JAN2023,Attended,GP,Telephone,Unknown / Data Quality,26
11J,E38000045,NHS Dorset ICB - 11J,E54000041,NHS Dorset Integrated Care Board,E40000006,South West,JAN2023,Attended,GP,Video/Online,1 Day,226
11J,E38000045,NHS Dorset ICB - 11J,E54000041,NHS Dorset Integrated Care Board,E40000006,South West,JAN2023,Attended,GP,Video/Online,15  to 21 Days,41
11J,E38000045,NHS Dorset ICB - 11J,E54000041,NHS Dorset Integrated Care Board,E40000006,South West,JAN2023,Attended,GP,Video/Online,2 to 7 Days,272
11J,E38000045,NHS Dorset ICB - 11J,E54000041,NHS Dorset Integrated Care Board,E40000006,South West,JAN2023,Attended,GP,Video/Online,22  to 28 Days,29
11J,E38000045,NHS Dorset ICB - 11J,E54000041,NHS Dorset Integrated Care Board,E40000006,South West,JAN2023,Attended,GP,Video/Online,8  to 14 Days,91
11J,E38000045,NHS Dorset ICB - 11J,E54000041,NHS Dorset Integrated Care Board,E40000006,South West,JAN2023,Attended,GP,Video/Online,More than 28 Days,11
11J,E38000045,NHS Dorset ICB - 11J,E54000041,NHS Dorset Integrated Care Board,E40000006,South West,JAN2023,Attended,GP,Video/Online,Same Day,893
11J,E38000045,NHS Dorset ICB - 11J,E54000041,NHS Dorset Integrated Care Board,E40000006,South West,JAN2023,Attended,Other Practice staff,Face-to-Face,1 Day,13021
11J,E38000045,NHS Dorset ICB - 11J,E54000041,NHS Dorset Integrated Care Board,E40000006,South West,JAN2023,Attended,Other Practice staff,Face-to-Face,15  to 21 Days,15838
11J,E38000045,NHS Dorset ICB - 11J,E54000041,NHS Dorset Integrated Care Board,E40000006,South West,JAN2023,Attended,Other Practice staff,Face-to-Face,2 to 7 Days,36569
11J,E38000045,NHS Dorset ICB - 11J,E54000041,NHS Dorset Integrated Care Board,E40000006,South West,JAN2023,Attended,Other Practice staff,Face-to-Face,22  to 28 Days,10984
11J,E38000045,NHS Dorset ICB - 11J,E54000041,NHS Dorset Integrated Care Board,E40000006,South West,JAN2023,Attended,Other Practice staff,Face-to-Face,8  to 14 Days,27643
11J,E38000045,NHS Dorset ICB - 11J,E54000041,NHS Dorset Integrated Care Board,E40000006,South West,JAN2023,Attended,Other Practice staff,Face-to-Face,More than 28 Days,17050
11J,E38000045,NHS Dorset ICB - 11J,E54000041,NHS Dorset Integrated Care Board,E40000006,South West,JAN2023,Attended,Other Practice staff,Face-to-Face,Same Day,48019
11J,E38000045,NHS Dorset ICB - 11J,E54000041,NHS Dorset Integrated Care Board,E40000006,South West,JAN2023,Attended,Other Practice staff,Face-to-Face,Unknown / Data Quality,26
11J,E38000045,NHS Dorset ICB - 11J,E54000041,NHS Dorset Integrated Care Board,E40000006,South West,JAN2023,Attended,Other Practice staff,Home Visit,1 Day,113
11J,E38000045,NHS Dorset ICB - 11J,E54000041,NHS Dorset Integrated Care Board,E40000006,South West,JAN2023,Attended,Other Practice staff,Home Visit,15  to 21 Days,92
11J,E38000045,NHS Dorset ICB - 11J,E54000041,NHS Dorset Integrated Care Board,E40000006,South West,JAN2023,Attended,Other Practice staff,Home Visit,2 to 7 Days,270
11J,E38000045,NHS Dorset ICB - 11J,E54000041,NHS Dorset Integrated Care Board,E40000006,South West,JAN2023,Attended,Other Practice staff,Home Visit,22  to 28 Days,65
11J,E38000045,NHS Dorset ICB - 11J,E54000041,NHS Dorset Integrated Care Board,E40000006,South West,JAN2023,Attended,Other Practice staff,Home Visit,8  to 14 Days,155
11J,E38000045,NHS Dorset ICB - 11J,E54000041,NHS Dorset Integrated Care Board,E40000006,South West,JAN2023,Attended,Other Practice staff,Home Visit,More than 28 Days,59
11J,E38000045,NHS Dorset ICB - 11J,E54000041,NHS Dorset Integrated Care Board,E40000006,South West,JAN2023,Attended,Other Practice staff,Home Visit,Same Day,389
11J,E38000045,NHS Dorset ICB - 11J,E54000041,NHS Dorset Integrated Care Board,E40000006,South West,JAN2023,Attended,Other Practice staff,Home Visit,Unknown / Data Quality,2
11J,E38000045,NHS Dorset ICB - 11J,E54000041,NHS Dorset Integrated Care Board,E40000006,South West,JAN2023,Attended,Other Practice staff,Telephone,1 Day,1672
11J,E38000045,NHS Dorset ICB - 11J,E54000041,NHS Dorset Integrated Care Board,E40000006,South West,JAN2023,Attended,Other Practice staff,Telephone,15  to 21 Days,1240
11J,E38000045,NHS Dorset ICB - 11J,E54000041,NHS Dorset Integrated Care Board,E40000006,South West,JAN2023,Attended,Other Practice staff,Telephone,2 to 7 Days,3552
11J,E38000045,NHS Dorset ICB - 11J,E54000041,NHS Dorset Integrated Care Board,E40000006,South West,JAN2023,Attended,Other Practice staff,Telephone,22  to 28 Days,786
11J,E38000045,NHS Dorset ICB - 11J,E54000041,NHS Dorset Integrated Care Board,E40000006,South West,JAN2023,Attended,Other Practice staff,Telephone,8  to 14 Days,1715
11J,E38000045,NHS Dorset ICB - 11J,E54000041,NHS Dorset Integrated Care Board,E40000006,South West,JAN2023,Attended,Other Practice staff,Telephone,More than 28 Days,1221
11J,E38000045,NHS Dorset ICB - 11J,E54000041,NHS Dorset Integrated Care Board,E40000006,South West,JAN2023,Attended,Other Practice staff,Telephone,Same Day,13707
11J,E38000045,NHS Dorset ICB - 11J,E54000041,NHS Dorset Integrated Care Board,E40000006,South West,JAN2023,Attended,Other Practice staff,Telephone,Unknown / Data Quality,30
11J,E38000045,NHS Dorset ICB - 11J,E54000041,NHS Dorset Integrated Care Board,E40000006,South West,JAN2023,Attended,Other Practice staff,Unknown,15  to 21 Days,7
11J,E38000045,NHS Dorset ICB - 11J,E54000041,NHS Dorset Integrated Care Board,E40000006,South West,JAN2023,Attended,Other Practice staff,Unknown,2 to 7 Days,13
11J,E38000045,NHS Dorset ICB - 11J,E54000041,NHS Dorset Integrated Care Board,E40000006,South West,JAN2023,Attended,Other Practice staff,Unknown,8  to 14 Days,6
11J,E38000045,NHS Dorset ICB - 11J,E54000041,NHS Dorset Integrated Care Board,E40000006,South West,JAN2023,Attended,Other Practice staff,Unknown,Same Day,1
11J,E38000045,NHS Dorset ICB - 11J,E54000041,NHS Dorset Integrated Care Board,E40000006,South West,JAN2023,Attended,Other Practice staff,Video/Online,1 Day,201
11J,E38000045,NHS Dorset ICB - 11J,E54000041,NHS Dorset Integrated Care Board,E40000006,South West,JAN2023,Attended,Other Practice staff,Video/Online,15  to 21 Days,180
11J,E38000045,NHS Dorset ICB - 11J,E54000041,NHS Dorset Integrated Care Board,E40000006,South West,JAN2023,Attended,Other Practice staff,Video/Online,2 to 7 Days,881
11J,E38000045,NHS Dorset ICB - 11J,E54000041,NHS Dorset Integrated Care Board,E40000006,South West,JAN2023,Attended,Other Practice staff,Video/Online,22  to 28 Days,87
11J,E38000045,NHS Dorset ICB - 11J,E54000041,NHS Dorset Integrated Care Board,E40000006,South West,JAN2023,Attended,Other Practice staff,Video/Online,8  to 14 Days,355
11J,E38000045,NHS Dorset ICB - 11J,E54000041,NHS Dorset Integrated Care Board,E40000006,South West,JAN2023,Attended,Other Practice staff,Video/Online,More than 28 Days,146
11J,E38000045,NHS Dorset ICB - 11J,E54000041,NHS Dorset Integrated Care Board,E40000006,South West,JAN2023,Attended,Other Practice staff,Video/Online,Same Day,109
11J,E38000045,NHS Dorset ICB - 11J,E54000041,NHS Dorset Integrated Care Board,E40000006,South West,JAN2023,Attended,Unknown,Unknown,1 Day,1091
11J,E38000045,NHS Dorset ICB - 11J,E54000041,NHS Dorset Integrated Care Board,E40000006,South West,JAN2023,Attended,Unknown,Unknown,15  to 21 Days,355
11J,E38000045,NHS Dorset ICB - 11J,E54000041,NHS Dorset Integrated Care Board,E40000006,South West,JAN2023,Attended,Unknown,Unknown,2 to 7 Days,2420
11J,E38000045,NHS Dorset ICB - 11J,E54000041,NHS Dorset Integrated Care Board,E40000006,South West,JAN2023,Attended,Unknown,Unknown,22  to 28 Days,197
11J,E38000045,NHS Dorset ICB - 11J,E54000041,NHS Dorset Integrated Care Board,E40000006,South West,JAN2023,Attended,Unknown,Unknown,8  to 14 Days,676
11J,E38000045,NHS Dorset ICB - 11J,E54000041,NHS Dorset Integrated Care Board,E40000006,South West,JAN2023,Attended,Unknown,Unknown,More than 28 Days,248
11J,E38000045,NHS Dorset ICB - 11J,E54000041,NHS Dorset Integrated Care Board,E40000006,South West,JAN2023,Attended,Unknown,Unknown,Same Day,9780
11J,E38000045,NHS Dorset ICB - 11J,E54000041,NHS Dorset Integrated Care Board,E40000006,South West,JAN2023,Attended,Unknown,Unknown,Unknown / Data Quality,12
11J,E38000045,NHS Dorset ICB - 11J,E54000041,NHS Dorset Integrated Care Board,E40000006,South West,JAN2023,DNA,GP,Face-to-Face,1 Day,258
11J,E38000045,NHS Dorset ICB - 11J,E54000041,NHS Dorset Integrated Care Board,E40000006,South West,JAN2023,DNA,GP,Face-to-Face,15  to 21 Days,452
11J,E38000045,NHS Dorset ICB - 11J,E54000041,NHS Dorset Integrated Care Board,E40000006,South West,JAN2023,DNA,GP,Face-to-Face,2 to 7 Days,726
11J,E38000045,NHS Dorset ICB - 11J,E54000041,NHS Dorset Integrated Care Board,E40000006,South West,JAN2023,DNA,GP,Face-to-Face,22  to 28 Days,383
11J,E38000045,NHS Dorset ICB - 11J,E54000041,NHS Dorset Integrated Care Board,E40000006,South West,JAN2023,DNA,GP,Face-to-Face,8  to 14 Days,603
11J,E38000045,NHS Dorset ICB - 11J,E54000041,NHS Dorset Integrated Care Board,E40000006,South West,JAN2023,DNA,GP,Face-to-Face,More than 28 Days,449
11J,E38000045,NHS Dorset ICB - 11J,E54000041,NHS Dorset Integrated Care Board,E40000006,South West,JAN2023,DNA,GP,Face-to-Face,Same Day,512
11J,E38000045,NHS Dorset ICB - 11J,E54000041,NHS Dorset Integrated Care Board,E40000006,South West,JAN2023,DNA,GP,Home Visit,2 to 7 Days,2
11J,E38000045,NHS Dorset ICB - 11J,E54000041,NHS Dorset Integrated Care Board,E40000006,South West,JAN2023,DNA,GP,Home Visit,Same Day,6
11J,E38000045,NHS Dorset ICB - 11J,E54000041,NHS Dorset Integrated Care Board,E40000006,South West,JAN2023,DNA,GP,Telephone,1 Day,13
11J,E38000045,NHS Dorset ICB - 11J,E54000041,NHS Dorset Integrated Care Board,E40000006,South West,JAN2023,DNA,GP,Telephone,15  to 21 Days,24
11J,E38000045,NHS Dorset ICB - 11J,E54000041,NHS Dorset Integrated Care Board,E40000006,South West,JAN2023,DNA,GP,Telephone,2 to 7 Days,56
11J,E38000045,NHS Dorset ICB - 11J,E54000041,NHS Dorset Integrated Care Board,E40000006,South West,JAN2023,DNA,GP,Telephone,22  to 28 Days,24
11J,E38000045,NHS Dorset ICB - 11J,E54000041,NHS Dorset Integrated Care Board,E40000006,South West,JAN2023,DNA,GP,Telephone,8  to 14 Days,38
11J,E38000045,NHS Dorset ICB - 11J,E54000041,NHS Dorset Integrated Care Board,E40000006,South West,JAN2023,DNA,GP,Telephone,More than 28 Days,24
11J,E38000045,NHS Dorset ICB - 11J,E54000041,NHS Dorset Integrated Care Board,E40000006,South West,JAN2023,DNA,GP,Telephone,Same Day,19
11J,E38000045,NHS Dorset ICB - 11J,E54000041,NHS Dorset Integrated Care Board,E40000006,South West,JAN2023,DNA,GP,Video/Online,1 Day,2
11J,E38000045,NHS Dorset ICB - 11J,E54000041,NHS Dorset Integrated Care Board,E40000006,South West,JAN2023,DNA,GP,Video/Online,15  to 21 Days,1
11J,E38000045,NHS Dorset ICB - 11J,E54000041,NHS Dorset Integrated Care Board,E40000006,South West,JAN2023,DNA,GP,Video/Online,2 to 7 Days,1
11J,E38000045,NHS Dorset ICB - 11J,E54000041,NHS Dorset Integrated Care Board,E40000006,South West,JAN2023,DNA,GP,Video/Online,22  to 28 Days,2
11J,E38000045,NHS Dorset ICB - 11J,E54000041,NHS Dorset Integrated Care Board,E40000006,South West,JAN2023,DNA,GP,Video/Online,8  to 14 Days,4
11J,E38000045,NHS Dorset ICB - 11J,E54000041,NHS Dorset Integrated Care Board,E40000006,South West,JAN2023,DNA,GP,Video/Online,Same Day,4
11J,E38000045,NHS Dorset ICB - 11J,E54000041,NHS Dorset Integrated Care Board,E40000006,South West,JAN2023,DNA,Other Practice staff,Face-to-Face,1 Day,581
11J,E38000045,NHS Dorset ICB - 11J,E54000041,NHS Dorset Integrated Care Board,E40000006,South West,JAN2023,DNA,Other Practice staff,Face-to-Face,15  to 21 Days,1385
11J,E38000045,NHS Dorset ICB - 11J,E54000041,NHS Dorset Integrated Care Board,E40000006,South West,JAN2023,DNA,Other Practice staff,Face-to-Face,2 to 7 Days,2141
11J,E38000045,NHS Dorset ICB - 11J,E54000041,NHS Dorset Integrated Care Board,E40000006,South West,JAN2023,DNA,Other Practice staff,Face-to-Face,22  to 28 Days,960
11J,E38000045,NHS Dorset ICB - 11J,E54000041,NHS Dorset Integrated Care Board,E40000006,South West,JAN2023,DNA,Other Practice staff,Face-to-Face,8  to 14 Days,1980
11J,E38000045,NHS Dorset ICB - 11J,E54000041,NHS Dorset Integrated Care Board,E40000006,South West,JAN2023,DNA,Other Practice staff,Face-to-Face,More than 28 Days,1832
11J,E38000045,NHS Dorset ICB - 11J,E54000041,NHS Dorset Integrated Care Board,E40000006,South West,JAN2023,DNA,Other Practice staff,Face-to-Face,Same Day,909
11J,E38000045,NHS Dorset ICB - 11J,E54000041,NHS Dorset Integrated Care Board,E40000006,South West,JAN2023,DNA,Other Practice staff,Home Visit,1 Day,6
11J,E38000045,NHS Dorset ICB - 11J,E54000041,NHS Dorset Integrated Care Board,E40000006,South West,JAN2023,DNA,Other Practice staff,Home Visit,15  to 21 Days,1
11J,E38000045,NHS Dorset ICB - 11J,E54000041,NHS Dorset Integrated Care Board,E40000006,South West,JAN2023,DNA,Other Practice staff,Home Visit,2 to 7 Days,8
11J,E38000045,NHS Dorset ICB - 11J,E54000041,NHS Dorset Integrated Care Board,E40000006,South West,JAN2023,DNA,Other Practice staff,Home Visit,22  to 28 Days,2
11J,E38000045,NHS Dorset ICB - 11J,E54000041,NHS Dorset Integrated Care Board,E40000006,South West,JAN2023,DNA,Other Practice staff,Home Visit,8  to 14 Days,17
11J,E38000045,NHS Dorset ICB - 11J,E54000041,NHS Dorset Integrated Care Board,E40000006,South West,JAN2023,DNA,Other Practice staff,Home Visit,More than 28 Days,7
11J,E38000045,NHS Dorset ICB - 11J,E54000041,NHS Dorset Integrated Care Board,E40000006,South West,JAN2023,DNA,Other Practice staff,Home Visit,Same Day,17
11J,E38000045,NHS Dorset ICB - 11J,E54000041,NHS Dorset Integrated Care Board,E40000006,South West,JAN2023,DNA,Other Practice staff,Telephone,1 Day,11
11J,E38000045,NHS Dorset ICB - 11J,E54000041,NHS Dorset Integrated Care Board,E40000006,South West,JAN2023,DNA,Other Practice staff,Telephone,15  to 21 Days,26
11J,E38000045,NHS Dorset ICB - 11J,E54000041,NHS Dorset Integrated Care Board,E40000006,South West,JAN2023,DNA,Other Practice staff,Telephone,2 to 7 Days,72
11J,E38000045,NHS Dorset ICB - 11J,E54000041,NHS Dorset Integrated Care Board,E40000006,South West,JAN2023,DNA,Other Practice staff,Telephone,22  to 28 Days,12
11J,E38000045,NHS Dorset ICB - 11J,E54000041,NHS Dorset Integrated Care Board,E40000006,South West,JAN2023,DNA,Other Practice staff,Telephone,8  to 14 Days,24
11J,E38000045,NHS Dorset ICB - 11J,E54000041,NHS Dorset Integrated Care Board,E40000006,South West,JAN2023,DNA,Other Practice staff,Telephone,More than 28 Days,32
11J,E38000045,NHS Dorset ICB - 11J,E54000041,NHS Dorset Integrated Care Board,E40000006,South West,JAN2023,DNA,Other Practice staff,Telephone,Same Day,22
11J,E38000045,NHS Dorset ICB - 11J,E54000041,NHS Dorset Integrated Care Board,E40000006,South West,JAN2023,DNA,Other Practice staff,Video/Online,1 Day,8
11J,E38000045,NHS Dorset ICB - 11J,E54000041,NHS Dorset Integrated Care Board,E40000006,South West,JAN2023,DNA,Other Practice staff,Video/Online,15  to 21 Days,8
11J,E38000045,NHS Dorset ICB - 11J,E54000041,NHS Dorset Integrated Care Board,E40000006,South West,JAN2023,DNA,Other Practice staff,Video/Online,2 to 7 Days,23
11J,E38000045,NHS Dorset ICB - 11J,E54000041,NHS Dorset Integrated Care Board,E40000006,South West,JAN2023,DNA,Other Practice staff,Video/Online,22  to 28 Days,3
11J,E38000045,NHS Dorset ICB - 11J,E54000041,NHS Dorset Integrated Care Board,E40000006,South West,JAN2023,DNA,Other Practice staff,Video/Online,8  to 14 Days,14
11J,E38000045,NHS Dorset ICB - 11J,E54000041,NHS Dorset Integrated Care Board,E40000006,South West,JAN2023,DNA,Other Practice staff,Video/Online,More than 28 Days,5
11J,E38000045,NHS Dorset ICB - 11J,E54000041,NHS Dorset Integrated Care Board,E40000006,South West,JAN2023,DNA,Other Practice staff,Video/Online,Same Day,5
11J,E38000045,NHS Dorset ICB - 11J,E54000041,NHS Dorset Integrated Care Board,E40000006,South West,JAN2023,DNA,Unknown,Unknown,1 Day,34
11J,E38000045,NHS Dorset ICB - 11J,E54000041,NHS Dorset Integrated Care Board,E40000006,South West,JAN2023,DNA,Unknown,Unknown,15  to 21 Days,16
11J,E38000045,NHS Dorset ICB - 11J,E54000041,NHS Dorset Integrated Care Board,E40000006,South West,JAN2023,DNA,Unknown,Unknown,2 to 7 Days,81
11J,E38000045,NHS Dorset ICB - 11J,E54000041,NHS Dorset Integrated Care Board,E40000006,South West,JAN2023,DNA,Unknown,Unknown,22  to 28 Days,19
11J,E38000045,NHS Dorset ICB - 11J,E54000041,NHS Dorset Integrated Care Board,E40000006,South West,JAN2023,DNA,Unknown,Unknown,8  to 14 Days,29
11J,E38000045,NHS Dorset ICB - 11J,E54000041,NHS Dorset Integrated Care Board,E40000006,South West,JAN2023,DNA,Unknown,Unknown,More than 28 Days,23
11J,E38000045,NHS Dorset ICB - 11J,E54000041,NHS Dorset Integrated Care Board,E40000006,South West,JAN2023,DNA,Unknown,Unknown,Same Day,66
11J,E38000045,NHS Dorset ICB - 11J,E54000041,NHS Dorset Integrated Care Board,E40000006,South West,JAN2023,Unknown,GP,Face-to-Face,1 Day,115
11J,E38000045,NHS Dorset ICB - 11J,E54000041,NHS Dorset Integrated Care Board,E40000006,South West,JAN2023,Unknown,GP,Face-to-Face,15  to 21 Days,322
11J,E38000045,NHS Dorset ICB - 11J,E54000041,NHS Dorset Integrated Care Board,E40000006,South West,JAN2023,Unknown,GP,Face-to-Face,2 to 7 Days,437
11J,E38000045,NHS Dorset ICB - 11J,E54000041,NHS Dorset Integrated Care Board,E40000006,South West,JAN2023,Unknown,GP,Face-to-Face,22  to 28 Days,321
11J,E38000045,NHS Dorset ICB - 11J,E54000041,NHS Dorset Integrated Care Board,E40000006,South West,JAN2023,Unknown,GP,Face-to-Face,8  to 14 Days,452
11J,E38000045,NHS Dorset ICB - 11J,E54000041,NHS Dorset Integrated Care Board,E40000006,South West,JAN2023,Unknown,GP,Face-to-Face,More than 28 Days,526
11J,E38000045,NHS Dorset ICB - 11J,E54000041,NHS Dorset Integrated Care Board,E40000006,South West,JAN2023,Unknown,GP,Face-to-Face,Same Day,345
11J,E38000045,NHS Dorset ICB - 11J,E54000041,NHS Dorset Integrated Care Board,E40000006,South West,JAN2023,Unknown,GP,Face-to-Face,Unknown / Data Quality,2
11J,E38000045,NHS Dorset ICB - 11J,E54000041,NHS Dorset Integrated Care Board,E40000006,South West,JAN2023,Unknown,GP,Home Visit,Same Day,6
11J,E38000045,NHS Dorset ICB - 11J,E54000041,NHS Dorset Integrated Care Board,E40000006,South West,JAN2023,Unknown,GP,Telephone,1 Day,26
11J,E38000045,NHS Dorset ICB - 11J,E54000041,NHS Dorset Integrated Care Board,E40000006,South West,JAN2023,Unknown,GP,Telephone,15  to 21 Days,111
11J,E38000045,NHS Dorset ICB - 11J,E54000041,NHS Dorset Integrated Care Board,E40000006,South West,JAN2023,Unknown,GP,Telephone,2 to 7 Days,109
11J,E38000045,NHS Dorset ICB - 11J,E54000041,NHS Dorset Integrated Care Board,E40000006,South West,JAN2023,Unknown,GP,Telephone,22  to 28 Days,87
11J,E38000045,NHS Dorset ICB - 11J,E54000041,NHS Dorset Integrated Care Board,E40000006,South West,JAN2023,Unknown,GP,Telephone,8  to 14 Days,103
11J,E38000045,NHS Dorset ICB - 11J,E54000041,NHS Dorset Integrated Care Board,E40000006,South West,JAN2023,Unknown,GP,Telephone,More than 28 Days,104
11J,E38000045,NHS Dorset ICB - 11J,E54000041,NHS Dorset Integrated Care Board,E40000006,South West,JAN2023,Unknown,GP,Telephone,Same Day,75
11J,E38000045,NHS Dorset ICB - 11J,E54000041,NHS Dorset Integrated Care Board,E40000006,South West,JAN2023,Unknown,GP,Telephone,Unknown / Data Quality,3
11J,E38000045,NHS Dorset ICB - 11J,E54000041,NHS Dorset Integrated Care Board,E40000006,South West,JAN2023,Unknown,GP,Video/Online,1 Day,1
11J,E38000045,NHS Dorset ICB - 11J,E54000041,NHS Dorset Integrated Care Board,E40000006,South West,JAN2023,Unknown,GP,Video/Online,15  to 21 Days,2
11J,E38000045,NHS Dorset ICB - 11J,E54000041,NHS Dorset Integrated Care Board,E40000006,South West,JAN2023,Unknown,GP,Video/Online,2 to 7 Days,4
11J,E38000045,NHS Dorset ICB - 11J,E54000041,NHS Dorset Integrated Care Board,E40000006,South West,JAN2023,Unknown,GP,Video/Online,22  to 28 Days,2
11J,E38000045,NHS Dorset ICB - 11J,E54000041,NHS Dorset Integrated Care Board,E40000006,South West,JAN2023,Unknown,GP,Video/Online,8  to 14 Days,7
11J,E38000045,NHS Dorset ICB - 11J,E54000041,NHS Dorset Integrated Care Board,E40000006,South West,JAN2023,Unknown,GP,Video/Online,Same Day,3
11J,E38000045,NHS Dorset ICB - 11J,E54000041,NHS Dorset Integrated Care Board,E40000006,South West,JAN2023,Unknown,Other Practice staff,Face-to-Face,1 Day,321
11J,E38000045,NHS Dorset ICB - 11J,E54000041,NHS Dorset Integrated Care Board,E40000006,South West,JAN2023,Unknown,Other Practice staff,Face-to-Face,15  to 21 Days,1072
11J,E38000045,NHS Dorset ICB - 11J,E54000041,NHS Dorset Integrated Care Board,E40000006,South West,JAN2023,Unknown,Other Practice staff,Face-to-Face,2 to 7 Days,1343
11J,E38000045,NHS Dorset ICB - 11J,E54000041,NHS Dorset Integrated Care Board,E40000006,South West,JAN2023,Unknown,Other Practice staff,Face-to-Face,22  to 28 Days,761
11J,E38000045,NHS Dorset ICB - 11J,E54000041,NHS Dorset Integrated Care Board,E40000006,South West,JAN2023,Unknown,Other Practice staff,Face-to-Face,8  to 14 Days,1267
11J,E38000045,NHS Dorset ICB - 11J,E54000041,NHS Dorset Integrated Care Board,E40000006,South West,JAN2023,Unknown,Other Practice staff,Face-to-Face,More than 28 Days,1731
11J,E38000045,NHS Dorset ICB - 11J,E54000041,NHS Dorset Integrated Care Board,E40000006,South West,JAN2023,Unknown,Other Practice staff,Face-to-Face,Same Day,1074
11J,E38000045,NHS Dorset ICB - 11J,E54000041,NHS Dorset Integrated Care Board,E40000006,South West,JAN2023,Unknown,Other Practice staff,Face-to-Face,Unknown / Data Quality,2
11J,E38000045,NHS Dorset ICB - 11J,E54000041,NHS Dorset Integrated Care Board,E40000006,South West,JAN2023,Unknown,Other Practice staff,Home Visit,1 Day,3
11J,E38000045,NHS Dorset ICB - 11J,E54000041,NHS Dorset Integrated Care Board,E40000006,South West,JAN2023,Unknown,Other Practice staff,Home Visit,15  to 21 Days,11
11J,E38000045,NHS Dorset ICB - 11J,E54000041,NHS Dorset Integrated Care Board,E40000006,South West,JAN2023,Unknown,Other Practice staff,Home Visit,2 to 7 Days,18
11J,E38000045,NHS Dorset ICB - 11J,E54000041,NHS Dorset Integrated Care Board,E40000006,South West,JAN2023,Unknown,Other Practice staff,Home Visit,22  to 28 Days,11
11J,E38000045,NHS Dorset ICB - 11J,E54000041,NHS Dorset Integrated Care Board,E40000006,South West,JAN2023,Unknown,Other Practice staff,Home Visit,8  to 14 Days,25
11J,E38000045,NHS Dorset ICB - 11J,E54000041,NHS Dorset Integrated Care Board,E40000006,South West,JAN2023,Unknown,Other Practice staff,Home Visit,More than 28 Days,12
11J,E38000045,NHS Dorset ICB - 11J,E54000041,NHS Dorset Integrated Care Board,E40000006,South West,JAN2023,Unknown,Other Practice staff,Home Visit,Same Day,2
11J,E38000045,NHS Dorset ICB - 11J,E54000041,NHS Dorset Integrated Care Board,E40000006,South West,JAN2023,Unknown,Other Practice staff,Telephone,1 Day,66
11J,E38000045,NHS Dorset ICB - 11J,E54000041,NHS Dorset Integrated Care Board,E40000006,South West,JAN2023,Unknown,Other Practice staff,Telephone,15  to 21 Days,87
11J,E38000045,NHS Dorset ICB - 11J,E54000041,NHS Dorset Integrated Care Board,E40000006,South West,JAN2023,Unknown,Other Practice staff,Telephone,2 to 7 Days,239
11J,E38000045,NHS Dorset ICB - 11J,E54000041,NHS Dorset Integrated Care Board,E40000006,South West,JAN2023,Unknown,Other Practice staff,Telephone,22  to 28 Days,44
11J,E38000045,NHS Dorset ICB - 11J,E54000041,NHS Dorset Integrated Care Board,E40000006,South West,JAN2023,Unknown,Other Practice staff,Telephone,8  to 14 Days,99
11J,E38000045,NHS Dorset ICB - 11J,E54000041,NHS Dorset Integrated Care Board,E40000006,South West,JAN2023,Unknown,Other Practice staff,Telephone,More than 28 Days,109
11J,E38000045,NHS Dorset ICB - 11J,E54000041,NHS Dorset Integrated Care Board,E40000006,South West,JAN2023,Unknown,Other Practice staff,Telephone,Same Day,231
11J,E38000045,NHS Dorset ICB - 11J,E54000041,NHS Dorset Integrated Care Board,E40000006,South West,JAN2023,Unknown,Other Practice staff,Telephone,Unknown / Data Quality,3
11J,E38000045,NHS Dorset ICB - 11J,E54000041,NHS Dorset Integrated Care Board,E40000006,South West,JAN2023,Unknown,Other Practice staff,Unknown,15  to 21 Days,9
11J,E38000045,NHS Dorset ICB - 11J,E54000041,NHS Dorset Integrated Care Board,E40000006,South West,JAN2023,Unknown,Other Practice staff,Video/Online,15  to 21 Days,11
11J,E38000045,NHS Dorset ICB - 11J,E54000041,NHS Dorset Integrated Care Board,E40000006,South West,JAN2023,Unknown,Other Practice staff,Video/Online,2 to 7 Days,14
11J,E38000045,NHS Dorset ICB - 11J,E54000041,NHS Dorset Integrated Care Board,E40000006,South West,JAN2023,Unknown,Other Practice staff,Video/Online,22  to 28 Days,6
11J,E38000045,NHS Dorset ICB - 11J,E54000041,NHS Dorset Integrated Care Board,E40000006,South West,JAN2023,Unknown,Other Practice staff,Video/Online,8  to 14 Days,10
11J,E38000045,NHS Dorset ICB - 11J,E54000041,NHS Dorset Integrated Care Board,E40000006,South West,JAN2023,Unknown,Other Practice staff,Video/Online,More than 28 Days,16
11J,E38000045,NHS Dorset ICB - 11J,E54000041,NHS Dorset Integrated Care Board,E40000006,South West,JAN2023,Unknown,Unknown,Unknown,1 Day,60
11J,E38000045,NHS Dorset ICB - 11J,E54000041,NHS Dorset Integrated Care Board,E40000006,South West,JAN2023,Unknown,Unknown,Unknown,15  to 21 Days,134
11J,E38000045,NHS Dorset ICB - 11J,E54000041,NHS Dorset Integrated Care Board,E40000006,South West,JAN2023,Unknown,Unknown,Unknown,2 to 7 Days,108
11J,E38000045,NHS Dorset ICB - 11J,E54000041,NHS Dorset Integrated Care Board,E40000006,South West,JAN2023,Unknown,Unknown,Unknown,22  to 28 Days,90
11J,E38000045,NHS Dorset ICB - 11J,E54000041,NHS Dorset Integrated Care Board,E40000006,South West,JAN2023,Unknown,Unknown,Unknown,8  to 14 Days,172
11J,E38000045,NHS Dorset ICB - 11J,E54000041,NHS Dorset Integrated Care Board,E40000006,South West,JAN2023,Unknown,Unknown,Unknown,More than 28 Days,203
11J,E38000045,NHS Dorset ICB - 11J,E54000041,NHS Dorset Integrated Care Board,E40000006,South West,JAN2023,Unknown,Unknown,Unknown,Same Day,60
11J,E38000045,NHS Dorset ICB - 11J,E54000041,NHS Dorset Integrated Care Board,E40000006,South West,JAN2023,Unknown,Unknown,Unknown,Unknown / Data Quality,1
11J,E38000045,NHS Dorset ICB - 11J,E54000041,NHS Dorset Integrated Care Board,E40000006,South West,FEB2023,Attended,GP,Face-to-Face,1 Day,10434
11J,E38000045,NHS Dorset ICB - 11J,E54000041,NHS Dorset Integrated Care Board,E40000006,South West,FEB2023,Attended,GP,Face-to-Face,15  to 21 Days,10454
11J,E38000045,NHS Dorset ICB - 11J,E54000041,NHS Dorset Integrated Care Board,E40000006,South West,FEB2023,Attended,GP,Face-to-Face,2 to 7 Days,20333
11J,E38000045,NHS Dorset ICB - 11J,E54000041,NHS Dorset Integrated Care Board,E40000006,South West,FEB2023,Attended,GP,Face-to-Face,22  to 28 Days,6715
11J,E38000045,NHS Dorset ICB - 11J,E54000041,NHS Dorset Integrated Care Board,E40000006,South West,FEB2023,Attended,GP,Face-to-Face,8  to 14 Days,14310
11J,E38000045,NHS Dorset ICB - 11J,E54000041,NHS Dorset Integrated Care Board,E40000006,South West,FEB2023,Attended,GP,Face-to-Face,More than 28 Days,4013
11J,E38000045,NHS Dorset ICB - 11J,E54000041,NHS Dorset Integrated Care Board,E40000006,South West,FEB2023,Attended,GP,Face-to-Face,Same Day,57155
11J,E38000045,NHS Dorset ICB - 11J,E54000041,NHS Dorset Integrated Care Board,E40000006,South West,FEB2023,Attended,GP,Face-to-Face,Unknown / Data Quality,19
11J,E38000045,NHS Dorset ICB - 11J,E54000041,NHS Dorset Integrated Care Board,E40000006,South West,FEB2023,Attended,GP,Home Visit,1 Day,20
11J,E38000045,NHS Dorset ICB - 11J,E54000041,NHS Dorset Integrated Care Board,E40000006,South West,FEB2023,Attended,GP,Home Visit,2 to 7 Days,29
11J,E38000045,NHS Dorset ICB - 11J,E54000041,NHS Dorset Integrated Care Board,E40000006,South West,FEB2023,Attended,GP,Home Visit,22  to 28 Days,1
11J,E38000045,NHS Dorset ICB - 11J,E54000041,NHS Dorset Integrated Care Board,E40000006,South West,FEB2023,Attended,GP,Home Visit,8  to 14 Days,5
11J,E38000045,NHS Dorset ICB - 11J,E54000041,NHS Dorset Integrated Care Board,E40000006,South West,FEB2023,Attended,GP,Home Visit,Same Day,105
11J,E38000045,NHS Dorset ICB - 11J,E54000041,NHS Dorset Integrated Care Board,E40000006,South West,FEB2023,Attended,GP,Home Visit,Unknown / Data Quality,1
11J,E38000045,NHS Dorset ICB - 11J,E54000041,NHS Dorset Integrated Care Board,E40000006,South West,FEB2023,Attended,GP,Telephone,1 Day,2464
11J,E38000045,NHS Dorset ICB - 11J,E54000041,NHS Dorset Integrated Care Board,E40000006,South West,FEB2023,Attended,GP,Telephone,15  to 21 Days,3376
11J,E38000045,NHS Dorset ICB - 11J,E54000041,NHS Dorset Integrated Care Board,E40000006,South West,FEB2023,Attended,GP,Telephone,2 to 7 Days,5703
11J,E38000045,NHS Dorset ICB - 11J,E54000041,NHS Dorset Integrated Care Board,E40000006,South West,FEB2023,Attended,GP,Telephone,22  to 28 Days,2096
11J,E38000045,NHS Dorset ICB - 11J,E54000041,NHS Dorset Integrated Care Board,E40000006,South West,FEB2023,Attended,GP,Telephone,8  to 14 Days,5570
11J,E38000045,NHS Dorset ICB - 11J,E54000041,NHS Dorset Integrated Care Board,E40000006,South West,FEB2023,Attended,GP,Telephone,More than 28 Days,869
11J,E38000045,NHS Dorset ICB - 11J,E54000041,NHS Dorset Integrated Care Board,E40000006,South West,FEB2023,Attended,GP,Telephone,Same Day,23700
11J,E38000045,NHS Dorset ICB - 11J,E54000041,NHS Dorset Integrated Care Board,E40000006,South West,FEB2023,Attended,GP,Telephone,Unknown / Data Quality,11
11J,E38000045,NHS Dorset ICB - 11J,E54000041,NHS Dorset Integrated Care Board,E40000006,South West,FEB2023,Attended,GP,Video/Online,1 Day,250
11J,E38000045,NHS Dorset ICB - 11J,E54000041,NHS Dorset Integrated Care Board,E40000006,South West,FEB2023,Attended,GP,Video/Online,15  to 21 Days,146
11J,E38000045,NHS Dorset ICB - 11J,E54000041,NHS Dorset Integrated Care Board,E40000006,South West,FEB2023,Attended,GP,Video/Online,2 to 7 Days,256
11J,E38000045,NHS Dorset ICB - 11J,E54000041,NHS Dorset Integrated Care Board,E40000006,South West,FEB2023,Attended,GP,Video/Online,22  to 28 Days,78
11J,E38000045,NHS Dorset ICB - 11J,E54000041,NHS Dorset Integrated Care Board,E40000006,South West,FEB2023,Attended,GP,Video/Online,8  to 14 Days,111
11J,E38000045,NHS Dorset ICB - 11J,E54000041,NHS Dorset Integrated Care Board,E40000006,South West,FEB2023,Attended,GP,Video/Online,More than 28 Days,46
11J,E38000045,NHS Dorset ICB - 11J,E54000041,NHS Dorset Integrated Care Board,E40000006,South West,FEB2023,Attended,GP,Video/Online,Same Day,976
11J,E38000045,NHS Dorset ICB - 11J,E54000041,NHS Dorset Integrated Care Board,E40000006,South West,FEB2023,Attended,GP,Video/Online,Unknown / Data Quality,1
11J,E38000045,NHS Dorset ICB - 11J,E54000041,NHS Dorset Integrated Care Board,E40000006,South West,FEB2023,Attended,Other Practice staff,Face-to-Face,1 Day,12358
11J,E38000045,NHS Dorset ICB - 11J,E54000041,NHS Dorset Integrated Care Board,E40000006,South West,FEB2023,Attended,Other Practice staff,Face-to-Face,15  to 21 Days,18387
11J,E38000045,NHS Dorset ICB - 11J,E54000041,NHS Dorset Integrated Care Board,E40000006,South West,FEB2023,Attended,Other Practice staff,Face-to-Face,2 to 7 Days,32113
11J,E38000045,NHS Dorset ICB - 11J,E54000041,NHS Dorset Integrated Care Board,E40000006,South West,FEB2023,Attended,Other Practice staff,Face-to-Face,22  to 28 Days,12115
11J,E38000045,NHS Dorset ICB - 11J,E54000041,NHS Dorset Integrated Care Board,E40000006,South West,FEB2023,Attended,Other Practice staff,Face-to-Face,8  to 14 Days,28447
11J,E38000045,NHS Dorset ICB - 11J,E54000041,NHS Dorset Integrated Care Board,E40000006,South West,FEB2023,Attended,Other Practice staff,Face-to-Face,More than 28 Days,10461
11J,E38000045,NHS Dorset ICB - 11J,E54000041,NHS Dorset Integrated Care Board,E40000006,South West,FEB2023,Attended,Other Practice staff,Face-to-Face,Same Day,43858
11J,E38000045,NHS Dorset ICB - 11J,E54000041,NHS Dorset Integrated Care Board,E40000006,South West,FEB2023,Attended,Other Practice staff,Face-to-Face,Unknown / Data Quality,21
11J,E38000045,NHS Dorset ICB - 11J,E54000041,NHS Dorset Integrated Care Board,E40000006,South West,FEB2023,Attended,Other Practice staff,Home Visit,1 Day,118
11J,E38000045,NHS Dorset ICB - 11J,E54000041,NHS Dorset Integrated Care Board,E40000006,South West,FEB2023,Attended,Other Practice staff,Home Visit,15  to 21 Days,56
11J,E38000045,NHS Dorset ICB - 11J,E54000041,NHS Dorset Integrated Care Board,E40000006,South West,FEB2023,Attended,Other Practice staff,Home Visit,2 to 7 Days,294
11J,E38000045,NHS Dorset ICB - 11J,E54000041,NHS Dorset Integrated Care Board,E40000006,South West,FEB2023,Attended,Other Practice staff,Home Visit,22  to 28 Days,49
11J,E38000045,NHS Dorset ICB - 11J,E54000041,NHS Dorset Integrated Care Board,E40000006,South West,FEB2023,Attended,Other Practice staff,Home Visit,8  to 14 Days,118
11J,E38000045,NHS Dorset ICB - 11J,E54000041,NHS Dorset Integrated Care Board,E40000006,South West,FEB2023,Attended,Other Practice staff,Home Visit,More than 28 Days,100
11J,E38000045,NHS Dorset ICB - 11J,E54000041,NHS Dorset Integrated Care Board,E40000006,South West,FEB2023,Attended,Other Practice staff,Home Visit,Same Day,378
11J,E38000045,NHS Dorset ICB - 11J,E54000041,NHS Dorset Integrated Care Board,E40000006,South West,FEB2023,Attended,Other Practice staff,Telephone,1 Day,1556
11J,E38000045,NHS Dorset ICB - 11J,E54000041,NHS Dorset Integrated Care Board,E40000006,South West,FEB2023,Attended,Other Practice staff,Telephone,15  to 21 Days,1384
11J,E38000045,NHS Dorset ICB - 11J,E54000041,NHS Dorset Integrated Care Board,E40000006,South West,FEB2023,Attended,Other Practice staff,Telephone,2 to 7 Days,3054
11J,E38000045,NHS Dorset ICB - 11J,E54000041,NHS Dorset Integrated Care Board,E40000006,South West,FEB2023,Attended,Other Practice staff,Telephone,22  to 28 Days,797
11J,E38000045,NHS Dorset ICB - 11J,E54000041,NHS Dorset Integrated Care Board,E40000006,South West,FEB2023,Attended,Other Practice staff,Telephone,8  to 14 Days,1972
11J,E38000045,NHS Dorset ICB - 11J,E54000041,NHS Dorset Integrated Care Board,E40000006,South West,FEB2023,Attended,Other Practice staff,Telephone,More than 28 Days,1060
11J,E38000045,NHS Dorset ICB - 11J,E54000041,NHS Dorset Integrated Care Board,E40000006,South West,FEB2023,Attended,Other Practice staff,Telephone,Same Day,12925
11J,E38000045,NHS Dorset ICB - 11J,E54000041,NHS Dorset Integrated Care Board,E40000006,South West,FEB2023,Attended,Other Practice staff,Telephone,Unknown / Data Quality,20
11J,E38000045,NHS Dorset ICB - 11J,E54000041,NHS Dorset Integrated Care Board,E40000006,South West,FEB2023,Attended,Other Practice staff,Unknown,22  to 28 Days,2
11J,E38000045,NHS Dorset ICB - 11J,E54000041,NHS Dorset Integrated Care Board,E40000006,South West,FEB2023,Attended,Other Practice staff,Unknown,Same Day,3
11J,E38000045,NHS Dorset ICB - 11J,E54000041,NHS Dorset Integrated Care Board,E40000006,South West,FEB2023,Attended,Other Practice staff,Video/Online,1 Day,56
11J,E38000045,NHS Dorset ICB - 11J,E54000041,NHS Dorset Integrated Care Board,E40000006,South West,FEB2023,Attended,Other Practice staff,Video/Online,15  to 21 Days,159
11J,E38000045,NHS Dorset ICB - 11J,E54000041,NHS Dorset Integrated Care Board,E40000006,South West,FEB2023,Attended,Other Practice staff,Video/Online,2 to 7 Days,816
11J,E38000045,NHS Dorset ICB - 11J,E54000041,NHS Dorset Integrated Care Board,E40000006,South West,FEB2023,Attended,Other Practice staff,Video/Online,22  to 28 Days,80
11J,E38000045,NHS Dorset ICB - 11J,E54000041,NHS Dorset Integrated Care Board,E40000006,South West,FEB2023,Attended,Other Practice staff,Video/Online,8  to 14 Days,371
11J,E38000045,NHS Dorset ICB - 11J,E54000041,NHS Dorset Integrated Care Board,E40000006,South West,FEB2023,Attended,Other Practice staff,Video/Online,More than 28 Days,89
11J,E38000045,NHS Dorset ICB - 11J,E54000041,NHS Dorset Integrated Care Board,E40000006,South West,FEB2023,Attended,Other Practice staff,Video/Online,Same Day,59
11J,E38000045,NHS Dorset ICB - 11J,E54000041,NHS Dorset Integrated Care Board,E40000006,South West,FEB2023,Attended,Unknown,Unknown,1 Day,1141
11J,E38000045,NHS Dorset ICB - 11J,E54000041,NHS Dorset Integrated Care Board,E40000006,South West,FEB2023,Attended,Unknown,Unknown,15  to 21 Days,361
11J,E38000045,NHS Dorset ICB - 11J,E54000041,NHS Dorset Integrated Care Board,E40000006,South West,FEB2023,Attended,Unknown,Unknown,2 to 7 Days,2140
11J,E38000045,NHS Dorset ICB - 11J,E54000041,NHS Dorset Integrated Care Board,E40000006,South West,FEB2023,Attended,Unknown,Unknown,22  to 28 Days,154
11J,E38000045,NHS Dorset ICB - 11J,E54000041,NHS Dorset Integrated Care Board,E40000006,South West,FEB2023,Attended,Unknown,Unknown,8  to 14 Days,742
11J,E38000045,NHS Dorset ICB - 11J,E54000041,NHS Dorset Integrated Care Board,E40000006,South West,FEB2023,Attended,Unknown,Unknown,More than 28 Days,161
11J,E38000045,NHS Dorset ICB - 11J,E54000041,NHS Dorset Integrated Care Board,E40000006,South West,FEB2023,Attended,Unknown,Unknown,Same Day,9380
11J,E38000045,NHS Dorset ICB - 11J,E54000041,NHS Dorset Integrated Care Board,E40000006,South West,FEB2023,Attended,Unknown,Unknown,Unknown / Data Quality,27
11J,E38000045,NHS Dorset ICB - 11J,E54000041,NHS Dorset Integrated Care Board,E40000006,South West,FEB2023,DNA,GP,Face-to-Face,1 Day,213
11J,E38000045,NHS Dorset ICB - 11J,E54000041,NHS Dorset Integrated Care Board,E40000006,South West,FEB2023,DNA,GP,Face-to-Face,15  to 21 Days,495
11J,E38000045,NHS Dorset ICB - 11J,E54000041,NHS Dorset Integrated Care Board,E40000006,South West,FEB2023,DNA,GP,Face-to-Face,2 to 7 Days,674
11J,E38000045,NHS Dorset ICB - 11J,E54000041,NHS Dorset Integrated Care Board,E40000006,South West,FEB2023,DNA,GP,Face-to-Face,22  to 28 Days,341
11J,E38000045,NHS Dorset ICB - 11J,E54000041,NHS Dorset Integrated Care Board,E40000006,South West,FEB2023,DNA,GP,Face-to-Face,8  to 14 Days,618
11J,E38000045,NHS Dorset ICB - 11J,E54000041,NHS Dorset Integrated Care Board,E40000006,South West,FEB2023,DNA,GP,Face-to-Face,More than 28 Days,225
11J,E38000045,NHS Dorset ICB - 11J,E54000041,NHS Dorset Integrated Care Board,E40000006,South West,FEB2023,DNA,GP,Face-to-Face,Same Day,379
11J,E38000045,NHS Dorset ICB - 11J,E54000041,NHS Dorset Integrated Care Board,E40000006,South West,FEB2023,DNA,GP,Home Visit,Same Day,12
11J,E38000045,NHS Dorset ICB - 11J,E54000041,NHS Dorset Integrated Care Board,E40000006,South West,FEB2023,DNA,GP,Telephone,1 Day,11
11J,E38000045,NHS Dorset ICB - 11J,E54000041,NHS Dorset Integrated Care Board,E40000006,South West,FEB2023,DNA,GP,Telephone,15  to 21 Days,54
11J,E38000045,NHS Dorset ICB - 11J,E54000041,NHS Dorset Integrated Care Board,E40000006,South West,FEB2023,DNA,GP,Telephone,2 to 7 Days,30
11J,E38000045,NHS Dorset ICB - 11J,E54000041,NHS Dorset Integrated Care Board,E40000006,South West,FEB2023,DNA,GP,Telephone,22  to 28 Days,23
11J,E38000045,NHS Dorset ICB - 11J,E54000041,NHS Dorset Integrated Care Board,E40000006,South West,FEB2023,DNA,GP,Telephone,8  to 14 Days,25
11J,E38000045,NHS Dorset ICB - 11J,E54000041,NHS Dorset Integrated Care Board,E40000006,South West,FEB2023,DNA,GP,Telephone,More than 28 Days,6
11J,E38000045,NHS Dorset ICB - 11J,E54000041,NHS Dorset Integrated Care Board,E40000006,South West,FEB2023,DNA,GP,Telephone,Same Day,34
11J,E38000045,NHS Dorset ICB - 11J,E54000041,NHS Dorset Integrated Care Board,E40000006,South West,FEB2023,DNA,GP,Video/Online,1 Day,2
11J,E38000045,NHS Dorset ICB - 11J,E54000041,NHS Dorset Integrated Care Board,E40000006,South West,FEB2023,DNA,GP,Video/Online,15  to 21 Days,10
11J,E38000045,NHS Dorset ICB - 11J,E54000041,NHS Dorset Integrated Care Board,E40000006,South West,FEB2023,DNA,GP,Video/Online,2 to 7 Days,4
11J,E38000045,NHS Dorset ICB - 11J,E54000041,NHS Dorset Integrated Care Board,E40000006,South West,FEB2023,DNA,GP,Video/Online,22  to 28 Days,2
11J,E38000045,NHS Dorset ICB - 11J,E54000041,NHS Dorset Integrated Care Board,E40000006,South West,FEB2023,DNA,GP,Video/Online,8  to 14 Days,5
11J,E38000045,NHS Dorset ICB - 11J,E54000041,NHS Dorset Integrated Care Board,E40000006,South West,FEB2023,DNA,GP,Video/Online,More than 28 Days,1
11J,E38000045,NHS Dorset ICB - 11J,E54000041,NHS Dorset Integrated Care Board,E40000006,South West,FEB2023,DNA,GP,Video/Online,Same Day,4
11J,E38000045,NHS Dorset ICB - 11J,E54000041,NHS Dorset Integrated Care Board,E40000006,South West,FEB2023,DNA,Other Practice staff,Face-to-Face,1 Day,452
11J,E38000045,NHS Dorset ICB - 11J,E54000041,NHS Dorset Integrated Care Board,E40000006,South West,FEB2023,DNA,Other Practice staff,Face-to-Face,15  to 21 Days,1462
11J,E38000045,NHS Dorset ICB - 11J,E54000041,NHS Dorset Integrated Care Board,E40000006,South West,FEB2023,DNA,Other Practice staff,Face-to-Face,2 to 7 Days,1803
11J,E38000045,NHS Dorset ICB - 11J,E54000041,NHS Dorset Integrated Care Board,E40000006,South West,FEB2023,DNA,Other Practice staff,Face-to-Face,22  to 28 Days,1023
11J,E38000045,NHS Dorset ICB - 11J,E54000041,NHS Dorset Integrated Care Board,E40000006,South West,FEB2023,DNA,Other Practice staff,Face-to-Face,8  to 14 Days,2035
11J,E38000045,NHS Dorset ICB - 11J,E54000041,NHS Dorset Integrated Care Board,E40000006,South West,FEB2023,DNA,Other Practice staff,Face-to-Face,More than 28 Days,995
11J,E38000045,NHS Dorset ICB - 11J,E54000041,NHS Dorset Integrated Care Board,E40000006,South West,FEB2023,DNA,Other Practice staff,Face-to-Face,Same Day,702
11J,E38000045,NHS Dorset ICB - 11J,E54000041,NHS Dorset Integrated Care Board,E40000006,South West,FEB2023,DNA,Other Practice staff,Home Visit,1 Day,1
11J,E38000045,NHS Dorset ICB - 11J,E54000041,NHS Dorset Integrated Care Board,E40000006,South West,FEB2023,DNA,Other Practice staff,Home Visit,2 to 7 Days,3
11J,E38000045,NHS Dorset ICB - 11J,E54000041,NHS Dorset Integrated Care Board,E40000006,South West,FEB2023,DNA,Other Practice staff,Home Visit,22  to 28 Days,1
11J,E38000045,NHS Dorset ICB - 11J,E54000041,NHS Dorset Integrated Care Board,E40000006,South West,FEB2023,DNA,Other Practice staff,Home Visit,8  to 14 Days,3
11J,E38000045,NHS Dorset ICB - 11J,E54000041,NHS Dorset Integrated Care Board,E40000006,South West,FEB2023,DNA,Other Practice staff,Home Visit,More than 28 Days,11
11J,E38000045,NHS Dorset ICB - 11J,E54000041,NHS Dorset Integrated Care Board,E40000006,South West,FEB2023,DNA,Other Practice staff,Home Visit,Same Day,6
11J,E38000045,NHS Dorset ICB - 11J,E54000041,NHS Dorset Integrated Care Board,E40000006,South West,FEB2023,DNA,Other Practice staff,Telephone,1 Day,14
11J,E38000045,NHS Dorset ICB - 11J,E54000041,NHS Dorset Integrated Care Board,E40000006,South West,FEB2023,DNA,Other Practice staff,Telephone,15  to 21 Days,19
11J,E38000045,NHS Dorset ICB - 11J,E54000041,NHS Dorset Integrated Care Board,E40000006,South West,FEB2023,DNA,Other Practice staff,Telephone,2 to 7 Days,41
11J,E38000045,NHS Dorset ICB - 11J,E54000041,NHS Dorset Integrated Care Board,E40000006,South West,FEB2023,DNA,Other Practice staff,Telephone,22  to 28 Days,16
11J,E38000045,NHS Dorset ICB - 11J,E54000041,NHS Dorset Integrated Care Board,E40000006,South West,FEB2023,DNA,Other Practice staff,Telephone,8  to 14 Days,48
11J,E38000045,NHS Dorset ICB - 11J,E54000041,NHS Dorset Integrated Care Board,E40000006,South West,FEB2023,DNA,Other Practice staff,Telephone,More than 28 Days,27
11J,E38000045,NHS Dorset ICB - 11J,E54000041,NHS Dorset Integrated Care Board,E40000006,South West,FEB2023,DNA,Other Practice staff,Telephone,Same Day,27
11J,E38000045,NHS Dorset ICB - 11J,E54000041,NHS Dorset Integrated Care Board,E40000006,South West,FEB2023,DNA,Other Practice staff,Video/Online,1 Day,2
11J,E38000045,NHS Dorset ICB - 11J,E54000041,NHS Dorset Integrated Care Board,E40000006,South West,FEB2023,DNA,Other Practice staff,Video/Online,15  to 21 Days,8
11J,E38000045,NHS Dorset ICB - 11J,E54000041,NHS Dorset Integrated Care Board,E40000006,South West,FEB2023,DNA,Other Practice staff,Video/Online,2 to 7 Days,22
11J,E38000045,NHS Dorset ICB - 11J,E54000041,NHS Dorset Integrated Care Board,E40000006,South West,FEB2023,DNA,Other Practice staff,Video/Online,22  to 28 Days,2
11J,E38000045,NHS Dorset ICB - 11J,E54000041,NHS Dorset Integrated Care Board,E40000006,South West,FEB2023,DNA,Other Practice staff,Video/Online,8  to 14 Days,12
11J,E38000045,NHS Dorset ICB - 11J,E54000041,NHS Dorset Integrated Care Board,E40000006,South West,FEB2023,DNA,Other Practice staff,Video/Online,More than 28 Days,3
11J,E38000045,NHS Dorset ICB - 11J,E54000041,NHS Dorset Integrated Care Board,E40000006,South West,FEB2023,DNA,Other Practice staff,Video/Online,Same Day,2
11J,E38000045,NHS Dorset ICB - 11J,E54000041,NHS Dorset Integrated Care Board,E40000006,South West,FEB2023,DNA,Unknown,Unknown,1 Day,11
11J,E38000045,NHS Dorset ICB - 11J,E54000041,NHS Dorset Integrated Care Board,E40000006,South West,FEB2023,DNA,Unknown,Unknown,15  to 21 Days,18
11J,E38000045,NHS Dorset ICB - 11J,E54000041,NHS Dorset Integrated Care Board,E40000006,South West,FEB2023,DNA,Unknown,Unknown,2 to 7 Days,67
11J,E38000045,NHS Dorset ICB - 11J,E54000041,NHS Dorset Integrated Care Board,E40000006,South West,FEB2023,DNA,Unknown,Unknown,22  to 28 Days,8
11J,E38000045,NHS Dorset ICB - 11J,E54000041,NHS Dorset Integrated Care Board,E40000006,South West,FEB2023,DNA,Unknown,Unknown,8  to 14 Days,38
11J,E38000045,NHS Dorset ICB - 11J,E54000041,NHS Dorset Integrated Care Board,E40000006,South West,FEB2023,DNA,Unknown,Unknown,More than 28 Days,10
11J,E38000045,NHS Dorset ICB - 11J,E54000041,NHS Dorset Integrated Care Board,E40000006,South West,FEB2023,DNA,Unknown,Unknown,Same Day,66
11J,E38000045,NHS Dorset ICB - 11J,E54000041,NHS Dorset Integrated Care Board,E40000006,South West,FEB2023,Unknown,GP,Face-to-Face,1 Day,105
11J,E38000045,NHS Dorset ICB - 11J,E54000041,NHS Dorset Integrated Care Board,E40000006,South West,FEB2023,Unknown,GP,Face-to-Face,15  to 21 Days,315
11J,E38000045,NHS Dorset ICB - 11J,E54000041,NHS Dorset Integrated Care Board,E40000006,South West,FEB2023,Unknown,GP,Face-to-Face,2 to 7 Days,383
11J,E38000045,NHS Dorset ICB - 11J,E54000041,NHS Dorset Integrated Care Board,E40000006,South West,FEB2023,Unknown,GP,Face-to-Face,22  to 28 Days,277
11J,E38000045,NHS Dorset ICB - 11J,E54000041,NHS Dorset Integrated Care Board,E40000006,South West,FEB2023,Unknown,GP,Face-to-Face,8  to 14 Days,423
11J,E38000045,NHS Dorset ICB - 11J,E54000041,NHS Dorset Integrated Care Board,E40000006,South West,FEB2023,Unknown,GP,Face-to-Face,More than 28 Days,303
11J,E38000045,NHS Dorset ICB - 11J,E54000041,NHS Dorset Integrated Care Board,E40000006,South West,FEB2023,Unknown,GP,Face-to-Face,Same Day,350
11J,E38000045,NHS Dorset ICB - 11J,E54000041,NHS Dorset Integrated Care Board,E40000006,South West,FEB2023,Unknown,GP,Face-to-Face,Unknown / Data Quality,3
11J,E38000045,NHS Dorset ICB - 11J,E54000041,NHS Dorset Integrated Care Board,E40000006,South West,FEB2023,Unknown,GP,Home Visit,1 Day,1
11J,E38000045,NHS Dorset ICB - 11J,E54000041,NHS Dorset Integrated Care Board,E40000006,South West,FEB2023,Unknown,GP,Home Visit,2 to 7 Days,1
11J,E38000045,NHS Dorset ICB - 11J,E54000041,NHS Dorset Integrated Care Board,E40000006,South West,FEB2023,Unknown,GP,Home Visit,Same Day,5
11J,E38000045,NHS Dorset ICB - 11J,E54000041,NHS Dorset Integrated Care Board,E40000006,South West,FEB2023,Unknown,GP,Telephone,1 Day,34
11J,E38000045,NHS Dorset ICB - 11J,E54000041,NHS Dorset Integrated Care Board,E40000006,South West,FEB2023,Unknown,GP,Telephone,15  to 21 Days,93
11J,E38000045,NHS Dorset ICB - 11J,E54000041,NHS Dorset Integrated Care Board,E40000006,South West,FEB2023,Unknown,GP,Telephone,2 to 7 Days,103
11J,E38000045,NHS Dorset ICB - 11J,E54000041,NHS Dorset Integrated Care Board,E40000006,South West,FEB2023,Unknown,GP,Telephone,22  to 28 Days,92
11J,E38000045,NHS Dorset ICB - 11J,E54000041,NHS Dorset Integrated Care Board,E40000006,South West,FEB2023,Unknown,GP,Telephone,8  to 14 Days,156
11J,E38000045,NHS Dorset ICB - 11J,E54000041,NHS Dorset Integrated Care Board,E40000006,South West,FEB2023,Unknown,GP,Telephone,More than 28 Days,67
11J,E38000045,NHS Dorset ICB - 11J,E54000041,NHS Dorset Integrated Care Board,E40000006,South West,FEB2023,Unknown,GP,Telephone,Same Day,72
11J,E38000045,NHS Dorset ICB - 11J,E54000041,NHS Dorset Integrated Care Board,E40000006,South West,FEB2023,Unknown,GP,Video/Online,2 to 7 Days,3
11J,E38000045,NHS Dorset ICB - 11J,E54000041,NHS Dorset Integrated Care Board,E40000006,South West,FEB2023,Unknown,GP,Video/Online,22  to 28 Days,3
11J,E38000045,NHS Dorset ICB - 11J,E54000041,NHS Dorset Integrated Care Board,E40000006,South West,FEB2023,Unknown,GP,Video/Online,8  to 14 Days,5
11J,E38000045,NHS Dorset ICB - 11J,E54000041,NHS Dorset Integrated Care Board,E40000006,South West,FEB2023,Unknown,GP,Video/Online,Same Day,1
11J,E38000045,NHS Dorset ICB - 11J,E54000041,NHS Dorset Integrated Care Board,E40000006,South West,FEB2023,Unknown,Other Practice staff,Face-to-Face,1 Day,269
11J,E38000045,NHS Dorset ICB - 11J,E54000041,NHS Dorset Integrated Care Board,E40000006,South West,FEB2023,Unknown,Other Practice staff,Face-to-Face,15  to 21 Days,1107
11J,E38000045,NHS Dorset ICB - 11J,E54000041,NHS Dorset Integrated Care Board,E40000006,South West,FEB2023,Unknown,Other Practice staff,Face-to-Face,2 to 7 Days,1276
11J,E38000045,NHS Dorset ICB - 11J,E54000041,NHS Dorset Integrated Care Board,E40000006,South West,FEB2023,Unknown,Other Practice staff,Face-to-Face,22  to 28 Days,851
11J,E38000045,NHS Dorset ICB - 11J,E54000041,NHS Dorset Integrated Care Board,E40000006,South West,FEB2023,Unknown,Other Practice staff,Face-to-Face,8  to 14 Days,1457
11J,E38000045,NHS Dorset ICB - 11J,E54000041,NHS Dorset Integrated Care Board,E40000006,South West,FEB2023,Unknown,Other Practice staff,Face-to-Face,More than 28 Days,1262
11J,E38000045,NHS Dorset ICB - 11J,E54000041,NHS Dorset Integrated Care Board,E40000006,South West,FEB2023,Unknown,Other Practice staff,Face-to-Face,Same Day,1012
11J,E38000045,NHS Dorset ICB - 11J,E54000041,NHS Dorset Integrated Care Board,E40000006,South West,FEB2023,Unknown,Other Practice staff,Face-to-Face,Unknown / Data Quality,5
11J,E38000045,NHS Dorset ICB - 11J,E54000041,NHS Dorset Integrated Care Board,E40000006,South West,FEB2023,Unknown,Other Practice staff,Home Visit,1 Day,4
11J,E38000045,NHS Dorset ICB - 11J,E54000041,NHS Dorset Integrated Care Board,E40000006,South West,FEB2023,Unknown,Other Practice staff,Home Visit,15  to 21 Days,10
11J,E38000045,NHS Dorset ICB - 11J,E54000041,NHS Dorset Integrated Care Board,E40000006,South West,FEB2023,Unknown,Other Practice staff,Home Visit,2 to 7 Days,25
11J,E38000045,NHS Dorset ICB - 11J,E54000041,NHS Dorset Integrated Care Board,E40000006,South West,FEB2023,Unknown,Other Practice staff,Home Visit,22  to 28 Days,4
11J,E38000045,NHS Dorset ICB - 11J,E54000041,NHS Dorset Integrated Care Board,E40000006,South West,FEB2023,Unknown,Other Practice staff,Home Visit,8  to 14 Days,17
11J,E38000045,NHS Dorset ICB - 11J,E54000041,NHS Dorset Integrated Care Board,E40000006,South West,FEB2023,Unknown,Other Practice staff,Home Visit,More than 28 Days,9
11J,E38000045,NHS Dorset ICB - 11J,E54000041,NHS Dorset Integrated Care Board,E40000006,South West,FEB2023,Unknown,Other Practice staff,Home Visit,Same Day,4
11J,E38000045,NHS Dorset ICB - 11J,E54000041,NHS Dorset Integrated Care Board,E40000006,South West,FEB2023,Unknown,Other Practice staff,Telephone,1 Day,88
11J,E38000045,NHS Dorset ICB - 11J,E54000041,NHS Dorset Integrated Care Board,E40000006,South West,FEB2023,Unknown,Other Practice staff,Telephone,15  to 21 Days,117
11J,E38000045,NHS Dorset ICB - 11J,E54000041,NHS Dorset Integrated Care Board,E40000006,South West,FEB2023,Unknown,Other Practice staff,Telephone,2 to 7 Days,177
11J,E38000045,NHS Dorset ICB - 11J,E54000041,NHS Dorset Integrated Care Board,E40000006,South West,FEB2023,Unknown,Other Practice staff,Telephone,22  to 28 Days,60
11J,E38000045,NHS Dorset ICB - 11J,E54000041,NHS Dorset Integrated Care Board,E40000006,South West,FEB2023,Unknown,Other Practice staff,Telephone,8  to 14 Days,111
11J,E38000045,NHS Dorset ICB - 11J,E54000041,NHS Dorset Integrated Care Board,E40000006,South West,FEB2023,Unknown,Other Practice staff,Telephone,More than 28 Days,91
11J,E38000045,NHS Dorset ICB - 11J,E54000041,NHS Dorset Integrated Care Board,E40000006,South West,FEB2023,Unknown,Other Practice staff,Telephone,Same Day,235
11J,E38000045,NHS Dorset ICB - 11J,E54000041,NHS Dorset Integrated Care Board,E40000006,South West,FEB2023,Unknown,Other Practice staff,Telephone,Unknown / Data Quality,1
11J,E38000045,NHS Dorset ICB - 11J,E54000041,NHS Dorset Integrated Care Board,E40000006,South West,FEB2023,Unknown,Other Practice staff,Video/Online,15  to 21 Days,5
11J,E38000045,NHS Dorset ICB - 11J,E54000041,NHS Dorset Integrated Care Board,E40000006,South West,FEB2023,Unknown,Other Practice staff,Video/Online,2 to 7 Days,2
11J,E38000045,NHS Dorset ICB - 11J,E54000041,NHS Dorset Integrated Care Board,E40000006,South West,FEB2023,Unknown,Other Practice staff,Video/Online,22  to 28 Days,2
11J,E38000045,NHS Dorset ICB - 11J,E54000041,NHS Dorset Integrated Care Board,E40000006,South West,FEB2023,Unknown,Other Practice staff,Video/Online,8  to 14 Days,3
11J,E38000045,NHS Dorset ICB - 11J,E54000041,NHS Dorset Integrated Care Board,E40000006,South West,FEB2023,Unknown,Other Practice staff,Video/Online,More than 28 Days,26
11J,E38000045,NHS Dorset ICB - 11J,E54000041,NHS Dorset Integrated Care Board,E40000006,South West,FEB2023,Unknown,Other Practice staff,Video/Online,Same Day,1
11J,E38000045,NHS Dorset ICB - 11J,E54000041,NHS Dorset Integrated Care Board,E40000006,South West,FEB2023,Unknown,Unknown,Unknown,1 Day,56
11J,E38000045,NHS Dorset ICB - 11J,E54000041,NHS Dorset Integrated Care Board,E40000006,South West,FEB2023,Unknown,Unknown,Unknown,15  to 21 Days,147
11J,E38000045,NHS Dorset ICB - 11J,E54000041,NHS Dorset Integrated Care Board,E40000006,South West,FEB2023,Unknown,Unknown,Unknown,2 to 7 Days,159
11J,E38000045,NHS Dorset ICB - 11J,E54000041,NHS Dorset Integrated Care Board,E40000006,South West,FEB2023,Unknown,Unknown,Unknown,22  to 28 Days,95
11J,E38000045,NHS Dorset ICB - 11J,E54000041,NHS Dorset Integrated Care Board,E40000006,South West,FEB2023,Unknown,Unknown,Unknown,8  to 14 Days,224
11J,E38000045,NHS Dorset ICB - 11J,E54000041,NHS Dorset Integrated Care Board,E40000006,South West,FEB2023,Unknown,Unknown,Unknown,More than 28 Days,111
11J,E38000045,NHS Dorset ICB - 11J,E54000041,NHS Dorset Integrated Care Board,E40000006,South West,FEB2023,Unknown,Unknown,Unknown,Same Day,65
11J,E38000045,NHS Dorset ICB - 11J,E54000041,NHS Dorset Integrated Care Board,E40000006,South West,MAR2023,Attended,GP,Face-to-Face,1 Day,11245
11J,E38000045,NHS Dorset ICB - 11J,E54000041,NHS Dorset Integrated Care Board,E40000006,South West,MAR2023,Attended,GP,Face-to-Face,15  to 21 Days,12059
11J,E38000045,NHS Dorset ICB - 11J,E54000041,NHS Dorset Integrated Care Board,E40000006,South West,MAR2023,Attended,GP,Face-to-Face,2 to 7 Days,22267
11J,E38000045,NHS Dorset ICB - 11J,E54000041,NHS Dorset Integrated Care Board,E40000006,South West,MAR2023,Attended,GP,Face-to-Face,22  to 28 Days,8701
11J,E38000045,NHS Dorset ICB - 11J,E54000041,NHS Dorset Integrated Care Board,E40000006,South West,MAR2023,Attended,GP,Face-to-Face,8  to 14 Days,15697
11J,E38000045,NHS Dorset ICB - 11J,E54000041,NHS Dorset Integrated Care Board,E40000006,South West,MAR2023,Attended,GP,Face-to-Face,More than 28 Days,6285
11J,E38000045,NHS Dorset ICB - 11J,E54000041,NHS Dorset Integrated Care Board,E40000006,South West,MAR2023,Attended,GP,Face-to-Face,Same Day,63315
11J,E38000045,NHS Dorset ICB - 11J,E54000041,NHS Dorset Integrated Care Board,E40000006,South West,MAR2023,Attended,GP,Face-to-Face,Unknown / Data Quality,21
11J,E38000045,NHS Dorset ICB - 11J,E54000041,NHS Dorset Integrated Care Board,E40000006,South West,MAR2023,Attended,GP,Home Visit,1 Day,26
11J,E38000045,NHS Dorset ICB - 11J,E54000041,NHS Dorset Integrated Care Board,E40000006,South West,MAR2023,Attended,GP,Home Visit,15  to 21 Days,4
11J,E38000045,NHS Dorset ICB - 11J,E54000041,NHS Dorset Integrated Care Board,E40000006,South West,MAR2023,Attended,GP,Home Visit,2 to 7 Days,58
11J,E38000045,NHS Dorset ICB - 11J,E54000041,NHS Dorset Integrated Care Board,E40000006,South West,MAR2023,Attended,GP,Home Visit,22  to 28 Days,1
11J,E38000045,NHS Dorset ICB - 11J,E54000041,NHS Dorset Integrated Care Board,E40000006,South West,MAR2023,Attended,GP,Home Visit,8  to 14 Days,8
11J,E38000045,NHS Dorset ICB - 11J,E54000041,NHS Dorset Integrated Care Board,E40000006,South West,MAR2023,Attended,GP,Home Visit,More than 28 Days,4
11J,E38000045,NHS Dorset ICB - 11J,E54000041,NHS Dorset Integrated Care Board,E40000006,South West,MAR2023,Attended,GP,Home Visit,Same Day,204
11J,E38000045,NHS Dorset ICB - 11J,E54000041,NHS Dorset Integrated Care Board,E40000006,South West,MAR2023,Attended,GP,Home Visit,Unknown / Data Quality,2
11J,E38000045,NHS Dorset ICB - 11J,E54000041,NHS Dorset Integrated Care Board,E40000006,South West,MAR2023,Attended,GP,Telephone,1 Day,3456
11J,E38000045,NHS Dorset ICB - 11J,E54000041,NHS Dorset Integrated Care Board,E40000006,South West,MAR2023,Attended,GP,Telephone,15  to 21 Days,4179
11J,E38000045,NHS Dorset ICB - 11J,E54000041,NHS Dorset Integrated Care Board,E40000006,South West,MAR2023,Attended,GP,Telephone,2 to 7 Days,7694
11J,E38000045,NHS Dorset ICB - 11J,E54000041,NHS Dorset Integrated Care Board,E40000006,South West,MAR2023,Attended,GP,Telephone,22  to 28 Days,2547
11J,E38000045,NHS Dorset ICB - 11J,E54000041,NHS Dorset Integrated Care Board,E40000006,South West,MAR2023,Attended,GP,Telephone,8  to 14 Days,6000
11J,E38000045,NHS Dorset ICB - 11J,E54000041,NHS Dorset Integrated Care Board,E40000006,South West,MAR2023,Attended,GP,Telephone,More than 28 Days,1717
11J,E38000045,NHS Dorset ICB - 11J,E54000041,NHS Dorset Integrated Care Board,E40000006,South West,MAR2023,Attended,GP,Telephone,Same Day,29054
11J,E38000045,NHS Dorset ICB - 11J,E54000041,NHS Dorset Integrated Care Board,E40000006,South West,MAR2023,Attended,GP,Telephone,Unknown / Data Quality,3
11J,E38000045,NHS Dorset ICB - 11J,E54000041,NHS Dorset Integrated Care Board,E40000006,South West,MAR2023,Attended,GP,Video/Online,1 Day,577
11J,E38000045,NHS Dorset ICB - 11J,E54000041,NHS Dorset Integrated Care Board,E40000006,South West,MAR2023,Attended,GP,Video/Online,15  to 21 Days,142
11J,E38000045,NHS Dorset ICB - 11J,E54000041,NHS Dorset Integrated Care Board,E40000006,South West,MAR2023,Attended,GP,Video/Online,2 to 7 Days,443
11J,E38000045,NHS Dorset ICB - 11J,E54000041,NHS Dorset Integrated Care Board,E40000006,South West,MAR2023,Attended,GP,Video/Online,22  to 28 Days,172
11J,E38000045,NHS Dorset ICB - 11J,E54000041,NHS Dorset Integrated Care Board,E40000006,South West,MAR2023,Attended,GP,Video/Online,8  to 14 Days,143
11J,E38000045,NHS Dorset ICB - 11J,E54000041,NHS Dorset Integrated Care Board,E40000006,South West,MAR2023,Attended,GP,Video/Online,More than 28 Days,115
11J,E38000045,NHS Dorset ICB - 11J,E54000041,NHS Dorset Integrated Care Board,E40000006,South West,MAR2023,Attended,GP,Video/Online,Same Day,1450
11J,E38000045,NHS Dorset ICB - 11J,E54000041,NHS Dorset Integrated Care Board,E40000006,South West,MAR2023,Attended,GP,Video/Online,Unknown / Data Quality,5
11J,E38000045,NHS Dorset ICB - 11J,E54000041,NHS Dorset Integrated Care Board,E40000006,South West,MAR2023,Attended,Other Practice staff,Face-to-Face,1 Day,14199
11J,E38000045,NHS Dorset ICB - 11J,E54000041,NHS Dorset Integrated Care Board,E40000006,South West,MAR2023,Attended,Other Practice staff,Face-to-Face,15  to 21 Days,22081
11J,E38000045,NHS Dorset ICB - 11J,E54000041,NHS Dorset Integrated Care Board,E40000006,South West,MAR2023,Attended,Other Practice staff,Face-to-Face,2 to 7 Days,36320
11J,E38000045,NHS Dorset ICB - 11J,E54000041,NHS Dorset Integrated Care Board,E40000006,South West,MAR2023,Attended,Other Practice staff,Face-to-Face,22  to 28 Days,13921
11J,E38000045,NHS Dorset ICB - 11J,E54000041,NHS Dorset Integrated Care Board,E40000006,South West,MAR2023,Attended,Other Practice staff,Face-to-Face,8  to 14 Days,32278
11J,E38000045,NHS Dorset ICB - 11J,E54000041,NHS Dorset Integrated Care Board,E40000006,South West,MAR2023,Attended,Other Practice staff,Face-to-Face,More than 28 Days,13592
11J,E38000045,NHS Dorset ICB - 11J,E54000041,NHS Dorset Integrated Care Board,E40000006,South West,MAR2023,Attended,Other Practice staff,Face-to-Face,Same Day,50671
11J,E38000045,NHS Dorset ICB - 11J,E54000041,NHS Dorset Integrated Care Board,E40000006,South West,MAR2023,Attended,Other Practice staff,Face-to-Face,Unknown / Data Quality,63
11J,E38000045,NHS Dorset ICB - 11J,E54000041,NHS Dorset Integrated Care Board,E40000006,South West,MAR2023,Attended,Other Practice staff,Home Visit,1 Day,136
11J,E38000045,NHS Dorset ICB - 11J,E54000041,NHS Dorset Integrated Care Board,E40000006,South West,MAR2023,Attended,Other Practice staff,Home Visit,15  to 21 Days,55
11J,E38000045,NHS Dorset ICB - 11J,E54000041,NHS Dorset Integrated Care Board,E40000006,South West,MAR2023,Attended,Other Practice staff,Home Visit,2 to 7 Days,329
11J,E38000045,NHS Dorset ICB - 11J,E54000041,NHS Dorset Integrated Care Board,E40000006,South West,MAR2023,Attended,Other Practice staff,Home Visit,22  to 28 Days,59
11J,E38000045,NHS Dorset ICB - 11J,E54000041,NHS Dorset Integrated Care Board,E40000006,South West,MAR2023,Attended,Other Practice staff,Home Visit,8  to 14 Days,154
11J,E38000045,NHS Dorset ICB - 11J,E54000041,NHS Dorset Integrated Care Board,E40000006,South West,MAR2023,Attended,Other Practice staff,Home Visit,More than 28 Days,93
11J,E38000045,NHS Dorset ICB - 11J,E54000041,NHS Dorset Integrated Care Board,E40000006,South West,MAR2023,Attended,Other Practice staff,Home Visit,Same Day,578
11J,E38000045,NHS Dorset ICB - 11J,E54000041,NHS Dorset Integrated Care Board,E40000006,South West,MAR2023,Attended,Other Practice staff,Home Visit,Unknown / Data Quality,5
11J,E38000045,NHS Dorset ICB - 11J,E54000041,NHS Dorset Integrated Care Board,E40000006,South West,MAR2023,Attended,Other Practice staff,Telephone,1 Day,2097
11J,E38000045,NHS Dorset ICB - 11J,E54000041,NHS Dorset Integrated Care Board,E40000006,South West,MAR2023,Attended,Other Practice staff,Telephone,15  to 21 Days,1604
11J,E38000045,NHS Dorset ICB - 11J,E54000041,NHS Dorset Integrated Care Board,E40000006,South West,MAR2023,Attended,Other Practice staff,Telephone,2 to 7 Days,3815
11J,E38000045,NHS Dorset ICB - 11J,E54000041,NHS Dorset Integrated Care Board,E40000006,South West,MAR2023,Attended,Other Practice staff,Telephone,22  to 28 Days,1099
11J,E38000045,NHS Dorset ICB - 11J,E54000041,NHS Dorset Integrated Care Board,E40000006,South West,MAR2023,Attended,Other Practice staff,Telephone,8  to 14 Days,2231
11J,E38000045,NHS Dorset ICB - 11J,E54000041,NHS Dorset Integrated Care Board,E40000006,South West,MAR2023,Attended,Other Practice staff,Telephone,More than 28 Days,1321
11J,E38000045,NHS Dorset ICB - 11J,E54000041,NHS Dorset Integrated Care Board,E40000006,South West,MAR2023,Attended,Other Practice staff,Telephone,Same Day,15761
11J,E38000045,NHS Dorset ICB - 11J,E54000041,NHS Dorset Integrated Care Board,E40000006,South West,MAR2023,Attended,Other Practice staff,Telephone,Unknown / Data Quality,19
11J,E38000045,NHS Dorset ICB - 11J,E54000041,NHS Dorset Integrated Care Board,E40000006,South West,MAR2023,Attended,Other Practice staff,Video/Online,1 Day,169
11J,E38000045,NHS Dorset ICB - 11J,E54000041,NHS Dorset Integrated Care Board,E40000006,South West,MAR2023,Attended,Other Practice staff,Video/Online,15  to 21 Days,206
11J,E38000045,NHS Dorset ICB - 11J,E54000041,NHS Dorset Integrated Care Board,E40000006,South West,MAR2023,Attended,Other Practice staff,Video/Online,2 to 7 Days,889
11J,E38000045,NHS Dorset ICB - 11J,E54000041,NHS Dorset Integrated Care Board,E40000006,South West,MAR2023,Attended,Other Practice staff,Video/Online,22  to 28 Days,102
11J,E38000045,NHS Dorset ICB - 11J,E54000041,NHS Dorset Integrated Care Board,E40000006,South West,MAR2023,Attended,Other Practice staff,Video/Online,8  to 14 Days,469
11J,E38000045,NHS Dorset ICB - 11J,E54000041,NHS Dorset Integrated Care Board,E40000006,South West,MAR2023,Attended,Other Practice staff,Video/Online,More than 28 Days,127
11J,E38000045,NHS Dorset ICB - 11J,E54000041,NHS Dorset Integrated Care Board,E40000006,South West,MAR2023,Attended,Other Practice staff,Video/Online,Same Day,296
11J,E38000045,NHS Dorset ICB - 11J,E54000041,NHS Dorset Integrated Care Board,E40000006,South West,MAR2023,Attended,Unknown,Unknown,1 Day,1386
11J,E38000045,NHS Dorset ICB - 11J,E54000041,NHS Dorset Integrated Care Board,E40000006,South West,MAR2023,Attended,Unknown,Unknown,15  to 21 Days,360
11J,E38000045,NHS Dorset ICB - 11J,E54000041,NHS Dorset Integrated Care Board,E40000006,South West,MAR2023,Attended,Unknown,Unknown,2 to 7 Days,2660
11J,E38000045,NHS Dorset ICB - 11J,E54000041,NHS Dorset Integrated Care Board,E40000006,South West,MAR2023,Attended,Unknown,Unknown,22  to 28 Days,207
11J,E38000045,NHS Dorset ICB - 11J,E54000041,NHS Dorset Integrated Care Board,E40000006,South West,MAR2023,Attended,Unknown,Unknown,8  to 14 Days,952
11J,E38000045,NHS Dorset ICB - 11J,E54000041,NHS Dorset Integrated Care Board,E40000006,South West,MAR2023,Attended,Unknown,Unknown,More than 28 Days,169
11J,E38000045,NHS Dorset ICB - 11J,E54000041,NHS Dorset Integrated Care Board,E40000006,South West,MAR2023,Attended,Unknown,Unknown,Same Day,11003
11J,E38000045,NHS Dorset ICB - 11J,E54000041,NHS Dorset Integrated Care Board,E40000006,South West,MAR2023,Attended,Unknown,Unknown,Unknown / Data Quality,30
11J,E38000045,NHS Dorset ICB - 11J,E54000041,NHS Dorset Integrated Care Board,E40000006,South West,MAR2023,DNA,GP,Face-to-Face,1 Day,298
11J,E38000045,NHS Dorset ICB - 11J,E54000041,NHS Dorset Integrated Care Board,E40000006,South West,MAR2023,DNA,GP,Face-to-Face,15  to 21 Days,607
11J,E38000045,NHS Dorset ICB - 11J,E54000041,NHS Dorset Integrated Care Board,E40000006,South West,MAR2023,DNA,GP,Face-to-Face,2 to 7 Days,804
11J,E38000045,NHS Dorset ICB - 11J,E54000041,NHS Dorset Integrated Care Board,E40000006,South West,MAR2023,DNA,GP,Face-to-Face,22  to 28 Days,468
11J,E38000045,NHS Dorset ICB - 11J,E54000041,NHS Dorset Integrated Care Board,E40000006,South West,MAR2023,DNA,GP,Face-to-Face,8  to 14 Days,704
11J,E38000045,NHS Dorset ICB - 11J,E54000041,NHS Dorset Integrated Care Board,E40000006,South West,MAR2023,DNA,GP,Face-to-Face,More than 28 Days,385
11J,E38000045,NHS Dorset ICB - 11J,E54000041,NHS Dorset Integrated Care Board,E40000006,South West,MAR2023,DNA,GP,Face-to-Face,Same Day,539
11J,E38000045,NHS Dorset ICB - 11J,E54000041,NHS Dorset Integrated Care Board,E40000006,South West,MAR2023,DNA,GP,Home Visit,1 Day,1
11J,E38000045,NHS Dorset ICB - 11J,E54000041,NHS Dorset Integrated Care Board,E40000006,South West,MAR2023,DNA,GP,Home Visit,Same Day,13
11J,E38000045,NHS Dorset ICB - 11J,E54000041,NHS Dorset Integrated Care Board,E40000006,South West,MAR2023,DNA,GP,Telephone,1 Day,9
11J,E38000045,NHS Dorset ICB - 11J,E54000041,NHS Dorset Integrated Care Board,E40000006,South West,MAR2023,DNA,GP,Telephone,15  to 21 Days,37
11J,E38000045,NHS Dorset ICB - 11J,E54000041,NHS Dorset Integrated Care Board,E40000006,South West,MAR2023,DNA,GP,Telephone,2 to 7 Days,46
11J,E38000045,NHS Dorset ICB - 11J,E54000041,NHS Dorset Integrated Care Board,E40000006,South West,MAR2023,DNA,GP,Telephone,22  to 28 Days,30
11J,E38000045,NHS Dorset ICB - 11J,E54000041,NHS Dorset Integrated Care Board,E40000006,South West,MAR2023,DNA,GP,Telephone,8  to 14 Days,29
11J,E38000045,NHS Dorset ICB - 11J,E54000041,NHS Dorset Integrated Care Board,E40000006,South West,MAR2023,DNA,GP,Telephone,More than 28 Days,23
11J,E38000045,NHS Dorset ICB - 11J,E54000041,NHS Dorset Integrated Care Board,E40000006,South West,MAR2023,DNA,GP,Telephone,Same Day,42
11J,E38000045,NHS Dorset ICB - 11J,E54000041,NHS Dorset Integrated Care Board,E40000006,South West,MAR2023,DNA,GP,Video/Online,1 Day,6
11J,E38000045,NHS Dorset ICB - 11J,E54000041,NHS Dorset Integrated Care Board,E40000006,South West,MAR2023,DNA,GP,Video/Online,15  to 21 Days,9
11J,E38000045,NHS Dorset ICB - 11J,E54000041,NHS Dorset Integrated Care Board,E40000006,South West,MAR2023,DNA,GP,Video/Online,2 to 7 Days,1
11J,E38000045,NHS Dorset ICB - 11J,E54000041,NHS Dorset Integrated Care Board,E40000006,South West,MAR2023,DNA,GP,Video/Online,22  to 28 Days,5
11J,E38000045,NHS Dorset ICB - 11J,E54000041,NHS Dorset Integrated Care Board,E40000006,South West,MAR2023,DNA,GP,Video/Online,8  to 14 Days,7
11J,E38000045,NHS Dorset ICB - 11J,E54000041,NHS Dorset Integrated Care Board,E40000006,South West,MAR2023,DNA,GP,Video/Online,More than 28 Days,13
11J,E38000045,NHS Dorset ICB - 11J,E54000041,NHS Dorset Integrated Care Board,E40000006,South West,MAR2023,DNA,GP,Video/Online,Same Day,9
11J,E38000045,NHS Dorset ICB - 11J,E54000041,NHS Dorset Integrated Care Board,E40000006,South West,MAR2023,DNA,Other Practice staff,Face-to-Face,1 Day,515
11J,E38000045,NHS Dorset ICB - 11J,E54000041,NHS Dorset Integrated Care Board,E40000006,South West,MAR2023,DNA,Other Practice staff,Face-to-Face,15  to 21 Days,1698
11J,E38000045,NHS Dorset ICB - 11J,E54000041,NHS Dorset Integrated Care Board,E40000006,South West,MAR2023,DNA,Other Practice staff,Face-to-Face,2 to 7 Days,1938
11J,E38000045,NHS Dorset ICB - 11J,E54000041,NHS Dorset Integrated Care Board,E40000006,South West,MAR2023,DNA,Other Practice staff,Face-to-Face,22  to 28 Days,1257
11J,E38000045,NHS Dorset ICB - 11J,E54000041,NHS Dorset Integrated Care Board,E40000006,South West,MAR2023,DNA,Other Practice staff,Face-to-Face,8  to 14 Days,2341
11J,E38000045,NHS Dorset ICB - 11J,E54000041,NHS Dorset Integrated Care Board,E40000006,South West,MAR2023,DNA,Other Practice staff,Face-to-Face,More than 28 Days,1474
11J,E38000045,NHS Dorset ICB - 11J,E54000041,NHS Dorset Integrated Care Board,E40000006,South West,MAR2023,DNA,Other Practice staff,Face-to-Face,Same Day,884
11J,E38000045,NHS Dorset ICB - 11J,E54000041,NHS Dorset Integrated Care Board,E40000006,South West,MAR2023,DNA,Other Practice staff,Home Visit,1 Day,5
11J,E38000045,NHS Dorset ICB - 11J,E54000041,NHS Dorset Integrated Care Board,E40000006,South West,MAR2023,DNA,Other Practice staff,Home Visit,15  to 21 Days,2
11J,E38000045,NHS Dorset ICB - 11J,E54000041,NHS Dorset Integrated Care Board,E40000006,South West,MAR2023,DNA,Other Practice staff,Home Visit,2 to 7 Days,18
11J,E38000045,NHS Dorset ICB - 11J,E54000041,NHS Dorset Integrated Care Board,E40000006,South West,MAR2023,DNA,Other Practice staff,Home Visit,22  to 28 Days,1
11J,E38000045,NHS Dorset ICB - 11J,E54000041,NHS Dorset Integrated Care Board,E40000006,South West,MAR2023,DNA,Other Practice staff,Home Visit,8  to 14 Days,8
11J,E38000045,NHS Dorset ICB - 11J,E54000041,NHS Dorset Integrated Care Board,E40000006,South West,MAR2023,DNA,Other Practice staff,Home Visit,More than 28 Days,14
11J,E38000045,NHS Dorset ICB - 11J,E54000041,NHS Dorset Integrated Care Board,E40000006,South West,MAR2023,DNA,Other Practice staff,Home Visit,Same Day,31
11J,E38000045,NHS Dorset ICB - 11J,E54000041,NHS Dorset Integrated Care Board,E40000006,South West,MAR2023,DNA,Other Practice staff,Telephone,1 Day,12
11J,E38000045,NHS Dorset ICB - 11J,E54000041,NHS Dorset Integrated Care Board,E40000006,South West,MAR2023,DNA,Other Practice staff,Telephone,15  to 21 Days,35
11J,E38000045,NHS Dorset ICB - 11J,E54000041,NHS Dorset Integrated Care Board,E40000006,South West,MAR2023,DNA,Other Practice staff,Telephone,2 to 7 Days,54
11J,E38000045,NHS Dorset ICB - 11J,E54000041,NHS Dorset Integrated Care Board,E40000006,South West,MAR2023,DNA,Other Practice staff,Telephone,22  to 28 Days,20
11J,E38000045,NHS Dorset ICB - 11J,E54000041,NHS Dorset Integrated Care Board,E40000006,South West,MAR2023,DNA,Other Practice staff,Telephone,8  to 14 Days,30
11J,E38000045,NHS Dorset ICB - 11J,E54000041,NHS Dorset Integrated Care Board,E40000006,South West,MAR2023,DNA,Other Practice staff,Telephone,More than 28 Days,21
11J,E38000045,NHS Dorset ICB - 11J,E54000041,NHS Dorset Integrated Care Board,E40000006,South West,MAR2023,DNA,Other Practice staff,Telephone,Same Day,36
11J,E38000045,NHS Dorset ICB - 11J,E54000041,NHS Dorset Integrated Care Board,E40000006,South West,MAR2023,DNA,Other Practice staff,Video/Online,1 Day,13
11J,E38000045,NHS Dorset ICB - 11J,E54000041,NHS Dorset Integrated Care Board,E40000006,South West,MAR2023,DNA,Other Practice staff,Video/Online,15  to 21 Days,8
11J,E38000045,NHS Dorset ICB - 11J,E54000041,NHS Dorset Integrated Care Board,E40000006,South West,MAR2023,DNA,Other Practice staff,Video/Online,2 to 7 Days,31
11J,E38000045,NHS Dorset ICB - 11J,E54000041,NHS Dorset Integrated Care Board,E40000006,South West,MAR2023,DNA,Other Practice staff,Video/Online,22  to 28 Days,1
11J,E38000045,NHS Dorset ICB - 11J,E54000041,NHS Dorset Integrated Care Board,E40000006,South West,MAR2023,DNA,Other Practice staff,Video/Online,8  to 14 Days,15
11J,E38000045,NHS Dorset ICB - 11J,E54000041,NHS Dorset Integrated Care Board,E40000006,South West,MAR2023,DNA,Other Practice staff,Video/Online,More than 28 Days,3
11J,E38000045,NHS Dorset ICB - 11J,E54000041,NHS Dorset Integrated Care Board,E40000006,South West,MAR2023,DNA,Other Practice staff,Video/Online,Same Day,15
11J,E38000045,NHS Dorset ICB - 11J,E54000041,NHS Dorset Integrated Care Board,E40000006,South West,MAR2023,DNA,Unknown,Unknown,1 Day,36
11J,E38000045,NHS Dorset ICB - 11J,E54000041,NHS Dorset Integrated Care Board,E40000006,South West,MAR2023,DNA,Unknown,Unknown,15  to 21 Days,11
11J,E38000045,NHS Dorset ICB - 11J,E54000041,NHS Dorset Integrated Care Board,E40000006,South West,MAR2023,DNA,Unknown,Unknown,2 to 7 Days,73
11J,E38000045,NHS Dorset ICB - 11J,E54000041,NHS Dorset Integrated Care Board,E40000006,South West,MAR2023,DNA,Unknown,Unknown,22  to 28 Days,7
11J,E38000045,NHS Dorset ICB - 11J,E54000041,NHS Dorset Integrated Care Board,E40000006,South West,MAR2023,DNA,Unknown,Unknown,8  to 14 Days,36
11J,E38000045,NHS Dorset ICB - 11J,E54000041,NHS Dorset Integrated Care Board,E40000006,South West,MAR2023,DNA,Unknown,Unknown,More than 28 Days,13
11J,E38000045,NHS Dorset ICB - 11J,E54000041,NHS Dorset Integrated Care Board,E40000006,South West,MAR2023,DNA,Unknown,Unknown,Same Day,70
11J,E38000045,NHS Dorset ICB - 11J,E54000041,NHS Dorset Integrated Care Board,E40000006,South West,MAR2023,Unknown,GP,Face-to-Face,1 Day,128
11J,E38000045,NHS Dorset ICB - 11J,E54000041,NHS Dorset Integrated Care Board,E40000006,South West,MAR2023,Unknown,GP,Face-to-Face,15  to 21 Days,750
11J,E38000045,NHS Dorset ICB - 11J,E54000041,NHS Dorset Integrated Care Board,E40000006,South West,MAR2023,Unknown,GP,Face-to-Face,2 to 7 Days,621
11J,E38000045,NHS Dorset ICB - 11J,E54000041,NHS Dorset Integrated Care Board,E40000006,South West,MAR2023,Unknown,GP,Face-to-Face,22  to 28 Days,561
11J,E38000045,NHS Dorset ICB - 11J,E54000041,NHS Dorset Integrated Care Board,E40000006,South West,MAR2023,Unknown,GP,Face-to-Face,8  to 14 Days,820
11J,E38000045,NHS Dorset ICB - 11J,E54000041,NHS Dorset Integrated Care Board,E40000006,South West,MAR2023,Unknown,GP,Face-to-Face,More than 28 Days,569
11J,E38000045,NHS Dorset ICB - 11J,E54000041,NHS Dorset Integrated Care Board,E40000006,South West,MAR2023,Unknown,GP,Face-to-Face,Same Day,365
11J,E38000045,NHS Dorset ICB - 11J,E54000041,NHS Dorset Integrated Care Board,E40000006,South West,MAR2023,Unknown,GP,Home Visit,2 to 7 Days,4
11J,E38000045,NHS Dorset ICB - 11J,E54000041,NHS Dorset Integrated Care Board,E40000006,South West,MAR2023,Unknown,GP,Home Visit,More than 28 Days,1
11J,E38000045,NHS Dorset ICB - 11J,E54000041,NHS Dorset Integrated Care Board,E40000006,South West,MAR2023,Unknown,GP,Home Visit,Same Day,9
11J,E38000045,NHS Dorset ICB - 11J,E54000041,NHS Dorset Integrated Care Board,E40000006,South West,MAR2023,Unknown,GP,Telephone,1 Day,62
11J,E38000045,NHS Dorset ICB - 11J,E54000041,NHS Dorset Integrated Care Board,E40000006,South West,MAR2023,Unknown,GP,Telephone,15  to 21 Days,258
11J,E38000045,NHS Dorset ICB - 11J,E54000041,NHS Dorset Integrated Care Board,E40000006,South West,MAR2023,Unknown,GP,Telephone,2 to 7 Days,241
11J,E38000045,NHS Dorset ICB - 11J,E54000041,NHS Dorset Integrated Care Board,E40000006,South West,MAR2023,Unknown,GP,Telephone,22  to 28 Days,191
11J,E38000045,NHS Dorset ICB - 11J,E54000041,NHS Dorset Integrated Care Board,E40000006,South West,MAR2023,Unknown,GP,Telephone,8  to 14 Days,253
11J,E38000045,NHS Dorset ICB - 11J,E54000041,NHS Dorset Integrated Care Board,E40000006,South West,MAR2023,Unknown,GP,Telephone,More than 28 Days,151
11J,E38000045,NHS Dorset ICB - 11J,E54000041,NHS Dorset Integrated Care Board,E40000006,South West,MAR2023,Unknown,GP,Telephone,Same Day,77
11J,E38000045,NHS Dorset ICB - 11J,E54000041,NHS Dorset Integrated Care Board,E40000006,South West,MAR2023,Unknown,GP,Telephone,Unknown / Data Quality,1
11J,E38000045,NHS Dorset ICB - 11J,E54000041,NHS Dorset Integrated Care Board,E40000006,South West,MAR2023,Unknown,GP,Video/Online,1 Day,8
11J,E38000045,NHS Dorset ICB - 11J,E54000041,NHS Dorset Integrated Care Board,E40000006,South West,MAR2023,Unknown,GP,Video/Online,15  to 21 Days,6
11J,E38000045,NHS Dorset ICB - 11J,E54000041,NHS Dorset Integrated Care Board,E40000006,South West,MAR2023,Unknown,GP,Video/Online,2 to 7 Days,7
11J,E38000045,NHS Dorset ICB - 11J,E54000041,NHS Dorset Integrated Care Board,E40000006,South West,MAR2023,Unknown,GP,Video/Online,22  to 28 Days,10
11J,E38000045,NHS Dorset ICB - 11J,E54000041,NHS Dorset Integrated Care Board,E40000006,South West,MAR2023,Unknown,GP,Video/Online,8  to 14 Days,3
11J,E38000045,NHS Dorset ICB - 11J,E54000041,NHS Dorset Integrated Care Board,E40000006,South West,MAR2023,Unknown,GP,Video/Online,More than 28 Days,4
11J,E38000045,NHS Dorset ICB - 11J,E54000041,NHS Dorset Integrated Care Board,E40000006,South West,MAR2023,Unknown,GP,Video/Online,Same Day,1
11J,E38000045,NHS Dorset ICB - 11J,E54000041,NHS Dorset Integrated Care Board,E40000006,South West,MAR2023,Unknown,Other Practice staff,Face-to-Face,1 Day,409
11J,E38000045,NHS Dorset ICB - 11J,E54000041,NHS Dorset Integrated Care Board,E40000006,South West,MAR2023,Unknown,Other Practice staff,Face-to-Face,15  to 21 Days,2084
11J,E38000045,NHS Dorset ICB - 11J,E54000041,NHS Dorset Integrated Care Board,E40000006,South West,MAR2023,Unknown,Other Practice staff,Face-to-Face,2 to 7 Days,1760
11J,E38000045,NHS Dorset ICB - 11J,E54000041,NHS Dorset Integrated Care Board,E40000006,South West,MAR2023,Unknown,Other Practice staff,Face-to-Face,22  to 28 Days,1645
11J,E38000045,NHS Dorset ICB - 11J,E54000041,NHS Dorset Integrated Care Board,E40000006,South West,MAR2023,Unknown,Other Practice staff,Face-to-Face,8  to 14 Days,2704
11J,E38000045,NHS Dorset ICB - 11J,E54000041,NHS Dorset Integrated Care Board,E40000006,South West,MAR2023,Unknown,Other Practice staff,Face-to-Face,More than 28 Days,2569
11J,E38000045,NHS Dorset ICB - 11J,E54000041,NHS Dorset Integrated Care Board,E40000006,South West,MAR2023,Unknown,Other Practice staff,Face-to-Face,Same Day,884
11J,E38000045,NHS Dorset ICB - 11J,E54000041,NHS Dorset Integrated Care Board,E40000006,South West,MAR2023,Unknown,Other Practice staff,Face-to-Face,Unknown / Data Quality,4
11J,E38000045,NHS Dorset ICB - 11J,E54000041,NHS Dorset Integrated Care Board,E40000006,South West,MAR2023,Unknown,Other Practice staff,Home Visit,1 Day,5
11J,E38000045,NHS Dorset ICB - 11J,E54000041,NHS Dorset Integrated Care Board,E40000006,South West,MAR2023,Unknown,Other Practice staff,Home Visit,15  to 21 Days,5
11J,E38000045,NHS Dorset ICB - 11J,E54000041,NHS Dorset Integrated Care Board,E40000006,South West,MAR2023,Unknown,Other Practice staff,Home Visit,2 to 7 Days,47
11J,E38000045,NHS Dorset ICB - 11J,E54000041,NHS Dorset Integrated Care Board,E40000006,South West,MAR2023,Unknown,Other Practice staff,Home Visit,22  to 28 Days,12
11J,E38000045,NHS Dorset ICB - 11J,E54000041,NHS Dorset Integrated Care Board,E40000006,South West,MAR2023,Unknown,Other Practice staff,Home Visit,8  to 14 Days,35
11J,E38000045,NHS Dorset ICB - 11J,E54000041,NHS Dorset Integrated Care Board,E40000006,South West,MAR2023,Unknown,Other Practice staff,Home Visit,More than 28 Days,21
11J,E38000045,NHS Dorset ICB - 11J,E54000041,NHS Dorset Integrated Care Board,E40000006,South West,MAR2023,Unknown,Other Practice staff,Home Visit,Same Day,1
11J,E38000045,NHS Dorset ICB - 11J,E54000041,NHS Dorset Integrated Care Board,E40000006,South West,MAR2023,Unknown,Other Practice staff,Telephone,1 Day,106
11J,E38000045,NHS Dorset ICB - 11J,E54000041,NHS Dorset Integrated Care Board,E40000006,South West,MAR2023,Unknown,Other Practice staff,Telephone,15  to 21 Days,177
11J,E38000045,NHS Dorset ICB - 11J,E54000041,NHS Dorset Integrated Care Board,E40000006,South West,MAR2023,Unknown,Other Practice staff,Telephone,2 to 7 Days,304
11J,E38000045,NHS Dorset ICB - 11J,E54000041,NHS Dorset Integrated Care Board,E40000006,South West,MAR2023,Unknown,Other Practice staff,Telephone,22  to 28 Days,143
11J,E38000045,NHS Dorset ICB - 11J,E54000041,NHS Dorset Integrated Care Board,E40000006,South West,MAR2023,Unknown,Other Practice staff,Telephone,8  to 14 Days,253
11J,E38000045,NHS Dorset ICB - 11J,E54000041,NHS Dorset Integrated Care Board,E40000006,South West,MAR2023,Unknown,Other Practice staff,Telephone,More than 28 Days,199
11J,E38000045,NHS Dorset ICB - 11J,E54000041,NHS Dorset Integrated Care Board,E40000006,South West,MAR2023,Unknown,Other Practice staff,Telephone,Same Day,226
11J,E38000045,NHS Dorset ICB - 11J,E54000041,NHS Dorset Integrated Care Board,E40000006,South West,MAR2023,Unknown,Other Practice staff,Telephone,Unknown / Data Quality,2
11J,E38000045,NHS Dorset ICB - 11J,E54000041,NHS Dorset Integrated Care Board,E40000006,South West,MAR2023,Unknown,Other Practice staff,Video/Online,1 Day,4
11J,E38000045,NHS Dorset ICB - 11J,E54000041,NHS Dorset Integrated Care Board,E40000006,South West,MAR2023,Unknown,Other Practice staff,Video/Online,15  to 21 Days,14
11J,E38000045,NHS Dorset ICB - 11J,E54000041,NHS Dorset Integrated Care Board,E40000006,South West,MAR2023,Unknown,Other Practice staff,Video/Online,2 to 7 Days,18
11J,E38000045,NHS Dorset ICB - 11J,E54000041,NHS Dorset Integrated Care Board,E40000006,South West,MAR2023,Unknown,Other Practice staff,Video/Online,22  to 28 Days,14
11J,E38000045,NHS Dorset ICB - 11J,E54000041,NHS Dorset Integrated Care Board,E40000006,South West,MAR2023,Unknown,Other Practice staff,Video/Online,8  to 14 Days,18
11J,E38000045,NHS Dorset ICB - 11J,E54000041,NHS Dorset Integrated Care Board,E40000006,South West,MAR2023,Unknown,Other Practice staff,Video/Online,More than 28 Days,22
11J,E38000045,NHS Dorset ICB - 11J,E54000041,NHS Dorset Integrated Care Board,E40000006,South West,MAR2023,Unknown,Other Practice staff,Video/Online,Same Day,7
11J,E38000045,NHS Dorset ICB - 11J,E54000041,NHS Dorset Integrated Care Board,E40000006,South West,MAR2023,Unknown,Unknown,Unknown,1 Day,49
11J,E38000045,NHS Dorset ICB - 11J,E54000041,NHS Dorset Integrated Care Board,E40000006,South West,MAR2023,Unknown,Unknown,Unknown,15  to 21 Days,146
11J,E38000045,NHS Dorset ICB - 11J,E54000041,NHS Dorset Integrated Care Board,E40000006,South West,MAR2023,Unknown,Unknown,Unknown,2 to 7 Days,225
11J,E38000045,NHS Dorset ICB - 11J,E54000041,NHS Dorset Integrated Care Board,E40000006,South West,MAR2023,Unknown,Unknown,Unknown,22  to 28 Days,129
11J,E38000045,NHS Dorset ICB - 11J,E54000041,NHS Dorset Integrated Care Board,E40000006,South West,MAR2023,Unknown,Unknown,Unknown,8  to 14 Days,271
11J,E38000045,NHS Dorset ICB - 11J,E54000041,NHS Dorset Integrated Care Board,E40000006,South West,MAR2023,Unknown,Unknown,Unknown,More than 28 Days,194
11J,E38000045,NHS Dorset ICB - 11J,E54000041,NHS Dorset Integrated Care Board,E40000006,South West,MAR2023,Unknown,Unknown,Unknown,Same Day,104
11J,E38000045,NHS Dorset ICB - 11J,E54000041,NHS Dorset Integrated Care Board,E40000006,South West,MAR2023,Unknown,Unknown,Unknown,Unknown / Data Quality,1
11J,E38000045,NHS Dorset ICB - 11J,E54000041,NHS Dorset Integrated Care Board,E40000006,South West,APR2023,Attended,GP,Face-to-Face,1 Day,7764
11J,E38000045,NHS Dorset ICB - 11J,E54000041,NHS Dorset Integrated Care Board,E40000006,South West,APR2023,Attended,GP,Face-to-Face,15  to 21 Days,7525
11J,E38000045,NHS Dorset ICB - 11J,E54000041,NHS Dorset Integrated Care Board,E40000006,South West,APR2023,Attended,GP,Face-to-Face,2 to 7 Days,14363
11J,E38000045,NHS Dorset ICB - 11J,E54000041,NHS Dorset Integrated Care Board,E40000006,South West,APR2023,Attended,GP,Face-to-Face,22  to 28 Days,7545
11J,E38000045,NHS Dorset ICB - 11J,E54000041,NHS Dorset Integrated Care Board,E40000006,South West,APR2023,Attended,GP,Face-to-Face,8  to 14 Days,9635
11J,E38000045,NHS Dorset ICB - 11J,E54000041,NHS Dorset Integrated Care Board,E40000006,South West,APR2023,Attended,GP,Face-to-Face,More than 28 Days,6829
11J,E38000045,NHS Dorset ICB - 11J,E54000041,NHS Dorset Integrated Care Board,E40000006,South West,APR2023,Attended,GP,Face-to-Face,Same Day,50208
11J,E38000045,NHS Dorset ICB - 11J,E54000041,NHS Dorset Integrated Care Board,E40000006,South West,APR2023,Attended,GP,Face-to-Face,Unknown / Data Quality,19
11J,E38000045,NHS Dorset ICB - 11J,E54000041,NHS Dorset Integrated Care Board,E40000006,South West,APR2023,Attended,GP,Home Visit,1 Day,38
11J,E38000045,NHS Dorset ICB - 11J,E54000041,NHS Dorset Integrated Care Board,E40000006,South West,APR2023,Attended,GP,Home Visit,15  to 21 Days,2
11J,E38000045,NHS Dorset ICB - 11J,E54000041,NHS Dorset Integrated Care Board,E40000006,South West,APR2023,Attended,GP,Home Visit,2 to 7 Days,56
11J,E38000045,NHS Dorset ICB - 11J,E54000041,NHS Dorset Integrated Care Board,E40000006,South West,APR2023,Attended,GP,Home Visit,22  to 28 Days,117
11J,E38000045,NHS Dorset ICB - 11J,E54000041,NHS Dorset Integrated Care Board,E40000006,South West,APR2023,Attended,GP,Home Visit,8  to 14 Days,10
11J,E38000045,NHS Dorset ICB - 11J,E54000041,NHS Dorset Integrated Care Board,E40000006,South West,APR2023,Attended,GP,Home Visit,More than 28 Days,13
11J,E38000045,NHS Dorset ICB - 11J,E54000041,NHS Dorset Integrated Care Board,E40000006,South West,APR2023,Attended,GP,Home Visit,Same Day,210
11J,E38000045,NHS Dorset ICB - 11J,E54000041,NHS Dorset Integrated Care Board,E40000006,South West,APR2023,Attended,GP,Telephone,1 Day,2576
11J,E38000045,NHS Dorset ICB - 11J,E54000041,NHS Dorset Integrated Care Board,E40000006,South West,APR2023,Attended,GP,Telephone,15  to 21 Days,2777
11J,E38000045,NHS Dorset ICB - 11J,E54000041,NHS Dorset Integrated Care Board,E40000006,South West,APR2023,Attended,GP,Telephone,2 to 7 Days,5349
11J,E38000045,NHS Dorset ICB - 11J,E54000041,NHS Dorset Integrated Care Board,E40000006,South West,APR2023,Attended,GP,Telephone,22  to 28 Days,2409
11J,E38000045,NHS Dorset ICB - 11J,E54000041,NHS Dorset Integrated Care Board,E40000006,South West,APR2023,Attended,GP,Telephone,8  to 14 Days,3814
11J,E38000045,NHS Dorset ICB - 11J,E54000041,NHS Dorset Integrated Care Board,E40000006,South West,APR2023,Attended,GP,Telephone,More than 28 Days,1997
11J,E38000045,NHS Dorset ICB - 11J,E54000041,NHS Dorset Integrated Care Board,E40000006,South West,APR2023,Attended,GP,Telephone,Same Day,22920
11J,E38000045,NHS Dorset ICB - 11J,E54000041,NHS Dorset Integrated Care Board,E40000006,South West,APR2023,Attended,GP,Telephone,Unknown / Data Quality,13
11J,E38000045,NHS Dorset ICB - 11J,E54000041,NHS Dorset Integrated Care Board,E40000006,South West,APR2023,Attended,GP,Unknown,1 Day,9
11J,E38000045,NHS Dorset ICB - 11J,E54000041,NHS Dorset Integrated Care Board,E40000006,South West,APR2023,Attended,GP,Unknown,15  to 21 Days,10
11J,E38000045,NHS Dorset ICB - 11J,E54000041,NHS Dorset Integrated Care Board,E40000006,South West,APR2023,Attended,GP,Unknown,2 to 7 Days,10
11J,E38000045,NHS Dorset ICB - 11J,E54000041,NHS Dorset Integrated Care Board,E40000006,South West,APR2023,Attended,GP,Unknown,22  to 28 Days,25
11J,E38000045,NHS Dorset ICB - 11J,E54000041,NHS Dorset Integrated Care Board,E40000006,South West,APR2023,Attended,GP,Unknown,8  to 14 Days,7
11J,E38000045,NHS Dorset ICB - 11J,E54000041,NHS Dorset Integrated Care Board,E40000006,South West,APR2023,Attended,GP,Unknown,More than 28 Days,6
11J,E38000045,NHS Dorset ICB - 11J,E54000041,NHS Dorset Integrated Care Board,E40000006,South West,APR2023,Attended,GP,Unknown,Same Day,13
11J,E38000045,NHS Dorset ICB - 11J,E54000041,NHS Dorset Integrated Care Board,E40000006,South West,APR2023,Attended,GP,Video/Online,1 Day,383
11J,E38000045,NHS Dorset ICB - 11J,E54000041,NHS Dorset Integrated Care Board,E40000006,South West,APR2023,Attended,GP,Video/Online,15  to 21 Days,46
11J,E38000045,NHS Dorset ICB - 11J,E54000041,NHS Dorset Integrated Care Board,E40000006,South West,APR2023,Attended,GP,Video/Online,2 to 7 Days,377
11J,E38000045,NHS Dorset ICB - 11J,E54000041,NHS Dorset Integrated Care Board,E40000006,South West,APR2023,Attended,GP,Video/Online,22  to 28 Days,22
11J,E38000045,NHS Dorset ICB - 11J,E54000041,NHS Dorset Integrated Care Board,E40000006,South West,APR2023,Attended,GP,Video/Online,8  to 14 Days,105
11J,E38000045,NHS Dorset ICB - 11J,E54000041,NHS Dorset Integrated Care Board,E40000006,South West,APR2023,Attended,GP,Video/Online,More than 28 Days,9
11J,E38000045,NHS Dorset ICB - 11J,E54000041,NHS Dorset Integrated Care Board,E40000006,South West,APR2023,Attended,GP,Video/Online,Same Day,3212
11J,E38000045,NHS Dorset ICB - 11J,E54000041,NHS Dorset Integrated Care Board,E40000006,South West,APR2023,Attended,GP,Video/Online,Unknown / Data Quality,5
11J,E38000045,NHS Dorset ICB - 11J,E54000041,NHS Dorset Integrated Care Board,E40000006,South West,APR2023,Attended,Other Practice staff,Face-to-Face,1 Day,9543
11J,E38000045,NHS Dorset ICB - 11J,E54000041,NHS Dorset Integrated Care Board,E40000006,South West,APR2023,Attended,Other Practice staff,Face-to-Face,15  to 21 Days,17107
11J,E38000045,NHS Dorset ICB - 11J,E54000041,NHS Dorset Integrated Care Board,E40000006,South West,APR2023,Attended,Other Practice staff,Face-to-Face,2 to 7 Days,25687
11J,E38000045,NHS Dorset ICB - 11J,E54000041,NHS Dorset Integrated Care Board,E40000006,South West,APR2023,Attended,Other Practice staff,Face-to-Face,22  to 28 Days,12780
11J,E38000045,NHS Dorset ICB - 11J,E54000041,NHS Dorset Integrated Care Board,E40000006,South West,APR2023,Attended,Other Practice staff,Face-to-Face,8  to 14 Days,24019
11J,E38000045,NHS Dorset ICB - 11J,E54000041,NHS Dorset Integrated Care Board,E40000006,South West,APR2023,Attended,Other Practice staff,Face-to-Face,More than 28 Days,13451
11J,E38000045,NHS Dorset ICB - 11J,E54000041,NHS Dorset Integrated Care Board,E40000006,South West,APR2023,Attended,Other Practice staff,Face-to-Face,Same Day,37779
11J,E38000045,NHS Dorset ICB - 11J,E54000041,NHS Dorset Integrated Care Board,E40000006,South West,APR2023,Attended,Other Practice staff,Face-to-Face,Unknown / Data Quality,39
11J,E38000045,NHS Dorset ICB - 11J,E54000041,NHS Dorset Integrated Care Board,E40000006,South West,APR2023,Attended,Other Practice staff,Home Visit,1 Day,154
11J,E38000045,NHS Dorset ICB - 11J,E54000041,NHS Dorset Integrated Care Board,E40000006,South West,APR2023,Attended,Other Practice staff,Home Visit,15  to 21 Days,78
11J,E38000045,NHS Dorset ICB - 11J,E54000041,NHS Dorset Integrated Care Board,E40000006,South West,APR2023,Attended,Other Practice staff,Home Visit,2 to 7 Days,334
11J,E38000045,NHS Dorset ICB - 11J,E54000041,NHS Dorset Integrated Care Board,E40000006,South West,APR2023,Attended,Other Practice staff,Home Visit,22  to 28 Days,58
11J,E38000045,NHS Dorset ICB - 11J,E54000041,NHS Dorset Integrated Care Board,E40000006,South West,APR2023,Attended,Other Practice staff,Home Visit,8  to 14 Days,114
11J,E38000045,NHS Dorset ICB - 11J,E54000041,NHS Dorset Integrated Care Board,E40000006,South West,APR2023,Attended,Other Practice staff,Home Visit,More than 28 Days,116
11J,E38000045,NHS Dorset ICB - 11J,E54000041,NHS Dorset Integrated Care Board,E40000006,South West,APR2023,Attended,Other Practice staff,Home Visit,Same Day,670
11J,E38000045,NHS Dorset ICB - 11J,E54000041,NHS Dorset Integrated Care Board,E40000006,South West,APR2023,Attended,Other Practice staff,Home Visit,Unknown / Data Quality,3
11J,E38000045,NHS Dorset ICB - 11J,E54000041,NHS Dorset Integrated Care Board,E40000006,South West,APR2023,Attended,Other Practice staff,Telephone,1 Day,1621
11J,E38000045,NHS Dorset ICB - 11J,E54000041,NHS Dorset Integrated Care Board,E40000006,South West,APR2023,Attended,Other Practice staff,Telephone,15  to 21 Days,1278
11J,E38000045,NHS Dorset ICB - 11J,E54000041,NHS Dorset Integrated Care Board,E40000006,South West,APR2023,Attended,Other Practice staff,Telephone,2 to 7 Days,3124
11J,E38000045,NHS Dorset ICB - 11J,E54000041,NHS Dorset Integrated Care Board,E40000006,South West,APR2023,Attended,Other Practice staff,Telephone,22  to 28 Days,1044
11J,E38000045,NHS Dorset ICB - 11J,E54000041,NHS Dorset Integrated Care Board,E40000006,South West,APR2023,Attended,Other Practice staff,Telephone,8  to 14 Days,1934
11J,E38000045,NHS Dorset ICB - 11J,E54000041,NHS Dorset Integrated Care Board,E40000006,South West,APR2023,Attended,Other Practice staff,Telephone,More than 28 Days,1040
11J,E38000045,NHS Dorset ICB - 11J,E54000041,NHS Dorset Integrated Care Board,E40000006,South West,APR2023,Attended,Other Practice staff,Telephone,Same Day,13121
11J,E38000045,NHS Dorset ICB - 11J,E54000041,NHS Dorset Integrated Care Board,E40000006,South West,APR2023,Attended,Other Practice staff,Telephone,Unknown / Data Quality,16
11J,E38000045,NHS Dorset ICB - 11J,E54000041,NHS Dorset Integrated Care Board,E40000006,South West,APR2023,Attended,Other Practice staff,Unknown,1 Day,16
11J,E38000045,NHS Dorset ICB - 11J,E54000041,NHS Dorset Integrated Care Board,E40000006,South West,APR2023,Attended,Other Practice staff,Unknown,15  to 21 Days,46
11J,E38000045,NHS Dorset ICB - 11J,E54000041,NHS Dorset Integrated Care Board,E40000006,South West,APR2023,Attended,Other Practice staff,Unknown,2 to 7 Days,38
11J,E38000045,NHS Dorset ICB - 11J,E54000041,NHS Dorset Integrated Care Board,E40000006,South West,APR2023,Attended,Other Practice staff,Unknown,22  to 28 Days,39
11J,E38000045,NHS Dorset ICB - 11J,E54000041,NHS Dorset Integrated Care Board,E40000006,South West,APR2023,Attended,Other Practice staff,Unknown,8  to 14 Days,46
11J,E38000045,NHS Dorset ICB - 11J,E54000041,NHS Dorset Integrated Care Board,E40000006,South West,APR2023,Attended,Other Practice staff,Unknown,More than 28 Days,51
11J,E38000045,NHS Dorset ICB - 11J,E54000041,NHS Dorset Integrated Care Board,E40000006,South West,APR2023,Attended,Other Practice staff,Unknown,Same Day,71
11J,E38000045,NHS Dorset ICB - 11J,E54000041,NHS Dorset Integrated Care Board,E40000006,South West,APR2023,Attended,Other Practice staff,Video/Online,1 Day,487
11J,E38000045,NHS Dorset ICB - 11J,E54000041,NHS Dorset Integrated Care Board,E40000006,South West,APR2023,Attended,Other Practice staff,Video/Online,15  to 21 Days,77
11J,E38000045,NHS Dorset ICB - 11J,E54000041,NHS Dorset Integrated Care Board,E40000006,South West,APR2023,Attended,Other Practice staff,Video/Online,2 to 7 Days,414
11J,E38000045,NHS Dorset ICB - 11J,E54000041,NHS Dorset Integrated Care Board,E40000006,South West,APR2023,Attended,Other Practice staff,Video/Online,22  to 28 Days,49
11J,E38000045,NHS Dorset ICB - 11J,E54000041,NHS Dorset Integrated Care Board,E40000006,South West,APR2023,Attended,Other Practice staff,Video/Online,8  to 14 Days,140
11J,E38000045,NHS Dorset ICB - 11J,E54000041,NHS Dorset Integrated Care Board,E40000006,South West,APR2023,Attended,Other Practice staff,Video/Online,More than 28 Days,67
11J,E38000045,NHS Dorset ICB - 11J,E54000041,NHS Dorset Integrated Care Board,E40000006,South West,APR2023,Attended,Other Practice staff,Video/Online,Same Day,1978
11J,E38000045,NHS Dorset ICB - 11J,E54000041,NHS Dorset Integrated Care Board,E40000006,South West,APR2023,Attended,Other Practice staff,Video/Online,Unknown / Data Quality,1
11J,E38000045,NHS Dorset ICB - 11J,E54000041,NHS Dorset Integrated Care Board,E40000006,South West,APR2023,Attended,Unknown,Unknown,1 Day,902
11J,E38000045,NHS Dorset ICB - 11J,E54000041,NHS Dorset Integrated Care Board,E40000006,South West,APR2023,Attended,Unknown,Unknown,15  to 21 Days,295
11J,E38000045,NHS Dorset ICB - 11J,E54000041,NHS Dorset Integrated Care Board,E40000006,South West,APR2023,Attended,Unknown,Unknown,2 to 7 Days,1863
11J,E38000045,NHS Dorset ICB - 11J,E54000041,NHS Dorset Integrated Care Board,E40000006,South West,APR2023,Attended,Unknown,Unknown,22  to 28 Days,177
11J,E38000045,NHS Dorset ICB - 11J,E54000041,NHS Dorset Integrated Care Board,E40000006,South West,APR2023,Attended,Unknown,Unknown,8  to 14 Days,780
11J,E38000045,NHS Dorset ICB - 11J,E54000041,NHS Dorset Integrated Care Board,E40000006,South West,APR2023,Attended,Unknown,Unknown,More than 28 Days,165
11J,E38000045,NHS Dorset ICB - 11J,E54000041,NHS Dorset Integrated Care Board,E40000006,South West,APR2023,Attended,Unknown,Unknown,Same Day,8242
11J,E38000045,NHS Dorset ICB - 11J,E54000041,NHS Dorset Integrated Care Board,E40000006,South West,APR2023,Attended,Unknown,Unknown,Unknown / Data Quality,8
11J,E38000045,NHS Dorset ICB - 11J,E54000041,NHS Dorset Integrated Care Board,E40000006,South West,APR2023,DNA,GP,Face-to-Face,1 Day,182
11J,E38000045,NHS Dorset ICB - 11J,E54000041,NHS Dorset Integrated Care Board,E40000006,South West,APR2023,DNA,GP,Face-to-Face,15  to 21 Days,353
11J,E38000045,NHS Dorset ICB - 11J,E54000041,NHS Dorset Integrated Care Board,E40000006,South West,APR2023,DNA,GP,Face-to-Face,2 to 7 Days,480
11J,E38000045,NHS Dorset ICB - 11J,E54000041,NHS Dorset Integrated Care Board,E40000006,South West,APR2023,DNA,GP,Face-to-Face,22  to 28 Days,402
11J,E38000045,NHS Dorset ICB - 11J,E54000041,NHS Dorset Integrated Care Board,E40000006,South West,APR2023,DNA,GP,Face-to-Face,8  to 14 Days,414
11J,E38000045,NHS Dorset ICB - 11J,E54000041,NHS Dorset Integrated Care Board,E40000006,South West,APR2023,DNA,GP,Face-to-Face,More than 28 Days,460
11J,E38000045,NHS Dorset ICB - 11J,E54000041,NHS Dorset Integrated Care Board,E40000006,South West,APR2023,DNA,GP,Face-to-Face,Same Day,421
11J,E38000045,NHS Dorset ICB - 11J,E54000041,NHS Dorset Integrated Care Board,E40000006,South West,APR2023,DNA,GP,Home Visit,2 to 7 Days,3
11J,E38000045,NHS Dorset ICB - 11J,E54000041,NHS Dorset Integrated Care Board,E40000006,South West,APR2023,DNA,GP,Home Visit,Same Day,4
11J,E38000045,NHS Dorset ICB - 11J,E54000041,NHS Dorset Integrated Care Board,E40000006,South West,APR2023,DNA,GP,Telephone,1 Day,9
11J,E38000045,NHS Dorset ICB - 11J,E54000041,NHS Dorset Integrated Care Board,E40000006,South West,APR2023,DNA,GP,Telephone,15  to 21 Days,35
11J,E38000045,NHS Dorset ICB - 11J,E54000041,NHS Dorset Integrated Care Board,E40000006,South West,APR2023,DNA,GP,Telephone,2 to 7 Days,26
11J,E38000045,NHS Dorset ICB - 11J,E54000041,NHS Dorset Integrated Care Board,E40000006,South West,APR2023,DNA,GP,Telephone,22  to 28 Days,16
11J,E38000045,NHS Dorset ICB - 11J,E54000041,NHS Dorset Integrated Care Board,E40000006,South West,APR2023,DNA,GP,Telephone,8  to 14 Days,42
11J,E38000045,NHS Dorset ICB - 11J,E54000041,NHS Dorset Integrated Care Board,E40000006,South West,APR2023,DNA,GP,Telephone,More than 28 Days,25
11J,E38000045,NHS Dorset ICB - 11J,E54000041,NHS Dorset Integrated Care Board,E40000006,South West,APR2023,DNA,GP,Telephone,Same Day,26
11J,E38000045,NHS Dorset ICB - 11J,E54000041,NHS Dorset Integrated Care Board,E40000006,South West,APR2023,DNA,GP,Unknown,1 Day,1
11J,E38000045,NHS Dorset ICB - 11J,E54000041,NHS Dorset Integrated Care Board,E40000006,South West,APR2023,DNA,GP,Unknown,15  to 21 Days,2
11J,E38000045,NHS Dorset ICB - 11J,E54000041,NHS Dorset Integrated Care Board,E40000006,South West,APR2023,DNA,GP,Unknown,2 to 7 Days,2
11J,E38000045,NHS Dorset ICB - 11J,E54000041,NHS Dorset Integrated Care Board,E40000006,South West,APR2023,DNA,GP,Unknown,22  to 28 Days,1
11J,E38000045,NHS Dorset ICB - 11J,E54000041,NHS Dorset Integrated Care Board,E40000006,South West,APR2023,DNA,GP,Unknown,Same Day,1
11J,E38000045,NHS Dorset ICB - 11J,E54000041,NHS Dorset Integrated Care Board,E40000006,South West,APR2023,DNA,GP,Video/Online,1 Day,6
11J,E38000045,NHS Dorset ICB - 11J,E54000041,NHS Dorset Integrated Care Board,E40000006,South West,APR2023,DNA,GP,Video/Online,15  to 21 Days,3
11J,E38000045,NHS Dorset ICB - 11J,E54000041,NHS Dorset Integrated Care Board,E40000006,South West,APR2023,DNA,GP,Video/Online,2 to 7 Days,4
11J,E38000045,NHS Dorset ICB - 11J,E54000041,NHS Dorset Integrated Care Board,E40000006,South West,APR2023,DNA,GP,Video/Online,22  to 28 Days,2
11J,E38000045,NHS Dorset ICB - 11J,E54000041,NHS Dorset Integrated Care Board,E40000006,South West,APR2023,DNA,GP,Video/Online,8  to 14 Days,8
11J,E38000045,NHS Dorset ICB - 11J,E54000041,NHS Dorset Integrated Care Board,E40000006,South West,APR2023,DNA,GP,Video/Online,Same Day,11
11J,E38000045,NHS Dorset ICB - 11J,E54000041,NHS Dorset Integrated Care Board,E40000006,South West,APR2023,DNA,Other Practice staff,Face-to-Face,1 Day,388
11J,E38000045,NHS Dorset ICB - 11J,E54000041,NHS Dorset Integrated Care Board,E40000006,South West,APR2023,DNA,Other Practice staff,Face-to-Face,15  to 21 Days,1383
11J,E38000045,NHS Dorset ICB - 11J,E54000041,NHS Dorset Integrated Care Board,E40000006,South West,APR2023,DNA,Other Practice staff,Face-to-Face,2 to 7 Days,1444
11J,E38000045,NHS Dorset ICB - 11J,E54000041,NHS Dorset Integrated Care Board,E40000006,South West,APR2023,DNA,Other Practice staff,Face-to-Face,22  to 28 Days,1100
11J,E38000045,NHS Dorset ICB - 11J,E54000041,NHS Dorset Integrated Care Board,E40000006,South West,APR2023,DNA,Other Practice staff,Face-to-Face,8  to 14 Days,1712
11J,E38000045,NHS Dorset ICB - 11J,E54000041,NHS Dorset Integrated Care Board,E40000006,South West,APR2023,DNA,Other Practice staff,Face-to-Face,More than 28 Days,1382
11J,E38000045,NHS Dorset ICB - 11J,E54000041,NHS Dorset Integrated Care Board,E40000006,South West,APR2023,DNA,Other Practice staff,Face-to-Face,Same Day,639
11J,E38000045,NHS Dorset ICB - 11J,E54000041,NHS Dorset Integrated Care Board,E40000006,South West,APR2023,DNA,Other Practice staff,Home Visit,1 Day,10
11J,E38000045,NHS Dorset ICB - 11J,E54000041,NHS Dorset Integrated Care Board,E40000006,South West,APR2023,DNA,Other Practice staff,Home Visit,15  to 21 Days,2
11J,E38000045,NHS Dorset ICB - 11J,E54000041,NHS Dorset Integrated Care Board,E40000006,South West,APR2023,DNA,Other Practice staff,Home Visit,2 to 7 Days,8
11J,E38000045,NHS Dorset ICB - 11J,E54000041,NHS Dorset Integrated Care Board,E40000006,South West,APR2023,DNA,Other Practice staff,Home Visit,22  to 28 Days,3
11J,E38000045,NHS Dorset ICB - 11J,E54000041,NHS Dorset Integrated Care Board,E40000006,South West,APR2023,DNA,Other Practice staff,Home Visit,8  to 14 Days,1
11J,E38000045,NHS Dorset ICB - 11J,E54000041,NHS Dorset Integrated Care Board,E40000006,South West,APR2023,DNA,Other Practice staff,Home Visit,More than 28 Days,20
11J,E38000045,NHS Dorset ICB - 11J,E54000041,NHS Dorset Integrated Care Board,E40000006,South West,APR2023,DNA,Other Practice staff,Home Visit,Same Day,14
11J,E38000045,NHS Dorset ICB - 11J,E54000041,NHS Dorset Integrated Care Board,E40000006,South West,APR2023,DNA,Other Practice staff,Telephone,1 Day,13
11J,E38000045,NHS Dorset ICB - 11J,E54000041,NHS Dorset Integrated Care Board,E40000006,South West,APR2023,DNA,Other Practice staff,Telephone,15  to 21 Days,23
11J,E38000045,NHS Dorset ICB - 11J,E54000041,NHS Dorset Integrated Care Board,E40000006,South West,APR2023,DNA,Other Practice staff,Telephone,2 to 7 Days,32
11J,E38000045,NHS Dorset ICB - 11J,E54000041,NHS Dorset Integrated Care Board,E40000006,South West,APR2023,DNA,Other Practice staff,Telephone,22  to 28 Days,23
11J,E38000045,NHS Dorset ICB - 11J,E54000041,NHS Dorset Integrated Care Board,E40000006,South West,APR2023,DNA,Other Practice staff,Telephone,8  to 14 Days,56
11J,E38000045,NHS Dorset ICB - 11J,E54000041,NHS Dorset Integrated Care Board,E40000006,South West,APR2023,DNA,Other Practice staff,Telephone,More than 28 Days,16
11J,E38000045,NHS Dorset ICB - 11J,E54000041,NHS Dorset Integrated Care Board,E40000006,South West,APR2023,DNA,Other Practice staff,Telephone,Same Day,24
11J,E38000045,NHS Dorset ICB - 11J,E54000041,NHS Dorset Integrated Care Board,E40000006,South West,APR2023,DNA,Other Practice staff,Unknown,1 Day,1
11J,E38000045,NHS Dorset ICB - 11J,E54000041,NHS Dorset Integrated Care Board,E40000006,South West,APR2023,DNA,Other Practice staff,Unknown,15  to 21 Days,5
11J,E38000045,NHS Dorset ICB - 11J,E54000041,NHS Dorset Integrated Care Board,E40000006,South West,APR2023,DNA,Other Practice staff,Unknown,2 to 7 Days,3
11J,E38000045,NHS Dorset ICB - 11J,E54000041,NHS Dorset Integrated Care Board,E40000006,South West,APR2023,DNA,Other Practice staff,Unknown,22  to 28 Days,7
11J,E38000045,NHS Dorset ICB - 11J,E54000041,NHS Dorset Integrated Care Board,E40000006,South West,APR2023,DNA,Other Practice staff,Unknown,8  to 14 Days,8
11J,E38000045,NHS Dorset ICB - 11J,E54000041,NHS Dorset Integrated Care Board,E40000006,South West,APR2023,DNA,Other Practice staff,Unknown,More than 28 Days,10
11J,E38000045,NHS Dorset ICB - 11J,E54000041,NHS Dorset Integrated Care Board,E40000006,South West,APR2023,DNA,Other Practice staff,Unknown,Same Day,3
11J,E38000045,NHS Dorset ICB - 11J,E54000041,NHS Dorset Integrated Care Board,E40000006,South West,APR2023,DNA,Other Practice staff,Video/Online,1 Day,11
11J,E38000045,NHS Dorset ICB - 11J,E54000041,NHS Dorset Integrated Care Board,E40000006,South West,APR2023,DNA,Other Practice staff,Video/Online,15  to 21 Days,4
11J,E38000045,NHS Dorset ICB - 11J,E54000041,NHS Dorset Integrated Care Board,E40000006,South West,APR2023,DNA,Other Practice staff,Video/Online,2 to 7 Days,16
11J,E38000045,NHS Dorset ICB - 11J,E54000041,NHS Dorset Integrated Care Board,E40000006,South West,APR2023,DNA,Other Practice staff,Video/Online,22  to 28 Days,9
11J,E38000045,NHS Dorset ICB - 11J,E54000041,NHS Dorset Integrated Care Board,E40000006,South West,APR2023,DNA,Other Practice staff,Video/Online,8  to 14 Days,13
11J,E38000045,NHS Dorset ICB - 11J,E54000041,NHS Dorset Integrated Care Board,E40000006,South West,APR2023,DNA,Other Practice staff,Video/Online,More than 28 Days,33
11J,E38000045,NHS Dorset ICB - 11J,E54000041,NHS Dorset Integrated Care Board,E40000006,South West,APR2023,DNA,Other Practice staff,Video/Online,Same Day,35
11J,E38000045,NHS Dorset ICB - 11J,E54000041,NHS Dorset Integrated Care Board,E40000006,South West,APR2023,DNA,Unknown,Unknown,1 Day,15
11J,E38000045,NHS Dorset ICB - 11J,E54000041,NHS Dorset Integrated Care Board,E40000006,South West,APR2023,DNA,Unknown,Unknown,15  to 21 Days,15
11J,E38000045,NHS Dorset ICB - 11J,E54000041,NHS Dorset Integrated Care Board,E40000006,South West,APR2023,DNA,Unknown,Unknown,2 to 7 Days,38
11J,E38000045,NHS Dorset ICB - 11J,E54000041,NHS Dorset Integrated Care Board,E40000006,South West,APR2023,DNA,Unknown,Unknown,22  to 28 Days,8
11J,E38000045,NHS Dorset ICB - 11J,E54000041,NHS Dorset Integrated Care Board,E40000006,South West,APR2023,DNA,Unknown,Unknown,8  to 14 Days,24
11J,E38000045,NHS Dorset ICB - 11J,E54000041,NHS Dorset Integrated Care Board,E40000006,South West,APR2023,DNA,Unknown,Unknown,More than 28 Days,13
11J,E38000045,NHS Dorset ICB - 11J,E54000041,NHS Dorset Integrated Care Board,E40000006,South West,APR2023,DNA,Unknown,Unknown,Same Day,38
11J,E38000045,NHS Dorset ICB - 11J,E54000041,NHS Dorset Integrated Care Board,E40000006,South West,APR2023,Unknown,GP,Face-to-Face,1 Day,136
11J,E38000045,NHS Dorset ICB - 11J,E54000041,NHS Dorset Integrated Care Board,E40000006,South West,APR2023,Unknown,GP,Face-to-Face,15  to 21 Days,608
11J,E38000045,NHS Dorset ICB - 11J,E54000041,NHS Dorset Integrated Care Board,E40000006,South West,APR2023,Unknown,GP,Face-to-Face,2 to 7 Days,465
11J,E38000045,NHS Dorset ICB - 11J,E54000041,NHS Dorset Integrated Care Board,E40000006,South West,APR2023,Unknown,GP,Face-to-Face,22  to 28 Days,622
11J,E38000045,NHS Dorset ICB - 11J,E54000041,NHS Dorset Integrated Care Board,E40000006,South West,APR2023,Unknown,GP,Face-to-Face,8  to 14 Days,542
11J,E38000045,NHS Dorset ICB - 11J,E54000041,NHS Dorset Integrated Care Board,E40000006,South West,APR2023,Unknown,GP,Face-to-Face,More than 28 Days,773
11J,E38000045,NHS Dorset ICB - 11J,E54000041,NHS Dorset Integrated Care Board,E40000006,South West,APR2023,Unknown,GP,Face-to-Face,Same Day,229
11J,E38000045,NHS Dorset ICB - 11J,E54000041,NHS Dorset Integrated Care Board,E40000006,South West,APR2023,Unknown,GP,Face-to-Face,Unknown / Data Quality,2
11J,E38000045,NHS Dorset ICB - 11J,E54000041,NHS Dorset Integrated Care Board,E40000006,South West,APR2023,Unknown,GP,Home Visit,2 to 7 Days,3
11J,E38000045,NHS Dorset ICB - 11J,E54000041,NHS Dorset Integrated Care Board,E40000006,South West,APR2023,Unknown,GP,Home Visit,22  to 28 Days,3
11J,E38000045,NHS Dorset ICB - 11J,E54000041,NHS Dorset Integrated Care Board,E40000006,South West,APR2023,Unknown,GP,Home Visit,8  to 14 Days,1
11J,E38000045,NHS Dorset ICB - 11J,E54000041,NHS Dorset Integrated Care Board,E40000006,South West,APR2023,Unknown,GP,Telephone,1 Day,61
11J,E38000045,NHS Dorset ICB - 11J,E54000041,NHS Dorset Integrated Care Board,E40000006,South West,APR2023,Unknown,GP,Telephone,15  to 21 Days,212
11J,E38000045,NHS Dorset ICB - 11J,E54000041,NHS Dorset Integrated Care Board,E40000006,South West,APR2023,Unknown,GP,Telephone,2 to 7 Days,194
11J,E38000045,NHS Dorset ICB - 11J,E54000041,NHS Dorset Integrated Care Board,E40000006,South West,APR2023,Unknown,GP,Telephone,22  to 28 Days,206
11J,E38000045,NHS Dorset ICB - 11J,E54000041,NHS Dorset Integrated Care Board,E40000006,South West,APR2023,Unknown,GP,Telephone,8  to 14 Days,254
11J,E38000045,NHS Dorset ICB - 11J,E54000041,NHS Dorset Integrated Care Board,E40000006,South West,APR2023,Unknown,GP,Telephone,More than 28 Days,323
11J,E38000045,NHS Dorset ICB - 11J,E54000041,NHS Dorset Integrated Care Board,E40000006,South West,APR2023,Unknown,GP,Telephone,Same Day,76
11J,E38000045,NHS Dorset ICB - 11J,E54000041,NHS Dorset Integrated Care Board,E40000006,South West,APR2023,Unknown,GP,Telephone,Unknown / Data Quality,1
11J,E38000045,NHS Dorset ICB - 11J,E54000041,NHS Dorset Integrated Care Board,E40000006,South West,APR2023,Unknown,GP,Unknown,1 Day,8
11J,E38000045,NHS Dorset ICB - 11J,E54000041,NHS Dorset Integrated Care Board,E40000006,South West,APR2023,Unknown,GP,Unknown,15  to 21 Days,14
11J,E38000045,NHS Dorset ICB - 11J,E54000041,NHS Dorset Integrated Care Board,E40000006,South West,APR2023,Unknown,GP,Unknown,2 to 7 Days,8
11J,E38000045,NHS Dorset ICB - 11J,E54000041,NHS Dorset Integrated Care Board,E40000006,South West,APR2023,Unknown,GP,Unknown,22  to 28 Days,32
11J,E38000045,NHS Dorset ICB - 11J,E54000041,NHS Dorset Integrated Care Board,E40000006,South West,APR2023,Unknown,GP,Unknown,8  to 14 Days,20
11J,E38000045,NHS Dorset ICB - 11J,E54000041,NHS Dorset Integrated Care Board,E40000006,South West,APR2023,Unknown,GP,Unknown,More than 28 Days,37
11J,E38000045,NHS Dorset ICB - 11J,E54000041,NHS Dorset Integrated Care Board,E40000006,South West,APR2023,Unknown,GP,Unknown,Same Day,1
11J,E38000045,NHS Dorset ICB - 11J,E54000041,NHS Dorset Integrated Care Board,E40000006,South West,APR2023,Unknown,GP,Video/Online,1 Day,9
11J,E38000045,NHS Dorset ICB - 11J,E54000041,NHS Dorset Integrated Care Board,E40000006,South West,APR2023,Unknown,GP,Video/Online,15  to 21 Days,6
11J,E38000045,NHS Dorset ICB - 11J,E54000041,NHS Dorset Integrated Care Board,E40000006,South West,APR2023,Unknown,GP,Video/Online,2 to 7 Days,36
11J,E38000045,NHS Dorset ICB - 11J,E54000041,NHS Dorset Integrated Care Board,E40000006,South West,APR2023,Unknown,GP,Video/Online,22  to 28 Days,7
11J,E38000045,NHS Dorset ICB - 11J,E54000041,NHS Dorset Integrated Care Board,E40000006,South West,APR2023,Unknown,GP,Video/Online,8  to 14 Days,15
11J,E38000045,NHS Dorset ICB - 11J,E54000041,NHS Dorset Integrated Care Board,E40000006,South West,APR2023,Unknown,GP,Video/Online,More than 28 Days,4
11J,E38000045,NHS Dorset ICB - 11J,E54000041,NHS Dorset Integrated Care Board,E40000006,South West,APR2023,Unknown,GP,Video/Online,Same Day,20
11J,E38000045,NHS Dorset ICB - 11J,E54000041,NHS Dorset Integrated Care Board,E40000006,South West,APR2023,Unknown,GP,Video/Online,Unknown / Data Quality,1
11J,E38000045,NHS Dorset ICB - 11J,E54000041,NHS Dorset Integrated Care Board,E40000006,South West,APR2023,Unknown,Other Practice staff,Face-to-Face,1 Day,275
11J,E38000045,NHS Dorset ICB - 11J,E54000041,NHS Dorset Integrated Care Board,E40000006,South West,APR2023,Unknown,Other Practice staff,Face-to-Face,15  to 21 Days,2107
11J,E38000045,NHS Dorset ICB - 11J,E54000041,NHS Dorset Integrated Care Board,E40000006,South West,APR2023,Unknown,Other Practice staff,Face-to-Face,2 to 7 Days,1308
11J,E38000045,NHS Dorset ICB - 11J,E54000041,NHS Dorset Integrated Care Board,E40000006,South West,APR2023,Unknown,Other Practice staff,Face-to-Face,22  to 28 Days,2081
11J,E38000045,NHS Dorset ICB - 11J,E54000041,NHS Dorset Integrated Care Board,E40000006,South West,APR2023,Unknown,Other Practice staff,Face-to-Face,8  to 14 Days,1969
11J,E38000045,NHS Dorset ICB - 11J,E54000041,NHS Dorset Integrated Care Board,E40000006,South West,APR2023,Unknown,Other Practice staff,Face-to-Face,More than 28 Days,2707
11J,E38000045,NHS Dorset ICB - 11J,E54000041,NHS Dorset Integrated Care Board,E40000006,South West,APR2023,Unknown,Other Practice staff,Face-to-Face,Same Day,578
11J,E38000045,NHS Dorset ICB - 11J,E54000041,NHS Dorset Integrated Care Board,E40000006,South West,APR2023,Unknown,Other Practice staff,Face-to-Face,Unknown / Data Quality,5
11J,E38000045,NHS Dorset ICB - 11J,E54000041,NHS Dorset Integrated Care Board,E40000006,South West,APR2023,Unknown,Other Practice staff,Home Visit,1 Day,5
11J,E38000045,NHS Dorset ICB - 11J,E54000041,NHS Dorset Integrated Care Board,E40000006,South West,APR2023,Unknown,Other Practice staff,Home Visit,15  to 21 Days,23
11J,E38000045,NHS Dorset ICB - 11J,E54000041,NHS Dorset Integrated Care Board,E40000006,South West,APR2023,Unknown,Other Practice staff,Home Visit,2 to 7 Days,44
11J,E38000045,NHS Dorset ICB - 11J,E54000041,NHS Dorset Integrated Care Board,E40000006,South West,APR2023,Unknown,Other Practice staff,Home Visit,22  to 28 Days,14
11J,E38000045,NHS Dorset ICB - 11J,E54000041,NHS Dorset Integrated Care Board,E40000006,South West,APR2023,Unknown,Other Practice staff,Home Visit,8  to 14 Days,32
11J,E38000045,NHS Dorset ICB - 11J,E54000041,NHS Dorset Integrated Care Board,E40000006,South West,APR2023,Unknown,Other Practice staff,Home Visit,More than 28 Days,37
11J,E38000045,NHS Dorset ICB - 11J,E54000041,NHS Dorset Integrated Care Board,E40000006,South West,APR2023,Unknown,Other Practice staff,Home Visit,Same Day,7
11J,E38000045,NHS Dorset ICB - 11J,E54000041,NHS Dorset Integrated Care Board,E40000006,South West,APR2023,Unknown,Other Practice staff,Telephone,1 Day,75
11J,E38000045,NHS Dorset ICB - 11J,E54000041,NHS Dorset Integrated Care Board,E40000006,South West,APR2023,Unknown,Other Practice staff,Telephone,15  to 21 Days,157
11J,E38000045,NHS Dorset ICB - 11J,E54000041,NHS Dorset Integrated Care Board,E40000006,South West,APR2023,Unknown,Other Practice staff,Telephone,2 to 7 Days,302
11J,E38000045,NHS Dorset ICB - 11J,E54000041,NHS Dorset Integrated Care Board,E40000006,South West,APR2023,Unknown,Other Practice staff,Telephone,22  to 28 Days,150
11J,E38000045,NHS Dorset ICB - 11J,E54000041,NHS Dorset Integrated Care Board,E40000006,South West,APR2023,Unknown,Other Practice staff,Telephone,8  to 14 Days,220
11J,E38000045,NHS Dorset ICB - 11J,E54000041,NHS Dorset Integrated Care Board,E40000006,South West,APR2023,Unknown,Other Practice staff,Telephone,More than 28 Days,203
11J,E38000045,NHS Dorset ICB - 11J,E54000041,NHS Dorset Integrated Care Board,E40000006,South West,APR2023,Unknown,Other Practice staff,Telephone,Same Day,221
11J,E38000045,NHS Dorset ICB - 11J,E54000041,NHS Dorset Integrated Care Board,E40000006,South West,APR2023,Unknown,Other Practice staff,Telephone,Unknown / Data Quality,2
11J,E38000045,NHS Dorset ICB - 11J,E54000041,NHS Dorset Integrated Care Board,E40000006,South West,APR2023,Unknown,Other Practice staff,Unknown,1 Day,4
11J,E38000045,NHS Dorset ICB - 11J,E54000041,NHS Dorset Integrated Care Board,E40000006,South West,APR2023,Unknown,Other Practice staff,Unknown,15  to 21 Days,108
11J,E38000045,NHS Dorset ICB - 11J,E54000041,NHS Dorset Integrated Care Board,E40000006,South West,APR2023,Unknown,Other Practice staff,Unknown,2 to 7 Days,63
11J,E38000045,NHS Dorset ICB - 11J,E54000041,NHS Dorset Integrated Care Board,E40000006,South West,APR2023,Unknown,Other Practice staff,Unknown,22  to 28 Days,115
11J,E38000045,NHS Dorset ICB - 11J,E54000041,NHS Dorset Integrated Care Board,E40000006,South West,APR2023,Unknown,Other Practice staff,Unknown,8  to 14 Days,135
11J,E38000045,NHS Dorset ICB - 11J,E54000041,NHS Dorset Integrated Care Board,E40000006,South West,APR2023,Unknown,Other Practice staff,Unknown,More than 28 Days,158
11J,E38000045,NHS Dorset ICB - 11J,E54000041,NHS Dorset Integrated Care Board,E40000006,South West,APR2023,Unknown,Other Practice staff,Unknown,Same Day,1
11J,E38000045,NHS Dorset ICB - 11J,E54000041,NHS Dorset Integrated Care Board,E40000006,South West,APR2023,Unknown,Other Practice staff,Video/Online,1 Day,16
11J,E38000045,NHS Dorset ICB - 11J,E54000041,NHS Dorset Integrated Care Board,E40000006,South West,APR2023,Unknown,Other Practice staff,Video/Online,15  to 21 Days,23
11J,E38000045,NHS Dorset ICB - 11J,E54000041,NHS Dorset Integrated Care Board,E40000006,South West,APR2023,Unknown,Other Practice staff,Video/Online,2 to 7 Days,32
11J,E38000045,NHS Dorset ICB - 11J,E54000041,NHS Dorset Integrated Care Board,E40000006,South West,APR2023,Unknown,Other Practice staff,Video/Online,22  to 28 Days,9
11J,E38000045,NHS Dorset ICB - 11J,E54000041,NHS Dorset Integrated Care Board,E40000006,South West,APR2023,Unknown,Other Practice staff,Video/Online,8  to 14 Days,26
11J,E38000045,NHS Dorset ICB - 11J,E54000041,NHS Dorset Integrated Care Board,E40000006,South West,APR2023,Unknown,Other Practice staff,Video/Online,More than 28 Days,23
11J,E38000045,NHS Dorset ICB - 11J,E54000041,NHS Dorset Integrated Care Board,E40000006,South West,APR2023,Unknown,Other Practice staff,Video/Online,Same Day,5
11J,E38000045,NHS Dorset ICB - 11J,E54000041,NHS Dorset Integrated Care Board,E40000006,South West,APR2023,Unknown,Unknown,Unknown,1 Day,51
11J,E38000045,NHS Dorset ICB - 11J,E54000041,NHS Dorset Integrated Care Board,E40000006,South West,APR2023,Unknown,Unknown,Unknown,15  to 21 Days,75
11J,E38000045,NHS Dorset ICB - 11J,E54000041,NHS Dorset Integrated Care Board,E40000006,South West,APR2023,Unknown,Unknown,Unknown,2 to 7 Days,129
11J,E38000045,NHS Dorset ICB - 11J,E54000041,NHS Dorset Integrated Care Board,E40000006,South West,APR2023,Unknown,Unknown,Unknown,22  to 28 Days,91
11J,E38000045,NHS Dorset ICB - 11J,E54000041,NHS Dorset Integrated Care Board,E40000006,South West,APR2023,Unknown,Unknown,Unknown,8  to 14 Days,146
11J,E38000045,NHS Dorset ICB - 11J,E54000041,NHS Dorset Integrated Care Board,E40000006,South West,APR2023,Unknown,Unknown,Unknown,More than 28 Days,134
11J,E38000045,NHS Dorset ICB - 11J,E54000041,NHS Dorset Integrated Care Board,E40000006,South West,APR2023,Unknown,Unknown,Unknown,Same Day,69
11J,E38000045,NHS Dorset ICB - 11J,E54000041,NHS Dorset Integrated Care Board,E40000006,South West,MAY2023,Attended,GP,Face-to-Face,1 Day,9027
11J,E38000045,NHS Dorset ICB - 11J,E54000041,NHS Dorset Integrated Care Board,E40000006,South West,MAY2023,Attended,GP,Face-to-Face,15  to 21 Days,9395
11J,E38000045,NHS Dorset ICB - 11J,E54000041,NHS Dorset Integrated Care Board,E40000006,South West,MAY2023,Attended,GP,Face-to-Face,2 to 7 Days,17238
11J,E38000045,NHS Dorset ICB - 11J,E54000041,NHS Dorset Integrated Care Board,E40000006,South West,MAY2023,Attended,GP,Face-to-Face,22  to 28 Days,7056
11J,E38000045,NHS Dorset ICB - 11J,E54000041,NHS Dorset Integrated Care Board,E40000006,South West,MAY2023,Attended,GP,Face-to-Face,8  to 14 Days,11799
11J,E38000045,NHS Dorset ICB - 11J,E54000041,NHS Dorset Integrated Care Board,E40000006,South West,MAY2023,Attended,GP,Face-to-Face,More than 28 Days,7968
11J,E38000045,NHS Dorset ICB - 11J,E54000041,NHS Dorset Integrated Care Board,E40000006,South West,MAY2023,Attended,GP,Face-to-Face,Same Day,56234
11J,E38000045,NHS Dorset ICB - 11J,E54000041,NHS Dorset Integrated Care Board,E40000006,South West,MAY2023,Attended,GP,Face-to-Face,Unknown / Data Quality,14
11J,E38000045,NHS Dorset ICB - 11J,E54000041,NHS Dorset Integrated Care Board,E40000006,South West,MAY2023,Attended,GP,Home Visit,1 Day,26
11J,E38000045,NHS Dorset ICB - 11J,E54000041,NHS Dorset Integrated Care Board,E40000006,South West,MAY2023,Attended,GP,Home Visit,15  to 21 Days,60
11J,E38000045,NHS Dorset ICB - 11J,E54000041,NHS Dorset Integrated Care Board,E40000006,South West,MAY2023,Attended,GP,Home Visit,2 to 7 Days,61
11J,E38000045,NHS Dorset ICB - 11J,E54000041,NHS Dorset Integrated Care Board,E40000006,South West,MAY2023,Attended,GP,Home Visit,22  to 28 Days,39
11J,E38000045,NHS Dorset ICB - 11J,E54000041,NHS Dorset Integrated Care Board,E40000006,South West,MAY2023,Attended,GP,Home Visit,8  to 14 Days,11
11J,E38000045,NHS Dorset ICB - 11J,E54000041,NHS Dorset Integrated Care Board,E40000006,South West,MAY2023,Attended,GP,Home Visit,More than 28 Days,12
11J,E38000045,NHS Dorset ICB - 11J,E54000041,NHS Dorset Integrated Care Board,E40000006,South West,MAY2023,Attended,GP,Home Visit,Same Day,251
11J,E38000045,NHS Dorset ICB - 11J,E54000041,NHS Dorset Integrated Care Board,E40000006,South West,MAY2023,Attended,GP,Telephone,1 Day,2904
11J,E38000045,NHS Dorset ICB - 11J,E54000041,NHS Dorset Integrated Care Board,E40000006,South West,MAY2023,Attended,GP,Telephone,15  to 21 Days,3817
11J,E38000045,NHS Dorset ICB - 11J,E54000041,NHS Dorset Integrated Care Board,E40000006,South West,MAY2023,Attended,GP,Telephone,2 to 7 Days,6163
11J,E38000045,NHS Dorset ICB - 11J,E54000041,NHS Dorset Integrated Care Board,E40000006,South West,MAY2023,Attended,GP,Telephone,22  to 28 Days,2403
11J,E38000045,NHS Dorset ICB - 11J,E54000041,NHS Dorset Integrated Care Board,E40000006,South West,MAY2023,Attended,GP,Telephone,8  to 14 Days,4383
11J,E38000045,NHS Dorset ICB - 11J,E54000041,NHS Dorset Integrated Care Board,E40000006,South West,MAY2023,Attended,GP,Telephone,More than 28 Days,2195
11J,E38000045,NHS Dorset ICB - 11J,E54000041,NHS Dorset Integrated Care Board,E40000006,South West,MAY2023,Attended,GP,Telephone,Same Day,25399
11J,E38000045,NHS Dorset ICB - 11J,E54000041,NHS Dorset Integrated Care Board,E40000006,South West,MAY2023,Attended,GP,Telephone,Unknown / Data Quality,5
11J,E38000045,NHS Dorset ICB - 11J,E54000041,NHS Dorset Integrated Care Board,E40000006,South West,MAY2023,Attended,GP,Unknown,1 Day,6
11J,E38000045,NHS Dorset ICB - 11J,E54000041,NHS Dorset Integrated Care Board,E40000006,South West,MAY2023,Attended,GP,Unknown,15  to 21 Days,9
11J,E38000045,NHS Dorset ICB - 11J,E54000041,NHS Dorset Integrated Care Board,E40000006,South West,MAY2023,Attended,GP,Unknown,2 to 7 Days,3
11J,E38000045,NHS Dorset ICB - 11J,E54000041,NHS Dorset Integrated Care Board,E40000006,South West,MAY2023,Attended,GP,Unknown,22  to 28 Days,8
11J,E38000045,NHS Dorset ICB - 11J,E54000041,NHS Dorset Integrated Care Board,E40000006,South West,MAY2023,Attended,GP,Unknown,8  to 14 Days,1
11J,E38000045,NHS Dorset ICB - 11J,E54000041,NHS Dorset Integrated Care Board,E40000006,South West,MAY2023,Attended,GP,Unknown,More than 28 Days,15
11J,E38000045,NHS Dorset ICB - 11J,E54000041,NHS Dorset Integrated Care Board,E40000006,South West,MAY2023,Attended,GP,Unknown,Same Day,24
11J,E38000045,NHS Dorset ICB - 11J,E54000041,NHS Dorset Integrated Care Board,E40000006,South West,MAY2023,Attended,GP,Video/Online,1 Day,465
11J,E38000045,NHS Dorset ICB - 11J,E54000041,NHS Dorset Integrated Care Board,E40000006,South West,MAY2023,Attended,GP,Video/Online,15  to 21 Days,51
11J,E38000045,NHS Dorset ICB - 11J,E54000041,NHS Dorset Integrated Care Board,E40000006,South West,MAY2023,Attended,GP,Video/Online,2 to 7 Days,390
11J,E38000045,NHS Dorset ICB - 11J,E54000041,NHS Dorset Integrated Care Board,E40000006,South West,MAY2023,Attended,GP,Video/Online,22  to 28 Days,25
11J,E38000045,NHS Dorset ICB - 11J,E54000041,NHS Dorset Integrated Care Board,E40000006,South West,MAY2023,Attended,GP,Video/Online,8  to 14 Days,99
11J,E38000045,NHS Dorset ICB - 11J,E54000041,NHS Dorset Integrated Care Board,E40000006,South West,MAY2023,Attended,GP,Video/Online,More than 28 Days,17
11J,E38000045,NHS Dorset ICB - 11J,E54000041,NHS Dorset Integrated Care Board,E40000006,South West,MAY2023,Attended,GP,Video/Online,Same Day,3204
11J,E38000045,NHS Dorset ICB - 11J,E54000041,NHS Dorset Integrated Care Board,E40000006,South West,MAY2023,Attended,GP,Video/Online,Unknown / Data Quality,3
11J,E38000045,NHS Dorset ICB - 11J,E54000041,NHS Dorset Integrated Care Board,E40000006,South West,MAY2023,Attended,Other Practice staff,Face-to-Face,1 Day,10009
11J,E38000045,NHS Dorset ICB - 11J,E54000041,NHS Dorset Integrated Care Board,E40000006,South West,MAY2023,Attended,Other Practice staff,Face-to-Face,15  to 21 Days,20022
11J,E38000045,NHS Dorset ICB - 11J,E54000041,NHS Dorset Integrated Care Board,E40000006,South West,MAY2023,Attended,Other Practice staff,Face-to-Face,2 to 7 Days,27769
11J,E38000045,NHS Dorset ICB - 11J,E54000041,NHS Dorset Integrated Care Board,E40000006,South West,MAY2023,Attended,Other Practice staff,Face-to-Face,22  to 28 Days,13075
11J,E38000045,NHS Dorset ICB - 11J,E54000041,NHS Dorset Integrated Care Board,E40000006,South West,MAY2023,Attended,Other Practice staff,Face-to-Face,8  to 14 Days,27686
11J,E38000045,NHS Dorset ICB - 11J,E54000041,NHS Dorset Integrated Care Board,E40000006,South West,MAY2023,Attended,Other Practice staff,Face-to-Face,More than 28 Days,14564
11J,E38000045,NHS Dorset ICB - 11J,E54000041,NHS Dorset Integrated Care Board,E40000006,South West,MAY2023,Attended,Other Practice staff,Face-to-Face,Same Day,41934
11J,E38000045,NHS Dorset ICB - 11J,E54000041,NHS Dorset Integrated Care Board,E40000006,South West,MAY2023,Attended,Other Practice staff,Face-to-Face,Unknown / Data Quality,62
11J,E38000045,NHS Dorset ICB - 11J,E54000041,NHS Dorset Integrated Care Board,E40000006,South West,MAY2023,Attended,Other Practice staff,Home Visit,1 Day,251
11J,E38000045,NHS Dorset ICB - 11J,E54000041,NHS Dorset Integrated Care Board,E40000006,South West,MAY2023,Attended,Other Practice staff,Home Visit,15  to 21 Days,117
11J,E38000045,NHS Dorset ICB - 11J,E54000041,NHS Dorset Integrated Care Board,E40000006,South West,MAY2023,Attended,Other Practice staff,Home Visit,2 to 7 Days,575
11J,E38000045,NHS Dorset ICB - 11J,E54000041,NHS Dorset Integrated Care Board,E40000006,South West,MAY2023,Attended,Other Practice staff,Home Visit,22  to 28 Days,77
11J,E38000045,NHS Dorset ICB - 11J,E54000041,NHS Dorset Integrated Care Board,E40000006,South West,MAY2023,Attended,Other Practice staff,Home Visit,8  to 14 Days,283
11J,E38000045,NHS Dorset ICB - 11J,E54000041,NHS Dorset Integrated Care Board,E40000006,South West,MAY2023,Attended,Other Practice staff,Home Visit,More than 28 Days,73
11J,E38000045,NHS Dorset ICB - 11J,E54000041,NHS Dorset Integrated Care Board,E40000006,South West,MAY2023,Attended,Other Practice staff,Home Visit,Same Day,1060
11J,E38000045,NHS Dorset ICB - 11J,E54000041,NHS Dorset Integrated Care Board,E40000006,South West,MAY2023,Attended,Other Practice staff,Home Visit,Unknown / Data Quality,7
11J,E38000045,NHS Dorset ICB - 11J,E54000041,NHS Dorset Integrated Care Board,E40000006,South West,MAY2023,Attended,Other Practice staff,Telephone,1 Day,1960
11J,E38000045,NHS Dorset ICB - 11J,E54000041,NHS Dorset Integrated Care Board,E40000006,South West,MAY2023,Attended,Other Practice staff,Telephone,15  to 21 Days,1670
11J,E38000045,NHS Dorset ICB - 11J,E54000041,NHS Dorset Integrated Care Board,E40000006,South West,MAY2023,Attended,Other Practice staff,Telephone,2 to 7 Days,3521
11J,E38000045,NHS Dorset ICB - 11J,E54000041,NHS Dorset Integrated Care Board,E40000006,South West,MAY2023,Attended,Other Practice staff,Telephone,22  to 28 Days,1094
11J,E38000045,NHS Dorset ICB - 11J,E54000041,NHS Dorset Integrated Care Board,E40000006,South West,MAY2023,Attended,Other Practice staff,Telephone,8  to 14 Days,2234
11J,E38000045,NHS Dorset ICB - 11J,E54000041,NHS Dorset Integrated Care Board,E40000006,South West,MAY2023,Attended,Other Practice staff,Telephone,More than 28 Days,1031
11J,E38000045,NHS Dorset ICB - 11J,E54000041,NHS Dorset Integrated Care Board,E40000006,South West,MAY2023,Attended,Other Practice staff,Telephone,Same Day,15106
11J,E38000045,NHS Dorset ICB - 11J,E54000041,NHS Dorset Integrated Care Board,E40000006,South West,MAY2023,Attended,Other Practice staff,Telephone,Unknown / Data Quality,24
11J,E38000045,NHS Dorset ICB - 11J,E54000041,NHS Dorset Integrated Care Board,E40000006,South West,MAY2023,Attended,Other Practice staff,Unknown,1 Day,24
11J,E38000045,NHS Dorset ICB - 11J,E54000041,NHS Dorset Integrated Care Board,E40000006,South West,MAY2023,Attended,Other Practice staff,Unknown,15  to 21 Days,25
11J,E38000045,NHS Dorset ICB - 11J,E54000041,NHS Dorset Integrated Care Board,E40000006,South West,MAY2023,Attended,Other Practice staff,Unknown,2 to 7 Days,51
11J,E38000045,NHS Dorset ICB - 11J,E54000041,NHS Dorset Integrated Care Board,E40000006,South West,MAY2023,Attended,Other Practice staff,Unknown,22  to 28 Days,31
11J,E38000045,NHS Dorset ICB - 11J,E54000041,NHS Dorset Integrated Care Board,E40000006,South West,MAY2023,Attended,Other Practice staff,Unknown,8  to 14 Days,39
11J,E38000045,NHS Dorset ICB - 11J,E54000041,NHS Dorset Integrated Care Board,E40000006,South West,MAY2023,Attended,Other Practice staff,Unknown,More than 28 Days,46
11J,E38000045,NHS Dorset ICB - 11J,E54000041,NHS Dorset Integrated Care Board,E40000006,South West,MAY2023,Attended,Other Practice staff,Unknown,Same Day,46
11J,E38000045,NHS Dorset ICB - 11J,E54000041,NHS Dorset Integrated Care Board,E40000006,South West,MAY2023,Attended,Other Practice staff,Unknown,Unknown / Data Quality,2
11J,E38000045,NHS Dorset ICB - 11J,E54000041,NHS Dorset Integrated Care Board,E40000006,South West,MAY2023,Attended,Other Practice staff,Video/Online,1 Day,501
11J,E38000045,NHS Dorset ICB - 11J,E54000041,NHS Dorset Integrated Care Board,E40000006,South West,MAY2023,Attended,Other Practice staff,Video/Online,15  to 21 Days,83
11J,E38000045,NHS Dorset ICB - 11J,E54000041,NHS Dorset Integrated Care Board,E40000006,South West,MAY2023,Attended,Other Practice staff,Video/Online,2 to 7 Days,534
11J,E38000045,NHS Dorset ICB - 11J,E54000041,NHS Dorset Integrated Care Board,E40000006,South West,MAY2023,Attended,Other Practice staff,Video/Online,22  to 28 Days,37
11J,E38000045,NHS Dorset ICB - 11J,E54000041,NHS Dorset Integrated Care Board,E40000006,South West,MAY2023,Attended,Other Practice staff,Video/Online,8  to 14 Days,209
11J,E38000045,NHS Dorset ICB - 11J,E54000041,NHS Dorset Integrated Care Board,E40000006,South West,MAY2023,Attended,Other Practice staff,Video/Online,More than 28 Days,77
11J,E38000045,NHS Dorset ICB - 11J,E54000041,NHS Dorset Integrated Care Board,E40000006,South West,MAY2023,Attended,Other Practice staff,Video/Online,Same Day,2271
11J,E38000045,NHS Dorset ICB - 11J,E54000041,NHS Dorset Integrated Care Board,E40000006,South West,MAY2023,Attended,Other Practice staff,Video/Online,Unknown / Data Quality,2
11J,E38000045,NHS Dorset ICB - 11J,E54000041,NHS Dorset Integrated Care Board,E40000006,South West,MAY2023,Attended,Unknown,Unknown,1 Day,970
11J,E38000045,NHS Dorset ICB - 11J,E54000041,NHS Dorset Integrated Care Board,E40000006,South West,MAY2023,Attended,Unknown,Unknown,15  to 21 Days,346
11J,E38000045,NHS Dorset ICB - 11J,E54000041,NHS Dorset Integrated Care Board,E40000006,South West,MAY2023,Attended,Unknown,Unknown,2 to 7 Days,2111
11J,E38000045,NHS Dorset ICB - 11J,E54000041,NHS Dorset Integrated Care Board,E40000006,South West,MAY2023,Attended,Unknown,Unknown,22  to 28 Days,164
11J,E38000045,NHS Dorset ICB - 11J,E54000041,NHS Dorset Integrated Care Board,E40000006,South West,MAY2023,Attended,Unknown,Unknown,8  to 14 Days,759
11J,E38000045,NHS Dorset ICB - 11J,E54000041,NHS Dorset Integrated Care Board,E40000006,South West,MAY2023,Attended,Unknown,Unknown,More than 28 Days,208
11J,E38000045,NHS Dorset ICB - 11J,E54000041,NHS Dorset Integrated Care Board,E40000006,South West,MAY2023,Attended,Unknown,Unknown,Same Day,8595
11J,E38000045,NHS Dorset ICB - 11J,E54000041,NHS Dorset Integrated Care Board,E40000006,South West,MAY2023,Attended,Unknown,Unknown,Unknown / Data Quality,11
11J,E38000045,NHS Dorset ICB - 11J,E54000041,NHS Dorset Integrated Care Board,E40000006,South West,MAY2023,DNA,GP,Face-to-Face,1 Day,195
11J,E38000045,NHS Dorset ICB - 11J,E54000041,NHS Dorset Integrated Care Board,E40000006,South West,MAY2023,DNA,GP,Face-to-Face,15  to 21 Days,459
11J,E38000045,NHS Dorset ICB - 11J,E54000041,NHS Dorset Integrated Care Board,E40000006,South West,MAY2023,DNA,GP,Face-to-Face,2 to 7 Days,676
11J,E38000045,NHS Dorset ICB - 11J,E54000041,NHS Dorset Integrated Care Board,E40000006,South West,MAY2023,DNA,GP,Face-to-Face,22  to 28 Days,434
11J,E38000045,NHS Dorset ICB - 11J,E54000041,NHS Dorset Integrated Care Board,E40000006,South West,MAY2023,DNA,GP,Face-to-Face,8  to 14 Days,538
11J,E38000045,NHS Dorset ICB - 11J,E54000041,NHS Dorset Integrated Care Board,E40000006,South West,MAY2023,DNA,GP,Face-to-Face,More than 28 Days,500
11J,E38000045,NHS Dorset ICB - 11J,E54000041,NHS Dorset Integrated Care Board,E40000006,South West,MAY2023,DNA,GP,Face-to-Face,Same Day,396
11J,E38000045,NHS Dorset ICB - 11J,E54000041,NHS Dorset Integrated Care Board,E40000006,South West,MAY2023,DNA,GP,Home Visit,1 Day,2
11J,E38000045,NHS Dorset ICB - 11J,E54000041,NHS Dorset Integrated Care Board,E40000006,South West,MAY2023,DNA,GP,Home Visit,15  to 21 Days,1
11J,E38000045,NHS Dorset ICB - 11J,E54000041,NHS Dorset Integrated Care Board,E40000006,South West,MAY2023,DNA,GP,Home Visit,2 to 7 Days,2
11J,E38000045,NHS Dorset ICB - 11J,E54000041,NHS Dorset Integrated Care Board,E40000006,South West,MAY2023,DNA,GP,Home Visit,22  to 28 Days,1
11J,E38000045,NHS Dorset ICB - 11J,E54000041,NHS Dorset Integrated Care Board,E40000006,South West,MAY2023,DNA,GP,Home Visit,8  to 14 Days,1
11J,E38000045,NHS Dorset ICB - 11J,E54000041,NHS Dorset Integrated Care Board,E40000006,South West,MAY2023,DNA,GP,Home Visit,Same Day,3
11J,E38000045,NHS Dorset ICB - 11J,E54000041,NHS Dorset Integrated Care Board,E40000006,South West,MAY2023,DNA,GP,Telephone,1 Day,12
11J,E38000045,NHS Dorset ICB - 11J,E54000041,NHS Dorset Integrated Care Board,E40000006,South West,MAY2023,DNA,GP,Telephone,15  to 21 Days,43
11J,E38000045,NHS Dorset ICB - 11J,E54000041,NHS Dorset Integrated Care Board,E40000006,South West,MAY2023,DNA,GP,Telephone,2 to 7 Days,36
11J,E38000045,NHS Dorset ICB - 11J,E54000041,NHS Dorset Integrated Care Board,E40000006,South West,MAY2023,DNA,GP,Telephone,22  to 28 Days,31
11J,E38000045,NHS Dorset ICB - 11J,E54000041,NHS Dorset Integrated Care Board,E40000006,South West,MAY2023,DNA,GP,Telephone,8  to 14 Days,31
11J,E38000045,NHS Dorset ICB - 11J,E54000041,NHS Dorset Integrated Care Board,E40000006,South West,MAY2023,DNA,GP,Telephone,More than 28 Days,19
11J,E38000045,NHS Dorset ICB - 11J,E54000041,NHS Dorset Integrated Care Board,E40000006,South West,MAY2023,DNA,GP,Telephone,Same Day,31
11J,E38000045,NHS Dorset ICB - 11J,E54000041,NHS Dorset Integrated Care Board,E40000006,South West,MAY2023,DNA,GP,Unknown,2 to 7 Days,1
11J,E38000045,NHS Dorset ICB - 11J,E54000041,NHS Dorset Integrated Care Board,E40000006,South West,MAY2023,DNA,GP,Unknown,22  to 28 Days,2
11J,E38000045,NHS Dorset ICB - 11J,E54000041,NHS Dorset Integrated Care Board,E40000006,South West,MAY2023,DNA,GP,Unknown,Same Day,2
11J,E38000045,NHS Dorset ICB - 11J,E54000041,NHS Dorset Integrated Care Board,E40000006,South West,MAY2023,DNA,GP,Video/Online,15  to 21 Days,2
11J,E38000045,NHS Dorset ICB - 11J,E54000041,NHS Dorset Integrated Care Board,E40000006,South West,MAY2023,DNA,GP,Video/Online,2 to 7 Days,9
11J,E38000045,NHS Dorset ICB - 11J,E54000041,NHS Dorset Integrated Care Board,E40000006,South West,MAY2023,DNA,GP,Video/Online,22  to 28 Days,1
11J,E38000045,NHS Dorset ICB - 11J,E54000041,NHS Dorset Integrated Care Board,E40000006,South West,MAY2023,DNA,GP,Video/Online,8  to 14 Days,5
11J,E38000045,NHS Dorset ICB - 11J,E54000041,NHS Dorset Integrated Care Board,E40000006,South West,MAY2023,DNA,GP,Video/Online,More than 28 Days,2
11J,E38000045,NHS Dorset ICB - 11J,E54000041,NHS Dorset Integrated Care Board,E40000006,South West,MAY2023,DNA,GP,Video/Online,Same Day,8
11J,E38000045,NHS Dorset ICB - 11J,E54000041,NHS Dorset Integrated Care Board,E40000006,South West,MAY2023,DNA,Other Practice staff,Face-to-Face,1 Day,357
11J,E38000045,NHS Dorset ICB - 11J,E54000041,NHS Dorset Integrated Care Board,E40000006,South West,MAY2023,DNA,Other Practice staff,Face-to-Face,15  to 21 Days,1573
11J,E38000045,NHS Dorset ICB - 11J,E54000041,NHS Dorset Integrated Care Board,E40000006,South West,MAY2023,DNA,Other Practice staff,Face-to-Face,2 to 7 Days,1556
11J,E38000045,NHS Dorset ICB - 11J,E54000041,NHS Dorset Integrated Care Board,E40000006,South West,MAY2023,DNA,Other Practice staff,Face-to-Face,22  to 28 Days,1080
11J,E38000045,NHS Dorset ICB - 11J,E54000041,NHS Dorset Integrated Care Board,E40000006,South West,MAY2023,DNA,Other Practice staff,Face-to-Face,8  to 14 Days,1870
11J,E38000045,NHS Dorset ICB - 11J,E54000041,NHS Dorset Integrated Care Board,E40000006,South West,MAY2023,DNA,Other Practice staff,Face-to-Face,More than 28 Days,1434
11J,E38000045,NHS Dorset ICB - 11J,E54000041,NHS Dorset Integrated Care Board,E40000006,South West,MAY2023,DNA,Other Practice staff,Face-to-Face,Same Day,667
11J,E38000045,NHS Dorset ICB - 11J,E54000041,NHS Dorset Integrated Care Board,E40000006,South West,MAY2023,DNA,Other Practice staff,Home Visit,1 Day,7
11J,E38000045,NHS Dorset ICB - 11J,E54000041,NHS Dorset Integrated Care Board,E40000006,South West,MAY2023,DNA,Other Practice staff,Home Visit,15  to 21 Days,1
11J,E38000045,NHS Dorset ICB - 11J,E54000041,NHS Dorset Integrated Care Board,E40000006,South West,MAY2023,DNA,Other Practice staff,Home Visit,2 to 7 Days,24
11J,E38000045,NHS Dorset ICB - 11J,E54000041,NHS Dorset Integrated Care Board,E40000006,South West,MAY2023,DNA,Other Practice staff,Home Visit,8  to 14 Days,5
11J,E38000045,NHS Dorset ICB - 11J,E54000041,NHS Dorset Integrated Care Board,E40000006,South West,MAY2023,DNA,Other Practice staff,Home Visit,More than 28 Days,14
11J,E38000045,NHS Dorset ICB - 11J,E54000041,NHS Dorset Integrated Care Board,E40000006,South West,MAY2023,DNA,Other Practice staff,Home Visit,Same Day,40
11J,E38000045,NHS Dorset ICB - 11J,E54000041,NHS Dorset Integrated Care Board,E40000006,South West,MAY2023,DNA,Other Practice staff,Telephone,1 Day,14
11J,E38000045,NHS Dorset ICB - 11J,E54000041,NHS Dorset Integrated Care Board,E40000006,South West,MAY2023,DNA,Other Practice staff,Telephone,15  to 21 Days,33
11J,E38000045,NHS Dorset ICB - 11J,E54000041,NHS Dorset Integrated Care Board,E40000006,South West,MAY2023,DNA,Other Practice staff,Telephone,2 to 7 Days,71
11J,E38000045,NHS Dorset ICB - 11J,E54000041,NHS Dorset Integrated Care Board,E40000006,South West,MAY2023,DNA,Other Practice staff,Telephone,22  to 28 Days,34
11J,E38000045,NHS Dorset ICB - 11J,E54000041,NHS Dorset Integrated Care Board,E40000006,South West,MAY2023,DNA,Other Practice staff,Telephone,8  to 14 Days,31
11J,E38000045,NHS Dorset ICB - 11J,E54000041,NHS Dorset Integrated Care Board,E40000006,South West,MAY2023,DNA,Other Practice staff,Telephone,More than 28 Days,26
11J,E38000045,NHS Dorset ICB - 11J,E54000041,NHS Dorset Integrated Care Board,E40000006,South West,MAY2023,DNA,Other Practice staff,Telephone,Same Day,38
11J,E38000045,NHS Dorset ICB - 11J,E54000041,NHS Dorset Integrated Care Board,E40000006,South West,MAY2023,DNA,Other Practice staff,Unknown,1 Day,15
11J,E38000045,NHS Dorset ICB - 11J,E54000041,NHS Dorset Integrated Care Board,E40000006,South West,MAY2023,DNA,Other Practice staff,Unknown,15  to 21 Days,13
11J,E38000045,NHS Dorset ICB - 11J,E54000041,NHS Dorset Integrated Care Board,E40000006,South West,MAY2023,DNA,Other Practice staff,Unknown,2 to 7 Days,13
11J,E38000045,NHS Dorset ICB - 11J,E54000041,NHS Dorset Integrated Care Board,E40000006,South West,MAY2023,DNA,Other Practice staff,Unknown,22  to 28 Days,9
11J,E38000045,NHS Dorset ICB - 11J,E54000041,NHS Dorset Integrated Care Board,E40000006,South West,MAY2023,DNA,Other Practice staff,Unknown,8  to 14 Days,3
11J,E38000045,NHS Dorset ICB - 11J,E54000041,NHS Dorset Integrated Care Board,E40000006,South West,MAY2023,DNA,Other Practice staff,Unknown,More than 28 Days,18
11J,E38000045,NHS Dorset ICB - 11J,E54000041,NHS Dorset Integrated Care Board,E40000006,South West,MAY2023,DNA,Other Practice staff,Video/Online,1 Day,13
11J,E38000045,NHS Dorset ICB - 11J,E54000041,NHS Dorset Integrated Care Board,E40000006,South West,MAY2023,DNA,Other Practice staff,Video/Online,15  to 21 Days,2
11J,E38000045,NHS Dorset ICB - 11J,E54000041,NHS Dorset Integrated Care Board,E40000006,South West,MAY2023,DNA,Other Practice staff,Video/Online,2 to 7 Days,26
11J,E38000045,NHS Dorset ICB - 11J,E54000041,NHS Dorset Integrated Care Board,E40000006,South West,MAY2023,DNA,Other Practice staff,Video/Online,22  to 28 Days,4
11J,E38000045,NHS Dorset ICB - 11J,E54000041,NHS Dorset Integrated Care Board,E40000006,South West,MAY2023,DNA,Other Practice staff,Video/Online,8  to 14 Days,10
11J,E38000045,NHS Dorset ICB - 11J,E54000041,NHS Dorset Integrated Care Board,E40000006,South West,MAY2023,DNA,Other Practice staff,Video/Online,More than 28 Days,46
11J,E38000045,NHS Dorset ICB - 11J,E54000041,NHS Dorset Integrated Care Board,E40000006,South West,MAY2023,DNA,Other Practice staff,Video/Online,Same Day,27
11J,E38000045,NHS Dorset ICB - 11J,E54000041,NHS Dorset Integrated Care Board,E40000006,South West,MAY2023,DNA,Unknown,Unknown,1 Day,13
11J,E38000045,NHS Dorset ICB - 11J,E54000041,NHS Dorset Integrated Care Board,E40000006,South West,MAY2023,DNA,Unknown,Unknown,15  to 21 Days,12
11J,E38000045,NHS Dorset ICB - 11J,E54000041,NHS Dorset Integrated Care Board,E40000006,South West,MAY2023,DNA,Unknown,Unknown,2 to 7 Days,70
11J,E38000045,NHS Dorset ICB - 11J,E54000041,NHS Dorset Integrated Care Board,E40000006,South West,MAY2023,DNA,Unknown,Unknown,22  to 28 Days,4
11J,E38000045,NHS Dorset ICB - 11J,E54000041,NHS Dorset Integrated Care Board,E40000006,South West,MAY2023,DNA,Unknown,Unknown,8  to 14 Days,33
11J,E38000045,NHS Dorset ICB - 11J,E54000041,NHS Dorset Integrated Care Board,E40000006,South West,MAY2023,DNA,Unknown,Unknown,More than 28 Days,10
11J,E38000045,NHS Dorset ICB - 11J,E54000041,NHS Dorset Integrated Care Board,E40000006,South West,MAY2023,DNA,Unknown,Unknown,Same Day,38
11J,E38000045,NHS Dorset ICB - 11J,E54000041,NHS Dorset Integrated Care Board,E40000006,South West,MAY2023,Unknown,GP,Face-to-Face,1 Day,114
11J,E38000045,NHS Dorset ICB - 11J,E54000041,NHS Dorset Integrated Care Board,E40000006,South West,MAY2023,Unknown,GP,Face-to-Face,15  to 21 Days,781
11J,E38000045,NHS Dorset ICB - 11J,E54000041,NHS Dorset Integrated Care Board,E40000006,South West,MAY2023,Unknown,GP,Face-to-Face,2 to 7 Days,601
11J,E38000045,NHS Dorset ICB - 11J,E54000041,NHS Dorset Integrated Care Board,E40000006,South West,MAY2023,Unknown,GP,Face-to-Face,22  to 28 Days,602
11J,E38000045,NHS Dorset ICB - 11J,E54000041,NHS Dorset Integrated Care Board,E40000006,South West,MAY2023,Unknown,GP,Face-to-Face,8  to 14 Days,715
11J,E38000045,NHS Dorset ICB - 11J,E54000041,NHS Dorset Integrated Care Board,E40000006,South West,MAY2023,Unknown,GP,Face-to-Face,More than 28 Days,893
11J,E38000045,NHS Dorset ICB - 11J,E54000041,NHS Dorset Integrated Care Board,E40000006,South West,MAY2023,Unknown,GP,Face-to-Face,Same Day,229
11J,E38000045,NHS Dorset ICB - 11J,E54000041,NHS Dorset Integrated Care Board,E40000006,South West,MAY2023,Unknown,GP,Face-to-Face,Unknown / Data Quality,1
11J,E38000045,NHS Dorset ICB - 11J,E54000041,NHS Dorset Integrated Care Board,E40000006,South West,MAY2023,Unknown,GP,Home Visit,1 Day,1
11J,E38000045,NHS Dorset ICB - 11J,E54000041,NHS Dorset Integrated Care Board,E40000006,South West,MAY2023,Unknown,GP,Home Visit,15  to 21 Days,1
11J,E38000045,NHS Dorset ICB - 11J,E54000041,NHS Dorset Integrated Care Board,E40000006,South West,MAY2023,Unknown,GP,Home Visit,2 to 7 Days,3
11J,E38000045,NHS Dorset ICB - 11J,E54000041,NHS Dorset Integrated Care Board,E40000006,South West,MAY2023,Unknown,GP,Home Visit,8  to 14 Days,3
11J,E38000045,NHS Dorset ICB - 11J,E54000041,NHS Dorset Integrated Care Board,E40000006,South West,MAY2023,Unknown,GP,Home Visit,Same Day,2
11J,E38000045,NHS Dorset ICB - 11J,E54000041,NHS Dorset Integrated Care Board,E40000006,South West,MAY2023,Unknown,GP,Telephone,1 Day,41
11J,E38000045,NHS Dorset ICB - 11J,E54000041,NHS Dorset Integrated Care Board,E40000006,South West,MAY2023,Unknown,GP,Telephone,15  to 21 Days,280
11J,E38000045,NHS Dorset ICB - 11J,E54000041,NHS Dorset Integrated Care Board,E40000006,South West,MAY2023,Unknown,GP,Telephone,2 to 7 Days,233
11J,E38000045,NHS Dorset ICB - 11J,E54000041,NHS Dorset Integrated Care Board,E40000006,South West,MAY2023,Unknown,GP,Telephone,22  to 28 Days,240
11J,E38000045,NHS Dorset ICB - 11J,E54000041,NHS Dorset Integrated Care Board,E40000006,South West,MAY2023,Unknown,GP,Telephone,8  to 14 Days,285
11J,E38000045,NHS Dorset ICB - 11J,E54000041,NHS Dorset Integrated Care Board,E40000006,South West,MAY2023,Unknown,GP,Telephone,More than 28 Days,296
11J,E38000045,NHS Dorset ICB - 11J,E54000041,NHS Dorset Integrated Care Board,E40000006,South West,MAY2023,Unknown,GP,Telephone,Same Day,63
11J,E38000045,NHS Dorset ICB - 11J,E54000041,NHS Dorset Integrated Care Board,E40000006,South West,MAY2023,Unknown,GP,Telephone,Unknown / Data Quality,1
11J,E38000045,NHS Dorset ICB - 11J,E54000041,NHS Dorset Integrated Care Board,E40000006,South West,MAY2023,Unknown,GP,Unknown,1 Day,2
11J,E38000045,NHS Dorset ICB - 11J,E54000041,NHS Dorset Integrated Care Board,E40000006,South West,MAY2023,Unknown,GP,Unknown,15  to 21 Days,36
11J,E38000045,NHS Dorset ICB - 11J,E54000041,NHS Dorset Integrated Care Board,E40000006,South West,MAY2023,Unknown,GP,Unknown,2 to 7 Days,51
11J,E38000045,NHS Dorset ICB - 11J,E54000041,NHS Dorset Integrated Care Board,E40000006,South West,MAY2023,Unknown,GP,Unknown,22  to 28 Days,38
11J,E38000045,NHS Dorset ICB - 11J,E54000041,NHS Dorset Integrated Care Board,E40000006,South West,MAY2023,Unknown,GP,Unknown,8  to 14 Days,32
11J,E38000045,NHS Dorset ICB - 11J,E54000041,NHS Dorset Integrated Care Board,E40000006,South West,MAY2023,Unknown,GP,Unknown,More than 28 Days,54
11J,E38000045,NHS Dorset ICB - 11J,E54000041,NHS Dorset Integrated Care Board,E40000006,South West,MAY2023,Unknown,GP,Unknown,Same Day,1
11J,E38000045,NHS Dorset ICB - 11J,E54000041,NHS Dorset Integrated Care Board,E40000006,South West,MAY2023,Unknown,GP,Video/Online,1 Day,3
11J,E38000045,NHS Dorset ICB - 11J,E54000041,NHS Dorset Integrated Care Board,E40000006,South West,MAY2023,Unknown,GP,Video/Online,15  to 21 Days,1
11J,E38000045,NHS Dorset ICB - 11J,E54000041,NHS Dorset Integrated Care Board,E40000006,South West,MAY2023,Unknown,GP,Video/Online,2 to 7 Days,23
11J,E38000045,NHS Dorset ICB - 11J,E54000041,NHS Dorset Integrated Care Board,E40000006,South West,MAY2023,Unknown,GP,Video/Online,22  to 28 Days,1
11J,E38000045,NHS Dorset ICB - 11J,E54000041,NHS Dorset Integrated Care Board,E40000006,South West,MAY2023,Unknown,GP,Video/Online,8  to 14 Days,6
11J,E38000045,NHS Dorset ICB - 11J,E54000041,NHS Dorset Integrated Care Board,E40000006,South West,MAY2023,Unknown,GP,Video/Online,More than 28 Days,3
11J,E38000045,NHS Dorset ICB - 11J,E54000041,NHS Dorset Integrated Care Board,E40000006,South West,MAY2023,Unknown,GP,Video/Online,Same Day,19
11J,E38000045,NHS Dorset ICB - 11J,E54000041,NHS Dorset Integrated Care Board,E40000006,South West,MAY2023,Unknown,GP,Video/Online,Unknown / Data Quality,1
11J,E38000045,NHS Dorset ICB - 11J,E54000041,NHS Dorset Integrated Care Board,E40000006,South West,MAY2023,Unknown,Other Practice staff,Face-to-Face,1 Day,251
11J,E38000045,NHS Dorset ICB - 11J,E54000041,NHS Dorset Integrated Care Board,E40000006,South West,MAY2023,Unknown,Other Practice staff,Face-to-Face,15  to 21 Days,2086
11J,E38000045,NHS Dorset ICB - 11J,E54000041,NHS Dorset Integrated Care Board,E40000006,South West,MAY2023,Unknown,Other Practice staff,Face-to-Face,2 to 7 Days,1452
11J,E38000045,NHS Dorset ICB - 11J,E54000041,NHS Dorset Integrated Care Board,E40000006,South West,MAY2023,Unknown,Other Practice staff,Face-to-Face,22  to 28 Days,1939
11J,E38000045,NHS Dorset ICB - 11J,E54000041,NHS Dorset Integrated Care Board,E40000006,South West,MAY2023,Unknown,Other Practice staff,Face-to-Face,8  to 14 Days,2248
11J,E38000045,NHS Dorset ICB - 11J,E54000041,NHS Dorset Integrated Care Board,E40000006,South West,MAY2023,Unknown,Other Practice staff,Face-to-Face,More than 28 Days,3610
11J,E38000045,NHS Dorset ICB - 11J,E54000041,NHS Dorset Integrated Care Board,E40000006,South West,MAY2023,Unknown,Other Practice staff,Face-to-Face,Same Day,646
11J,E38000045,NHS Dorset ICB - 11J,E54000041,NHS Dorset Integrated Care Board,E40000006,South West,MAY2023,Unknown,Other Practice staff,Face-to-Face,Unknown / Data Quality,3
11J,E38000045,NHS Dorset ICB - 11J,E54000041,NHS Dorset Integrated Care Board,E40000006,South West,MAY2023,Unknown,Other Practice staff,Home Visit,1 Day,12
11J,E38000045,NHS Dorset ICB - 11J,E54000041,NHS Dorset Integrated Care Board,E40000006,South West,MAY2023,Unknown,Other Practice staff,Home Visit,15  to 21 Days,25
11J,E38000045,NHS Dorset ICB - 11J,E54000041,NHS Dorset Integrated Care Board,E40000006,South West,MAY2023,Unknown,Other Practice staff,Home Visit,2 to 7 Days,102
11J,E38000045,NHS Dorset ICB - 11J,E54000041,NHS Dorset Integrated Care Board,E40000006,South West,MAY2023,Unknown,Other Practice staff,Home Visit,22  to 28 Days,20
11J,E38000045,NHS Dorset ICB - 11J,E54000041,NHS Dorset Integrated Care Board,E40000006,South West,MAY2023,Unknown,Other Practice staff,Home Visit,8  to 14 Days,86
11J,E38000045,NHS Dorset ICB - 11J,E54000041,NHS Dorset Integrated Care Board,E40000006,South West,MAY2023,Unknown,Other Practice staff,Home Visit,More than 28 Days,30
11J,E38000045,NHS Dorset ICB - 11J,E54000041,NHS Dorset Integrated Care Board,E40000006,South West,MAY2023,Unknown,Other Practice staff,Home Visit,Same Day,11
11J,E38000045,NHS Dorset ICB - 11J,E54000041,NHS Dorset Integrated Care Board,E40000006,South West,MAY2023,Unknown,Other Practice staff,Telephone,1 Day,78
11J,E38000045,NHS Dorset ICB - 11J,E54000041,NHS Dorset Integrated Care Board,E40000006,South West,MAY2023,Unknown,Other Practice staff,Telephone,15  to 21 Days,203
11J,E38000045,NHS Dorset ICB - 11J,E54000041,NHS Dorset Integrated Care Board,E40000006,South West,MAY2023,Unknown,Other Practice staff,Telephone,2 to 7 Days,326
11J,E38000045,NHS Dorset ICB - 11J,E54000041,NHS Dorset Integrated Care Board,E40000006,South West,MAY2023,Unknown,Other Practice staff,Telephone,22  to 28 Days,182
11J,E38000045,NHS Dorset ICB - 11J,E54000041,NHS Dorset Integrated Care Board,E40000006,South West,MAY2023,Unknown,Other Practice staff,Telephone,8  to 14 Days,259
11J,E38000045,NHS Dorset ICB - 11J,E54000041,NHS Dorset Integrated Care Board,E40000006,South West,MAY2023,Unknown,Other Practice staff,Telephone,More than 28 Days,184
11J,E38000045,NHS Dorset ICB - 11J,E54000041,NHS Dorset Integrated Care Board,E40000006,South West,MAY2023,Unknown,Other Practice staff,Telephone,Same Day,192
11J,E38000045,NHS Dorset ICB - 11J,E54000041,NHS Dorset Integrated Care Board,E40000006,South West,MAY2023,Unknown,Other Practice staff,Unknown,1 Day,6
11J,E38000045,NHS Dorset ICB - 11J,E54000041,NHS Dorset Integrated Care Board,E40000006,South West,MAY2023,Unknown,Other Practice staff,Unknown,15  to 21 Days,191
11J,E38000045,NHS Dorset ICB - 11J,E54000041,NHS Dorset Integrated Care Board,E40000006,South West,MAY2023,Unknown,Other Practice staff,Unknown,2 to 7 Days,97
11J,E38000045,NHS Dorset ICB - 11J,E54000041,NHS Dorset Integrated Care Board,E40000006,South West,MAY2023,Unknown,Other Practice staff,Unknown,22  to 28 Days,134
11J,E38000045,NHS Dorset ICB - 11J,E54000041,NHS Dorset Integrated Care Board,E40000006,South West,MAY2023,Unknown,Other Practice staff,Unknown,8  to 14 Days,143
11J,E38000045,NHS Dorset ICB - 11J,E54000041,NHS Dorset Integrated Care Board,E40000006,South West,MAY2023,Unknown,Other Practice staff,Unknown,More than 28 Days,158
11J,E38000045,NHS Dorset ICB - 11J,E54000041,NHS Dorset Integrated Care Board,E40000006,South West,MAY2023,Unknown,Other Practice staff,Unknown,Same Day,1
11J,E38000045,NHS Dorset ICB - 11J,E54000041,NHS Dorset Integrated Care Board,E40000006,South West,MAY2023,Unknown,Other Practice staff,Video/Online,1 Day,16
11J,E38000045,NHS Dorset ICB - 11J,E54000041,NHS Dorset Integrated Care Board,E40000006,South West,MAY2023,Unknown,Other Practice staff,Video/Online,15  to 21 Days,25
11J,E38000045,NHS Dorset ICB - 11J,E54000041,NHS Dorset Integrated Care Board,E40000006,South West,MAY2023,Unknown,Other Practice staff,Video/Online,2 to 7 Days,69
11J,E38000045,NHS Dorset ICB - 11J,E54000041,NHS Dorset Integrated Care Board,E40000006,South West,MAY2023,Unknown,Other Practice staff,Video/Online,22  to 28 Days,23
11J,E38000045,NHS Dorset ICB - 11J,E54000041,NHS Dorset Integrated Care Board,E40000006,South West,MAY2023,Unknown,Other Practice staff,Video/Online,8  to 14 Days,37
11J,E38000045,NHS Dorset ICB - 11J,E54000041,NHS Dorset Integrated Care Board,E40000006,South West,MAY2023,Unknown,Other Practice staff,Video/Online,More than 28 Days,18
11J,E38000045,NHS Dorset ICB - 11J,E54000041,NHS Dorset Integrated Care Board,E40000006,South West,MAY2023,Unknown,Other Practice staff,Video/Online,Same Day,9
11J,E38000045,NHS Dorset ICB - 11J,E54000041,NHS Dorset Integrated Care Board,E40000006,South West,MAY2023,Unknown,Other Practice staff,Video/Online,Unknown / Data Quality,2
11J,E38000045,NHS Dorset ICB - 11J,E54000041,NHS Dorset Integrated Care Board,E40000006,South West,MAY2023,Unknown,Unknown,Unknown,1 Day,31
11J,E38000045,NHS Dorset ICB - 11J,E54000041,NHS Dorset Integrated Care Board,E40000006,South West,MAY2023,Unknown,Unknown,Unknown,15  to 21 Days,166
11J,E38000045,NHS Dorset ICB - 11J,E54000041,NHS Dorset Integrated Care Board,E40000006,South West,MAY2023,Unknown,Unknown,Unknown,2 to 7 Days,151
11J,E38000045,NHS Dorset ICB - 11J,E54000041,NHS Dorset Integrated Care Board,E40000006,South West,MAY2023,Unknown,Unknown,Unknown,22  to 28 Days,129
11J,E38000045,NHS Dorset ICB - 11J,E54000041,NHS Dorset Integrated Care Board,E40000006,South West,MAY2023,Unknown,Unknown,Unknown,8  to 14 Days,194
11J,E38000045,NHS Dorset ICB - 11J,E54000041,NHS Dorset Integrated Care Board,E40000006,South West,MAY2023,Unknown,Unknown,Unknown,More than 28 Days,181
11J,E38000045,NHS Dorset ICB - 11J,E54000041,NHS Dorset Integrated Care Board,E40000006,South West,MAY2023,Unknown,Unknown,Unknown,Same Day,60
11J,E38000045,NHS Dorset ICB - 11J,E54000041,NHS Dorset Integrated Care Board,E40000006,South West,MAY2023,Unknown,Unknown,Unknown,Unknown / Data Quality,1
11J,E38000045,NHS Dorset ICB - 11J,E54000041,NHS Dorset Integrated Care Board,E40000006,South West,JUN2023,Attended,GP,Face-to-Face,1 Day,9437
11J,E38000045,NHS Dorset ICB - 11J,E54000041,NHS Dorset Integrated Care Board,E40000006,South West,JUN2023,Attended,GP,Face-to-Face,15  to 21 Days,10041
11J,E38000045,NHS Dorset ICB - 11J,E54000041,NHS Dorset Integrated Care Board,E40000006,South West,JUN2023,Attended,GP,Face-to-Face,2 to 7 Days,18274
11J,E38000045,NHS Dorset ICB - 11J,E54000041,NHS Dorset Integrated Care Board,E40000006,South West,JUN2023,Attended,GP,Face-to-Face,22  to 28 Days,7432
11J,E38000045,NHS Dorset ICB - 11J,E54000041,NHS Dorset Integrated Care Board,E40000006,South West,JUN2023,Attended,GP,Face-to-Face,8  to 14 Days,12664
11J,E38000045,NHS Dorset ICB - 11J,E54000041,NHS Dorset Integrated Care Board,E40000006,South West,JUN2023,Attended,GP,Face-to-Face,More than 28 Days,8603
11J,E38000045,NHS Dorset ICB - 11J,E54000041,NHS Dorset Integrated Care Board,E40000006,South West,JUN2023,Attended,GP,Face-to-Face,Same Day,56032
11J,E38000045,NHS Dorset ICB - 11J,E54000041,NHS Dorset Integrated Care Board,E40000006,South West,JUN2023,Attended,GP,Face-to-Face,Unknown / Data Quality,18
11J,E38000045,NHS Dorset ICB - 11J,E54000041,NHS Dorset Integrated Care Board,E40000006,South West,JUN2023,Attended,GP,Home Visit,1 Day,26
11J,E38000045,NHS Dorset ICB - 11J,E54000041,NHS Dorset Integrated Care Board,E40000006,South West,JUN2023,Attended,GP,Home Visit,15  to 21 Days,3
11J,E38000045,NHS Dorset ICB - 11J,E54000041,NHS Dorset Integrated Care Board,E40000006,South West,JUN2023,Attended,GP,Home Visit,2 to 7 Days,76
11J,E38000045,NHS Dorset ICB - 11J,E54000041,NHS Dorset Integrated Care Board,E40000006,South West,JUN2023,Attended,GP,Home Visit,22  to 28 Days,53
11J,E38000045,NHS Dorset ICB - 11J,E54000041,NHS Dorset Integrated Care Board,E40000006,South West,JUN2023,Attended,GP,Home Visit,8  to 14 Days,15
11J,E38000045,NHS Dorset ICB - 11J,E54000041,NHS Dorset Integrated Care Board,E40000006,South West,JUN2023,Attended,GP,Home Visit,More than 28 Days,95
11J,E38000045,NHS Dorset ICB - 11J,E54000041,NHS Dorset Integrated Care Board,E40000006,South West,JUN2023,Attended,GP,Home Visit,Same Day,297
11J,E38000045,NHS Dorset ICB - 11J,E54000041,NHS Dorset Integrated Care Board,E40000006,South West,JUN2023,Attended,GP,Telephone,1 Day,3208
11J,E38000045,NHS Dorset ICB - 11J,E54000041,NHS Dorset Integrated Care Board,E40000006,South West,JUN2023,Attended,GP,Telephone,15  to 21 Days,4034
11J,E38000045,NHS Dorset ICB - 11J,E54000041,NHS Dorset Integrated Care Board,E40000006,South West,JUN2023,Attended,GP,Telephone,2 to 7 Days,7003
11J,E38000045,NHS Dorset ICB - 11J,E54000041,NHS Dorset Integrated Care Board,E40000006,South West,JUN2023,Attended,GP,Telephone,22  to 28 Days,2720
11J,E38000045,NHS Dorset ICB - 11J,E54000041,NHS Dorset Integrated Care Board,E40000006,South West,JUN2023,Attended,GP,Telephone,8  to 14 Days,5037
11J,E38000045,NHS Dorset ICB - 11J,E54000041,NHS Dorset Integrated Care Board,E40000006,South West,JUN2023,Attended,GP,Telephone,More than 28 Days,2001
11J,E38000045,NHS Dorset ICB - 11J,E54000041,NHS Dorset Integrated Care Board,E40000006,South West,JUN2023,Attended,GP,Telephone,Same Day,26417
11J,E38000045,NHS Dorset ICB - 11J,E54000041,NHS Dorset Integrated Care Board,E40000006,South West,JUN2023,Attended,GP,Telephone,Unknown / Data Quality,11
11J,E38000045,NHS Dorset ICB - 11J,E54000041,NHS Dorset Integrated Care Board,E40000006,South West,JUN2023,Attended,GP,Unknown,1 Day,8
11J,E38000045,NHS Dorset ICB - 11J,E54000041,NHS Dorset Integrated Care Board,E40000006,South West,JUN2023,Attended,GP,Unknown,15  to 21 Days,12
11J,E38000045,NHS Dorset ICB - 11J,E54000041,NHS Dorset Integrated Care Board,E40000006,South West,JUN2023,Attended,GP,Unknown,2 to 7 Days,14
11J,E38000045,NHS Dorset ICB - 11J,E54000041,NHS Dorset Integrated Care Board,E40000006,South West,JUN2023,Attended,GP,Unknown,22  to 28 Days,8
11J,E38000045,NHS Dorset ICB - 11J,E54000041,NHS Dorset Integrated Care Board,E40000006,South West,JUN2023,Attended,GP,Unknown,8  to 14 Days,20
11J,E38000045,NHS Dorset ICB - 11J,E54000041,NHS Dorset Integrated Care Board,E40000006,South West,JUN2023,Attended,GP,Unknown,More than 28 Days,19
11J,E38000045,NHS Dorset ICB - 11J,E54000041,NHS Dorset Integrated Care Board,E40000006,South West,JUN2023,Attended,GP,Unknown,Same Day,18
11J,E38000045,NHS Dorset ICB - 11J,E54000041,NHS Dorset Integrated Care Board,E40000006,South West,JUN2023,Attended,GP,Video/Online,1 Day,523
11J,E38000045,NHS Dorset ICB - 11J,E54000041,NHS Dorset Integrated Care Board,E40000006,South West,JUN2023,Attended,GP,Video/Online,15  to 21 Days,51
11J,E38000045,NHS Dorset ICB - 11J,E54000041,NHS Dorset Integrated Care Board,E40000006,South West,JUN2023,Attended,GP,Video/Online,2 to 7 Days,403
11J,E38000045,NHS Dorset ICB - 11J,E54000041,NHS Dorset Integrated Care Board,E40000006,South West,JUN2023,Attended,GP,Video/Online,22  to 28 Days,25
11J,E38000045,NHS Dorset ICB - 11J,E54000041,NHS Dorset Integrated Care Board,E40000006,South West,JUN2023,Attended,GP,Video/Online,8  to 14 Days,86
11J,E38000045,NHS Dorset ICB - 11J,E54000041,NHS Dorset Integrated Care Board,E40000006,South West,JUN2023,Attended,GP,Video/Online,More than 28 Days,7
11J,E38000045,NHS Dorset ICB - 11J,E54000041,NHS Dorset Integrated Care Board,E40000006,South West,JUN2023,Attended,GP,Video/Online,Same Day,3295
11J,E38000045,NHS Dorset ICB - 11J,E54000041,NHS Dorset Integrated Care Board,E40000006,South West,JUN2023,Attended,GP,Video/Online,Unknown / Data Quality,2
11J,E38000045,NHS Dorset ICB - 11J,E54000041,NHS Dorset Integrated Care Board,E40000006,South West,JUN2023,Attended,Other Practice staff,Face-to-Face,1 Day,11118
11J,E38000045,NHS Dorset ICB - 11J,E54000041,NHS Dorset Integrated Care Board,E40000006,South West,JUN2023,Attended,Other Practice staff,Face-to-Face,15  to 21 Days,20083
11J,E38000045,NHS Dorset ICB - 11J,E54000041,NHS Dorset Integrated Care Board,E40000006,South West,JUN2023,Attended,Other Practice staff,Face-to-Face,2 to 7 Days,31030
11J,E38000045,NHS Dorset ICB - 11J,E54000041,NHS Dorset Integrated Care Board,E40000006,South West,JUN2023,Attended,Other Practice staff,Face-to-Face,22  to 28 Days,14677
11J,E38000045,NHS Dorset ICB - 11J,E54000041,NHS Dorset Integrated Care Board,E40000006,South West,JUN2023,Attended,Other Practice staff,Face-to-Face,8  to 14 Days,27759
11J,E38000045,NHS Dorset ICB - 11J,E54000041,NHS Dorset Integrated Care Board,E40000006,South West,JUN2023,Attended,Other Practice staff,Face-to-Face,More than 28 Days,15769
11J,E38000045,NHS Dorset ICB - 11J,E54000041,NHS Dorset Integrated Care Board,E40000006,South West,JUN2023,Attended,Other Practice staff,Face-to-Face,Same Day,41986
11J,E38000045,NHS Dorset ICB - 11J,E54000041,NHS Dorset Integrated Care Board,E40000006,South West,JUN2023,Attended,Other Practice staff,Face-to-Face,Unknown / Data Quality,46
11J,E38000045,NHS Dorset ICB - 11J,E54000041,NHS Dorset Integrated Care Board,E40000006,South West,JUN2023,Attended,Other Practice staff,Home Visit,1 Day,305
11J,E38000045,NHS Dorset ICB - 11J,E54000041,NHS Dorset Integrated Care Board,E40000006,South West,JUN2023,Attended,Other Practice staff,Home Visit,15  to 21 Days,112
11J,E38000045,NHS Dorset ICB - 11J,E54000041,NHS Dorset Integrated Care Board,E40000006,South West,JUN2023,Attended,Other Practice staff,Home Visit,2 to 7 Days,691
11J,E38000045,NHS Dorset ICB - 11J,E54000041,NHS Dorset Integrated Care Board,E40000006,South West,JUN2023,Attended,Other Practice staff,Home Visit,22  to 28 Days,91
11J,E38000045,NHS Dorset ICB - 11J,E54000041,NHS Dorset Integrated Care Board,E40000006,South West,JUN2023,Attended,Other Practice staff,Home Visit,8  to 14 Days,257
11J,E38000045,NHS Dorset ICB - 11J,E54000041,NHS Dorset Integrated Care Board,E40000006,South West,JUN2023,Attended,Other Practice staff,Home Visit,More than 28 Days,97
11J,E38000045,NHS Dorset ICB - 11J,E54000041,NHS Dorset Integrated Care Board,E40000006,South West,JUN2023,Attended,Other Practice staff,Home Visit,Same Day,1137
11J,E38000045,NHS Dorset ICB - 11J,E54000041,NHS Dorset Integrated Care Board,E40000006,South West,JUN2023,Attended,Other Practice staff,Home Visit,Unknown / Data Quality,8
11J,E38000045,NHS Dorset ICB - 11J,E54000041,NHS Dorset Integrated Care Board,E40000006,South West,JUN2023,Attended,Other Practice staff,Telephone,1 Day,2283
11J,E38000045,NHS Dorset ICB - 11J,E54000041,NHS Dorset Integrated Care Board,E40000006,South West,JUN2023,Attended,Other Practice staff,Telephone,15  to 21 Days,1530
11J,E38000045,NHS Dorset ICB - 11J,E54000041,NHS Dorset Integrated Care Board,E40000006,South West,JUN2023,Attended,Other Practice staff,Telephone,2 to 7 Days,3877
11J,E38000045,NHS Dorset ICB - 11J,E54000041,NHS Dorset Integrated Care Board,E40000006,South West,JUN2023,Attended,Other Practice staff,Telephone,22  to 28 Days,1060
11J,E38000045,NHS Dorset ICB - 11J,E54000041,NHS Dorset Integrated Care Board,E40000006,South West,JUN2023,Attended,Other Practice staff,Telephone,8  to 14 Days,2396
11J,E38000045,NHS Dorset ICB - 11J,E54000041,NHS Dorset Integrated Care Board,E40000006,South West,JUN2023,Attended,Other Practice staff,Telephone,More than 28 Days,1106
11J,E38000045,NHS Dorset ICB - 11J,E54000041,NHS Dorset Integrated Care Board,E40000006,South West,JUN2023,Attended,Other Practice staff,Telephone,Same Day,15055
11J,E38000045,NHS Dorset ICB - 11J,E54000041,NHS Dorset Integrated Care Board,E40000006,South West,JUN2023,Attended,Other Practice staff,Telephone,Unknown / Data Quality,13
11J,E38000045,NHS Dorset ICB - 11J,E54000041,NHS Dorset Integrated Care Board,E40000006,South West,JUN2023,Attended,Other Practice staff,Unknown,1 Day,28
11J,E38000045,NHS Dorset ICB - 11J,E54000041,NHS Dorset Integrated Care Board,E40000006,South West,JUN2023,Attended,Other Practice staff,Unknown,15  to 21 Days,38
11J,E38000045,NHS Dorset ICB - 11J,E54000041,NHS Dorset Integrated Care Board,E40000006,South West,JUN2023,Attended,Other Practice staff,Unknown,2 to 7 Days,163
11J,E38000045,NHS Dorset ICB - 11J,E54000041,NHS Dorset Integrated Care Board,E40000006,South West,JUN2023,Attended,Other Practice staff,Unknown,22  to 28 Days,37
11J,E38000045,NHS Dorset ICB - 11J,E54000041,NHS Dorset Integrated Care Board,E40000006,South West,JUN2023,Attended,Other Practice staff,Unknown,8  to 14 Days,57
11J,E38000045,NHS Dorset ICB - 11J,E54000041,NHS Dorset Integrated Care Board,E40000006,South West,JUN2023,Attended,Other Practice staff,Unknown,More than 28 Days,67
11J,E38000045,NHS Dorset ICB - 11J,E54000041,NHS Dorset Integrated Care Board,E40000006,South West,JUN2023,Attended,Other Practice staff,Unknown,Same Day,77
11J,E38000045,NHS Dorset ICB - 11J,E54000041,NHS Dorset Integrated Care Board,E40000006,South West,JUN2023,Attended,Other Practice staff,Video/Online,1 Day,536
11J,E38000045,NHS Dorset ICB - 11J,E54000041,NHS Dorset Integrated Care Board,E40000006,South West,JUN2023,Attended,Other Practice staff,Video/Online,15  to 21 Days,148
11J,E38000045,NHS Dorset ICB - 11J,E54000041,NHS Dorset Integrated Care Board,E40000006,South West,JUN2023,Attended,Other Practice staff,Video/Online,2 to 7 Days,500
11J,E38000045,NHS Dorset ICB - 11J,E54000041,NHS Dorset Integrated Care Board,E40000006,South West,JUN2023,Attended,Other Practice staff,Video/Online,22  to 28 Days,88
11J,E38000045,NHS Dorset ICB - 11J,E54000041,NHS Dorset Integrated Care Board,E40000006,South West,JUN2023,Attended,Other Practice staff,Video/Online,8  to 14 Days,197
11J,E38000045,NHS Dorset ICB - 11J,E54000041,NHS Dorset Integrated Care Board,E40000006,South West,JUN2023,Attended,Other Practice staff,Video/Online,More than 28 Days,110
11J,E38000045,NHS Dorset ICB - 11J,E54000041,NHS Dorset Integrated Care Board,E40000006,South West,JUN2023,Attended,Other Practice staff,Video/Online,Same Day,1857
11J,E38000045,NHS Dorset ICB - 11J,E54000041,NHS Dorset Integrated Care Board,E40000006,South West,JUN2023,Attended,Unknown,Unknown,1 Day,1042
11J,E38000045,NHS Dorset ICB - 11J,E54000041,NHS Dorset Integrated Care Board,E40000006,South West,JUN2023,Attended,Unknown,Unknown,15  to 21 Days,327
11J,E38000045,NHS Dorset ICB - 11J,E54000041,NHS Dorset Integrated Care Board,E40000006,South West,JUN2023,Attended,Unknown,Unknown,2 to 7 Days,1980
11J,E38000045,NHS Dorset ICB - 11J,E54000041,NHS Dorset Integrated Care Board,E40000006,South West,JUN2023,Attended,Unknown,Unknown,22  to 28 Days,169
11J,E38000045,NHS Dorset ICB - 11J,E54000041,NHS Dorset Integrated Care Board,E40000006,South West,JUN2023,Attended,Unknown,Unknown,8  to 14 Days,717
11J,E38000045,NHS Dorset ICB - 11J,E54000041,NHS Dorset Integrated Care Board,E40000006,South West,JUN2023,Attended,Unknown,Unknown,More than 28 Days,176
11J,E38000045,NHS Dorset ICB - 11J,E54000041,NHS Dorset Integrated Care Board,E40000006,South West,JUN2023,Attended,Unknown,Unknown,Same Day,8388
11J,E38000045,NHS Dorset ICB - 11J,E54000041,NHS Dorset Integrated Care Board,E40000006,South West,JUN2023,Attended,Unknown,Unknown,Unknown / Data Quality,13
11J,E38000045,NHS Dorset ICB - 11J,E54000041,NHS Dorset Integrated Care Board,E40000006,South West,JUN2023,DNA,GP,Face-to-Face,1 Day,235
11J,E38000045,NHS Dorset ICB - 11J,E54000041,NHS Dorset Integrated Care Board,E40000006,South West,JUN2023,DNA,GP,Face-to-Face,15  to 21 Days,537
11J,E38000045,NHS Dorset ICB - 11J,E54000041,NHS Dorset Integrated Care Board,E40000006,South West,JUN2023,DNA,GP,Face-to-Face,2 to 7 Days,721
11J,E38000045,NHS Dorset ICB - 11J,E54000041,NHS Dorset Integrated Care Board,E40000006,South West,JUN2023,DNA,GP,Face-to-Face,22  to 28 Days,448
11J,E38000045,NHS Dorset ICB - 11J,E54000041,NHS Dorset Integrated Care Board,E40000006,South West,JUN2023,DNA,GP,Face-to-Face,8  to 14 Days,592
11J,E38000045,NHS Dorset ICB - 11J,E54000041,NHS Dorset Integrated Care Board,E40000006,South West,JUN2023,DNA,GP,Face-to-Face,More than 28 Days,508
11J,E38000045,NHS Dorset ICB - 11J,E54000041,NHS Dorset Integrated Care Board,E40000006,South West,JUN2023,DNA,GP,Face-to-Face,Same Day,423
11J,E38000045,NHS Dorset ICB - 11J,E54000041,NHS Dorset Integrated Care Board,E40000006,South West,JUN2023,DNA,GP,Home Visit,15  to 21 Days,13
11J,E38000045,NHS Dorset ICB - 11J,E54000041,NHS Dorset Integrated Care Board,E40000006,South West,JUN2023,DNA,GP,Home Visit,2 to 7 Days,2
11J,E38000045,NHS Dorset ICB - 11J,E54000041,NHS Dorset Integrated Care Board,E40000006,South West,JUN2023,DNA,GP,Home Visit,8  to 14 Days,1
11J,E38000045,NHS Dorset ICB - 11J,E54000041,NHS Dorset Integrated Care Board,E40000006,South West,JUN2023,DNA,GP,Home Visit,Same Day,8
11J,E38000045,NHS Dorset ICB - 11J,E54000041,NHS Dorset Integrated Care Board,E40000006,South West,JUN2023,DNA,GP,Telephone,1 Day,14
11J,E38000045,NHS Dorset ICB - 11J,E54000041,NHS Dorset Integrated Care Board,E40000006,South West,JUN2023,DNA,GP,Telephone,15  to 21 Days,43
11J,E38000045,NHS Dorset ICB - 11J,E54000041,NHS Dorset Integrated Care Board,E40000006,South West,JUN2023,DNA,GP,Telephone,2 to 7 Days,33
11J,E38000045,NHS Dorset ICB - 11J,E54000041,NHS Dorset Integrated Care Board,E40000006,South West,JUN2023,DNA,GP,Telephone,22  to 28 Days,24
11J,E38000045,NHS Dorset ICB - 11J,E54000041,NHS Dorset Integrated Care Board,E40000006,South West,JUN2023,DNA,GP,Telephone,8  to 14 Days,50
11J,E38000045,NHS Dorset ICB - 11J,E54000041,NHS Dorset Integrated Care Board,E40000006,South West,JUN2023,DNA,GP,Telephone,More than 28 Days,24
11J,E38000045,NHS Dorset ICB - 11J,E54000041,NHS Dorset Integrated Care Board,E40000006,South West,JUN2023,DNA,GP,Telephone,Same Day,44
11J,E38000045,NHS Dorset ICB - 11J,E54000041,NHS Dorset Integrated Care Board,E40000006,South West,JUN2023,DNA,GP,Unknown,15  to 21 Days,1
11J,E38000045,NHS Dorset ICB - 11J,E54000041,NHS Dorset Integrated Care Board,E40000006,South West,JUN2023,DNA,GP,Unknown,22  to 28 Days,1
11J,E38000045,NHS Dorset ICB - 11J,E54000041,NHS Dorset Integrated Care Board,E40000006,South West,JUN2023,DNA,GP,Unknown,8  to 14 Days,2
11J,E38000045,NHS Dorset ICB - 11J,E54000041,NHS Dorset Integrated Care Board,E40000006,South West,JUN2023,DNA,GP,Unknown,More than 28 Days,1
11J,E38000045,NHS Dorset ICB - 11J,E54000041,NHS Dorset Integrated Care Board,E40000006,South West,JUN2023,DNA,GP,Unknown,Same Day,1
11J,E38000045,NHS Dorset ICB - 11J,E54000041,NHS Dorset Integrated Care Board,E40000006,South West,JUN2023,DNA,GP,Video/Online,1 Day,7
11J,E38000045,NHS Dorset ICB - 11J,E54000041,NHS Dorset Integrated Care Board,E40000006,South West,JUN2023,DNA,GP,Video/Online,15  to 21 Days,3
11J,E38000045,NHS Dorset ICB - 11J,E54000041,NHS Dorset Integrated Care Board,E40000006,South West,JUN2023,DNA,GP,Video/Online,2 to 7 Days,4
11J,E38000045,NHS Dorset ICB - 11J,E54000041,NHS Dorset Integrated Care Board,E40000006,South West,JUN2023,DNA,GP,Video/Online,22  to 28 Days,1
11J,E38000045,NHS Dorset ICB - 11J,E54000041,NHS Dorset Integrated Care Board,E40000006,South West,JUN2023,DNA,GP,Video/Online,8  to 14 Days,3
11J,E38000045,NHS Dorset ICB - 11J,E54000041,NHS Dorset Integrated Care Board,E40000006,South West,JUN2023,DNA,GP,Video/Online,More than 28 Days,1
11J,E38000045,NHS Dorset ICB - 11J,E54000041,NHS Dorset Integrated Care Board,E40000006,South West,JUN2023,DNA,GP,Video/Online,Same Day,18
11J,E38000045,NHS Dorset ICB - 11J,E54000041,NHS Dorset Integrated Care Board,E40000006,South West,JUN2023,DNA,Other Practice staff,Face-to-Face,1 Day,432
11J,E38000045,NHS Dorset ICB - 11J,E54000041,NHS Dorset Integrated Care Board,E40000006,South West,JUN2023,DNA,Other Practice staff,Face-to-Face,15  to 21 Days,1533
11J,E38000045,NHS Dorset ICB - 11J,E54000041,NHS Dorset Integrated Care Board,E40000006,South West,JUN2023,DNA,Other Practice staff,Face-to-Face,2 to 7 Days,1662
11J,E38000045,NHS Dorset ICB - 11J,E54000041,NHS Dorset Integrated Care Board,E40000006,South West,JUN2023,DNA,Other Practice staff,Face-to-Face,22  to 28 Days,1316
11J,E38000045,NHS Dorset ICB - 11J,E54000041,NHS Dorset Integrated Care Board,E40000006,South West,JUN2023,DNA,Other Practice staff,Face-to-Face,8  to 14 Days,1978
11J,E38000045,NHS Dorset ICB - 11J,E54000041,NHS Dorset Integrated Care Board,E40000006,South West,JUN2023,DNA,Other Practice staff,Face-to-Face,More than 28 Days,1579
11J,E38000045,NHS Dorset ICB - 11J,E54000041,NHS Dorset Integrated Care Board,E40000006,South West,JUN2023,DNA,Other Practice staff,Face-to-Face,Same Day,688
11J,E38000045,NHS Dorset ICB - 11J,E54000041,NHS Dorset Integrated Care Board,E40000006,South West,JUN2023,DNA,Other Practice staff,Face-to-Face,Unknown / Data Quality,1
11J,E38000045,NHS Dorset ICB - 11J,E54000041,NHS Dorset Integrated Care Board,E40000006,South West,JUN2023,DNA,Other Practice staff,Home Visit,1 Day,17
11J,E38000045,NHS Dorset ICB - 11J,E54000041,NHS Dorset Integrated Care Board,E40000006,South West,JUN2023,DNA,Other Practice staff,Home Visit,15  to 21 Days,6
11J,E38000045,NHS Dorset ICB - 11J,E54000041,NHS Dorset Integrated Care Board,E40000006,South West,JUN2023,DNA,Other Practice staff,Home Visit,2 to 7 Days,17
11J,E38000045,NHS Dorset ICB - 11J,E54000041,NHS Dorset Integrated Care Board,E40000006,South West,JUN2023,DNA,Other Practice staff,Home Visit,22  to 28 Days,3
11J,E38000045,NHS Dorset ICB - 11J,E54000041,NHS Dorset Integrated Care Board,E40000006,South West,JUN2023,DNA,Other Practice staff,Home Visit,8  to 14 Days,10
11J,E38000045,NHS Dorset ICB - 11J,E54000041,NHS Dorset Integrated Care Board,E40000006,South West,JUN2023,DNA,Other Practice staff,Home Visit,More than 28 Days,19
11J,E38000045,NHS Dorset ICB - 11J,E54000041,NHS Dorset Integrated Care Board,E40000006,South West,JUN2023,DNA,Other Practice staff,Home Visit,Same Day,25
11J,E38000045,NHS Dorset ICB - 11J,E54000041,NHS Dorset Integrated Care Board,E40000006,South West,JUN2023,DNA,Other Practice staff,Telephone,1 Day,13
11J,E38000045,NHS Dorset ICB - 11J,E54000041,NHS Dorset Integrated Care Board,E40000006,South West,JUN2023,DNA,Other Practice staff,Telephone,15  to 21 Days,30
11J,E38000045,NHS Dorset ICB - 11J,E54000041,NHS Dorset Integrated Care Board,E40000006,South West,JUN2023,DNA,Other Practice staff,Telephone,2 to 7 Days,46
11J,E38000045,NHS Dorset ICB - 11J,E54000041,NHS Dorset Integrated Care Board,E40000006,South West,JUN2023,DNA,Other Practice staff,Telephone,22  to 28 Days,23
11J,E38000045,NHS Dorset ICB - 11J,E54000041,NHS Dorset Integrated Care Board,E40000006,South West,JUN2023,DNA,Other Practice staff,Telephone,8  to 14 Days,47
11J,E38000045,NHS Dorset ICB - 11J,E54000041,NHS Dorset Integrated Care Board,E40000006,South West,JUN2023,DNA,Other Practice staff,Telephone,More than 28 Days,34
11J,E38000045,NHS Dorset ICB - 11J,E54000041,NHS Dorset Integrated Care Board,E40000006,South West,JUN2023,DNA,Other Practice staff,Telephone,Same Day,28
11J,E38000045,NHS Dorset ICB - 11J,E54000041,NHS Dorset Integrated Care Board,E40000006,South West,JUN2023,DNA,Other Practice staff,Unknown,1 Day,4
11J,E38000045,NHS Dorset ICB - 11J,E54000041,NHS Dorset Integrated Care Board,E40000006,South West,JUN2023,DNA,Other Practice staff,Unknown,15  to 21 Days,5
11J,E38000045,NHS Dorset ICB - 11J,E54000041,NHS Dorset Integrated Care Board,E40000006,South West,JUN2023,DNA,Other Practice staff,Unknown,2 to 7 Days,14
11J,E38000045,NHS Dorset ICB - 11J,E54000041,NHS Dorset Integrated Care Board,E40000006,South West,JUN2023,DNA,Other Practice staff,Unknown,22  to 28 Days,7
11J,E38000045,NHS Dorset ICB - 11J,E54000041,NHS Dorset Integrated Care Board,E40000006,South West,JUN2023,DNA,Other Practice staff,Unknown,8  to 14 Days,9
11J,E38000045,NHS Dorset ICB - 11J,E54000041,NHS Dorset Integrated Care Board,E40000006,South West,JUN2023,DNA,Other Practice staff,Unknown,More than 28 Days,28
11J,E38000045,NHS Dorset ICB - 11J,E54000041,NHS Dorset Integrated Care Board,E40000006,South West,JUN2023,DNA,Other Practice staff,Unknown,Same Day,6
11J,E38000045,NHS Dorset ICB - 11J,E54000041,NHS Dorset Integrated Care Board,E40000006,South West,JUN2023,DNA,Other Practice staff,Video/Online,1 Day,14
11J,E38000045,NHS Dorset ICB - 11J,E54000041,NHS Dorset Integrated Care Board,E40000006,South West,JUN2023,DNA,Other Practice staff,Video/Online,15  to 21 Days,14
11J,E38000045,NHS Dorset ICB - 11J,E54000041,NHS Dorset Integrated Care Board,E40000006,South West,JUN2023,DNA,Other Practice staff,Video/Online,2 to 7 Days,21
11J,E38000045,NHS Dorset ICB - 11J,E54000041,NHS Dorset Integrated Care Board,E40000006,South West,JUN2023,DNA,Other Practice staff,Video/Online,22  to 28 Days,11
11J,E38000045,NHS Dorset ICB - 11J,E54000041,NHS Dorset Integrated Care Board,E40000006,South West,JUN2023,DNA,Other Practice staff,Video/Online,8  to 14 Days,7
11J,E38000045,NHS Dorset ICB - 11J,E54000041,NHS Dorset Integrated Care Board,E40000006,South West,JUN2023,DNA,Other Practice staff,Video/Online,More than 28 Days,39
11J,E38000045,NHS Dorset ICB - 11J,E54000041,NHS Dorset Integrated Care Board,E40000006,South West,JUN2023,DNA,Other Practice staff,Video/Online,Same Day,45
11J,E38000045,NHS Dorset ICB - 11J,E54000041,NHS Dorset Integrated Care Board,E40000006,South West,JUN2023,DNA,Unknown,Unknown,1 Day,22
11J,E38000045,NHS Dorset ICB - 11J,E54000041,NHS Dorset Integrated Care Board,E40000006,South West,JUN2023,DNA,Unknown,Unknown,15  to 21 Days,20
11J,E38000045,NHS Dorset ICB - 11J,E54000041,NHS Dorset Integrated Care Board,E40000006,South West,JUN2023,DNA,Unknown,Unknown,2 to 7 Days,54
11J,E38000045,NHS Dorset ICB - 11J,E54000041,NHS Dorset Integrated Care Board,E40000006,South West,JUN2023,DNA,Unknown,Unknown,22  to 28 Days,10
11J,E38000045,NHS Dorset ICB - 11J,E54000041,NHS Dorset Integrated Care Board,E40000006,South West,JUN2023,DNA,Unknown,Unknown,8  to 14 Days,47
11J,E38000045,NHS Dorset ICB - 11J,E54000041,NHS Dorset Integrated Care Board,E40000006,South West,JUN2023,DNA,Unknown,Unknown,More than 28 Days,14
11J,E38000045,NHS Dorset ICB - 11J,E54000041,NHS Dorset Integrated Care Board,E40000006,South West,JUN2023,DNA,Unknown,Unknown,Same Day,50
11J,E38000045,NHS Dorset ICB - 11J,E54000041,NHS Dorset Integrated Care Board,E40000006,South West,JUN2023,Unknown,GP,Face-to-Face,1 Day,148
11J,E38000045,NHS Dorset ICB - 11J,E54000041,NHS Dorset Integrated Care Board,E40000006,South West,JUN2023,Unknown,GP,Face-to-Face,15  to 21 Days,770
11J,E38000045,NHS Dorset ICB - 11J,E54000041,NHS Dorset Integrated Care Board,E40000006,South West,JUN2023,Unknown,GP,Face-to-Face,2 to 7 Days,605
11J,E38000045,NHS Dorset ICB - 11J,E54000041,NHS Dorset Integrated Care Board,E40000006,South West,JUN2023,Unknown,GP,Face-to-Face,22  to 28 Days,668
11J,E38000045,NHS Dorset ICB - 11J,E54000041,NHS Dorset Integrated Care Board,E40000006,South West,JUN2023,Unknown,GP,Face-to-Face,8  to 14 Days,827
11J,E38000045,NHS Dorset ICB - 11J,E54000041,NHS Dorset Integrated Care Board,E40000006,South West,JUN2023,Unknown,GP,Face-to-Face,More than 28 Days,1017
11J,E38000045,NHS Dorset ICB - 11J,E54000041,NHS Dorset Integrated Care Board,E40000006,South West,JUN2023,Unknown,GP,Face-to-Face,Same Day,304
11J,E38000045,NHS Dorset ICB - 11J,E54000041,NHS Dorset Integrated Care Board,E40000006,South West,JUN2023,Unknown,GP,Face-to-Face,Unknown / Data Quality,1
11J,E38000045,NHS Dorset ICB - 11J,E54000041,NHS Dorset Integrated Care Board,E40000006,South West,JUN2023,Unknown,GP,Home Visit,15  to 21 Days,1
11J,E38000045,NHS Dorset ICB - 11J,E54000041,NHS Dorset Integrated Care Board,E40000006,South West,JUN2023,Unknown,GP,Home Visit,2 to 7 Days,3
11J,E38000045,NHS Dorset ICB - 11J,E54000041,NHS Dorset Integrated Care Board,E40000006,South West,JUN2023,Unknown,GP,Home Visit,22  to 28 Days,1
11J,E38000045,NHS Dorset ICB - 11J,E54000041,NHS Dorset Integrated Care Board,E40000006,South West,JUN2023,Unknown,GP,Home Visit,8  to 14 Days,2
11J,E38000045,NHS Dorset ICB - 11J,E54000041,NHS Dorset Integrated Care Board,E40000006,South West,JUN2023,Unknown,GP,Home Visit,Same Day,2
11J,E38000045,NHS Dorset ICB - 11J,E54000041,NHS Dorset Integrated Care Board,E40000006,South West,JUN2023,Unknown,GP,Telephone,1 Day,47
11J,E38000045,NHS Dorset ICB - 11J,E54000041,NHS Dorset Integrated Care Board,E40000006,South West,JUN2023,Unknown,GP,Telephone,15  to 21 Days,279
11J,E38000045,NHS Dorset ICB - 11J,E54000041,NHS Dorset Integrated Care Board,E40000006,South West,JUN2023,Unknown,GP,Telephone,2 to 7 Days,235
11J,E38000045,NHS Dorset ICB - 11J,E54000041,NHS Dorset Integrated Care Board,E40000006,South West,JUN2023,Unknown,GP,Telephone,22  to 28 Days,273
11J,E38000045,NHS Dorset ICB - 11J,E54000041,NHS Dorset Integrated Care Board,E40000006,South West,JUN2023,Unknown,GP,Telephone,8  to 14 Days,287
11J,E38000045,NHS Dorset ICB - 11J,E54000041,NHS Dorset Integrated Care Board,E40000006,South West,JUN2023,Unknown,GP,Telephone,More than 28 Days,335
11J,E38000045,NHS Dorset ICB - 11J,E54000041,NHS Dorset Integrated Care Board,E40000006,South West,JUN2023,Unknown,GP,Telephone,Same Day,86
11J,E38000045,NHS Dorset ICB - 11J,E54000041,NHS Dorset Integrated Care Board,E40000006,South West,JUN2023,Unknown,GP,Unknown,1 Day,3
11J,E38000045,NHS Dorset ICB - 11J,E54000041,NHS Dorset Integrated Care Board,E40000006,South West,JUN2023,Unknown,GP,Unknown,15  to 21 Days,66
11J,E38000045,NHS Dorset ICB - 11J,E54000041,NHS Dorset Integrated Care Board,E40000006,South West,JUN2023,Unknown,GP,Unknown,2 to 7 Days,20
11J,E38000045,NHS Dorset ICB - 11J,E54000041,NHS Dorset Integrated Care Board,E40000006,South West,JUN2023,Unknown,GP,Unknown,22  to 28 Days,35
11J,E38000045,NHS Dorset ICB - 11J,E54000041,NHS Dorset Integrated Care Board,E40000006,South West,JUN2023,Unknown,GP,Unknown,8  to 14 Days,50
11J,E38000045,NHS Dorset ICB - 11J,E54000041,NHS Dorset Integrated Care Board,E40000006,South West,JUN2023,Unknown,GP,Unknown,More than 28 Days,42
11J,E38000045,NHS Dorset ICB - 11J,E54000041,NHS Dorset Integrated Care Board,E40000006,South West,JUN2023,Unknown,GP,Unknown,Same Day,3
11J,E38000045,NHS Dorset ICB - 11J,E54000041,NHS Dorset Integrated Care Board,E40000006,South West,JUN2023,Unknown,GP,Video/Online,1 Day,6
11J,E38000045,NHS Dorset ICB - 11J,E54000041,NHS Dorset Integrated Care Board,E40000006,South West,JUN2023,Unknown,GP,Video/Online,15  to 21 Days,5
11J,E38000045,NHS Dorset ICB - 11J,E54000041,NHS Dorset Integrated Care Board,E40000006,South West,JUN2023,Unknown,GP,Video/Online,2 to 7 Days,30
11J,E38000045,NHS Dorset ICB - 11J,E54000041,NHS Dorset Integrated Care Board,E40000006,South West,JUN2023,Unknown,GP,Video/Online,22  to 28 Days,2
11J,E38000045,NHS Dorset ICB - 11J,E54000041,NHS Dorset Integrated Care Board,E40000006,South West,JUN2023,Unknown,GP,Video/Online,8  to 14 Days,11
11J,E38000045,NHS Dorset ICB - 11J,E54000041,NHS Dorset Integrated Care Board,E40000006,South West,JUN2023,Unknown,GP,Video/Online,More than 28 Days,3
11J,E38000045,NHS Dorset ICB - 11J,E54000041,NHS Dorset Integrated Care Board,E40000006,South West,JUN2023,Unknown,GP,Video/Online,Same Day,25
11J,E38000045,NHS Dorset ICB - 11J,E54000041,NHS Dorset Integrated Care Board,E40000006,South West,JUN2023,Unknown,GP,Video/Online,Unknown / Data Quality,1
11J,E38000045,NHS Dorset ICB - 11J,E54000041,NHS Dorset Integrated Care Board,E40000006,South West,JUN2023,Unknown,Other Practice staff,Face-to-Face,1 Day,273
11J,E38000045,NHS Dorset ICB - 11J,E54000041,NHS Dorset Integrated Care Board,E40000006,South West,JUN2023,Unknown,Other Practice staff,Face-to-Face,15  to 21 Days,2307
11J,E38000045,NHS Dorset ICB - 11J,E54000041,NHS Dorset Integrated Care Board,E40000006,South West,JUN2023,Unknown,Other Practice staff,Face-to-Face,2 to 7 Days,1453
11J,E38000045,NHS Dorset ICB - 11J,E54000041,NHS Dorset Integrated Care Board,E40000006,South West,JUN2023,Unknown,Other Practice staff,Face-to-Face,22  to 28 Days,1849
11J,E38000045,NHS Dorset ICB - 11J,E54000041,NHS Dorset Integrated Care Board,E40000006,South West,JUN2023,Unknown,Other Practice staff,Face-to-Face,8  to 14 Days,2500
11J,E38000045,NHS Dorset ICB - 11J,E54000041,NHS Dorset Integrated Care Board,E40000006,South West,JUN2023,Unknown,Other Practice staff,Face-to-Face,More than 28 Days,3033
11J,E38000045,NHS Dorset ICB - 11J,E54000041,NHS Dorset Integrated Care Board,E40000006,South West,JUN2023,Unknown,Other Practice staff,Face-to-Face,Same Day,832
11J,E38000045,NHS Dorset ICB - 11J,E54000041,NHS Dorset Integrated Care Board,E40000006,South West,JUN2023,Unknown,Other Practice staff,Home Visit,1 Day,15
11J,E38000045,NHS Dorset ICB - 11J,E54000041,NHS Dorset Integrated Care Board,E40000006,South West,JUN2023,Unknown,Other Practice staff,Home Visit,15  to 21 Days,47
11J,E38000045,NHS Dorset ICB - 11J,E54000041,NHS Dorset Integrated Care Board,E40000006,South West,JUN2023,Unknown,Other Practice staff,Home Visit,2 to 7 Days,98
11J,E38000045,NHS Dorset ICB - 11J,E54000041,NHS Dorset Integrated Care Board,E40000006,South West,JUN2023,Unknown,Other Practice staff,Home Visit,22  to 28 Days,65
11J,E38000045,NHS Dorset ICB - 11J,E54000041,NHS Dorset Integrated Care Board,E40000006,South West,JUN2023,Unknown,Other Practice staff,Home Visit,8  to 14 Days,124
11J,E38000045,NHS Dorset ICB - 11J,E54000041,NHS Dorset Integrated Care Board,E40000006,South West,JUN2023,Unknown,Other Practice staff,Home Visit,More than 28 Days,54
11J,E38000045,NHS Dorset ICB - 11J,E54000041,NHS Dorset Integrated Care Board,E40000006,South West,JUN2023,Unknown,Other Practice staff,Home Visit,Same Day,6
11J,E38000045,NHS Dorset ICB - 11J,E54000041,NHS Dorset Integrated Care Board,E40000006,South West,JUN2023,Unknown,Other Practice staff,Telephone,1 Day,142
11J,E38000045,NHS Dorset ICB - 11J,E54000041,NHS Dorset Integrated Care Board,E40000006,South West,JUN2023,Unknown,Other Practice staff,Telephone,15  to 21 Days,209
11J,E38000045,NHS Dorset ICB - 11J,E54000041,NHS Dorset Integrated Care Board,E40000006,South West,JUN2023,Unknown,Other Practice staff,Telephone,2 to 7 Days,369
11J,E38000045,NHS Dorset ICB - 11J,E54000041,NHS Dorset Integrated Care Board,E40000006,South West,JUN2023,Unknown,Other Practice staff,Telephone,22  to 28 Days,170
11J,E38000045,NHS Dorset ICB - 11J,E54000041,NHS Dorset Integrated Care Board,E40000006,South West,JUN2023,Unknown,Other Practice staff,Telephone,8  to 14 Days,318
11J,E38000045,NHS Dorset ICB - 11J,E54000041,NHS Dorset Integrated Care Board,E40000006,South West,JUN2023,Unknown,Other Practice staff,Telephone,More than 28 Days,220
11J,E38000045,NHS Dorset ICB - 11J,E54000041,NHS Dorset Integrated Care Board,E40000006,South West,JUN2023,Unknown,Other Practice staff,Telephone,Same Day,243
11J,E38000045,NHS Dorset ICB - 11J,E54000041,NHS Dorset Integrated Care Board,E40000006,South West,JUN2023,Unknown,Other Practice staff,Unknown,1 Day,12
11J,E38000045,NHS Dorset ICB - 11J,E54000041,NHS Dorset Integrated Care Board,E40000006,South West,JUN2023,Unknown,Other Practice staff,Unknown,15  to 21 Days,141
11J,E38000045,NHS Dorset ICB - 11J,E54000041,NHS Dorset Integrated Care Board,E40000006,South West,JUN2023,Unknown,Other Practice staff,Unknown,2 to 7 Days,102
11J,E38000045,NHS Dorset ICB - 11J,E54000041,NHS Dorset Integrated Care Board,E40000006,South West,JUN2023,Unknown,Other Practice staff,Unknown,22  to 28 Days,114
11J,E38000045,NHS Dorset ICB - 11J,E54000041,NHS Dorset Integrated Care Board,E40000006,South West,JUN2023,Unknown,Other Practice staff,Unknown,8  to 14 Days,127
11J,E38000045,NHS Dorset ICB - 11J,E54000041,NHS Dorset Integrated Care Board,E40000006,South West,JUN2023,Unknown,Other Practice staff,Unknown,More than 28 Days,216
11J,E38000045,NHS Dorset ICB - 11J,E54000041,NHS Dorset Integrated Care Board,E40000006,South West,JUN2023,Unknown,Other Practice staff,Unknown,Same Day,3
11J,E38000045,NHS Dorset ICB - 11J,E54000041,NHS Dorset Integrated Care Board,E40000006,South West,JUN2023,Unknown,Other Practice staff,Video/Online,1 Day,24
11J,E38000045,NHS Dorset ICB - 11J,E54000041,NHS Dorset Integrated Care Board,E40000006,South West,JUN2023,Unknown,Other Practice staff,Video/Online,15  to 21 Days,39
11J,E38000045,NHS Dorset ICB - 11J,E54000041,NHS Dorset Integrated Care Board,E40000006,South West,JUN2023,Unknown,Other Practice staff,Video/Online,2 to 7 Days,45
11J,E38000045,NHS Dorset ICB - 11J,E54000041,NHS Dorset Integrated Care Board,E40000006,South West,JUN2023,Unknown,Other Practice staff,Video/Online,22  to 28 Days,20
11J,E38000045,NHS Dorset ICB - 11J,E54000041,NHS Dorset Integrated Care Board,E40000006,South West,JUN2023,Unknown,Other Practice staff,Video/Online,8  to 14 Days,35
11J,E38000045,NHS Dorset ICB - 11J,E54000041,NHS Dorset Integrated Care Board,E40000006,South West,JUN2023,Unknown,Other Practice staff,Video/Online,More than 28 Days,36
11J,E38000045,NHS Dorset ICB - 11J,E54000041,NHS Dorset Integrated Care Board,E40000006,South West,JUN2023,Unknown,Other Practice staff,Video/Online,Same Day,22
11J,E38000045,NHS Dorset ICB - 11J,E54000041,NHS Dorset Integrated Care Board,E40000006,South West,JUN2023,Unknown,Unknown,Unknown,1 Day,62
11J,E38000045,NHS Dorset ICB - 11J,E54000041,NHS Dorset Integrated Care Board,E40000006,South West,JUN2023,Unknown,Unknown,Unknown,15  to 21 Days,151
11J,E38000045,NHS Dorset ICB - 11J,E54000041,NHS Dorset Integrated Care Board,E40000006,South West,JUN2023,Unknown,Unknown,Unknown,2 to 7 Days,154
11J,E38000045,NHS Dorset ICB - 11J,E54000041,NHS Dorset Integrated Care Board,E40000006,South West,JUN2023,Unknown,Unknown,Unknown,22  to 28 Days,117
11J,E38000045,NHS Dorset ICB - 11J,E54000041,NHS Dorset Integrated Care Board,E40000006,South West,JUN2023,Unknown,Unknown,Unknown,8  to 14 Days,171
11J,E38000045,NHS Dorset ICB - 11J,E54000041,NHS Dorset Integrated Care Board,E40000006,South West,JUN2023,Unknown,Unknown,Unknown,More than 28 Days,186
11J,E38000045,NHS Dorset ICB - 11J,E54000041,NHS Dorset Integrated Care Board,E40000006,South West,JUN2023,Unknown,Unknown,Unknown,Same Day,64
11J,E38000045,NHS Dorset ICB - 11J,E54000041,NHS Dorset Integrated Care Board,E40000006,South West,JUN2023,Unknown,Unknown,Unknown,Unknown / Data Quality,1
11J,E38000045,NHS Dorset ICB - 11J,E54000041,NHS Dorset Integrated Care Board,E40000006,South West,JUL2023,Attended,GP,Face-to-Face,1 Day,8575
11J,E38000045,NHS Dorset ICB - 11J,E54000041,NHS Dorset Integrated Care Board,E40000006,South West,JUL2023,Attended,GP,Face-to-Face,15  to 21 Days,9448
11J,E38000045,NHS Dorset ICB - 11J,E54000041,NHS Dorset Integrated Care Board,E40000006,South West,JUL2023,Attended,GP,Face-to-Face,2 to 7 Days,18059
11J,E38000045,NHS Dorset ICB - 11J,E54000041,NHS Dorset Integrated Care Board,E40000006,South West,JUL2023,Attended,GP,Face-to-Face,22  to 28 Days,6828
11J,E38000045,NHS Dorset ICB - 11J,E54000041,NHS Dorset Integrated Care Board,E40000006,South West,JUL2023,Attended,GP,Face-to-Face,8  to 14 Days,12436
11J,E38000045,NHS Dorset ICB - 11J,E54000041,NHS Dorset Integrated Care Board,E40000006,South West,JUL2023,Attended,GP,Face-to-Face,More than 28 Days,6558
11J,E38000045,NHS Dorset ICB - 11J,E54000041,NHS Dorset Integrated Care Board,E40000006,South West,JUL2023,Attended,GP,Face-to-Face,Same Day,52291
11J,E38000045,NHS Dorset ICB - 11J,E54000041,NHS Dorset Integrated Care Board,E40000006,South West,JUL2023,Attended,GP,Face-to-Face,Unknown / Data Quality,21
11J,E38000045,NHS Dorset ICB - 11J,E54000041,NHS Dorset Integrated Care Board,E40000006,South West,JUL2023,Attended,GP,Home Visit,1 Day,32
11J,E38000045,NHS Dorset ICB - 11J,E54000041,NHS Dorset Integrated Care Board,E40000006,South West,JUL2023,Attended,GP,Home Visit,15  to 21 Days,87
11J,E38000045,NHS Dorset ICB - 11J,E54000041,NHS Dorset Integrated Care Board,E40000006,South West,JUL2023,Attended,GP,Home Visit,2 to 7 Days,73
11J,E38000045,NHS Dorset ICB - 11J,E54000041,NHS Dorset Integrated Care Board,E40000006,South West,JUL2023,Attended,GP,Home Visit,22  to 28 Days,32
11J,E38000045,NHS Dorset ICB - 11J,E54000041,NHS Dorset Integrated Care Board,E40000006,South West,JUL2023,Attended,GP,Home Visit,8  to 14 Days,21
11J,E38000045,NHS Dorset ICB - 11J,E54000041,NHS Dorset Integrated Care Board,E40000006,South West,JUL2023,Attended,GP,Home Visit,More than 28 Days,3
11J,E38000045,NHS Dorset ICB - 11J,E54000041,NHS Dorset Integrated Care Board,E40000006,South West,JUL2023,Attended,GP,Home Visit,Same Day,274
11J,E38000045,NHS Dorset ICB - 11J,E54000041,NHS Dorset Integrated Care Board,E40000006,South West,JUL2023,Attended,GP,Home Visit,Unknown / Data Quality,1
11J,E38000045,NHS Dorset ICB - 11J,E54000041,NHS Dorset Integrated Care Board,E40000006,South West,JUL2023,Attended,GP,Telephone,1 Day,2880
11J,E38000045,NHS Dorset ICB - 11J,E54000041,NHS Dorset Integrated Care Board,E40000006,South West,JUL2023,Attended,GP,Telephone,15  to 21 Days,4029
11J,E38000045,NHS Dorset ICB - 11J,E54000041,NHS Dorset Integrated Care Board,E40000006,South West,JUL2023,Attended,GP,Telephone,2 to 7 Days,7048
11J,E38000045,NHS Dorset ICB - 11J,E54000041,NHS Dorset Integrated Care Board,E40000006,South West,JUL2023,Attended,GP,Telephone,22  to 28 Days,2195
11J,E38000045,NHS Dorset ICB - 11J,E54000041,NHS Dorset Integrated Care Board,E40000006,South West,JUL2023,Attended,GP,Telephone,8  to 14 Days,5100
11J,E38000045,NHS Dorset ICB - 11J,E54000041,NHS Dorset Integrated Care Board,E40000006,South West,JUL2023,Attended,GP,Telephone,More than 28 Days,1393
11J,E38000045,NHS Dorset ICB - 11J,E54000041,NHS Dorset Integrated Care Board,E40000006,South West,JUL2023,Attended,GP,Telephone,Same Day,25779
11J,E38000045,NHS Dorset ICB - 11J,E54000041,NHS Dorset Integrated Care Board,E40000006,South West,JUL2023,Attended,GP,Telephone,Unknown / Data Quality,10
11J,E38000045,NHS Dorset ICB - 11J,E54000041,NHS Dorset Integrated Care Board,E40000006,South West,JUL2023,Attended,GP,Unknown,1 Day,3
11J,E38000045,NHS Dorset ICB - 11J,E54000041,NHS Dorset Integrated Care Board,E40000006,South West,JUL2023,Attended,GP,Unknown,15  to 21 Days,16
11J,E38000045,NHS Dorset ICB - 11J,E54000041,NHS Dorset Integrated Care Board,E40000006,South West,JUL2023,Attended,GP,Unknown,2 to 7 Days,8
11J,E38000045,NHS Dorset ICB - 11J,E54000041,NHS Dorset Integrated Care Board,E40000006,South West,JUL2023,Attended,GP,Unknown,22  to 28 Days,21
11J,E38000045,NHS Dorset ICB - 11J,E54000041,NHS Dorset Integrated Care Board,E40000006,South West,JUL2023,Attended,GP,Unknown,8  to 14 Days,6
11J,E38000045,NHS Dorset ICB - 11J,E54000041,NHS Dorset Integrated Care Board,E40000006,South West,JUL2023,Attended,GP,Unknown,More than 28 Days,16
11J,E38000045,NHS Dorset ICB - 11J,E54000041,NHS Dorset Integrated Care Board,E40000006,South West,JUL2023,Attended,GP,Unknown,Same Day,17
11J,E38000045,NHS Dorset ICB - 11J,E54000041,NHS Dorset Integrated Care Board,E40000006,South West,JUL2023,Attended,GP,Video/Online,1 Day,414
11J,E38000045,NHS Dorset ICB - 11J,E54000041,NHS Dorset Integrated Care Board,E40000006,South West,JUL2023,Attended,GP,Video/Online,15  to 21 Days,28
11J,E38000045,NHS Dorset ICB - 11J,E54000041,NHS Dorset Integrated Care Board,E40000006,South West,JUL2023,Attended,GP,Video/Online,2 to 7 Days,296
11J,E38000045,NHS Dorset ICB - 11J,E54000041,NHS Dorset Integrated Care Board,E40000006,South West,JUL2023,Attended,GP,Video/Online,22  to 28 Days,9
11J,E38000045,NHS Dorset ICB - 11J,E54000041,NHS Dorset Integrated Care Board,E40000006,South West,JUL2023,Attended,GP,Video/Online,8  to 14 Days,86
11J,E38000045,NHS Dorset ICB - 11J,E54000041,NHS Dorset Integrated Care Board,E40000006,South West,JUL2023,Attended,GP,Video/Online,More than 28 Days,6
11J,E38000045,NHS Dorset ICB - 11J,E54000041,NHS Dorset Integrated Care Board,E40000006,South West,JUL2023,Attended,GP,Video/Online,Same Day,2193
11J,E38000045,NHS Dorset ICB - 11J,E54000041,NHS Dorset Integrated Care Board,E40000006,South West,JUL2023,Attended,Other Practice staff,Face-to-Face,1 Day,9795
11J,E38000045,NHS Dorset ICB - 11J,E54000041,NHS Dorset Integrated Care Board,E40000006,South West,JUL2023,Attended,Other Practice staff,Face-to-Face,15  to 21 Days,19661
11J,E38000045,NHS Dorset ICB - 11J,E54000041,NHS Dorset Integrated Care Board,E40000006,South West,JUL2023,Attended,Other Practice staff,Face-to-Face,2 to 7 Days,31436
11J,E38000045,NHS Dorset ICB - 11J,E54000041,NHS Dorset Integrated Care Board,E40000006,South West,JUL2023,Attended,Other Practice staff,Face-to-Face,22  to 28 Days,13387
11J,E38000045,NHS Dorset ICB - 11J,E54000041,NHS Dorset Integrated Care Board,E40000006,South West,JUL2023,Attended,Other Practice staff,Face-to-Face,8  to 14 Days,26367
11J,E38000045,NHS Dorset ICB - 11J,E54000041,NHS Dorset Integrated Care Board,E40000006,South West,JUL2023,Attended,Other Practice staff,Face-to-Face,More than 28 Days,13392
11J,E38000045,NHS Dorset ICB - 11J,E54000041,NHS Dorset Integrated Care Board,E40000006,South West,JUL2023,Attended,Other Practice staff,Face-to-Face,Same Day,42300
11J,E38000045,NHS Dorset ICB - 11J,E54000041,NHS Dorset Integrated Care Board,E40000006,South West,JUL2023,Attended,Other Practice staff,Face-to-Face,Unknown / Data Quality,44
11J,E38000045,NHS Dorset ICB - 11J,E54000041,NHS Dorset Integrated Care Board,E40000006,South West,JUL2023,Attended,Other Practice staff,Home Visit,1 Day,309
11J,E38000045,NHS Dorset ICB - 11J,E54000041,NHS Dorset Integrated Care Board,E40000006,South West,JUL2023,Attended,Other Practice staff,Home Visit,15  to 21 Days,138
11J,E38000045,NHS Dorset ICB - 11J,E54000041,NHS Dorset Integrated Care Board,E40000006,South West,JUL2023,Attended,Other Practice staff,Home Visit,2 to 7 Days,685
11J,E38000045,NHS Dorset ICB - 11J,E54000041,NHS Dorset Integrated Care Board,E40000006,South West,JUL2023,Attended,Other Practice staff,Home Visit,22  to 28 Days,82
11J,E38000045,NHS Dorset ICB - 11J,E54000041,NHS Dorset Integrated Care Board,E40000006,South West,JUL2023,Attended,Other Practice staff,Home Visit,8  to 14 Days,251
11J,E38000045,NHS Dorset ICB - 11J,E54000041,NHS Dorset Integrated Care Board,E40000006,South West,JUL2023,Attended,Other Practice staff,Home Visit,More than 28 Days,125
11J,E38000045,NHS Dorset ICB - 11J,E54000041,NHS Dorset Integrated Care Board,E40000006,South West,JUL2023,Attended,Other Practice staff,Home Visit,Same Day,1198
11J,E38000045,NHS Dorset ICB - 11J,E54000041,NHS Dorset Integrated Care Board,E40000006,South West,JUL2023,Attended,Other Practice staff,Home Visit,Unknown / Data Quality,6
11J,E38000045,NHS Dorset ICB - 11J,E54000041,NHS Dorset Integrated Care Board,E40000006,South West,JUL2023,Attended,Other Practice staff,Telephone,1 Day,1925
11J,E38000045,NHS Dorset ICB - 11J,E54000041,NHS Dorset Integrated Care Board,E40000006,South West,JUL2023,Attended,Other Practice staff,Telephone,15  to 21 Days,1544
11J,E38000045,NHS Dorset ICB - 11J,E54000041,NHS Dorset Integrated Care Board,E40000006,South West,JUL2023,Attended,Other Practice staff,Telephone,2 to 7 Days,3680
11J,E38000045,NHS Dorset ICB - 11J,E54000041,NHS Dorset Integrated Care Board,E40000006,South West,JUL2023,Attended,Other Practice staff,Telephone,22  to 28 Days,987
11J,E38000045,NHS Dorset ICB - 11J,E54000041,NHS Dorset Integrated Care Board,E40000006,South West,JUL2023,Attended,Other Practice staff,Telephone,8  to 14 Days,2165
11J,E38000045,NHS Dorset ICB - 11J,E54000041,NHS Dorset Integrated Care Board,E40000006,South West,JUL2023,Attended,Other Practice staff,Telephone,More than 28 Days,1027
11J,E38000045,NHS Dorset ICB - 11J,E54000041,NHS Dorset Integrated Care Board,E40000006,South West,JUL2023,Attended,Other Practice staff,Telephone,Same Day,15099
11J,E38000045,NHS Dorset ICB - 11J,E54000041,NHS Dorset Integrated Care Board,E40000006,South West,JUL2023,Attended,Other Practice staff,Telephone,Unknown / Data Quality,24
11J,E38000045,NHS Dorset ICB - 11J,E54000041,NHS Dorset Integrated Care Board,E40000006,South West,JUL2023,Attended,Other Practice staff,Unknown,1 Day,41
11J,E38000045,NHS Dorset ICB - 11J,E54000041,NHS Dorset Integrated Care Board,E40000006,South West,JUL2023,Attended,Other Practice staff,Unknown,15  to 21 Days,56
11J,E38000045,NHS Dorset ICB - 11J,E54000041,NHS Dorset Integrated Care Board,E40000006,South West,JUL2023,Attended,Other Practice staff,Unknown,2 to 7 Days,134
11J,E38000045,NHS Dorset ICB - 11J,E54000041,NHS Dorset Integrated Care Board,E40000006,South West,JUL2023,Attended,Other Practice staff,Unknown,22  to 28 Days,27
11J,E38000045,NHS Dorset ICB - 11J,E54000041,NHS Dorset Integrated Care Board,E40000006,South West,JUL2023,Attended,Other Practice staff,Unknown,8  to 14 Days,73
11J,E38000045,NHS Dorset ICB - 11J,E54000041,NHS Dorset Integrated Care Board,E40000006,South West,JUL2023,Attended,Other Practice staff,Unknown,More than 28 Days,32
11J,E38000045,NHS Dorset ICB - 11J,E54000041,NHS Dorset Integrated Care Board,E40000006,South West,JUL2023,Attended,Other Practice staff,Unknown,Same Day,66
11J,E38000045,NHS Dorset ICB - 11J,E54000041,NHS Dorset Integrated Care Board,E40000006,South West,JUL2023,Attended,Other Practice staff,Video/Online,1 Day,491
11J,E38000045,NHS Dorset ICB - 11J,E54000041,NHS Dorset Integrated Care Board,E40000006,South West,JUL2023,Attended,Other Practice staff,Video/Online,15  to 21 Days,102
11J,E38000045,NHS Dorset ICB - 11J,E54000041,NHS Dorset Integrated Care Board,E40000006,South West,JUL2023,Attended,Other Practice staff,Video/Online,2 to 7 Days,527
11J,E38000045,NHS Dorset ICB - 11J,E54000041,NHS Dorset Integrated Care Board,E40000006,South West,JUL2023,Attended,Other Practice staff,Video/Online,22  to 28 Days,108
11J,E38000045,NHS Dorset ICB - 11J,E54000041,NHS Dorset Integrated Care Board,E40000006,South West,JUL2023,Attended,Other Practice staff,Video/Online,8  to 14 Days,196
11J,E38000045,NHS Dorset ICB - 11J,E54000041,NHS Dorset Integrated Care Board,E40000006,South West,JUL2023,Attended,Other Practice staff,Video/Online,More than 28 Days,120
11J,E38000045,NHS Dorset ICB - 11J,E54000041,NHS Dorset Integrated Care Board,E40000006,South West,JUL2023,Attended,Other Practice staff,Video/Online,Same Day,2230
11J,E38000045,NHS Dorset ICB - 11J,E54000041,NHS Dorset Integrated Care Board,E40000006,South West,JUL2023,Attended,Unknown,Unknown,1 Day,894
11J,E38000045,NHS Dorset ICB - 11J,E54000041,NHS Dorset Integrated Care Board,E40000006,South West,JUL2023,Attended,Unknown,Unknown,15  to 21 Days,318
11J,E38000045,NHS Dorset ICB - 11J,E54000041,NHS Dorset Integrated Care Board,E40000006,South West,JUL2023,Attended,Unknown,Unknown,2 to 7 Days,1838
11J,E38000045,NHS Dorset ICB - 11J,E54000041,NHS Dorset Integrated Care Board,E40000006,South West,JUL2023,Attended,Unknown,Unknown,22  to 28 Days,172
11J,E38000045,NHS Dorset ICB - 11J,E54000041,NHS Dorset Integrated Care Board,E40000006,South West,JUL2023,Attended,Unknown,Unknown,8  to 14 Days,637
11J,E38000045,NHS Dorset ICB - 11J,E54000041,NHS Dorset Integrated Care Board,E40000006,South West,JUL2023,Attended,Unknown,Unknown,More than 28 Days,135
11J,E38000045,NHS Dorset ICB - 11J,E54000041,NHS Dorset Integrated Care Board,E40000006,South West,JUL2023,Attended,Unknown,Unknown,Same Day,8059
11J,E38000045,NHS Dorset ICB - 11J,E54000041,NHS Dorset Integrated Care Board,E40000006,South West,JUL2023,Attended,Unknown,Unknown,Unknown / Data Quality,4
11J,E38000045,NHS Dorset ICB - 11J,E54000041,NHS Dorset Integrated Care Board,E40000006,South West,JUL2023,DNA,GP,Face-to-Face,1 Day,187
11J,E38000045,NHS Dorset ICB - 11J,E54000041,NHS Dorset Integrated Care Board,E40000006,South West,JUL2023,DNA,GP,Face-to-Face,15  to 21 Days,509
11J,E38000045,NHS Dorset ICB - 11J,E54000041,NHS Dorset Integrated Care Board,E40000006,South West,JUL2023,DNA,GP,Face-to-Face,2 to 7 Days,642
11J,E38000045,NHS Dorset ICB - 11J,E54000041,NHS Dorset Integrated Care Board,E40000006,South West,JUL2023,DNA,GP,Face-to-Face,22  to 28 Days,393
11J,E38000045,NHS Dorset ICB - 11J,E54000041,NHS Dorset Integrated Care Board,E40000006,South West,JUL2023,DNA,GP,Face-to-Face,8  to 14 Days,578
11J,E38000045,NHS Dorset ICB - 11J,E54000041,NHS Dorset Integrated Care Board,E40000006,South West,JUL2023,DNA,GP,Face-to-Face,More than 28 Days,437
11J,E38000045,NHS Dorset ICB - 11J,E54000041,NHS Dorset Integrated Care Board,E40000006,South West,JUL2023,DNA,GP,Face-to-Face,Same Day,398
11J,E38000045,NHS Dorset ICB - 11J,E54000041,NHS Dorset Integrated Care Board,E40000006,South West,JUL2023,DNA,GP,Home Visit,15  to 21 Days,8
11J,E38000045,NHS Dorset ICB - 11J,E54000041,NHS Dorset Integrated Care Board,E40000006,South West,JUL2023,DNA,GP,Home Visit,Same Day,8
11J,E38000045,NHS Dorset ICB - 11J,E54000041,NHS Dorset Integrated Care Board,E40000006,South West,JUL2023,DNA,GP,Telephone,1 Day,18
11J,E38000045,NHS Dorset ICB - 11J,E54000041,NHS Dorset Integrated Care Board,E40000006,South West,JUL2023,DNA,GP,Telephone,15  to 21 Days,47
11J,E38000045,NHS Dorset ICB - 11J,E54000041,NHS Dorset Integrated Care Board,E40000006,South West,JUL2023,DNA,GP,Telephone,2 to 7 Days,59
11J,E38000045,NHS Dorset ICB - 11J,E54000041,NHS Dorset Integrated Care Board,E40000006,South West,JUL2023,DNA,GP,Telephone,22  to 28 Days,27
11J,E38000045,NHS Dorset ICB - 11J,E54000041,NHS Dorset Integrated Care Board,E40000006,South West,JUL2023,DNA,GP,Telephone,8  to 14 Days,58
11J,E38000045,NHS Dorset ICB - 11J,E54000041,NHS Dorset Integrated Care Board,E40000006,South West,JUL2023,DNA,GP,Telephone,More than 28 Days,21
11J,E38000045,NHS Dorset ICB - 11J,E54000041,NHS Dorset Integrated Care Board,E40000006,South West,JUL2023,DNA,GP,Telephone,Same Day,39
11J,E38000045,NHS Dorset ICB - 11J,E54000041,NHS Dorset Integrated Care Board,E40000006,South West,JUL2023,DNA,GP,Unknown,2 to 7 Days,1
11J,E38000045,NHS Dorset ICB - 11J,E54000041,NHS Dorset Integrated Care Board,E40000006,South West,JUL2023,DNA,GP,Unknown,More than 28 Days,1
11J,E38000045,NHS Dorset ICB - 11J,E54000041,NHS Dorset Integrated Care Board,E40000006,South West,JUL2023,DNA,GP,Unknown,Same Day,1
11J,E38000045,NHS Dorset ICB - 11J,E54000041,NHS Dorset Integrated Care Board,E40000006,South West,JUL2023,DNA,GP,Video/Online,1 Day,5
11J,E38000045,NHS Dorset ICB - 11J,E54000041,NHS Dorset Integrated Care Board,E40000006,South West,JUL2023,DNA,GP,Video/Online,15  to 21 Days,2
11J,E38000045,NHS Dorset ICB - 11J,E54000041,NHS Dorset Integrated Care Board,E40000006,South West,JUL2023,DNA,GP,Video/Online,2 to 7 Days,10
11J,E38000045,NHS Dorset ICB - 11J,E54000041,NHS Dorset Integrated Care Board,E40000006,South West,JUL2023,DNA,GP,Video/Online,8  to 14 Days,10
11J,E38000045,NHS Dorset ICB - 11J,E54000041,NHS Dorset Integrated Care Board,E40000006,South West,JUL2023,DNA,GP,Video/Online,Same Day,14
11J,E38000045,NHS Dorset ICB - 11J,E54000041,NHS Dorset Integrated Care Board,E40000006,South West,JUL2023,DNA,Other Practice staff,Face-to-Face,1 Day,379
11J,E38000045,NHS Dorset ICB - 11J,E54000041,NHS Dorset Integrated Care Board,E40000006,South West,JUL2023,DNA,Other Practice staff,Face-to-Face,15  to 21 Days,1561
11J,E38000045,NHS Dorset ICB - 11J,E54000041,NHS Dorset Integrated Care Board,E40000006,South West,JUL2023,DNA,Other Practice staff,Face-to-Face,2 to 7 Days,1840
11J,E38000045,NHS Dorset ICB - 11J,E54000041,NHS Dorset Integrated Care Board,E40000006,South West,JUL2023,DNA,Other Practice staff,Face-to-Face,22  to 28 Days,1174
11J,E38000045,NHS Dorset ICB - 11J,E54000041,NHS Dorset Integrated Care Board,E40000006,South West,JUL2023,DNA,Other Practice staff,Face-to-Face,8  to 14 Days,1991
11J,E38000045,NHS Dorset ICB - 11J,E54000041,NHS Dorset Integrated Care Board,E40000006,South West,JUL2023,DNA,Other Practice staff,Face-to-Face,More than 28 Days,1383
11J,E38000045,NHS Dorset ICB - 11J,E54000041,NHS Dorset Integrated Care Board,E40000006,South West,JUL2023,DNA,Other Practice staff,Face-to-Face,Same Day,774
11J,E38000045,NHS Dorset ICB - 11J,E54000041,NHS Dorset Integrated Care Board,E40000006,South West,JUL2023,DNA,Other Practice staff,Home Visit,1 Day,22
11J,E38000045,NHS Dorset ICB - 11J,E54000041,NHS Dorset Integrated Care Board,E40000006,South West,JUL2023,DNA,Other Practice staff,Home Visit,15  to 21 Days,7
11J,E38000045,NHS Dorset ICB - 11J,E54000041,NHS Dorset Integrated Care Board,E40000006,South West,JUL2023,DNA,Other Practice staff,Home Visit,2 to 7 Days,18
11J,E38000045,NHS Dorset ICB - 11J,E54000041,NHS Dorset Integrated Care Board,E40000006,South West,JUL2023,DNA,Other Practice staff,Home Visit,22  to 28 Days,4
11J,E38000045,NHS Dorset ICB - 11J,E54000041,NHS Dorset Integrated Care Board,E40000006,South West,JUL2023,DNA,Other Practice staff,Home Visit,8  to 14 Days,15
11J,E38000045,NHS Dorset ICB - 11J,E54000041,NHS Dorset Integrated Care Board,E40000006,South West,JUL2023,DNA,Other Practice staff,Home Visit,More than 28 Days,15
11J,E38000045,NHS Dorset ICB - 11J,E54000041,NHS Dorset Integrated Care Board,E40000006,South West,JUL2023,DNA,Other Practice staff,Home Visit,Same Day,39
11J,E38000045,NHS Dorset ICB - 11J,E54000041,NHS Dorset Integrated Care Board,E40000006,South West,JUL2023,DNA,Other Practice staff,Telephone,1 Day,15
11J,E38000045,NHS Dorset ICB - 11J,E54000041,NHS Dorset Integrated Care Board,E40000006,South West,JUL2023,DNA,Other Practice staff,Telephone,15  to 21 Days,21
11J,E38000045,NHS Dorset ICB - 11J,E54000041,NHS Dorset Integrated Care Board,E40000006,South West,JUL2023,DNA,Other Practice staff,Telephone,2 to 7 Days,49
11J,E38000045,NHS Dorset ICB - 11J,E54000041,NHS Dorset Integrated Care Board,E40000006,South West,JUL2023,DNA,Other Practice staff,Telephone,22  to 28 Days,14
11J,E38000045,NHS Dorset ICB - 11J,E54000041,NHS Dorset Integrated Care Board,E40000006,South West,JUL2023,DNA,Other Practice staff,Telephone,8  to 14 Days,32
11J,E38000045,NHS Dorset ICB - 11J,E54000041,NHS Dorset Integrated Care Board,E40000006,South West,JUL2023,DNA,Other Practice staff,Telephone,More than 28 Days,29
11J,E38000045,NHS Dorset ICB - 11J,E54000041,NHS Dorset Integrated Care Board,E40000006,South West,JUL2023,DNA,Other Practice staff,Telephone,Same Day,19
11J,E38000045,NHS Dorset ICB - 11J,E54000041,NHS Dorset Integrated Care Board,E40000006,South West,JUL2023,DNA,Other Practice staff,Unknown,1 Day,2
11J,E38000045,NHS Dorset ICB - 11J,E54000041,NHS Dorset Integrated Care Board,E40000006,South West,JUL2023,DNA,Other Practice staff,Unknown,15  to 21 Days,6
11J,E38000045,NHS Dorset ICB - 11J,E54000041,NHS Dorset Integrated Care Board,E40000006,South West,JUL2023,DNA,Other Practice staff,Unknown,2 to 7 Days,16
11J,E38000045,NHS Dorset ICB - 11J,E54000041,NHS Dorset Integrated Care Board,E40000006,South West,JUL2023,DNA,Other Practice staff,Unknown,22  to 28 Days,4
11J,E38000045,NHS Dorset ICB - 11J,E54000041,NHS Dorset Integrated Care Board,E40000006,South West,JUL2023,DNA,Other Practice staff,Unknown,8  to 14 Days,8
11J,E38000045,NHS Dorset ICB - 11J,E54000041,NHS Dorset Integrated Care Board,E40000006,South West,JUL2023,DNA,Other Practice staff,Unknown,More than 28 Days,14
11J,E38000045,NHS Dorset ICB - 11J,E54000041,NHS Dorset Integrated Care Board,E40000006,South West,JUL2023,DNA,Other Practice staff,Unknown,Same Day,5
11J,E38000045,NHS Dorset ICB - 11J,E54000041,NHS Dorset Integrated Care Board,E40000006,South West,JUL2023,DNA,Other Practice staff,Video/Online,1 Day,10
11J,E38000045,NHS Dorset ICB - 11J,E54000041,NHS Dorset Integrated Care Board,E40000006,South West,JUL2023,DNA,Other Practice staff,Video/Online,15  to 21 Days,14
11J,E38000045,NHS Dorset ICB - 11J,E54000041,NHS Dorset Integrated Care Board,E40000006,South West,JUL2023,DNA,Other Practice staff,Video/Online,2 to 7 Days,22
11J,E38000045,NHS Dorset ICB - 11J,E54000041,NHS Dorset Integrated Care Board,E40000006,South West,JUL2023,DNA,Other Practice staff,Video/Online,22  to 28 Days,15
11J,E38000045,NHS Dorset ICB - 11J,E54000041,NHS Dorset Integrated Care Board,E40000006,South West,JUL2023,DNA,Other Practice staff,Video/Online,8  to 14 Days,11
11J,E38000045,NHS Dorset ICB - 11J,E54000041,NHS Dorset Integrated Care Board,E40000006,South West,JUL2023,DNA,Other Practice staff,Video/Online,More than 28 Days,19
11J,E38000045,NHS Dorset ICB - 11J,E54000041,NHS Dorset Integrated Care Board,E40000006,South West,JUL2023,DNA,Other Practice staff,Video/Online,Same Day,28
11J,E38000045,NHS Dorset ICB - 11J,E54000041,NHS Dorset Integrated Care Board,E40000006,South West,JUL2023,DNA,Unknown,Unknown,1 Day,15
11J,E38000045,NHS Dorset ICB - 11J,E54000041,NHS Dorset Integrated Care Board,E40000006,South West,JUL2023,DNA,Unknown,Unknown,15  to 21 Days,9
11J,E38000045,NHS Dorset ICB - 11J,E54000041,NHS Dorset Integrated Care Board,E40000006,South West,JUL2023,DNA,Unknown,Unknown,2 to 7 Days,62
11J,E38000045,NHS Dorset ICB - 11J,E54000041,NHS Dorset Integrated Care Board,E40000006,South West,JUL2023,DNA,Unknown,Unknown,22  to 28 Days,9
11J,E38000045,NHS Dorset ICB - 11J,E54000041,NHS Dorset Integrated Care Board,E40000006,South West,JUL2023,DNA,Unknown,Unknown,8  to 14 Days,30
11J,E38000045,NHS Dorset ICB - 11J,E54000041,NHS Dorset Integrated Care Board,E40000006,South West,JUL2023,DNA,Unknown,Unknown,More than 28 Days,10
11J,E38000045,NHS Dorset ICB - 11J,E54000041,NHS Dorset Integrated Care Board,E40000006,South West,JUL2023,DNA,Unknown,Unknown,Same Day,39
11J,E38000045,NHS Dorset ICB - 11J,E54000041,NHS Dorset Integrated Care Board,E40000006,South West,JUL2023,Unknown,GP,Face-to-Face,1 Day,121
11J,E38000045,NHS Dorset ICB - 11J,E54000041,NHS Dorset Integrated Care Board,E40000006,South West,JUL2023,Unknown,GP,Face-to-Face,15  to 21 Days,705
11J,E38000045,NHS Dorset ICB - 11J,E54000041,NHS Dorset Integrated Care Board,E40000006,South West,JUL2023,Unknown,GP,Face-to-Face,2 to 7 Days,559
11J,E38000045,NHS Dorset ICB - 11J,E54000041,NHS Dorset Integrated Care Board,E40000006,South West,JUL2023,Unknown,GP,Face-to-Face,22  to 28 Days,490
11J,E38000045,NHS Dorset ICB - 11J,E54000041,NHS Dorset Integrated Care Board,E40000006,South West,JUL2023,Unknown,GP,Face-to-Face,8  to 14 Days,785
11J,E38000045,NHS Dorset ICB - 11J,E54000041,NHS Dorset Integrated Care Board,E40000006,South West,JUL2023,Unknown,GP,Face-to-Face,More than 28 Days,808
11J,E38000045,NHS Dorset ICB - 11J,E54000041,NHS Dorset Integrated Care Board,E40000006,South West,JUL2023,Unknown,GP,Face-to-Face,Same Day,242
11J,E38000045,NHS Dorset ICB - 11J,E54000041,NHS Dorset Integrated Care Board,E40000006,South West,JUL2023,Unknown,GP,Face-to-Face,Unknown / Data Quality,2
11J,E38000045,NHS Dorset ICB - 11J,E54000041,NHS Dorset Integrated Care Board,E40000006,South West,JUL2023,Unknown,GP,Home Visit,15  to 21 Days,1
11J,E38000045,NHS Dorset ICB - 11J,E54000041,NHS Dorset Integrated Care Board,E40000006,South West,JUL2023,Unknown,GP,Home Visit,2 to 7 Days,2
11J,E38000045,NHS Dorset ICB - 11J,E54000041,NHS Dorset Integrated Care Board,E40000006,South West,JUL2023,Unknown,GP,Home Visit,22  to 28 Days,1
11J,E38000045,NHS Dorset ICB - 11J,E54000041,NHS Dorset Integrated Care Board,E40000006,South West,JUL2023,Unknown,GP,Home Visit,8  to 14 Days,2
11J,E38000045,NHS Dorset ICB - 11J,E54000041,NHS Dorset Integrated Care Board,E40000006,South West,JUL2023,Unknown,GP,Telephone,1 Day,68
11J,E38000045,NHS Dorset ICB - 11J,E54000041,NHS Dorset Integrated Care Board,E40000006,South West,JUL2023,Unknown,GP,Telephone,15  to 21 Days,322
11J,E38000045,NHS Dorset ICB - 11J,E54000041,NHS Dorset Integrated Care Board,E40000006,South West,JUL2023,Unknown,GP,Telephone,2 to 7 Days,233
11J,E38000045,NHS Dorset ICB - 11J,E54000041,NHS Dorset Integrated Care Board,E40000006,South West,JUL2023,Unknown,GP,Telephone,22  to 28 Days,242
11J,E38000045,NHS Dorset ICB - 11J,E54000041,NHS Dorset Integrated Care Board,E40000006,South West,JUL2023,Unknown,GP,Telephone,8  to 14 Days,263
11J,E38000045,NHS Dorset ICB - 11J,E54000041,NHS Dorset Integrated Care Board,E40000006,South West,JUL2023,Unknown,GP,Telephone,More than 28 Days,314
11J,E38000045,NHS Dorset ICB - 11J,E54000041,NHS Dorset Integrated Care Board,E40000006,South West,JUL2023,Unknown,GP,Telephone,Same Day,106
11J,E38000045,NHS Dorset ICB - 11J,E54000041,NHS Dorset Integrated Care Board,E40000006,South West,JUL2023,Unknown,GP,Telephone,Unknown / Data Quality,1
11J,E38000045,NHS Dorset ICB - 11J,E54000041,NHS Dorset Integrated Care Board,E40000006,South West,JUL2023,Unknown,GP,Unknown,1 Day,1
11J,E38000045,NHS Dorset ICB - 11J,E54000041,NHS Dorset Integrated Care Board,E40000006,South West,JUL2023,Unknown,GP,Unknown,15  to 21 Days,57
11J,E38000045,NHS Dorset ICB - 11J,E54000041,NHS Dorset Integrated Care Board,E40000006,South West,JUL2023,Unknown,GP,Unknown,2 to 7 Days,13
11J,E38000045,NHS Dorset ICB - 11J,E54000041,NHS Dorset Integrated Care Board,E40000006,South West,JUL2023,Unknown,GP,Unknown,22  to 28 Days,16
11J,E38000045,NHS Dorset ICB - 11J,E54000041,NHS Dorset Integrated Care Board,E40000006,South West,JUL2023,Unknown,GP,Unknown,8  to 14 Days,48
11J,E38000045,NHS Dorset ICB - 11J,E54000041,NHS Dorset Integrated Care Board,E40000006,South West,JUL2023,Unknown,GP,Unknown,More than 28 Days,48
11J,E38000045,NHS Dorset ICB - 11J,E54000041,NHS Dorset Integrated Care Board,E40000006,South West,JUL2023,Unknown,GP,Unknown,Same Day,4
11J,E38000045,NHS Dorset ICB - 11J,E54000041,NHS Dorset Integrated Care Board,E40000006,South West,JUL2023,Unknown,GP,Video/Online,1 Day,4
11J,E38000045,NHS Dorset ICB - 11J,E54000041,NHS Dorset Integrated Care Board,E40000006,South West,JUL2023,Unknown,GP,Video/Online,15  to 21 Days,5
11J,E38000045,NHS Dorset ICB - 11J,E54000041,NHS Dorset Integrated Care Board,E40000006,South West,JUL2023,Unknown,GP,Video/Online,2 to 7 Days,20
11J,E38000045,NHS Dorset ICB - 11J,E54000041,NHS Dorset Integrated Care Board,E40000006,South West,JUL2023,Unknown,GP,Video/Online,22  to 28 Days,8
11J,E38000045,NHS Dorset ICB - 11J,E54000041,NHS Dorset Integrated Care Board,E40000006,South West,JUL2023,Unknown,GP,Video/Online,8  to 14 Days,16
11J,E38000045,NHS Dorset ICB - 11J,E54000041,NHS Dorset Integrated Care Board,E40000006,South West,JUL2023,Unknown,GP,Video/Online,More than 28 Days,4
11J,E38000045,NHS Dorset ICB - 11J,E54000041,NHS Dorset Integrated Care Board,E40000006,South West,JUL2023,Unknown,GP,Video/Online,Same Day,12
11J,E38000045,NHS Dorset ICB - 11J,E54000041,NHS Dorset Integrated Care Board,E40000006,South West,JUL2023,Unknown,Other Practice staff,Face-to-Face,1 Day,265
11J,E38000045,NHS Dorset ICB - 11J,E54000041,NHS Dorset Integrated Care Board,E40000006,South West,JUL2023,Unknown,Other Practice staff,Face-to-Face,15  to 21 Days,2196
11J,E38000045,NHS Dorset ICB - 11J,E54000041,NHS Dorset Integrated Care Board,E40000006,South West,JUL2023,Unknown,Other Practice staff,Face-to-Face,2 to 7 Days,1481
11J,E38000045,NHS Dorset ICB - 11J,E54000041,NHS Dorset Integrated Care Board,E40000006,South West,JUL2023,Unknown,Other Practice staff,Face-to-Face,22  to 28 Days,1644
11J,E38000045,NHS Dorset ICB - 11J,E54000041,NHS Dorset Integrated Care Board,E40000006,South West,JUL2023,Unknown,Other Practice staff,Face-to-Face,8  to 14 Days,2328
11J,E38000045,NHS Dorset ICB - 11J,E54000041,NHS Dorset Integrated Care Board,E40000006,South West,JUL2023,Unknown,Other Practice staff,Face-to-Face,More than 28 Days,2878
11J,E38000045,NHS Dorset ICB - 11J,E54000041,NHS Dorset Integrated Care Board,E40000006,South West,JUL2023,Unknown,Other Practice staff,Face-to-Face,Same Day,869
11J,E38000045,NHS Dorset ICB - 11J,E54000041,NHS Dorset Integrated Care Board,E40000006,South West,JUL2023,Unknown,Other Practice staff,Face-to-Face,Unknown / Data Quality,8
11J,E38000045,NHS Dorset ICB - 11J,E54000041,NHS Dorset Integrated Care Board,E40000006,South West,JUL2023,Unknown,Other Practice staff,Home Visit,1 Day,11
11J,E38000045,NHS Dorset ICB - 11J,E54000041,NHS Dorset Integrated Care Board,E40000006,South West,JUL2023,Unknown,Other Practice staff,Home Visit,15  to 21 Days,66
11J,E38000045,NHS Dorset ICB - 11J,E54000041,NHS Dorset Integrated Care Board,E40000006,South West,JUL2023,Unknown,Other Practice staff,Home Visit,2 to 7 Days,90
11J,E38000045,NHS Dorset ICB - 11J,E54000041,NHS Dorset Integrated Care Board,E40000006,South West,JUL2023,Unknown,Other Practice staff,Home Visit,22  to 28 Days,57
11J,E38000045,NHS Dorset ICB - 11J,E54000041,NHS Dorset Integrated Care Board,E40000006,South West,JUL2023,Unknown,Other Practice staff,Home Visit,8  to 14 Days,79
11J,E38000045,NHS Dorset ICB - 11J,E54000041,NHS Dorset Integrated Care Board,E40000006,South West,JUL2023,Unknown,Other Practice staff,Home Visit,More than 28 Days,147
11J,E38000045,NHS Dorset ICB - 11J,E54000041,NHS Dorset Integrated Care Board,E40000006,South West,JUL2023,Unknown,Other Practice staff,Home Visit,Same Day,8
11J,E38000045,NHS Dorset ICB - 11J,E54000041,NHS Dorset Integrated Care Board,E40000006,South West,JUL2023,Unknown,Other Practice staff,Telephone,1 Day,99
11J,E38000045,NHS Dorset ICB - 11J,E54000041,NHS Dorset Integrated Care Board,E40000006,South West,JUL2023,Unknown,Other Practice staff,Telephone,15  to 21 Days,172
11J,E38000045,NHS Dorset ICB - 11J,E54000041,NHS Dorset Integrated Care Board,E40000006,South West,JUL2023,Unknown,Other Practice staff,Telephone,2 to 7 Days,315
11J,E38000045,NHS Dorset ICB - 11J,E54000041,NHS Dorset Integrated Care Board,E40000006,South West,JUL2023,Unknown,Other Practice staff,Telephone,22  to 28 Days,139
11J,E38000045,NHS Dorset ICB - 11J,E54000041,NHS Dorset Integrated Care Board,E40000006,South West,JUL2023,Unknown,Other Practice staff,Telephone,8  to 14 Days,264
11J,E38000045,NHS Dorset ICB - 11J,E54000041,NHS Dorset Integrated Care Board,E40000006,South West,JUL2023,Unknown,Other Practice staff,Telephone,More than 28 Days,214
11J,E38000045,NHS Dorset ICB - 11J,E54000041,NHS Dorset Integrated Care Board,E40000006,South West,JUL2023,Unknown,Other Practice staff,Telephone,Same Day,216
11J,E38000045,NHS Dorset ICB - 11J,E54000041,NHS Dorset Integrated Care Board,E40000006,South West,JUL2023,Unknown,Other Practice staff,Unknown,1 Day,9
11J,E38000045,NHS Dorset ICB - 11J,E54000041,NHS Dorset Integrated Care Board,E40000006,South West,JUL2023,Unknown,Other Practice staff,Unknown,15  to 21 Days,130
11J,E38000045,NHS Dorset ICB - 11J,E54000041,NHS Dorset Integrated Care Board,E40000006,South West,JUL2023,Unknown,Other Practice staff,Unknown,2 to 7 Days,132
11J,E38000045,NHS Dorset ICB - 11J,E54000041,NHS Dorset Integrated Care Board,E40000006,South West,JUL2023,Unknown,Other Practice staff,Unknown,22  to 28 Days,95
11J,E38000045,NHS Dorset ICB - 11J,E54000041,NHS Dorset Integrated Care Board,E40000006,South West,JUL2023,Unknown,Other Practice staff,Unknown,8  to 14 Days,140
11J,E38000045,NHS Dorset ICB - 11J,E54000041,NHS Dorset Integrated Care Board,E40000006,South West,JUL2023,Unknown,Other Practice staff,Unknown,More than 28 Days,158
11J,E38000045,NHS Dorset ICB - 11J,E54000041,NHS Dorset Integrated Care Board,E40000006,South West,JUL2023,Unknown,Other Practice staff,Unknown,Same Day,4
11J,E38000045,NHS Dorset ICB - 11J,E54000041,NHS Dorset Integrated Care Board,E40000006,South West,JUL2023,Unknown,Other Practice staff,Video/Online,1 Day,41
11J,E38000045,NHS Dorset ICB - 11J,E54000041,NHS Dorset Integrated Care Board,E40000006,South West,JUL2023,Unknown,Other Practice staff,Video/Online,15  to 21 Days,28
11J,E38000045,NHS Dorset ICB - 11J,E54000041,NHS Dorset Integrated Care Board,E40000006,South West,JUL2023,Unknown,Other Practice staff,Video/Online,2 to 7 Days,30
11J,E38000045,NHS Dorset ICB - 11J,E54000041,NHS Dorset Integrated Care Board,E40000006,South West,JUL2023,Unknown,Other Practice staff,Video/Online,22  to 28 Days,18
11J,E38000045,NHS Dorset ICB - 11J,E54000041,NHS Dorset Integrated Care Board,E40000006,South West,JUL2023,Unknown,Other Practice staff,Video/Online,8  to 14 Days,43
11J,E38000045,NHS Dorset ICB - 11J,E54000041,NHS Dorset Integrated Care Board,E40000006,South West,JUL2023,Unknown,Other Practice staff,Video/Online,More than 28 Days,31
11J,E38000045,NHS Dorset ICB - 11J,E54000041,NHS Dorset Integrated Care Board,E40000006,South West,JUL2023,Unknown,Other Practice staff,Video/Online,Same Day,15
11J,E38000045,NHS Dorset ICB - 11J,E54000041,NHS Dorset Integrated Care Board,E40000006,South West,JUL2023,Unknown,Unknown,Unknown,1 Day,49
11J,E38000045,NHS Dorset ICB - 11J,E54000041,NHS Dorset Integrated Care Board,E40000006,South West,JUL2023,Unknown,Unknown,Unknown,15  to 21 Days,113
11J,E38000045,NHS Dorset ICB - 11J,E54000041,NHS Dorset Integrated Care Board,E40000006,South West,JUL2023,Unknown,Unknown,Unknown,2 to 7 Days,158
11J,E38000045,NHS Dorset ICB - 11J,E54000041,NHS Dorset Integrated Care Board,E40000006,South West,JUL2023,Unknown,Unknown,Unknown,22  to 28 Days,67
11J,E38000045,NHS Dorset ICB - 11J,E54000041,NHS Dorset Integrated Care Board,E40000006,South West,JUL2023,Unknown,Unknown,Unknown,8  to 14 Days,155
11J,E38000045,NHS Dorset ICB - 11J,E54000041,NHS Dorset Integrated Care Board,E40000006,South West,JUL2023,Unknown,Unknown,Unknown,More than 28 Days,184
11J,E38000045,NHS Dorset ICB - 11J,E54000041,NHS Dorset Integrated Care Board,E40000006,South West,JUL2023,Unknown,Unknown,Unknown,Same Day,46
11J,E38000045,NHS Dorset ICB - 11J,E54000041,NHS Dorset Integrated Care Board,E40000006,South West,AUG2023,Attended,GP,Face-to-Face,1 Day,8951
11J,E38000045,NHS Dorset ICB - 11J,E54000041,NHS Dorset Integrated Care Board,E40000006,South West,AUG2023,Attended,GP,Face-to-Face,15  to 21 Days,9253
11J,E38000045,NHS Dorset ICB - 11J,E54000041,NHS Dorset Integrated Care Board,E40000006,South West,AUG2023,Attended,GP,Face-to-Face,2 to 7 Days,16644
11J,E38000045,NHS Dorset ICB - 11J,E54000041,NHS Dorset Integrated Care Board,E40000006,South West,AUG2023,Attended,GP,Face-to-Face,22  to 28 Days,6730
11J,E38000045,NHS Dorset ICB - 11J,E54000041,NHS Dorset Integrated Care Board,E40000006,South West,AUG2023,Attended,GP,Face-to-Face,8  to 14 Days,11900
11J,E38000045,NHS Dorset ICB - 11J,E54000041,NHS Dorset Integrated Care Board,E40000006,South West,AUG2023,Attended,GP,Face-to-Face,More than 28 Days,7808
11J,E38000045,NHS Dorset ICB - 11J,E54000041,NHS Dorset Integrated Care Board,E40000006,South West,AUG2023,Attended,GP,Face-to-Face,Same Day,54108
11J,E38000045,NHS Dorset ICB - 11J,E54000041,NHS Dorset Integrated Care Board,E40000006,South West,AUG2023,Attended,GP,Face-to-Face,Unknown / Data Quality,21
11J,E38000045,NHS Dorset ICB - 11J,E54000041,NHS Dorset Integrated Care Board,E40000006,South West,AUG2023,Attended,GP,Home Visit,1 Day,46
11J,E38000045,NHS Dorset ICB - 11J,E54000041,NHS Dorset Integrated Care Board,E40000006,South West,AUG2023,Attended,GP,Home Visit,15  to 21 Days,29
11J,E38000045,NHS Dorset ICB - 11J,E54000041,NHS Dorset Integrated Care Board,E40000006,South West,AUG2023,Attended,GP,Home Visit,2 to 7 Days,70
11J,E38000045,NHS Dorset ICB - 11J,E54000041,NHS Dorset Integrated Care Board,E40000006,South West,AUG2023,Attended,GP,Home Visit,22  to 28 Days,124
11J,E38000045,NHS Dorset ICB - 11J,E54000041,NHS Dorset Integrated Care Board,E40000006,South West,AUG2023,Attended,GP,Home Visit,8  to 14 Days,7
11J,E38000045,NHS Dorset ICB - 11J,E54000041,NHS Dorset Integrated Care Board,E40000006,South West,AUG2023,Attended,GP,Home Visit,More than 28 Days,15
11J,E38000045,NHS Dorset ICB - 11J,E54000041,NHS Dorset Integrated Care Board,E40000006,South West,AUG2023,Attended,GP,Home Visit,Same Day,335
11J,E38000045,NHS Dorset ICB - 11J,E54000041,NHS Dorset Integrated Care Board,E40000006,South West,AUG2023,Attended,GP,Telephone,1 Day,2736
11J,E38000045,NHS Dorset ICB - 11J,E54000041,NHS Dorset Integrated Care Board,E40000006,South West,AUG2023,Attended,GP,Telephone,15  to 21 Days,3865
11J,E38000045,NHS Dorset ICB - 11J,E54000041,NHS Dorset Integrated Care Board,E40000006,South West,AUG2023,Attended,GP,Telephone,2 to 7 Days,5920
11J,E38000045,NHS Dorset ICB - 11J,E54000041,NHS Dorset Integrated Care Board,E40000006,South West,AUG2023,Attended,GP,Telephone,22  to 28 Days,2716
11J,E38000045,NHS Dorset ICB - 11J,E54000041,NHS Dorset Integrated Care Board,E40000006,South West,AUG2023,Attended,GP,Telephone,8  to 14 Days,4722
11J,E38000045,NHS Dorset ICB - 11J,E54000041,NHS Dorset Integrated Care Board,E40000006,South West,AUG2023,Attended,GP,Telephone,More than 28 Days,1513
11J,E38000045,NHS Dorset ICB - 11J,E54000041,NHS Dorset Integrated Care Board,E40000006,South West,AUG2023,Attended,GP,Telephone,Same Day,26056
11J,E38000045,NHS Dorset ICB - 11J,E54000041,NHS Dorset Integrated Care Board,E40000006,South West,AUG2023,Attended,GP,Telephone,Unknown / Data Quality,6
11J,E38000045,NHS Dorset ICB - 11J,E54000041,NHS Dorset Integrated Care Board,E40000006,South West,AUG2023,Attended,GP,Unknown,1 Day,9
11J,E38000045,NHS Dorset ICB - 11J,E54000041,NHS Dorset Integrated Care Board,E40000006,South West,AUG2023,Attended,GP,Unknown,15  to 21 Days,14
11J,E38000045,NHS Dorset ICB - 11J,E54000041,NHS Dorset Integrated Care Board,E40000006,South West,AUG2023,Attended,GP,Unknown,2 to 7 Days,10
11J,E38000045,NHS Dorset ICB - 11J,E54000041,NHS Dorset Integrated Care Board,E40000006,South West,AUG2023,Attended,GP,Unknown,22  to 28 Days,10
11J,E38000045,NHS Dorset ICB - 11J,E54000041,NHS Dorset Integrated Care Board,E40000006,South West,AUG2023,Attended,GP,Unknown,8  to 14 Days,7
11J,E38000045,NHS Dorset ICB - 11J,E54000041,NHS Dorset Integrated Care Board,E40000006,South West,AUG2023,Attended,GP,Unknown,More than 28 Days,27
11J,E38000045,NHS Dorset ICB - 11J,E54000041,NHS Dorset Integrated Care Board,E40000006,South West,AUG2023,Attended,GP,Unknown,Same Day,9
11J,E38000045,NHS Dorset ICB - 11J,E54000041,NHS Dorset Integrated Care Board,E40000006,South West,AUG2023,Attended,GP,Video/Online,1 Day,438
11J,E38000045,NHS Dorset ICB - 11J,E54000041,NHS Dorset Integrated Care Board,E40000006,South West,AUG2023,Attended,GP,Video/Online,15  to 21 Days,36
11J,E38000045,NHS Dorset ICB - 11J,E54000041,NHS Dorset Integrated Care Board,E40000006,South West,AUG2023,Attended,GP,Video/Online,2 to 7 Days,341
11J,E38000045,NHS Dorset ICB - 11J,E54000041,NHS Dorset Integrated Care Board,E40000006,South West,AUG2023,Attended,GP,Video/Online,22  to 28 Days,10
11J,E38000045,NHS Dorset ICB - 11J,E54000041,NHS Dorset Integrated Care Board,E40000006,South West,AUG2023,Attended,GP,Video/Online,8  to 14 Days,99
11J,E38000045,NHS Dorset ICB - 11J,E54000041,NHS Dorset Integrated Care Board,E40000006,South West,AUG2023,Attended,GP,Video/Online,More than 28 Days,4
11J,E38000045,NHS Dorset ICB - 11J,E54000041,NHS Dorset Integrated Care Board,E40000006,South West,AUG2023,Attended,GP,Video/Online,Same Day,2242
11J,E38000045,NHS Dorset ICB - 11J,E54000041,NHS Dorset Integrated Care Board,E40000006,South West,AUG2023,Attended,Other Practice staff,Face-to-Face,1 Day,10879
11J,E38000045,NHS Dorset ICB - 11J,E54000041,NHS Dorset Integrated Care Board,E40000006,South West,AUG2023,Attended,Other Practice staff,Face-to-Face,15  to 21 Days,19423
11J,E38000045,NHS Dorset ICB - 11J,E54000041,NHS Dorset Integrated Care Board,E40000006,South West,AUG2023,Attended,Other Practice staff,Face-to-Face,2 to 7 Days,29396
11J,E38000045,NHS Dorset ICB - 11J,E54000041,NHS Dorset Integrated Care Board,E40000006,South West,AUG2023,Attended,Other Practice staff,Face-to-Face,22  to 28 Days,12957
11J,E38000045,NHS Dorset ICB - 11J,E54000041,NHS Dorset Integrated Care Board,E40000006,South West,AUG2023,Attended,Other Practice staff,Face-to-Face,8  to 14 Days,28692
11J,E38000045,NHS Dorset ICB - 11J,E54000041,NHS Dorset Integrated Care Board,E40000006,South West,AUG2023,Attended,Other Practice staff,Face-to-Face,More than 28 Days,15082
11J,E38000045,NHS Dorset ICB - 11J,E54000041,NHS Dorset Integrated Care Board,E40000006,South West,AUG2023,Attended,Other Practice staff,Face-to-Face,Same Day,42667
11J,E38000045,NHS Dorset ICB - 11J,E54000041,NHS Dorset Integrated Care Board,E40000006,South West,AUG2023,Attended,Other Practice staff,Face-to-Face,Unknown / Data Quality,134
11J,E38000045,NHS Dorset ICB - 11J,E54000041,NHS Dorset Integrated Care Board,E40000006,South West,AUG2023,Attended,Other Practice staff,Home Visit,1 Day,375
11J,E38000045,NHS Dorset ICB - 11J,E54000041,NHS Dorset Integrated Care Board,E40000006,South West,AUG2023,Attended,Other Practice staff,Home Visit,15  to 21 Days,155
11J,E38000045,NHS Dorset ICB - 11J,E54000041,NHS Dorset Integrated Care Board,E40000006,South West,AUG2023,Attended,Other Practice staff,Home Visit,2 to 7 Days,651
11J,E38000045,NHS Dorset ICB - 11J,E54000041,NHS Dorset Integrated Care Board,E40000006,South West,AUG2023,Attended,Other Practice staff,Home Visit,22  to 28 Days,95
11J,E38000045,NHS Dorset ICB - 11J,E54000041,NHS Dorset Integrated Care Board,E40000006,South West,AUG2023,Attended,Other Practice staff,Home Visit,8  to 14 Days,298
11J,E38000045,NHS Dorset ICB - 11J,E54000041,NHS Dorset Integrated Care Board,E40000006,South West,AUG2023,Attended,Other Practice staff,Home Visit,More than 28 Days,133
11J,E38000045,NHS Dorset ICB - 11J,E54000041,NHS Dorset Integrated Care Board,E40000006,South West,AUG2023,Attended,Other Practice staff,Home Visit,Same Day,1143
11J,E38000045,NHS Dorset ICB - 11J,E54000041,NHS Dorset Integrated Care Board,E40000006,South West,AUG2023,Attended,Other Practice staff,Home Visit,Unknown / Data Quality,9
11J,E38000045,NHS Dorset ICB - 11J,E54000041,NHS Dorset Integrated Care Board,E40000006,South West,AUG2023,Attended,Other Practice staff,Telephone,1 Day,2361
11J,E38000045,NHS Dorset ICB - 11J,E54000041,NHS Dorset Integrated Care Board,E40000006,South West,AUG2023,Attended,Other Practice staff,Telephone,15  to 21 Days,1573
11J,E38000045,NHS Dorset ICB - 11J,E54000041,NHS Dorset Integrated Care Board,E40000006,South West,AUG2023,Attended,Other Practice staff,Telephone,2 to 7 Days,3468
11J,E38000045,NHS Dorset ICB - 11J,E54000041,NHS Dorset Integrated Care Board,E40000006,South West,AUG2023,Attended,Other Practice staff,Telephone,22  to 28 Days,994
11J,E38000045,NHS Dorset ICB - 11J,E54000041,NHS Dorset Integrated Care Board,E40000006,South West,AUG2023,Attended,Other Practice staff,Telephone,8  to 14 Days,2296
11J,E38000045,NHS Dorset ICB - 11J,E54000041,NHS Dorset Integrated Care Board,E40000006,South West,AUG2023,Attended,Other Practice staff,Telephone,More than 28 Days,1199
11J,E38000045,NHS Dorset ICB - 11J,E54000041,NHS Dorset Integrated Care Board,E40000006,South West,AUG2023,Attended,Other Practice staff,Telephone,Same Day,16157
11J,E38000045,NHS Dorset ICB - 11J,E54000041,NHS Dorset Integrated Care Board,E40000006,South West,AUG2023,Attended,Other Practice staff,Telephone,Unknown / Data Quality,35
11J,E38000045,NHS Dorset ICB - 11J,E54000041,NHS Dorset Integrated Care Board,E40000006,South West,AUG2023,Attended,Other Practice staff,Unknown,1 Day,26
11J,E38000045,NHS Dorset ICB - 11J,E54000041,NHS Dorset Integrated Care Board,E40000006,South West,AUG2023,Attended,Other Practice staff,Unknown,15  to 21 Days,41
11J,E38000045,NHS Dorset ICB - 11J,E54000041,NHS Dorset Integrated Care Board,E40000006,South West,AUG2023,Attended,Other Practice staff,Unknown,2 to 7 Days,100
11J,E38000045,NHS Dorset ICB - 11J,E54000041,NHS Dorset Integrated Care Board,E40000006,South West,AUG2023,Attended,Other Practice staff,Unknown,22  to 28 Days,47
11J,E38000045,NHS Dorset ICB - 11J,E54000041,NHS Dorset Integrated Care Board,E40000006,South West,AUG2023,Attended,Other Practice staff,Unknown,8  to 14 Days,56
11J,E38000045,NHS Dorset ICB - 11J,E54000041,NHS Dorset Integrated Care Board,E40000006,South West,AUG2023,Attended,Other Practice staff,Unknown,More than 28 Days,38
11J,E38000045,NHS Dorset ICB - 11J,E54000041,NHS Dorset Integrated Care Board,E40000006,South West,AUG2023,Attended,Other Practice staff,Unknown,Same Day,35
11J,E38000045,NHS Dorset ICB - 11J,E54000041,NHS Dorset Integrated Care Board,E40000006,South West,AUG2023,Attended,Other Practice staff,Video/Online,1 Day,708
11J,E38000045,NHS Dorset ICB - 11J,E54000041,NHS Dorset Integrated Care Board,E40000006,South West,AUG2023,Attended,Other Practice staff,Video/Online,15  to 21 Days,59
11J,E38000045,NHS Dorset ICB - 11J,E54000041,NHS Dorset Integrated Care Board,E40000006,South West,AUG2023,Attended,Other Practice staff,Video/Online,2 to 7 Days,563
11J,E38000045,NHS Dorset ICB - 11J,E54000041,NHS Dorset Integrated Care Board,E40000006,South West,AUG2023,Attended,Other Practice staff,Video/Online,22  to 28 Days,44
11J,E38000045,NHS Dorset ICB - 11J,E54000041,NHS Dorset Integrated Care Board,E40000006,South West,AUG2023,Attended,Other Practice staff,Video/Online,8  to 14 Days,145
11J,E38000045,NHS Dorset ICB - 11J,E54000041,NHS Dorset Integrated Care Board,E40000006,South West,AUG2023,Attended,Other Practice staff,Video/Online,More than 28 Days,120
11J,E38000045,NHS Dorset ICB - 11J,E54000041,NHS Dorset Integrated Care Board,E40000006,South West,AUG2023,Attended,Other Practice staff,Video/Online,Same Day,3259
11J,E38000045,NHS Dorset ICB - 11J,E54000041,NHS Dorset Integrated Care Board,E40000006,South West,AUG2023,Attended,Other Practice staff,Video/Online,Unknown / Data Quality,1
11J,E38000045,NHS Dorset ICB - 11J,E54000041,NHS Dorset Integrated Care Board,E40000006,South West,AUG2023,Attended,Unknown,Unknown,1 Day,950
11J,E38000045,NHS Dorset ICB - 11J,E54000041,NHS Dorset Integrated Care Board,E40000006,South West,AUG2023,Attended,Unknown,Unknown,15  to 21 Days,301
11J,E38000045,NHS Dorset ICB - 11J,E54000041,NHS Dorset Integrated Care Board,E40000006,South West,AUG2023,Attended,Unknown,Unknown,2 to 7 Days,1891
11J,E38000045,NHS Dorset ICB - 11J,E54000041,NHS Dorset Integrated Care Board,E40000006,South West,AUG2023,Attended,Unknown,Unknown,22  to 28 Days,188
11J,E38000045,NHS Dorset ICB - 11J,E54000041,NHS Dorset Integrated Care Board,E40000006,South West,AUG2023,Attended,Unknown,Unknown,8  to 14 Days,756
11J,E38000045,NHS Dorset ICB - 11J,E54000041,NHS Dorset Integrated Care Board,E40000006,South West,AUG2023,Attended,Unknown,Unknown,More than 28 Days,187
11J,E38000045,NHS Dorset ICB - 11J,E54000041,NHS Dorset Integrated Care Board,E40000006,South West,AUG2023,Attended,Unknown,Unknown,Same Day,8825
11J,E38000045,NHS Dorset ICB - 11J,E54000041,NHS Dorset Integrated Care Board,E40000006,South West,AUG2023,Attended,Unknown,Unknown,Unknown / Data Quality,13
11J,E38000045,NHS Dorset ICB - 11J,E54000041,NHS Dorset Integrated Care Board,E40000006,South West,AUG2023,DNA,GP,Face-to-Face,1 Day,181
11J,E38000045,NHS Dorset ICB - 11J,E54000041,NHS Dorset Integrated Care Board,E40000006,South West,AUG2023,DNA,GP,Face-to-Face,15  to 21 Days,504
11J,E38000045,NHS Dorset ICB - 11J,E54000041,NHS Dorset Integrated Care Board,E40000006,South West,AUG2023,DNA,GP,Face-to-Face,2 to 7 Days,603
11J,E38000045,NHS Dorset ICB - 11J,E54000041,NHS Dorset Integrated Care Board,E40000006,South West,AUG2023,DNA,GP,Face-to-Face,22  to 28 Days,348
11J,E38000045,NHS Dorset ICB - 11J,E54000041,NHS Dorset Integrated Care Board,E40000006,South West,AUG2023,DNA,GP,Face-to-Face,8  to 14 Days,537
11J,E38000045,NHS Dorset ICB - 11J,E54000041,NHS Dorset Integrated Care Board,E40000006,South West,AUG2023,DNA,GP,Face-to-Face,More than 28 Days,500
11J,E38000045,NHS Dorset ICB - 11J,E54000041,NHS Dorset Integrated Care Board,E40000006,South West,AUG2023,DNA,GP,Face-to-Face,Same Day,479
11J,E38000045,NHS Dorset ICB - 11J,E54000041,NHS Dorset Integrated Care Board,E40000006,South West,AUG2023,DNA,GP,Home Visit,1 Day,1
11J,E38000045,NHS Dorset ICB - 11J,E54000041,NHS Dorset Integrated Care Board,E40000006,South West,AUG2023,DNA,GP,Home Visit,Same Day,13
11J,E38000045,NHS Dorset ICB - 11J,E54000041,NHS Dorset Integrated Care Board,E40000006,South West,AUG2023,DNA,GP,Telephone,1 Day,15
11J,E38000045,NHS Dorset ICB - 11J,E54000041,NHS Dorset Integrated Care Board,E40000006,South West,AUG2023,DNA,GP,Telephone,15  to 21 Days,36
11J,E38000045,NHS Dorset ICB - 11J,E54000041,NHS Dorset Integrated Care Board,E40000006,South West,AUG2023,DNA,GP,Telephone,2 to 7 Days,43
11J,E38000045,NHS Dorset ICB - 11J,E54000041,NHS Dorset Integrated Care Board,E40000006,South West,AUG2023,DNA,GP,Telephone,22  to 28 Days,21
11J,E38000045,NHS Dorset ICB - 11J,E54000041,NHS Dorset Integrated Care Board,E40000006,South West,AUG2023,DNA,GP,Telephone,8  to 14 Days,36
11J,E38000045,NHS Dorset ICB - 11J,E54000041,NHS Dorset Integrated Care Board,E40000006,South West,AUG2023,DNA,GP,Telephone,More than 28 Days,23
11J,E38000045,NHS Dorset ICB - 11J,E54000041,NHS Dorset Integrated Care Board,E40000006,South West,AUG2023,DNA,GP,Telephone,Same Day,33
11J,E38000045,NHS Dorset ICB - 11J,E54000041,NHS Dorset Integrated Care Board,E40000006,South West,AUG2023,DNA,GP,Unknown,15  to 21 Days,2
11J,E38000045,NHS Dorset ICB - 11J,E54000041,NHS Dorset Integrated Care Board,E40000006,South West,AUG2023,DNA,GP,Unknown,22  to 28 Days,2
11J,E38000045,NHS Dorset ICB - 11J,E54000041,NHS Dorset Integrated Care Board,E40000006,South West,AUG2023,DNA,GP,Unknown,8  to 14 Days,1
11J,E38000045,NHS Dorset ICB - 11J,E54000041,NHS Dorset Integrated Care Board,E40000006,South West,AUG2023,DNA,GP,Unknown,More than 28 Days,1
11J,E38000045,NHS Dorset ICB - 11J,E54000041,NHS Dorset Integrated Care Board,E40000006,South West,AUG2023,DNA,GP,Video/Online,1 Day,9
11J,E38000045,NHS Dorset ICB - 11J,E54000041,NHS Dorset Integrated Care Board,E40000006,South West,AUG2023,DNA,GP,Video/Online,2 to 7 Days,6
11J,E38000045,NHS Dorset ICB - 11J,E54000041,NHS Dorset Integrated Care Board,E40000006,South West,AUG2023,DNA,GP,Video/Online,22  to 28 Days,1
11J,E38000045,NHS Dorset ICB - 11J,E54000041,NHS Dorset Integrated Care Board,E40000006,South West,AUG2023,DNA,GP,Video/Online,8  to 14 Days,9
11J,E38000045,NHS Dorset ICB - 11J,E54000041,NHS Dorset Integrated Care Board,E40000006,South West,AUG2023,DNA,GP,Video/Online,Same Day,29
11J,E38000045,NHS Dorset ICB - 11J,E54000041,NHS Dorset Integrated Care Board,E40000006,South West,AUG2023,DNA,Other Practice staff,Face-to-Face,1 Day,363
11J,E38000045,NHS Dorset ICB - 11J,E54000041,NHS Dorset Integrated Care Board,E40000006,South West,AUG2023,DNA,Other Practice staff,Face-to-Face,15  to 21 Days,1545
11J,E38000045,NHS Dorset ICB - 11J,E54000041,NHS Dorset Integrated Care Board,E40000006,South West,AUG2023,DNA,Other Practice staff,Face-to-Face,2 to 7 Days,1670
11J,E38000045,NHS Dorset ICB - 11J,E54000041,NHS Dorset Integrated Care Board,E40000006,South West,AUG2023,DNA,Other Practice staff,Face-to-Face,22  to 28 Days,1045
11J,E38000045,NHS Dorset ICB - 11J,E54000041,NHS Dorset Integrated Care Board,E40000006,South West,AUG2023,DNA,Other Practice staff,Face-to-Face,8  to 14 Days,2026
11J,E38000045,NHS Dorset ICB - 11J,E54000041,NHS Dorset Integrated Care Board,E40000006,South West,AUG2023,DNA,Other Practice staff,Face-to-Face,More than 28 Days,1429
11J,E38000045,NHS Dorset ICB - 11J,E54000041,NHS Dorset Integrated Care Board,E40000006,South West,AUG2023,DNA,Other Practice staff,Face-to-Face,Same Day,781
11J,E38000045,NHS Dorset ICB - 11J,E54000041,NHS Dorset Integrated Care Board,E40000006,South West,AUG2023,DNA,Other Practice staff,Face-to-Face,Unknown / Data Quality,2
11J,E38000045,NHS Dorset ICB - 11J,E54000041,NHS Dorset Integrated Care Board,E40000006,South West,AUG2023,DNA,Other Practice staff,Home Visit,1 Day,13
11J,E38000045,NHS Dorset ICB - 11J,E54000041,NHS Dorset Integrated Care Board,E40000006,South West,AUG2023,DNA,Other Practice staff,Home Visit,15  to 21 Days,7
11J,E38000045,NHS Dorset ICB - 11J,E54000041,NHS Dorset Integrated Care Board,E40000006,South West,AUG2023,DNA,Other Practice staff,Home Visit,2 to 7 Days,28
11J,E38000045,NHS Dorset ICB - 11J,E54000041,NHS Dorset Integrated Care Board,E40000006,South West,AUG2023,DNA,Other Practice staff,Home Visit,22  to 28 Days,7
11J,E38000045,NHS Dorset ICB - 11J,E54000041,NHS Dorset Integrated Care Board,E40000006,South West,AUG2023,DNA,Other Practice staff,Home Visit,8  to 14 Days,29
11J,E38000045,NHS Dorset ICB - 11J,E54000041,NHS Dorset Integrated Care Board,E40000006,South West,AUG2023,DNA,Other Practice staff,Home Visit,More than 28 Days,20
11J,E38000045,NHS Dorset ICB - 11J,E54000041,NHS Dorset Integrated Care Board,E40000006,South West,AUG2023,DNA,Other Practice staff,Home Visit,Same Day,32
11J,E38000045,NHS Dorset ICB - 11J,E54000041,NHS Dorset Integrated Care Board,E40000006,South West,AUG2023,DNA,Other Practice staff,Telephone,1 Day,13
11J,E38000045,NHS Dorset ICB - 11J,E54000041,NHS Dorset Integrated Care Board,E40000006,South West,AUG2023,DNA,Other Practice staff,Telephone,15  to 21 Days,19
11J,E38000045,NHS Dorset ICB - 11J,E54000041,NHS Dorset Integrated Care Board,E40000006,South West,AUG2023,DNA,Other Practice staff,Telephone,2 to 7 Days,35
11J,E38000045,NHS Dorset ICB - 11J,E54000041,NHS Dorset Integrated Care Board,E40000006,South West,AUG2023,DNA,Other Practice staff,Telephone,22  to 28 Days,6
11J,E38000045,NHS Dorset ICB - 11J,E54000041,NHS Dorset Integrated Care Board,E40000006,South West,AUG2023,DNA,Other Practice staff,Telephone,8  to 14 Days,40
11J,E38000045,NHS Dorset ICB - 11J,E54000041,NHS Dorset Integrated Care Board,E40000006,South West,AUG2023,DNA,Other Practice staff,Telephone,More than 28 Days,16
11J,E38000045,NHS Dorset ICB - 11J,E54000041,NHS Dorset Integrated Care Board,E40000006,South West,AUG2023,DNA,Other Practice staff,Telephone,Same Day,30
11J,E38000045,NHS Dorset ICB - 11J,E54000041,NHS Dorset Integrated Care Board,E40000006,South West,AUG2023,DNA,Other Practice staff,Unknown,1 Day,1
11J,E38000045,NHS Dorset ICB - 11J,E54000041,NHS Dorset Integrated Care Board,E40000006,South West,AUG2023,DNA,Other Practice staff,Unknown,15  to 21 Days,9
11J,E38000045,NHS Dorset ICB - 11J,E54000041,NHS Dorset Integrated Care Board,E40000006,South West,AUG2023,DNA,Other Practice staff,Unknown,2 to 7 Days,14
11J,E38000045,NHS Dorset ICB - 11J,E54000041,NHS Dorset Integrated Care Board,E40000006,South West,AUG2023,DNA,Other Practice staff,Unknown,22  to 28 Days,6
11J,E38000045,NHS Dorset ICB - 11J,E54000041,NHS Dorset Integrated Care Board,E40000006,South West,AUG2023,DNA,Other Practice staff,Unknown,8  to 14 Days,12
11J,E38000045,NHS Dorset ICB - 11J,E54000041,NHS Dorset Integrated Care Board,E40000006,South West,AUG2023,DNA,Other Practice staff,Unknown,More than 28 Days,20
11J,E38000045,NHS Dorset ICB - 11J,E54000041,NHS Dorset Integrated Care Board,E40000006,South West,AUG2023,DNA,Other Practice staff,Unknown,Same Day,5
11J,E38000045,NHS Dorset ICB - 11J,E54000041,NHS Dorset Integrated Care Board,E40000006,South West,AUG2023,DNA,Other Practice staff,Video/Online,1 Day,22
11J,E38000045,NHS Dorset ICB - 11J,E54000041,NHS Dorset Integrated Care Board,E40000006,South West,AUG2023,DNA,Other Practice staff,Video/Online,15  to 21 Days,4
11J,E38000045,NHS Dorset ICB - 11J,E54000041,NHS Dorset Integrated Care Board,E40000006,South West,AUG2023,DNA,Other Practice staff,Video/Online,2 to 7 Days,23
11J,E38000045,NHS Dorset ICB - 11J,E54000041,NHS Dorset Integrated Care Board,E40000006,South West,AUG2023,DNA,Other Practice staff,Video/Online,22  to 28 Days,19
11J,E38000045,NHS Dorset ICB - 11J,E54000041,NHS Dorset Integrated Care Board,E40000006,South West,AUG2023,DNA,Other Practice staff,Video/Online,8  to 14 Days,17
11J,E38000045,NHS Dorset ICB - 11J,E54000041,NHS Dorset Integrated Care Board,E40000006,South West,AUG2023,DNA,Other Practice staff,Video/Online,More than 28 Days,33
11J,E38000045,NHS Dorset ICB - 11J,E54000041,NHS Dorset Integrated Care Board,E40000006,South West,AUG2023,DNA,Other Practice staff,Video/Online,Same Day,41
11J,E38000045,NHS Dorset ICB - 11J,E54000041,NHS Dorset Integrated Care Board,E40000006,South West,AUG2023,DNA,Unknown,Unknown,1 Day,16
11J,E38000045,NHS Dorset ICB - 11J,E54000041,NHS Dorset Integrated Care Board,E40000006,South West,AUG2023,DNA,Unknown,Unknown,15  to 21 Days,12
11J,E38000045,NHS Dorset ICB - 11J,E54000041,NHS Dorset Integrated Care Board,E40000006,South West,AUG2023,DNA,Unknown,Unknown,2 to 7 Days,49
11J,E38000045,NHS Dorset ICB - 11J,E54000041,NHS Dorset Integrated Care Board,E40000006,South West,AUG2023,DNA,Unknown,Unknown,22  to 28 Days,8
11J,E38000045,NHS Dorset ICB - 11J,E54000041,NHS Dorset Integrated Care Board,E40000006,South West,AUG2023,DNA,Unknown,Unknown,8  to 14 Days,23
11J,E38000045,NHS Dorset ICB - 11J,E54000041,NHS Dorset Integrated Care Board,E40000006,South West,AUG2023,DNA,Unknown,Unknown,More than 28 Days,9
11J,E38000045,NHS Dorset ICB - 11J,E54000041,NHS Dorset Integrated Care Board,E40000006,South West,AUG2023,DNA,Unknown,Unknown,Same Day,68
11J,E38000045,NHS Dorset ICB - 11J,E54000041,NHS Dorset Integrated Care Board,E40000006,South West,AUG2023,Unknown,GP,Face-to-Face,1 Day,132
11J,E38000045,NHS Dorset ICB - 11J,E54000041,NHS Dorset Integrated Care Board,E40000006,South West,AUG2023,Unknown,GP,Face-to-Face,15  to 21 Days,656
11J,E38000045,NHS Dorset ICB - 11J,E54000041,NHS Dorset Integrated Care Board,E40000006,South West,AUG2023,Unknown,GP,Face-to-Face,2 to 7 Days,459
11J,E38000045,NHS Dorset ICB - 11J,E54000041,NHS Dorset Integrated Care Board,E40000006,South West,AUG2023,Unknown,GP,Face-to-Face,22  to 28 Days,521
11J,E38000045,NHS Dorset ICB - 11J,E54000041,NHS Dorset Integrated Care Board,E40000006,South West,AUG2023,Unknown,GP,Face-to-Face,8  to 14 Days,721
11J,E38000045,NHS Dorset ICB - 11J,E54000041,NHS Dorset Integrated Care Board,E40000006,South West,AUG2023,Unknown,GP,Face-to-Face,More than 28 Days,939
11J,E38000045,NHS Dorset ICB - 11J,E54000041,NHS Dorset Integrated Care Board,E40000006,South West,AUG2023,Unknown,GP,Face-to-Face,Same Day,240
11J,E38000045,NHS Dorset ICB - 11J,E54000041,NHS Dorset Integrated Care Board,E40000006,South West,AUG2023,Unknown,GP,Face-to-Face,Unknown / Data Quality,4
11J,E38000045,NHS Dorset ICB - 11J,E54000041,NHS Dorset Integrated Care Board,E40000006,South West,AUG2023,Unknown,GP,Home Visit,1 Day,1
11J,E38000045,NHS Dorset ICB - 11J,E54000041,NHS Dorset Integrated Care Board,E40000006,South West,AUG2023,Unknown,GP,Home Visit,15  to 21 Days,2
11J,E38000045,NHS Dorset ICB - 11J,E54000041,NHS Dorset Integrated Care Board,E40000006,South West,AUG2023,Unknown,GP,Home Visit,2 to 7 Days,5
11J,E38000045,NHS Dorset ICB - 11J,E54000041,NHS Dorset Integrated Care Board,E40000006,South West,AUG2023,Unknown,GP,Home Visit,22  to 28 Days,1
11J,E38000045,NHS Dorset ICB - 11J,E54000041,NHS Dorset Integrated Care Board,E40000006,South West,AUG2023,Unknown,GP,Home Visit,8  to 14 Days,3
11J,E38000045,NHS Dorset ICB - 11J,E54000041,NHS Dorset Integrated Care Board,E40000006,South West,AUG2023,Unknown,GP,Telephone,1 Day,48
11J,E38000045,NHS Dorset ICB - 11J,E54000041,NHS Dorset Integrated Care Board,E40000006,South West,AUG2023,Unknown,GP,Telephone,15  to 21 Days,221
11J,E38000045,NHS Dorset ICB - 11J,E54000041,NHS Dorset Integrated Care Board,E40000006,South West,AUG2023,Unknown,GP,Telephone,2 to 7 Days,160
11J,E38000045,NHS Dorset ICB - 11J,E54000041,NHS Dorset Integrated Care Board,E40000006,South West,AUG2023,Unknown,GP,Telephone,22  to 28 Days,187
11J,E38000045,NHS Dorset ICB - 11J,E54000041,NHS Dorset Integrated Care Board,E40000006,South West,AUG2023,Unknown,GP,Telephone,8  to 14 Days,227
11J,E38000045,NHS Dorset ICB - 11J,E54000041,NHS Dorset Integrated Care Board,E40000006,South West,AUG2023,Unknown,GP,Telephone,More than 28 Days,362
11J,E38000045,NHS Dorset ICB - 11J,E54000041,NHS Dorset Integrated Care Board,E40000006,South West,AUG2023,Unknown,GP,Telephone,Same Day,94
11J,E38000045,NHS Dorset ICB - 11J,E54000041,NHS Dorset Integrated Care Board,E40000006,South West,AUG2023,Unknown,GP,Telephone,Unknown / Data Quality,2
11J,E38000045,NHS Dorset ICB - 11J,E54000041,NHS Dorset Integrated Care Board,E40000006,South West,AUG2023,Unknown,GP,Unknown,15  to 21 Days,36
11J,E38000045,NHS Dorset ICB - 11J,E54000041,NHS Dorset Integrated Care Board,E40000006,South West,AUG2023,Unknown,GP,Unknown,2 to 7 Days,17
11J,E38000045,NHS Dorset ICB - 11J,E54000041,NHS Dorset Integrated Care Board,E40000006,South West,AUG2023,Unknown,GP,Unknown,22  to 28 Days,41
11J,E38000045,NHS Dorset ICB - 11J,E54000041,NHS Dorset Integrated Care Board,E40000006,South West,AUG2023,Unknown,GP,Unknown,8  to 14 Days,26
11J,E38000045,NHS Dorset ICB - 11J,E54000041,NHS Dorset Integrated Care Board,E40000006,South West,AUG2023,Unknown,GP,Unknown,More than 28 Days,37
11J,E38000045,NHS Dorset ICB - 11J,E54000041,NHS Dorset Integrated Care Board,E40000006,South West,AUG2023,Unknown,GP,Unknown,Same Day,2
11J,E38000045,NHS Dorset ICB - 11J,E54000041,NHS Dorset Integrated Care Board,E40000006,South West,AUG2023,Unknown,GP,Video/Online,1 Day,8
11J,E38000045,NHS Dorset ICB - 11J,E54000041,NHS Dorset Integrated Care Board,E40000006,South West,AUG2023,Unknown,GP,Video/Online,15  to 21 Days,4
11J,E38000045,NHS Dorset ICB - 11J,E54000041,NHS Dorset Integrated Care Board,E40000006,South West,AUG2023,Unknown,GP,Video/Online,2 to 7 Days,41
11J,E38000045,NHS Dorset ICB - 11J,E54000041,NHS Dorset Integrated Care Board,E40000006,South West,AUG2023,Unknown,GP,Video/Online,8  to 14 Days,10
11J,E38000045,NHS Dorset ICB - 11J,E54000041,NHS Dorset Integrated Care Board,E40000006,South West,AUG2023,Unknown,GP,Video/Online,More than 28 Days,2
11J,E38000045,NHS Dorset ICB - 11J,E54000041,NHS Dorset Integrated Care Board,E40000006,South West,AUG2023,Unknown,GP,Video/Online,Same Day,8
11J,E38000045,NHS Dorset ICB - 11J,E54000041,NHS Dorset Integrated Care Board,E40000006,South West,AUG2023,Unknown,Other Practice staff,Face-to-Face,1 Day,308
11J,E38000045,NHS Dorset ICB - 11J,E54000041,NHS Dorset Integrated Care Board,E40000006,South West,AUG2023,Unknown,Other Practice staff,Face-to-Face,15  to 21 Days,2051
11J,E38000045,NHS Dorset ICB - 11J,E54000041,NHS Dorset Integrated Care Board,E40000006,South West,AUG2023,Unknown,Other Practice staff,Face-to-Face,2 to 7 Days,1403
11J,E38000045,NHS Dorset ICB - 11J,E54000041,NHS Dorset Integrated Care Board,E40000006,South West,AUG2023,Unknown,Other Practice staff,Face-to-Face,22  to 28 Days,1585
11J,E38000045,NHS Dorset ICB - 11J,E54000041,NHS Dorset Integrated Care Board,E40000006,South West,AUG2023,Unknown,Other Practice staff,Face-to-Face,8  to 14 Days,2420
11J,E38000045,NHS Dorset ICB - 11J,E54000041,NHS Dorset Integrated Care Board,E40000006,South West,AUG2023,Unknown,Other Practice staff,Face-to-Face,More than 28 Days,3079
11J,E38000045,NHS Dorset ICB - 11J,E54000041,NHS Dorset Integrated Care Board,E40000006,South West,AUG2023,Unknown,Other Practice staff,Face-to-Face,Same Day,895
11J,E38000045,NHS Dorset ICB - 11J,E54000041,NHS Dorset Integrated Care Board,E40000006,South West,AUG2023,Unknown,Other Practice staff,Face-to-Face,Unknown / Data Quality,14
11J,E38000045,NHS Dorset ICB - 11J,E54000041,NHS Dorset Integrated Care Board,E40000006,South West,AUG2023,Unknown,Other Practice staff,Home Visit,1 Day,6
11J,E38000045,NHS Dorset ICB - 11J,E54000041,NHS Dorset Integrated Care Board,E40000006,South West,AUG2023,Unknown,Other Practice staff,Home Visit,15  to 21 Days,75
11J,E38000045,NHS Dorset ICB - 11J,E54000041,NHS Dorset Integrated Care Board,E40000006,South West,AUG2023,Unknown,Other Practice staff,Home Visit,2 to 7 Days,114
11J,E38000045,NHS Dorset ICB - 11J,E54000041,NHS Dorset Integrated Care Board,E40000006,South West,AUG2023,Unknown,Other Practice staff,Home Visit,22  to 28 Days,41
11J,E38000045,NHS Dorset ICB - 11J,E54000041,NHS Dorset Integrated Care Board,E40000006,South West,AUG2023,Unknown,Other Practice staff,Home Visit,8  to 14 Days,132
11J,E38000045,NHS Dorset ICB - 11J,E54000041,NHS Dorset Integrated Care Board,E40000006,South West,AUG2023,Unknown,Other Practice staff,Home Visit,More than 28 Days,76
11J,E38000045,NHS Dorset ICB - 11J,E54000041,NHS Dorset Integrated Care Board,E40000006,South West,AUG2023,Unknown,Other Practice staff,Home Visit,Same Day,8
11J,E38000045,NHS Dorset ICB - 11J,E54000041,NHS Dorset Integrated Care Board,E40000006,South West,AUG2023,Unknown,Other Practice staff,Home Visit,Unknown / Data Quality,1
11J,E38000045,NHS Dorset ICB - 11J,E54000041,NHS Dorset Integrated Care Board,E40000006,South West,AUG2023,Unknown,Other Practice staff,Telephone,1 Day,111
11J,E38000045,NHS Dorset ICB - 11J,E54000041,NHS Dorset Integrated Care Board,E40000006,South West,AUG2023,Unknown,Other Practice staff,Telephone,15  to 21 Days,139
11J,E38000045,NHS Dorset ICB - 11J,E54000041,NHS Dorset Integrated Care Board,E40000006,South West,AUG2023,Unknown,Other Practice staff,Telephone,2 to 7 Days,315
11J,E38000045,NHS Dorset ICB - 11J,E54000041,NHS Dorset Integrated Care Board,E40000006,South West,AUG2023,Unknown,Other Practice staff,Telephone,22  to 28 Days,119
11J,E38000045,NHS Dorset ICB - 11J,E54000041,NHS Dorset Integrated Care Board,E40000006,South West,AUG2023,Unknown,Other Practice staff,Telephone,8  to 14 Days,213
11J,E38000045,NHS Dorset ICB - 11J,E54000041,NHS Dorset Integrated Care Board,E40000006,South West,AUG2023,Unknown,Other Practice staff,Telephone,More than 28 Days,283
11J,E38000045,NHS Dorset ICB - 11J,E54000041,NHS Dorset Integrated Care Board,E40000006,South West,AUG2023,Unknown,Other Practice staff,Telephone,Same Day,245
11J,E38000045,NHS Dorset ICB - 11J,E54000041,NHS Dorset Integrated Care Board,E40000006,South West,AUG2023,Unknown,Other Practice staff,Unknown,1 Day,7
11J,E38000045,NHS Dorset ICB - 11J,E54000041,NHS Dorset Integrated Care Board,E40000006,South West,AUG2023,Unknown,Other Practice staff,Unknown,15  to 21 Days,196
11J,E38000045,NHS Dorset ICB - 11J,E54000041,NHS Dorset Integrated Care Board,E40000006,South West,AUG2023,Unknown,Other Practice staff,Unknown,2 to 7 Days,99
11J,E38000045,NHS Dorset ICB - 11J,E54000041,NHS Dorset Integrated Care Board,E40000006,South West,AUG2023,Unknown,Other Practice staff,Unknown,22  to 28 Days,143
11J,E38000045,NHS Dorset ICB - 11J,E54000041,NHS Dorset Integrated Care Board,E40000006,South West,AUG2023,Unknown,Other Practice staff,Unknown,8  to 14 Days,166
11J,E38000045,NHS Dorset ICB - 11J,E54000041,NHS Dorset Integrated Care Board,E40000006,South West,AUG2023,Unknown,Other Practice staff,Unknown,More than 28 Days,243
11J,E38000045,NHS Dorset ICB - 11J,E54000041,NHS Dorset Integrated Care Board,E40000006,South West,AUG2023,Unknown,Other Practice staff,Video/Online,1 Day,38
11J,E38000045,NHS Dorset ICB - 11J,E54000041,NHS Dorset Integrated Care Board,E40000006,South West,AUG2023,Unknown,Other Practice staff,Video/Online,15  to 21 Days,23
11J,E38000045,NHS Dorset ICB - 11J,E54000041,NHS Dorset Integrated Care Board,E40000006,South West,AUG2023,Unknown,Other Practice staff,Video/Online,2 to 7 Days,48
11J,E38000045,NHS Dorset ICB - 11J,E54000041,NHS Dorset Integrated Care Board,E40000006,South West,AUG2023,Unknown,Other Practice staff,Video/Online,22  to 28 Days,23
11J,E38000045,NHS Dorset ICB - 11J,E54000041,NHS Dorset Integrated Care Board,E40000006,South West,AUG2023,Unknown,Other Practice staff,Video/Online,8  to 14 Days,40
11J,E38000045,NHS Dorset ICB - 11J,E54000041,NHS Dorset Integrated Care Board,E40000006,South West,AUG2023,Unknown,Other Practice staff,Video/Online,More than 28 Days,46
11J,E38000045,NHS Dorset ICB - 11J,E54000041,NHS Dorset Integrated Care Board,E40000006,South West,AUG2023,Unknown,Other Practice staff,Video/Online,Same Day,11
11J,E38000045,NHS Dorset ICB - 11J,E54000041,NHS Dorset Integrated Care Board,E40000006,South West,AUG2023,Unknown,Other Practice staff,Video/Online,Unknown / Data Quality,1
11J,E38000045,NHS Dorset ICB - 11J,E54000041,NHS Dorset Integrated Care Board,E40000006,South West,AUG2023,Unknown,Unknown,Unknown,1 Day,20
11J,E38000045,NHS Dorset ICB - 11J,E54000041,NHS Dorset Integrated Care Board,E40000006,South West,AUG2023,Unknown,Unknown,Unknown,15  to 21 Days,100
11J,E38000045,NHS Dorset ICB - 11J,E54000041,NHS Dorset Integrated Care Board,E40000006,South West,AUG2023,Unknown,Unknown,Unknown,2 to 7 Days,133
11J,E38000045,NHS Dorset ICB - 11J,E54000041,NHS Dorset Integrated Care Board,E40000006,South West,AUG2023,Unknown,Unknown,Unknown,22  to 28 Days,81
11J,E38000045,NHS Dorset ICB - 11J,E54000041,NHS Dorset Integrated Care Board,E40000006,South West,AUG2023,Unknown,Unknown,Unknown,8  to 14 Days,125
11J,E38000045,NHS Dorset ICB - 11J,E54000041,NHS Dorset Integrated Care Board,E40000006,South West,AUG2023,Unknown,Unknown,Unknown,More than 28 Days,182
11J,E38000045,NHS Dorset ICB - 11J,E54000041,NHS Dorset Integrated Care Board,E40000006,South West,AUG2023,Unknown,Unknown,Unknown,Same Day,39
11J,E38000045,NHS Dorset ICB - 11J,E54000041,NHS Dorset Integrated Care Board,E40000006,South West,AUG2023,Unknown,Unknown,Unknown,Unknown / Data Quality,2
11J,E38000045,NHS Dorset ICB - 11J,E54000041,NHS Dorset Integrated Care Board,E40000006,South West,SEP2023,Attended,GP,Face-to-Face,1 Day,9433
11J,E38000045,NHS Dorset ICB - 11J,E54000041,NHS Dorset Integrated Care Board,E40000006,South West,SEP2023,Attended,GP,Face-to-Face,15  to 21 Days,10927
11J,E38000045,NHS Dorset ICB - 11J,E54000041,NHS Dorset Integrated Care Board,E40000006,South West,SEP2023,Attended,GP,Face-to-Face,2 to 7 Days,18703
11J,E38000045,NHS Dorset ICB - 11J,E54000041,NHS Dorset Integrated Care Board,E40000006,South West,SEP2023,Attended,GP,Face-to-Face,22  to 28 Days,8476
11J,E38000045,NHS Dorset ICB - 11J,E54000041,NHS Dorset Integrated Care Board,E40000006,South West,SEP2023,Attended,GP,Face-to-Face,8  to 14 Days,12373
11J,E38000045,NHS Dorset ICB - 11J,E54000041,NHS Dorset Integrated Care Board,E40000006,South West,SEP2023,Attended,GP,Face-to-Face,More than 28 Days,11467
11J,E38000045,NHS Dorset ICB - 11J,E54000041,NHS Dorset Integrated Care Board,E40000006,South West,SEP2023,Attended,GP,Face-to-Face,Same Day,51475
11J,E38000045,NHS Dorset ICB - 11J,E54000041,NHS Dorset Integrated Care Board,E40000006,South West,SEP2023,Attended,GP,Face-to-Face,Unknown / Data Quality,11
11J,E38000045,NHS Dorset ICB - 11J,E54000041,NHS Dorset Integrated Care Board,E40000006,South West,SEP2023,Attended,GP,Home Visit,1 Day,56
11J,E38000045,NHS Dorset ICB - 11J,E54000041,NHS Dorset Integrated Care Board,E40000006,South West,SEP2023,Attended,GP,Home Visit,15  to 21 Days,4
11J,E38000045,NHS Dorset ICB - 11J,E54000041,NHS Dorset Integrated Care Board,E40000006,South West,SEP2023,Attended,GP,Home Visit,2 to 7 Days,65
11J,E38000045,NHS Dorset ICB - 11J,E54000041,NHS Dorset Integrated Care Board,E40000006,South West,SEP2023,Attended,GP,Home Visit,22  to 28 Days,44
11J,E38000045,NHS Dorset ICB - 11J,E54000041,NHS Dorset Integrated Care Board,E40000006,South West,SEP2023,Attended,GP,Home Visit,8  to 14 Days,16
11J,E38000045,NHS Dorset ICB - 11J,E54000041,NHS Dorset Integrated Care Board,E40000006,South West,SEP2023,Attended,GP,Home Visit,More than 28 Days,22
11J,E38000045,NHS Dorset ICB - 11J,E54000041,NHS Dorset Integrated Care Board,E40000006,South West,SEP2023,Attended,GP,Home Visit,Same Day,303
11J,E38000045,NHS Dorset ICB - 11J,E54000041,NHS Dorset Integrated Care Board,E40000006,South West,SEP2023,Attended,GP,Home Visit,Unknown / Data Quality,1
11J,E38000045,NHS Dorset ICB - 11J,E54000041,NHS Dorset Integrated Care Board,E40000006,South West,SEP2023,Attended,GP,Telephone,1 Day,2824
11J,E38000045,NHS Dorset ICB - 11J,E54000041,NHS Dorset Integrated Care Board,E40000006,South West,SEP2023,Attended,GP,Telephone,15  to 21 Days,3398
11J,E38000045,NHS Dorset ICB - 11J,E54000041,NHS Dorset Integrated Care Board,E40000006,South West,SEP2023,Attended,GP,Telephone,2 to 7 Days,6680
11J,E38000045,NHS Dorset ICB - 11J,E54000041,NHS Dorset Integrated Care Board,E40000006,South West,SEP2023,Attended,GP,Telephone,22  to 28 Days,2771
11J,E38000045,NHS Dorset ICB - 11J,E54000041,NHS Dorset Integrated Care Board,E40000006,South West,SEP2023,Attended,GP,Telephone,8  to 14 Days,4905
11J,E38000045,NHS Dorset ICB - 11J,E54000041,NHS Dorset Integrated Care Board,E40000006,South West,SEP2023,Attended,GP,Telephone,More than 28 Days,1913
11J,E38000045,NHS Dorset ICB - 11J,E54000041,NHS Dorset Integrated Care Board,E40000006,South West,SEP2023,Attended,GP,Telephone,Same Day,25940
11J,E38000045,NHS Dorset ICB - 11J,E54000041,NHS Dorset Integrated Care Board,E40000006,South West,SEP2023,Attended,GP,Telephone,Unknown / Data Quality,12
11J,E38000045,NHS Dorset ICB - 11J,E54000041,NHS Dorset Integrated Care Board,E40000006,South West,SEP2023,Attended,GP,Unknown,1 Day,13
11J,E38000045,NHS Dorset ICB - 11J,E54000041,NHS Dorset Integrated Care Board,E40000006,South West,SEP2023,Attended,GP,Unknown,15  to 21 Days,18
11J,E38000045,NHS Dorset ICB - 11J,E54000041,NHS Dorset Integrated Care Board,E40000006,South West,SEP2023,Attended,GP,Unknown,2 to 7 Days,18
11J,E38000045,NHS Dorset ICB - 11J,E54000041,NHS Dorset Integrated Care Board,E40000006,South West,SEP2023,Attended,GP,Unknown,22  to 28 Days,19
11J,E38000045,NHS Dorset ICB - 11J,E54000041,NHS Dorset Integrated Care Board,E40000006,South West,SEP2023,Attended,GP,Unknown,8  to 14 Days,20
11J,E38000045,NHS Dorset ICB - 11J,E54000041,NHS Dorset Integrated Care Board,E40000006,South West,SEP2023,Attended,GP,Unknown,More than 28 Days,44
11J,E38000045,NHS Dorset ICB - 11J,E54000041,NHS Dorset Integrated Care Board,E40000006,South West,SEP2023,Attended,GP,Unknown,Same Day,19
11J,E38000045,NHS Dorset ICB - 11J,E54000041,NHS Dorset Integrated Care Board,E40000006,South West,SEP2023,Attended,GP,Video/Online,1 Day,446
11J,E38000045,NHS Dorset ICB - 11J,E54000041,NHS Dorset Integrated Care Board,E40000006,South West,SEP2023,Attended,GP,Video/Online,15  to 21 Days,35
11J,E38000045,NHS Dorset ICB - 11J,E54000041,NHS Dorset Integrated Care Board,E40000006,South West,SEP2023,Attended,GP,Video/Online,2 to 7 Days,277
11J,E38000045,NHS Dorset ICB - 11J,E54000041,NHS Dorset Integrated Care Board,E40000006,South West,SEP2023,Attended,GP,Video/Online,22  to 28 Days,12
11J,E38000045,NHS Dorset ICB - 11J,E54000041,NHS Dorset Integrated Care Board,E40000006,South West,SEP2023,Attended,GP,Video/Online,8  to 14 Days,70
11J,E38000045,NHS Dorset ICB - 11J,E54000041,NHS Dorset Integrated Care Board,E40000006,South West,SEP2023,Attended,GP,Video/Online,More than 28 Days,4
11J,E38000045,NHS Dorset ICB - 11J,E54000041,NHS Dorset Integrated Care Board,E40000006,South West,SEP2023,Attended,GP,Video/Online,Same Day,2825
11J,E38000045,NHS Dorset ICB - 11J,E54000041,NHS Dorset Integrated Care Board,E40000006,South West,SEP2023,Attended,Other Practice staff,Face-to-Face,1 Day,10585
11J,E38000045,NHS Dorset ICB - 11J,E54000041,NHS Dorset Integrated Care Board,E40000006,South West,SEP2023,Attended,Other Practice staff,Face-to-Face,15  to 21 Days,25828
11J,E38000045,NHS Dorset ICB - 11J,E54000041,NHS Dorset Integrated Care Board,E40000006,South West,SEP2023,Attended,Other Practice staff,Face-to-Face,2 to 7 Days,32015
11J,E38000045,NHS Dorset ICB - 11J,E54000041,NHS Dorset Integrated Care Board,E40000006,South West,SEP2023,Attended,Other Practice staff,Face-to-Face,22  to 28 Days,18388
11J,E38000045,NHS Dorset ICB - 11J,E54000041,NHS Dorset Integrated Care Board,E40000006,South West,SEP2023,Attended,Other Practice staff,Face-to-Face,8  to 14 Days,30005
11J,E38000045,NHS Dorset ICB - 11J,E54000041,NHS Dorset Integrated Care Board,E40000006,South West,SEP2023,Attended,Other Practice staff,Face-to-Face,More than 28 Days,25237
11J,E38000045,NHS Dorset ICB - 11J,E54000041,NHS Dorset Integrated Care Board,E40000006,South West,SEP2023,Attended,Other Practice staff,Face-to-Face,Same Day,42407
11J,E38000045,NHS Dorset ICB - 11J,E54000041,NHS Dorset Integrated Care Board,E40000006,South West,SEP2023,Attended,Other Practice staff,Face-to-Face,Unknown / Data Quality,249
11J,E38000045,NHS Dorset ICB - 11J,E54000041,NHS Dorset Integrated Care Board,E40000006,South West,SEP2023,Attended,Other Practice staff,Home Visit,1 Day,279
11J,E38000045,NHS Dorset ICB - 11J,E54000041,NHS Dorset Integrated Care Board,E40000006,South West,SEP2023,Attended,Other Practice staff,Home Visit,15  to 21 Days,98
11J,E38000045,NHS Dorset ICB - 11J,E54000041,NHS Dorset Integrated Care Board,E40000006,South West,SEP2023,Attended,Other Practice staff,Home Visit,2 to 7 Days,583
11J,E38000045,NHS Dorset ICB - 11J,E54000041,NHS Dorset Integrated Care Board,E40000006,South West,SEP2023,Attended,Other Practice staff,Home Visit,22  to 28 Days,196
11J,E38000045,NHS Dorset ICB - 11J,E54000041,NHS Dorset Integrated Care Board,E40000006,South West,SEP2023,Attended,Other Practice staff,Home Visit,8  to 14 Days,220
11J,E38000045,NHS Dorset ICB - 11J,E54000041,NHS Dorset Integrated Care Board,E40000006,South West,SEP2023,Attended,Other Practice staff,Home Visit,More than 28 Days,185
11J,E38000045,NHS Dorset ICB - 11J,E54000041,NHS Dorset Integrated Care Board,E40000006,South West,SEP2023,Attended,Other Practice staff,Home Visit,Same Day,1169
11J,E38000045,NHS Dorset ICB - 11J,E54000041,NHS Dorset Integrated Care Board,E40000006,South West,SEP2023,Attended,Other Practice staff,Home Visit,Unknown / Data Quality,6
11J,E38000045,NHS Dorset ICB - 11J,E54000041,NHS Dorset Integrated Care Board,E40000006,South West,SEP2023,Attended,Other Practice staff,Telephone,1 Day,2076
11J,E38000045,NHS Dorset ICB - 11J,E54000041,NHS Dorset Integrated Care Board,E40000006,South West,SEP2023,Attended,Other Practice staff,Telephone,15  to 21 Days,1581
11J,E38000045,NHS Dorset ICB - 11J,E54000041,NHS Dorset Integrated Care Board,E40000006,South West,SEP2023,Attended,Other Practice staff,Telephone,2 to 7 Days,3373
11J,E38000045,NHS Dorset ICB - 11J,E54000041,NHS Dorset Integrated Care Board,E40000006,South West,SEP2023,Attended,Other Practice staff,Telephone,22  to 28 Days,897
11J,E38000045,NHS Dorset ICB - 11J,E54000041,NHS Dorset Integrated Care Board,E40000006,South West,SEP2023,Attended,Other Practice staff,Telephone,8  to 14 Days,1822
11J,E38000045,NHS Dorset ICB - 11J,E54000041,NHS Dorset Integrated Care Board,E40000006,South West,SEP2023,Attended,Other Practice staff,Telephone,More than 28 Days,1218
11J,E38000045,NHS Dorset ICB - 11J,E54000041,NHS Dorset Integrated Care Board,E40000006,South West,SEP2023,Attended,Other Practice staff,Telephone,Same Day,14416
11J,E38000045,NHS Dorset ICB - 11J,E54000041,NHS Dorset Integrated Care Board,E40000006,South West,SEP2023,Attended,Other Practice staff,Telephone,Unknown / Data Quality,38
11J,E38000045,NHS Dorset ICB - 11J,E54000041,NHS Dorset Integrated Care Board,E40000006,South West,SEP2023,Attended,Other Practice staff,Unknown,1 Day,26
11J,E38000045,NHS Dorset ICB - 11J,E54000041,NHS Dorset Integrated Care Board,E40000006,South West,SEP2023,Attended,Other Practice staff,Unknown,15  to 21 Days,35
11J,E38000045,NHS Dorset ICB - 11J,E54000041,NHS Dorset Integrated Care Board,E40000006,South West,SEP2023,Attended,Other Practice staff,Unknown,2 to 7 Days,124
11J,E38000045,NHS Dorset ICB - 11J,E54000041,NHS Dorset Integrated Care Board,E40000006,South West,SEP2023,Attended,Other Practice staff,Unknown,22  to 28 Days,32
11J,E38000045,NHS Dorset ICB - 11J,E54000041,NHS Dorset Integrated Care Board,E40000006,South West,SEP2023,Attended,Other Practice staff,Unknown,8  to 14 Days,62
11J,E38000045,NHS Dorset ICB - 11J,E54000041,NHS Dorset Integrated Care Board,E40000006,South West,SEP2023,Attended,Other Practice staff,Unknown,More than 28 Days,52
11J,E38000045,NHS Dorset ICB - 11J,E54000041,NHS Dorset Integrated Care Board,E40000006,South West,SEP2023,Attended,Other Practice staff,Unknown,Same Day,25
11J,E38000045,NHS Dorset ICB - 11J,E54000041,NHS Dorset Integrated Care Board,E40000006,South West,SEP2023,Attended,Other Practice staff,Video/Online,1 Day,743
11J,E38000045,NHS Dorset ICB - 11J,E54000041,NHS Dorset Integrated Care Board,E40000006,South West,SEP2023,Attended,Other Practice staff,Video/Online,15  to 21 Days,95
11J,E38000045,NHS Dorset ICB - 11J,E54000041,NHS Dorset Integrated Care Board,E40000006,South West,SEP2023,Attended,Other Practice staff,Video/Online,2 to 7 Days,510
11J,E38000045,NHS Dorset ICB - 11J,E54000041,NHS Dorset Integrated Care Board,E40000006,South West,SEP2023,Attended,Other Practice staff,Video/Online,22  to 28 Days,78
11J,E38000045,NHS Dorset ICB - 11J,E54000041,NHS Dorset Integrated Care Board,E40000006,South West,SEP2023,Attended,Other Practice staff,Video/Online,8  to 14 Days,109
11J,E38000045,NHS Dorset ICB - 11J,E54000041,NHS Dorset Integrated Care Board,E40000006,South West,SEP2023,Attended,Other Practice staff,Video/Online,More than 28 Days,145
11J,E38000045,NHS Dorset ICB - 11J,E54000041,NHS Dorset Integrated Care Board,E40000006,South West,SEP2023,Attended,Other Practice staff,Video/Online,Same Day,2986
11J,E38000045,NHS Dorset ICB - 11J,E54000041,NHS Dorset Integrated Care Board,E40000006,South West,SEP2023,Attended,Unknown,Unknown,1 Day,1004
11J,E38000045,NHS Dorset ICB - 11J,E54000041,NHS Dorset Integrated Care Board,E40000006,South West,SEP2023,Attended,Unknown,Unknown,15  to 21 Days,365
11J,E38000045,NHS Dorset ICB - 11J,E54000041,NHS Dorset Integrated Care Board,E40000006,South West,SEP2023,Attended,Unknown,Unknown,2 to 7 Days,2243
11J,E38000045,NHS Dorset ICB - 11J,E54000041,NHS Dorset Integrated Care Board,E40000006,South West,SEP2023,Attended,Unknown,Unknown,22  to 28 Days,218
11J,E38000045,NHS Dorset ICB - 11J,E54000041,NHS Dorset Integrated Care Board,E40000006,South West,SEP2023,Attended,Unknown,Unknown,8  to 14 Days,819
11J,E38000045,NHS Dorset ICB - 11J,E54000041,NHS Dorset Integrated Care Board,E40000006,South West,SEP2023,Attended,Unknown,Unknown,More than 28 Days,245
11J,E38000045,NHS Dorset ICB - 11J,E54000041,NHS Dorset Integrated Care Board,E40000006,South West,SEP2023,Attended,Unknown,Unknown,Same Day,9058
11J,E38000045,NHS Dorset ICB - 11J,E54000041,NHS Dorset Integrated Care Board,E40000006,South West,SEP2023,Attended,Unknown,Unknown,Unknown / Data Quality,12
11J,E38000045,NHS Dorset ICB - 11J,E54000041,NHS Dorset Integrated Care Board,E40000006,South West,SEP2023,DNA,GP,Face-to-Face,1 Day,218
11J,E38000045,NHS Dorset ICB - 11J,E54000041,NHS Dorset Integrated Care Board,E40000006,South West,SEP2023,DNA,GP,Face-to-Face,15  to 21 Days,571
11J,E38000045,NHS Dorset ICB - 11J,E54000041,NHS Dorset Integrated Care Board,E40000006,South West,SEP2023,DNA,GP,Face-to-Face,2 to 7 Days,673
11J,E38000045,NHS Dorset ICB - 11J,E54000041,NHS Dorset Integrated Care Board,E40000006,South West,SEP2023,DNA,GP,Face-to-Face,22  to 28 Days,436
11J,E38000045,NHS Dorset ICB - 11J,E54000041,NHS Dorset Integrated Care Board,E40000006,South West,SEP2023,DNA,GP,Face-to-Face,8  to 14 Days,578
11J,E38000045,NHS Dorset ICB - 11J,E54000041,NHS Dorset Integrated Care Board,E40000006,South West,SEP2023,DNA,GP,Face-to-Face,More than 28 Days,714
11J,E38000045,NHS Dorset ICB - 11J,E54000041,NHS Dorset Integrated Care Board,E40000006,South West,SEP2023,DNA,GP,Face-to-Face,Same Day,455
11J,E38000045,NHS Dorset ICB - 11J,E54000041,NHS Dorset Integrated Care Board,E40000006,South West,SEP2023,DNA,GP,Home Visit,1 Day,2
11J,E38000045,NHS Dorset ICB - 11J,E54000041,NHS Dorset Integrated Care Board,E40000006,South West,SEP2023,DNA,GP,Home Visit,15  to 21 Days,1
11J,E38000045,NHS Dorset ICB - 11J,E54000041,NHS Dorset Integrated Care Board,E40000006,South West,SEP2023,DNA,GP,Home Visit,2 to 7 Days,1
11J,E38000045,NHS Dorset ICB - 11J,E54000041,NHS Dorset Integrated Care Board,E40000006,South West,SEP2023,DNA,GP,Home Visit,Same Day,7
11J,E38000045,NHS Dorset ICB - 11J,E54000041,NHS Dorset Integrated Care Board,E40000006,South West,SEP2023,DNA,GP,Telephone,1 Day,11
11J,E38000045,NHS Dorset ICB - 11J,E54000041,NHS Dorset Integrated Care Board,E40000006,South West,SEP2023,DNA,GP,Telephone,15  to 21 Days,34
11J,E38000045,NHS Dorset ICB - 11J,E54000041,NHS Dorset Integrated Care Board,E40000006,South West,SEP2023,DNA,GP,Telephone,2 to 7 Days,55
11J,E38000045,NHS Dorset ICB - 11J,E54000041,NHS Dorset Integrated Care Board,E40000006,South West,SEP2023,DNA,GP,Telephone,22  to 28 Days,27
11J,E38000045,NHS Dorset ICB - 11J,E54000041,NHS Dorset Integrated Care Board,E40000006,South West,SEP2023,DNA,GP,Telephone,8  to 14 Days,33
11J,E38000045,NHS Dorset ICB - 11J,E54000041,NHS Dorset Integrated Care Board,E40000006,South West,SEP2023,DNA,GP,Telephone,More than 28 Days,24
11J,E38000045,NHS Dorset ICB - 11J,E54000041,NHS Dorset Integrated Care Board,E40000006,South West,SEP2023,DNA,GP,Telephone,Same Day,30
11J,E38000045,NHS Dorset ICB - 11J,E54000041,NHS Dorset Integrated Care Board,E40000006,South West,SEP2023,DNA,GP,Unknown,1 Day,1
11J,E38000045,NHS Dorset ICB - 11J,E54000041,NHS Dorset Integrated Care Board,E40000006,South West,SEP2023,DNA,GP,Unknown,15  to 21 Days,8
11J,E38000045,NHS Dorset ICB - 11J,E54000041,NHS Dorset Integrated Care Board,E40000006,South West,SEP2023,DNA,GP,Unknown,22  to 28 Days,7
11J,E38000045,NHS Dorset ICB - 11J,E54000041,NHS Dorset Integrated Care Board,E40000006,South West,SEP2023,DNA,GP,Unknown,8  to 14 Days,1
11J,E38000045,NHS Dorset ICB - 11J,E54000041,NHS Dorset Integrated Care Board,E40000006,South West,SEP2023,DNA,GP,Unknown,More than 28 Days,7
11J,E38000045,NHS Dorset ICB - 11J,E54000041,NHS Dorset Integrated Care Board,E40000006,South West,SEP2023,DNA,GP,Unknown,Same Day,1
11J,E38000045,NHS Dorset ICB - 11J,E54000041,NHS Dorset Integrated Care Board,E40000006,South West,SEP2023,DNA,GP,Video/Online,1 Day,1
11J,E38000045,NHS Dorset ICB - 11J,E54000041,NHS Dorset Integrated Care Board,E40000006,South West,SEP2023,DNA,GP,Video/Online,15  to 21 Days,1
11J,E38000045,NHS Dorset ICB - 11J,E54000041,NHS Dorset Integrated Care Board,E40000006,South West,SEP2023,DNA,GP,Video/Online,2 to 7 Days,3
11J,E38000045,NHS Dorset ICB - 11J,E54000041,NHS Dorset Integrated Care Board,E40000006,South West,SEP2023,DNA,GP,Video/Online,22  to 28 Days,1
11J,E38000045,NHS Dorset ICB - 11J,E54000041,NHS Dorset Integrated Care Board,E40000006,South West,SEP2023,DNA,GP,Video/Online,8  to 14 Days,2
11J,E38000045,NHS Dorset ICB - 11J,E54000041,NHS Dorset Integrated Care Board,E40000006,South West,SEP2023,DNA,GP,Video/Online,Same Day,12
11J,E38000045,NHS Dorset ICB - 11J,E54000041,NHS Dorset Integrated Care Board,E40000006,South West,SEP2023,DNA,Other Practice staff,Face-to-Face,1 Day,443
11J,E38000045,NHS Dorset ICB - 11J,E54000041,NHS Dorset Integrated Care Board,E40000006,South West,SEP2023,DNA,Other Practice staff,Face-to-Face,15  to 21 Days,1851
11J,E38000045,NHS Dorset ICB - 11J,E54000041,NHS Dorset Integrated Care Board,E40000006,South West,SEP2023,DNA,Other Practice staff,Face-to-Face,2 to 7 Days,1933
11J,E38000045,NHS Dorset ICB - 11J,E54000041,NHS Dorset Integrated Care Board,E40000006,South West,SEP2023,DNA,Other Practice staff,Face-to-Face,22  to 28 Days,1635
11J,E38000045,NHS Dorset ICB - 11J,E54000041,NHS Dorset Integrated Care Board,E40000006,South West,SEP2023,DNA,Other Practice staff,Face-to-Face,8  to 14 Days,2412
11J,E38000045,NHS Dorset ICB - 11J,E54000041,NHS Dorset Integrated Care Board,E40000006,South West,SEP2023,DNA,Other Practice staff,Face-to-Face,More than 28 Days,3326
11J,E38000045,NHS Dorset ICB - 11J,E54000041,NHS Dorset Integrated Care Board,E40000006,South West,SEP2023,DNA,Other Practice staff,Face-to-Face,Same Day,856
11J,E38000045,NHS Dorset ICB - 11J,E54000041,NHS Dorset Integrated Care Board,E40000006,South West,SEP2023,DNA,Other Practice staff,Home Visit,1 Day,4
11J,E38000045,NHS Dorset ICB - 11J,E54000041,NHS Dorset Integrated Care Board,E40000006,South West,SEP2023,DNA,Other Practice staff,Home Visit,15  to 21 Days,4
11J,E38000045,NHS Dorset ICB - 11J,E54000041,NHS Dorset Integrated Care Board,E40000006,South West,SEP2023,DNA,Other Practice staff,Home Visit,2 to 7 Days,26
11J,E38000045,NHS Dorset ICB - 11J,E54000041,NHS Dorset Integrated Care Board,E40000006,South West,SEP2023,DNA,Other Practice staff,Home Visit,22  to 28 Days,1
11J,E38000045,NHS Dorset ICB - 11J,E54000041,NHS Dorset Integrated Care Board,E40000006,South West,SEP2023,DNA,Other Practice staff,Home Visit,8  to 14 Days,8
11J,E38000045,NHS Dorset ICB - 11J,E54000041,NHS Dorset Integrated Care Board,E40000006,South West,SEP2023,DNA,Other Practice staff,Home Visit,More than 28 Days,22
11J,E38000045,NHS Dorset ICB - 11J,E54000041,NHS Dorset Integrated Care Board,E40000006,South West,SEP2023,DNA,Other Practice staff,Home Visit,Same Day,25
11J,E38000045,NHS Dorset ICB - 11J,E54000041,NHS Dorset Integrated Care Board,E40000006,South West,SEP2023,DNA,Other Practice staff,Telephone,1 Day,10
11J,E38000045,NHS Dorset ICB - 11J,E54000041,NHS Dorset Integrated Care Board,E40000006,South West,SEP2023,DNA,Other Practice staff,Telephone,15  to 21 Days,15
11J,E38000045,NHS Dorset ICB - 11J,E54000041,NHS Dorset Integrated Care Board,E40000006,South West,SEP2023,DNA,Other Practice staff,Telephone,2 to 7 Days,62
11J,E38000045,NHS Dorset ICB - 11J,E54000041,NHS Dorset Integrated Care Board,E40000006,South West,SEP2023,DNA,Other Practice staff,Telephone,22  to 28 Days,12
11J,E38000045,NHS Dorset ICB - 11J,E54000041,NHS Dorset Integrated Care Board,E40000006,South West,SEP2023,DNA,Other Practice staff,Telephone,8  to 14 Days,34
11J,E38000045,NHS Dorset ICB - 11J,E54000041,NHS Dorset Integrated Care Board,E40000006,South West,SEP2023,DNA,Other Practice staff,Telephone,More than 28 Days,18
11J,E38000045,NHS Dorset ICB - 11J,E54000041,NHS Dorset Integrated Care Board,E40000006,South West,SEP2023,DNA,Other Practice staff,Telephone,Same Day,7
11J,E38000045,NHS Dorset ICB - 11J,E54000041,NHS Dorset Integrated Care Board,E40000006,South West,SEP2023,DNA,Other Practice staff,Unknown,15  to 21 Days,6
11J,E38000045,NHS Dorset ICB - 11J,E54000041,NHS Dorset Integrated Care Board,E40000006,South West,SEP2023,DNA,Other Practice staff,Unknown,2 to 7 Days,8
11J,E38000045,NHS Dorset ICB - 11J,E54000041,NHS Dorset Integrated Care Board,E40000006,South West,SEP2023,DNA,Other Practice staff,Unknown,22  to 28 Days,6
11J,E38000045,NHS Dorset ICB - 11J,E54000041,NHS Dorset Integrated Care Board,E40000006,South West,SEP2023,DNA,Other Practice staff,Unknown,8  to 14 Days,7
11J,E38000045,NHS Dorset ICB - 11J,E54000041,NHS Dorset Integrated Care Board,E40000006,South West,SEP2023,DNA,Other Practice staff,Unknown,More than 28 Days,13
11J,E38000045,NHS Dorset ICB - 11J,E54000041,NHS Dorset Integrated Care Board,E40000006,South West,SEP2023,DNA,Other Practice staff,Unknown,Same Day,3
11J,E38000045,NHS Dorset ICB - 11J,E54000041,NHS Dorset Integrated Care Board,E40000006,South West,SEP2023,DNA,Other Practice staff,Video/Online,1 Day,19
11J,E38000045,NHS Dorset ICB - 11J,E54000041,NHS Dorset Integrated Care Board,E40000006,South West,SEP2023,DNA,Other Practice staff,Video/Online,15  to 21 Days,7
11J,E38000045,NHS Dorset ICB - 11J,E54000041,NHS Dorset Integrated Care Board,E40000006,South West,SEP2023,DNA,Other Practice staff,Video/Online,2 to 7 Days,35
11J,E38000045,NHS Dorset ICB - 11J,E54000041,NHS Dorset Integrated Care Board,E40000006,South West,SEP2023,DNA,Other Practice staff,Video/Online,22  to 28 Days,7
11J,E38000045,NHS Dorset ICB - 11J,E54000041,NHS Dorset Integrated Care Board,E40000006,South West,SEP2023,DNA,Other Practice staff,Video/Online,8  to 14 Days,29
11J,E38000045,NHS Dorset ICB - 11J,E54000041,NHS Dorset Integrated Care Board,E40000006,South West,SEP2023,DNA,Other Practice staff,Video/Online,More than 28 Days,19
11J,E38000045,NHS Dorset ICB - 11J,E54000041,NHS Dorset Integrated Care Board,E40000006,South West,SEP2023,DNA,Other Practice staff,Video/Online,Same Day,50
11J,E38000045,NHS Dorset ICB - 11J,E54000041,NHS Dorset Integrated Care Board,E40000006,South West,SEP2023,DNA,Unknown,Unknown,1 Day,37
11J,E38000045,NHS Dorset ICB - 11J,E54000041,NHS Dorset Integrated Care Board,E40000006,South West,SEP2023,DNA,Unknown,Unknown,15  to 21 Days,16
11J,E38000045,NHS Dorset ICB - 11J,E54000041,NHS Dorset Integrated Care Board,E40000006,South West,SEP2023,DNA,Unknown,Unknown,2 to 7 Days,109
11J,E38000045,NHS Dorset ICB - 11J,E54000041,NHS Dorset Integrated Care Board,E40000006,South West,SEP2023,DNA,Unknown,Unknown,22  to 28 Days,9
11J,E38000045,NHS Dorset ICB - 11J,E54000041,NHS Dorset Integrated Care Board,E40000006,South West,SEP2023,DNA,Unknown,Unknown,8  to 14 Days,24
11J,E38000045,NHS Dorset ICB - 11J,E54000041,NHS Dorset Integrated Care Board,E40000006,South West,SEP2023,DNA,Unknown,Unknown,More than 28 Days,15
11J,E38000045,NHS Dorset ICB - 11J,E54000041,NHS Dorset Integrated Care Board,E40000006,South West,SEP2023,DNA,Unknown,Unknown,Same Day,60
11J,E38000045,NHS Dorset ICB - 11J,E54000041,NHS Dorset Integrated Care Board,E40000006,South West,SEP2023,Unknown,GP,Face-to-Face,1 Day,146
11J,E38000045,NHS Dorset ICB - 11J,E54000041,NHS Dorset Integrated Care Board,E40000006,South West,SEP2023,Unknown,GP,Face-to-Face,15  to 21 Days,1096
11J,E38000045,NHS Dorset ICB - 11J,E54000041,NHS Dorset Integrated Care Board,E40000006,South West,SEP2023,Unknown,GP,Face-to-Face,2 to 7 Days,637
11J,E38000045,NHS Dorset ICB - 11J,E54000041,NHS Dorset Integrated Care Board,E40000006,South West,SEP2023,Unknown,GP,Face-to-Face,22  to 28 Days,974
11J,E38000045,NHS Dorset ICB - 11J,E54000041,NHS Dorset Integrated Care Board,E40000006,South West,SEP2023,Unknown,GP,Face-to-Face,8  to 14 Days,969
11J,E38000045,NHS Dorset ICB - 11J,E54000041,NHS Dorset Integrated Care Board,E40000006,South West,SEP2023,Unknown,GP,Face-to-Face,More than 28 Days,1634
11J,E38000045,NHS Dorset ICB - 11J,E54000041,NHS Dorset Integrated Care Board,E40000006,South West,SEP2023,Unknown,GP,Face-to-Face,Same Day,314
11J,E38000045,NHS Dorset ICB - 11J,E54000041,NHS Dorset Integrated Care Board,E40000006,South West,SEP2023,Unknown,GP,Face-to-Face,Unknown / Data Quality,3
11J,E38000045,NHS Dorset ICB - 11J,E54000041,NHS Dorset Integrated Care Board,E40000006,South West,SEP2023,Unknown,GP,Home Visit,1 Day,2
11J,E38000045,NHS Dorset ICB - 11J,E54000041,NHS Dorset Integrated Care Board,E40000006,South West,SEP2023,Unknown,GP,Home Visit,15  to 21 Days,1
11J,E38000045,NHS Dorset ICB - 11J,E54000041,NHS Dorset Integrated Care Board,E40000006,South West,SEP2023,Unknown,GP,Home Visit,2 to 7 Days,8
11J,E38000045,NHS Dorset ICB - 11J,E54000041,NHS Dorset Integrated Care Board,E40000006,South West,SEP2023,Unknown,GP,Home Visit,22  to 28 Days,3
11J,E38000045,NHS Dorset ICB - 11J,E54000041,NHS Dorset Integrated Care Board,E40000006,South West,SEP2023,Unknown,GP,Home Visit,8  to 14 Days,6
11J,E38000045,NHS Dorset ICB - 11J,E54000041,NHS Dorset Integrated Care Board,E40000006,South West,SEP2023,Unknown,GP,Home Visit,More than 28 Days,1
11J,E38000045,NHS Dorset ICB - 11J,E54000041,NHS Dorset Integrated Care Board,E40000006,South West,SEP2023,Unknown,GP,Home Visit,Same Day,1
11J,E38000045,NHS Dorset ICB - 11J,E54000041,NHS Dorset Integrated Care Board,E40000006,South West,SEP2023,Unknown,GP,Telephone,1 Day,55
11J,E38000045,NHS Dorset ICB - 11J,E54000041,NHS Dorset Integrated Care Board,E40000006,South West,SEP2023,Unknown,GP,Telephone,15  to 21 Days,222
11J,E38000045,NHS Dorset ICB - 11J,E54000041,NHS Dorset Integrated Care Board,E40000006,South West,SEP2023,Unknown,GP,Telephone,2 to 7 Days,228
11J,E38000045,NHS Dorset ICB - 11J,E54000041,NHS Dorset Integrated Care Board,E40000006,South West,SEP2023,Unknown,GP,Telephone,22  to 28 Days,233
11J,E38000045,NHS Dorset ICB - 11J,E54000041,NHS Dorset Integrated Care Board,E40000006,South West,SEP2023,Unknown,GP,Telephone,8  to 14 Days,306
11J,E38000045,NHS Dorset ICB - 11J,E54000041,NHS Dorset Integrated Care Board,E40000006,South West,SEP2023,Unknown,GP,Telephone,More than 28 Days,304
11J,E38000045,NHS Dorset ICB - 11J,E54000041,NHS Dorset Integrated Care Board,E40000006,South West,SEP2023,Unknown,GP,Telephone,Same Day,120
11J,E38000045,NHS Dorset ICB - 11J,E54000041,NHS Dorset Integrated Care Board,E40000006,South West,SEP2023,Unknown,GP,Telephone,Unknown / Data Quality,2
11J,E38000045,NHS Dorset ICB - 11J,E54000041,NHS Dorset Integrated Care Board,E40000006,South West,SEP2023,Unknown,GP,Unknown,1 Day,8
11J,E38000045,NHS Dorset ICB - 11J,E54000041,NHS Dorset Integrated Care Board,E40000006,South West,SEP2023,Unknown,GP,Unknown,15  to 21 Days,62
11J,E38000045,NHS Dorset ICB - 11J,E54000041,NHS Dorset Integrated Care Board,E40000006,South West,SEP2023,Unknown,GP,Unknown,2 to 7 Days,24
11J,E38000045,NHS Dorset ICB - 11J,E54000041,NHS Dorset Integrated Care Board,E40000006,South West,SEP2023,Unknown,GP,Unknown,22  to 28 Days,19
11J,E38000045,NHS Dorset ICB - 11J,E54000041,NHS Dorset Integrated Care Board,E40000006,South West,SEP2023,Unknown,GP,Unknown,8  to 14 Days,54
11J,E38000045,NHS Dorset ICB - 11J,E54000041,NHS Dorset Integrated Care Board,E40000006,South West,SEP2023,Unknown,GP,Unknown,More than 28 Days,55
11J,E38000045,NHS Dorset ICB - 11J,E54000041,NHS Dorset Integrated Care Board,E40000006,South West,SEP2023,Unknown,GP,Video/Online,1 Day,8
11J,E38000045,NHS Dorset ICB - 11J,E54000041,NHS Dorset Integrated Care Board,E40000006,South West,SEP2023,Unknown,GP,Video/Online,15  to 21 Days,6
11J,E38000045,NHS Dorset ICB - 11J,E54000041,NHS Dorset Integrated Care Board,E40000006,South West,SEP2023,Unknown,GP,Video/Online,2 to 7 Days,29
11J,E38000045,NHS Dorset ICB - 11J,E54000041,NHS Dorset Integrated Care Board,E40000006,South West,SEP2023,Unknown,GP,Video/Online,8  to 14 Days,7
11J,E38000045,NHS Dorset ICB - 11J,E54000041,NHS Dorset Integrated Care Board,E40000006,South West,SEP2023,Unknown,GP,Video/Online,Same Day,15
11J,E38000045,NHS Dorset ICB - 11J,E54000041,NHS Dorset Integrated Care Board,E40000006,South West,SEP2023,Unknown,Other Practice staff,Face-to-Face,1 Day,500
11J,E38000045,NHS Dorset ICB - 11J,E54000041,NHS Dorset Integrated Care Board,E40000006,South West,SEP2023,Unknown,Other Practice staff,Face-to-Face,15  to 21 Days,6168
11J,E38000045,NHS Dorset ICB - 11J,E54000041,NHS Dorset Integrated Care Board,E40000006,South West,SEP2023,Unknown,Other Practice staff,Face-to-Face,2 to 7 Days,2279
11J,E38000045,NHS Dorset ICB - 11J,E54000041,NHS Dorset Integrated Care Board,E40000006,South West,SEP2023,Unknown,Other Practice staff,Face-to-Face,22  to 28 Days,3535
11J,E38000045,NHS Dorset ICB - 11J,E54000041,NHS Dorset Integrated Care Board,E40000006,South West,SEP2023,Unknown,Other Practice staff,Face-to-Face,8  to 14 Days,3894
11J,E38000045,NHS Dorset ICB - 11J,E54000041,NHS Dorset Integrated Care Board,E40000006,South West,SEP2023,Unknown,Other Practice staff,Face-to-Face,More than 28 Days,8095
11J,E38000045,NHS Dorset ICB - 11J,E54000041,NHS Dorset Integrated Care Board,E40000006,South West,SEP2023,Unknown,Other Practice staff,Face-to-Face,Same Day,877
11J,E38000045,NHS Dorset ICB - 11J,E54000041,NHS Dorset Integrated Care Board,E40000006,South West,SEP2023,Unknown,Other Practice staff,Face-to-Face,Unknown / Data Quality,10
11J,E38000045,NHS Dorset ICB - 11J,E54000041,NHS Dorset Integrated Care Board,E40000006,South West,SEP2023,Unknown,Other Practice staff,Home Visit,1 Day,9
11J,E38000045,NHS Dorset ICB - 11J,E54000041,NHS Dorset Integrated Care Board,E40000006,South West,SEP2023,Unknown,Other Practice staff,Home Visit,15  to 21 Days,45
11J,E38000045,NHS Dorset ICB - 11J,E54000041,NHS Dorset Integrated Care Board,E40000006,South West,SEP2023,Unknown,Other Practice staff,Home Visit,2 to 7 Days,84
11J,E38000045,NHS Dorset ICB - 11J,E54000041,NHS Dorset Integrated Care Board,E40000006,South West,SEP2023,Unknown,Other Practice staff,Home Visit,22  to 28 Days,42
11J,E38000045,NHS Dorset ICB - 11J,E54000041,NHS Dorset Integrated Care Board,E40000006,South West,SEP2023,Unknown,Other Practice staff,Home Visit,8  to 14 Days,107
11J,E38000045,NHS Dorset ICB - 11J,E54000041,NHS Dorset Integrated Care Board,E40000006,South West,SEP2023,Unknown,Other Practice staff,Home Visit,More than 28 Days,126
11J,E38000045,NHS Dorset ICB - 11J,E54000041,NHS Dorset Integrated Care Board,E40000006,South West,SEP2023,Unknown,Other Practice staff,Home Visit,Same Day,9
11J,E38000045,NHS Dorset ICB - 11J,E54000041,NHS Dorset Integrated Care Board,E40000006,South West,SEP2023,Unknown,Other Practice staff,Telephone,1 Day,93
11J,E38000045,NHS Dorset ICB - 11J,E54000041,NHS Dorset Integrated Care Board,E40000006,South West,SEP2023,Unknown,Other Practice staff,Telephone,15  to 21 Days,205
11J,E38000045,NHS Dorset ICB - 11J,E54000041,NHS Dorset Integrated Care Board,E40000006,South West,SEP2023,Unknown,Other Practice staff,Telephone,2 to 7 Days,271
11J,E38000045,NHS Dorset ICB - 11J,E54000041,NHS Dorset Integrated Care Board,E40000006,South West,SEP2023,Unknown,Other Practice staff,Telephone,22  to 28 Days,157
11J,E38000045,NHS Dorset ICB - 11J,E54000041,NHS Dorset Integrated Care Board,E40000006,South West,SEP2023,Unknown,Other Practice staff,Telephone,8  to 14 Days,211
11J,E38000045,NHS Dorset ICB - 11J,E54000041,NHS Dorset Integrated Care Board,E40000006,South West,SEP2023,Unknown,Other Practice staff,Telephone,More than 28 Days,276
11J,E38000045,NHS Dorset ICB - 11J,E54000041,NHS Dorset Integrated Care Board,E40000006,South West,SEP2023,Unknown,Other Practice staff,Telephone,Same Day,254
11J,E38000045,NHS Dorset ICB - 11J,E54000041,NHS Dorset Integrated Care Board,E40000006,South West,SEP2023,Unknown,Other Practice staff,Telephone,Unknown / Data Quality,1
11J,E38000045,NHS Dorset ICB - 11J,E54000041,NHS Dorset Integrated Care Board,E40000006,South West,SEP2023,Unknown,Other Practice staff,Unknown,1 Day,5
11J,E38000045,NHS Dorset ICB - 11J,E54000041,NHS Dorset Integrated Care Board,E40000006,South West,SEP2023,Unknown,Other Practice staff,Unknown,15  to 21 Days,164
11J,E38000045,NHS Dorset ICB - 11J,E54000041,NHS Dorset Integrated Care Board,E40000006,South West,SEP2023,Unknown,Other Practice staff,Unknown,2 to 7 Days,89
11J,E38000045,NHS Dorset ICB - 11J,E54000041,NHS Dorset Integrated Care Board,E40000006,South West,SEP2023,Unknown,Other Practice staff,Unknown,22  to 28 Days,109
11J,E38000045,NHS Dorset ICB - 11J,E54000041,NHS Dorset Integrated Care Board,E40000006,South West,SEP2023,Unknown,Other Practice staff,Unknown,8  to 14 Days,167
11J,E38000045,NHS Dorset ICB - 11J,E54000041,NHS Dorset Integrated Care Board,E40000006,South West,SEP2023,Unknown,Other Practice staff,Unknown,More than 28 Days,275
11J,E38000045,NHS Dorset ICB - 11J,E54000041,NHS Dorset Integrated Care Board,E40000006,South West,SEP2023,Unknown,Other Practice staff,Video/Online,1 Day,34
11J,E38000045,NHS Dorset ICB - 11J,E54000041,NHS Dorset Integrated Care Board,E40000006,South West,SEP2023,Unknown,Other Practice staff,Video/Online,15  to 21 Days,25
11J,E38000045,NHS Dorset ICB - 11J,E54000041,NHS Dorset Integrated Care Board,E40000006,South West,SEP2023,Unknown,Other Practice staff,Video/Online,2 to 7 Days,54
11J,E38000045,NHS Dorset ICB - 11J,E54000041,NHS Dorset Integrated Care Board,E40000006,South West,SEP2023,Unknown,Other Practice staff,Video/Online,22  to 28 Days,17
11J,E38000045,NHS Dorset ICB - 11J,E54000041,NHS Dorset Integrated Care Board,E40000006,South West,SEP2023,Unknown,Other Practice staff,Video/Online,8  to 14 Days,35
11J,E38000045,NHS Dorset ICB - 11J,E54000041,NHS Dorset Integrated Care Board,E40000006,South West,SEP2023,Unknown,Other Practice staff,Video/Online,More than 28 Days,29
11J,E38000045,NHS Dorset ICB - 11J,E54000041,NHS Dorset Integrated Care Board,E40000006,South West,SEP2023,Unknown,Other Practice staff,Video/Online,Same Day,24
11J,E38000045,NHS Dorset ICB - 11J,E54000041,NHS Dorset Integrated Care Board,E40000006,South West,SEP2023,Unknown,Unknown,Unknown,1 Day,46
11J,E38000045,NHS Dorset ICB - 11J,E54000041,NHS Dorset Integrated Care Board,E40000006,South West,SEP2023,Unknown,Unknown,Unknown,15  to 21 Days,131
11J,E38000045,NHS Dorset ICB - 11J,E54000041,NHS Dorset Integrated Care Board,E40000006,South West,SEP2023,Unknown,Unknown,Unknown,2 to 7 Days,199
11J,E38000045,NHS Dorset ICB - 11J,E54000041,NHS Dorset Integrated Care Board,E40000006,South West,SEP2023,Unknown,Unknown,Unknown,22  to 28 Days,162
11J,E38000045,NHS Dorset ICB - 11J,E54000041,NHS Dorset Integrated Care Board,E40000006,South West,SEP2023,Unknown,Unknown,Unknown,8  to 14 Days,199
11J,E38000045,NHS Dorset ICB - 11J,E54000041,NHS Dorset Integrated Care Board,E40000006,South West,SEP2023,Unknown,Unknown,Unknown,More than 28 Days,277
11J,E38000045,NHS Dorset ICB - 11J,E54000041,NHS Dorset Integrated Care Board,E40000006,South West,SEP2023,Unknown,Unknown,Unknown,Same Day,96
11J,E38000045,NHS Dorset ICB - 11J,E54000041,NHS Dorset Integrated Care Board,E40000006,South West,SEP2023,Unknown,Unknown,Unknown,Unknown / Data Quality,13
11J,E38000045,NHS Dorset ICB - 11J,E54000041,NHS Dorset Integrated Care Board,E40000006,South West,OCT2023,Attended,GP,Face-to-Face,1 Day,9553
11J,E38000045,NHS Dorset ICB - 11J,E54000041,NHS Dorset Integrated Care Board,E40000006,South West,OCT2023,Attended,GP,Face-to-Face,15  to 21 Days,10869
11J,E38000045,NHS Dorset ICB - 11J,E54000041,NHS Dorset Integrated Care Board,E40000006,South West,OCT2023,Attended,GP,Face-to-Face,2 to 7 Days,20737
11J,E38000045,NHS Dorset ICB - 11J,E54000041,NHS Dorset Integrated Care Board,E40000006,South West,OCT2023,Attended,GP,Face-to-Face,22  to 28 Days,7477
11J,E38000045,NHS Dorset ICB - 11J,E54000041,NHS Dorset Integrated Care Board,E40000006,South West,OCT2023,Attended,GP,Face-to-Face,8  to 14 Days,14566
11J,E38000045,NHS Dorset ICB - 11J,E54000041,NHS Dorset Integrated Care Board,E40000006,South West,OCT2023,Attended,GP,Face-to-Face,More than 28 Days,10252
11J,E38000045,NHS Dorset ICB - 11J,E54000041,NHS Dorset Integrated Care Board,E40000006,South West,OCT2023,Attended,GP,Face-to-Face,Same Day,55281
11J,E38000045,NHS Dorset ICB - 11J,E54000041,NHS Dorset Integrated Care Board,E40000006,South West,OCT2023,Attended,GP,Face-to-Face,Unknown / Data Quality,13
11J,E38000045,NHS Dorset ICB - 11J,E54000041,NHS Dorset Integrated Care Board,E40000006,South West,OCT2023,Attended,GP,Home Visit,1 Day,78
11J,E38000045,NHS Dorset ICB - 11J,E54000041,NHS Dorset Integrated Care Board,E40000006,South West,OCT2023,Attended,GP,Home Visit,15  to 21 Days,39
11J,E38000045,NHS Dorset ICB - 11J,E54000041,NHS Dorset Integrated Care Board,E40000006,South West,OCT2023,Attended,GP,Home Visit,2 to 7 Days,129
11J,E38000045,NHS Dorset ICB - 11J,E54000041,NHS Dorset Integrated Care Board,E40000006,South West,OCT2023,Attended,GP,Home Visit,22  to 28 Days,102
11J,E38000045,NHS Dorset ICB - 11J,E54000041,NHS Dorset Integrated Care Board,E40000006,South West,OCT2023,Attended,GP,Home Visit,8  to 14 Days,19
11J,E38000045,NHS Dorset ICB - 11J,E54000041,NHS Dorset Integrated Care Board,E40000006,South West,OCT2023,Attended,GP,Home Visit,More than 28 Days,22
11J,E38000045,NHS Dorset ICB - 11J,E54000041,NHS Dorset Integrated Care Board,E40000006,South West,OCT2023,Attended,GP,Home Visit,Same Day,294
11J,E38000045,NHS Dorset ICB - 11J,E54000041,NHS Dorset Integrated Care Board,E40000006,South West,OCT2023,Attended,GP,Telephone,1 Day,3008
11J,E38000045,NHS Dorset ICB - 11J,E54000041,NHS Dorset Integrated Care Board,E40000006,South West,OCT2023,Attended,GP,Telephone,15  to 21 Days,3881
11J,E38000045,NHS Dorset ICB - 11J,E54000041,NHS Dorset Integrated Care Board,E40000006,South West,OCT2023,Attended,GP,Telephone,2 to 7 Days,7657
11J,E38000045,NHS Dorset ICB - 11J,E54000041,NHS Dorset Integrated Care Board,E40000006,South West,OCT2023,Attended,GP,Telephone,22  to 28 Days,2509
11J,E38000045,NHS Dorset ICB - 11J,E54000041,NHS Dorset Integrated Care Board,E40000006,South West,OCT2023,Attended,GP,Telephone,8  to 14 Days,5666
11J,E38000045,NHS Dorset ICB - 11J,E54000041,NHS Dorset Integrated Care Board,E40000006,South West,OCT2023,Attended,GP,Telephone,More than 28 Days,1503
11J,E38000045,NHS Dorset ICB - 11J,E54000041,NHS Dorset Integrated Care Board,E40000006,South West,OCT2023,Attended,GP,Telephone,Same Day,27309
11J,E38000045,NHS Dorset ICB - 11J,E54000041,NHS Dorset Integrated Care Board,E40000006,South West,OCT2023,Attended,GP,Telephone,Unknown / Data Quality,4
11J,E38000045,NHS Dorset ICB - 11J,E54000041,NHS Dorset Integrated Care Board,E40000006,South West,OCT2023,Attended,GP,Unknown,1 Day,10
11J,E38000045,NHS Dorset ICB - 11J,E54000041,NHS Dorset Integrated Care Board,E40000006,South West,OCT2023,Attended,GP,Unknown,15  to 21 Days,26
11J,E38000045,NHS Dorset ICB - 11J,E54000041,NHS Dorset Integrated Care Board,E40000006,South West,OCT2023,Attended,GP,Unknown,2 to 7 Days,72
11J,E38000045,NHS Dorset ICB - 11J,E54000041,NHS Dorset Integrated Care Board,E40000006,South West,OCT2023,Attended,GP,Unknown,22  to 28 Days,15
11J,E38000045,NHS Dorset ICB - 11J,E54000041,NHS Dorset Integrated Care Board,E40000006,South West,OCT2023,Attended,GP,Unknown,8  to 14 Days,56
11J,E38000045,NHS Dorset ICB - 11J,E54000041,NHS Dorset Integrated Care Board,E40000006,South West,OCT2023,Attended,GP,Unknown,More than 28 Days,67
11J,E38000045,NHS Dorset ICB - 11J,E54000041,NHS Dorset Integrated Care Board,E40000006,South West,OCT2023,Attended,GP,Unknown,Same Day,57
11J,E38000045,NHS Dorset ICB - 11J,E54000041,NHS Dorset Integrated Care Board,E40000006,South West,OCT2023,Attended,GP,Unknown,Unknown / Data Quality,1
11J,E38000045,NHS Dorset ICB - 11J,E54000041,NHS Dorset Integrated Care Board,E40000006,South West,OCT2023,Attended,GP,Video/Online,1 Day,332
11J,E38000045,NHS Dorset ICB - 11J,E54000041,NHS Dorset Integrated Care Board,E40000006,South West,OCT2023,Attended,GP,Video/Online,15  to 21 Days,30
11J,E38000045,NHS Dorset ICB - 11J,E54000041,NHS Dorset Integrated Care Board,E40000006,South West,OCT2023,Attended,GP,Video/Online,2 to 7 Days,349
11J,E38000045,NHS Dorset ICB - 11J,E54000041,NHS Dorset Integrated Care Board,E40000006,South West,OCT2023,Attended,GP,Video/Online,22  to 28 Days,12
11J,E38000045,NHS Dorset ICB - 11J,E54000041,NHS Dorset Integrated Care Board,E40000006,South West,OCT2023,Attended,GP,Video/Online,8  to 14 Days,50
11J,E38000045,NHS Dorset ICB - 11J,E54000041,NHS Dorset Integrated Care Board,E40000006,South West,OCT2023,Attended,GP,Video/Online,More than 28 Days,4
11J,E38000045,NHS Dorset ICB - 11J,E54000041,NHS Dorset Integrated Care Board,E40000006,South West,OCT2023,Attended,GP,Video/Online,Same Day,2822
11J,E38000045,NHS Dorset ICB - 11J,E54000041,NHS Dorset Integrated Care Board,E40000006,South West,OCT2023,Attended,Other Practice staff,Face-to-Face,1 Day,11966
11J,E38000045,NHS Dorset ICB - 11J,E54000041,NHS Dorset Integrated Care Board,E40000006,South West,OCT2023,Attended,Other Practice staff,Face-to-Face,15  to 21 Days,27535
11J,E38000045,NHS Dorset ICB - 11J,E54000041,NHS Dorset Integrated Care Board,E40000006,South West,OCT2023,Attended,Other Practice staff,Face-to-Face,2 to 7 Days,35909
11J,E38000045,NHS Dorset ICB - 11J,E54000041,NHS Dorset Integrated Care Board,E40000006,South West,OCT2023,Attended,Other Practice staff,Face-to-Face,22  to 28 Days,22710
11J,E38000045,NHS Dorset ICB - 11J,E54000041,NHS Dorset Integrated Care Board,E40000006,South West,OCT2023,Attended,Other Practice staff,Face-to-Face,8  to 14 Days,36527
11J,E38000045,NHS Dorset ICB - 11J,E54000041,NHS Dorset Integrated Care Board,E40000006,South West,OCT2023,Attended,Other Practice staff,Face-to-Face,More than 28 Days,42711
11J,E38000045,NHS Dorset ICB - 11J,E54000041,NHS Dorset Integrated Care Board,E40000006,South West,OCT2023,Attended,Other Practice staff,Face-to-Face,Same Day,45268
11J,E38000045,NHS Dorset ICB - 11J,E54000041,NHS Dorset Integrated Care Board,E40000006,South West,OCT2023,Attended,Other Practice staff,Face-to-Face,Unknown / Data Quality,226
11J,E38000045,NHS Dorset ICB - 11J,E54000041,NHS Dorset Integrated Care Board,E40000006,South West,OCT2023,Attended,Other Practice staff,Home Visit,1 Day,268
11J,E38000045,NHS Dorset ICB - 11J,E54000041,NHS Dorset Integrated Care Board,E40000006,South West,OCT2023,Attended,Other Practice staff,Home Visit,15  to 21 Days,141
11J,E38000045,NHS Dorset ICB - 11J,E54000041,NHS Dorset Integrated Care Board,E40000006,South West,OCT2023,Attended,Other Practice staff,Home Visit,2 to 7 Days,695
11J,E38000045,NHS Dorset ICB - 11J,E54000041,NHS Dorset Integrated Care Board,E40000006,South West,OCT2023,Attended,Other Practice staff,Home Visit,22  to 28 Days,130
11J,E38000045,NHS Dorset ICB - 11J,E54000041,NHS Dorset Integrated Care Board,E40000006,South West,OCT2023,Attended,Other Practice staff,Home Visit,8  to 14 Days,245
11J,E38000045,NHS Dorset ICB - 11J,E54000041,NHS Dorset Integrated Care Board,E40000006,South West,OCT2023,Attended,Other Practice staff,Home Visit,More than 28 Days,462
11J,E38000045,NHS Dorset ICB - 11J,E54000041,NHS Dorset Integrated Care Board,E40000006,South West,OCT2023,Attended,Other Practice staff,Home Visit,Same Day,1175
11J,E38000045,NHS Dorset ICB - 11J,E54000041,NHS Dorset Integrated Care Board,E40000006,South West,OCT2023,Attended,Other Practice staff,Home Visit,Unknown / Data Quality,4
11J,E38000045,NHS Dorset ICB - 11J,E54000041,NHS Dorset Integrated Care Board,E40000006,South West,OCT2023,Attended,Other Practice staff,Telephone,1 Day,2206
11J,E38000045,NHS Dorset ICB - 11J,E54000041,NHS Dorset Integrated Care Board,E40000006,South West,OCT2023,Attended,Other Practice staff,Telephone,15  to 21 Days,1674
11J,E38000045,NHS Dorset ICB - 11J,E54000041,NHS Dorset Integrated Care Board,E40000006,South West,OCT2023,Attended,Other Practice staff,Telephone,2 to 7 Days,4405
11J,E38000045,NHS Dorset ICB - 11J,E54000041,NHS Dorset Integrated Care Board,E40000006,South West,OCT2023,Attended,Other Practice staff,Telephone,22  to 28 Days,1109
11J,E38000045,NHS Dorset ICB - 11J,E54000041,NHS Dorset Integrated Care Board,E40000006,South West,OCT2023,Attended,Other Practice staff,Telephone,8  to 14 Days,2439
11J,E38000045,NHS Dorset ICB - 11J,E54000041,NHS Dorset Integrated Care Board,E40000006,South West,OCT2023,Attended,Other Practice staff,Telephone,More than 28 Days,1231
11J,E38000045,NHS Dorset ICB - 11J,E54000041,NHS Dorset Integrated Care Board,E40000006,South West,OCT2023,Attended,Other Practice staff,Telephone,Same Day,15391
11J,E38000045,NHS Dorset ICB - 11J,E54000041,NHS Dorset Integrated Care Board,E40000006,South West,OCT2023,Attended,Other Practice staff,Telephone,Unknown / Data Quality,18
11J,E38000045,NHS Dorset ICB - 11J,E54000041,NHS Dorset Integrated Care Board,E40000006,South West,OCT2023,Attended,Other Practice staff,Unknown,1 Day,43
11J,E38000045,NHS Dorset ICB - 11J,E54000041,NHS Dorset Integrated Care Board,E40000006,South West,OCT2023,Attended,Other Practice staff,Unknown,15  to 21 Days,106
11J,E38000045,NHS Dorset ICB - 11J,E54000041,NHS Dorset Integrated Care Board,E40000006,South West,OCT2023,Attended,Other Practice staff,Unknown,2 to 7 Days,205
11J,E38000045,NHS Dorset ICB - 11J,E54000041,NHS Dorset Integrated Care Board,E40000006,South West,OCT2023,Attended,Other Practice staff,Unknown,22  to 28 Days,42
11J,E38000045,NHS Dorset ICB - 11J,E54000041,NHS Dorset Integrated Care Board,E40000006,South West,OCT2023,Attended,Other Practice staff,Unknown,8  to 14 Days,109
11J,E38000045,NHS Dorset ICB - 11J,E54000041,NHS Dorset Integrated Care Board,E40000006,South West,OCT2023,Attended,Other Practice staff,Unknown,More than 28 Days,159
11J,E38000045,NHS Dorset ICB - 11J,E54000041,NHS Dorset Integrated Care Board,E40000006,South West,OCT2023,Attended,Other Practice staff,Unknown,Same Day,66
11J,E38000045,NHS Dorset ICB - 11J,E54000041,NHS Dorset Integrated Care Board,E40000006,South West,OCT2023,Attended,Other Practice staff,Unknown,Unknown / Data Quality,5
11J,E38000045,NHS Dorset ICB - 11J,E54000041,NHS Dorset Integrated Care Board,E40000006,South West,OCT2023,Attended,Other Practice staff,Video/Online,1 Day,797
11J,E38000045,NHS Dorset ICB - 11J,E54000041,NHS Dorset Integrated Care Board,E40000006,South West,OCT2023,Attended,Other Practice staff,Video/Online,15  to 21 Days,86
11J,E38000045,NHS Dorset ICB - 11J,E54000041,NHS Dorset Integrated Care Board,E40000006,South West,OCT2023,Attended,Other Practice staff,Video/Online,2 to 7 Days,723
11J,E38000045,NHS Dorset ICB - 11J,E54000041,NHS Dorset Integrated Care Board,E40000006,South West,OCT2023,Attended,Other Practice staff,Video/Online,22  to 28 Days,45
11J,E38000045,NHS Dorset ICB - 11J,E54000041,NHS Dorset Integrated Care Board,E40000006,South West,OCT2023,Attended,Other Practice staff,Video/Online,8  to 14 Days,138
11J,E38000045,NHS Dorset ICB - 11J,E54000041,NHS Dorset Integrated Care Board,E40000006,South West,OCT2023,Attended,Other Practice staff,Video/Online,More than 28 Days,45
11J,E38000045,NHS Dorset ICB - 11J,E54000041,NHS Dorset Integrated Care Board,E40000006,South West,OCT2023,Attended,Other Practice staff,Video/Online,Same Day,2983
11J,E38000045,NHS Dorset ICB - 11J,E54000041,NHS Dorset Integrated Care Board,E40000006,South West,OCT2023,Attended,Other Practice staff,Video/Online,Unknown / Data Quality,1
11J,E38000045,NHS Dorset ICB - 11J,E54000041,NHS Dorset Integrated Care Board,E40000006,South West,OCT2023,Attended,Unknown,Unknown,1 Day,1196
11J,E38000045,NHS Dorset ICB - 11J,E54000041,NHS Dorset Integrated Care Board,E40000006,South West,OCT2023,Attended,Unknown,Unknown,15  to 21 Days,494
11J,E38000045,NHS Dorset ICB - 11J,E54000041,NHS Dorset Integrated Care Board,E40000006,South West,OCT2023,Attended,Unknown,Unknown,2 to 7 Days,2737
11J,E38000045,NHS Dorset ICB - 11J,E54000041,NHS Dorset Integrated Care Board,E40000006,South West,OCT2023,Attended,Unknown,Unknown,22  to 28 Days,328
11J,E38000045,NHS Dorset ICB - 11J,E54000041,NHS Dorset Integrated Care Board,E40000006,South West,OCT2023,Attended,Unknown,Unknown,8  to 14 Days,1284
11J,E38000045,NHS Dorset ICB - 11J,E54000041,NHS Dorset Integrated Care Board,E40000006,South West,OCT2023,Attended,Unknown,Unknown,More than 28 Days,313
11J,E38000045,NHS Dorset ICB - 11J,E54000041,NHS Dorset Integrated Care Board,E40000006,South West,OCT2023,Attended,Unknown,Unknown,Same Day,9337
11J,E38000045,NHS Dorset ICB - 11J,E54000041,NHS Dorset Integrated Care Board,E40000006,South West,OCT2023,Attended,Unknown,Unknown,Unknown / Data Quality,22
11J,E38000045,NHS Dorset ICB - 11J,E54000041,NHS Dorset Integrated Care Board,E40000006,South West,OCT2023,DNA,GP,Face-to-Face,1 Day,214
11J,E38000045,NHS Dorset ICB - 11J,E54000041,NHS Dorset Integrated Care Board,E40000006,South West,OCT2023,DNA,GP,Face-to-Face,15  to 21 Days,623
11J,E38000045,NHS Dorset ICB - 11J,E54000041,NHS Dorset Integrated Care Board,E40000006,South West,OCT2023,DNA,GP,Face-to-Face,2 to 7 Days,726
11J,E38000045,NHS Dorset ICB - 11J,E54000041,NHS Dorset Integrated Care Board,E40000006,South West,OCT2023,DNA,GP,Face-to-Face,22  to 28 Days,415
11J,E38000045,NHS Dorset ICB - 11J,E54000041,NHS Dorset Integrated Care Board,E40000006,South West,OCT2023,DNA,GP,Face-to-Face,8  to 14 Days,730
11J,E38000045,NHS Dorset ICB - 11J,E54000041,NHS Dorset Integrated Care Board,E40000006,South West,OCT2023,DNA,GP,Face-to-Face,More than 28 Days,663
11J,E38000045,NHS Dorset ICB - 11J,E54000041,NHS Dorset Integrated Care Board,E40000006,South West,OCT2023,DNA,GP,Face-to-Face,Same Day,468
11J,E38000045,NHS Dorset ICB - 11J,E54000041,NHS Dorset Integrated Care Board,E40000006,South West,OCT2023,DNA,GP,Home Visit,1 Day,7
11J,E38000045,NHS Dorset ICB - 11J,E54000041,NHS Dorset Integrated Care Board,E40000006,South West,OCT2023,DNA,GP,Home Visit,15  to 21 Days,16
11J,E38000045,NHS Dorset ICB - 11J,E54000041,NHS Dorset Integrated Care Board,E40000006,South West,OCT2023,DNA,GP,Home Visit,2 to 7 Days,3
11J,E38000045,NHS Dorset ICB - 11J,E54000041,NHS Dorset Integrated Care Board,E40000006,South West,OCT2023,DNA,GP,Home Visit,8  to 14 Days,5
11J,E38000045,NHS Dorset ICB - 11J,E54000041,NHS Dorset Integrated Care Board,E40000006,South West,OCT2023,DNA,GP,Home Visit,Same Day,8
11J,E38000045,NHS Dorset ICB - 11J,E54000041,NHS Dorset Integrated Care Board,E40000006,South West,OCT2023,DNA,GP,Telephone,1 Day,11
11J,E38000045,NHS Dorset ICB - 11J,E54000041,NHS Dorset Integrated Care Board,E40000006,South West,OCT2023,DNA,GP,Telephone,15  to 21 Days,35
11J,E38000045,NHS Dorset ICB - 11J,E54000041,NHS Dorset Integrated Care Board,E40000006,South West,OCT2023,DNA,GP,Telephone,2 to 7 Days,44
11J,E38000045,NHS Dorset ICB - 11J,E54000041,NHS Dorset Integrated Care Board,E40000006,South West,OCT2023,DNA,GP,Telephone,22  to 28 Days,30
11J,E38000045,NHS Dorset ICB - 11J,E54000041,NHS Dorset Integrated Care Board,E40000006,South West,OCT2023,DNA,GP,Telephone,8  to 14 Days,65
11J,E38000045,NHS Dorset ICB - 11J,E54000041,NHS Dorset Integrated Care Board,E40000006,South West,OCT2023,DNA,GP,Telephone,More than 28 Days,22
11J,E38000045,NHS Dorset ICB - 11J,E54000041,NHS Dorset Integrated Care Board,E40000006,South West,OCT2023,DNA,GP,Telephone,Same Day,45
11J,E38000045,NHS Dorset ICB - 11J,E54000041,NHS Dorset Integrated Care Board,E40000006,South West,OCT2023,DNA,GP,Unknown,15  to 21 Days,3
11J,E38000045,NHS Dorset ICB - 11J,E54000041,NHS Dorset Integrated Care Board,E40000006,South West,OCT2023,DNA,GP,Unknown,2 to 7 Days,6
11J,E38000045,NHS Dorset ICB - 11J,E54000041,NHS Dorset Integrated Care Board,E40000006,South West,OCT2023,DNA,GP,Unknown,8  to 14 Days,2
11J,E38000045,NHS Dorset ICB - 11J,E54000041,NHS Dorset Integrated Care Board,E40000006,South West,OCT2023,DNA,GP,Video/Online,1 Day,9
11J,E38000045,NHS Dorset ICB - 11J,E54000041,NHS Dorset Integrated Care Board,E40000006,South West,OCT2023,DNA,GP,Video/Online,15  to 21 Days,1
11J,E38000045,NHS Dorset ICB - 11J,E54000041,NHS Dorset Integrated Care Board,E40000006,South West,OCT2023,DNA,GP,Video/Online,2 to 7 Days,5
11J,E38000045,NHS Dorset ICB - 11J,E54000041,NHS Dorset Integrated Care Board,E40000006,South West,OCT2023,DNA,GP,Video/Online,8  to 14 Days,2
11J,E38000045,NHS Dorset ICB - 11J,E54000041,NHS Dorset Integrated Care Board,E40000006,South West,OCT2023,DNA,GP,Video/Online,Same Day,29
11J,E38000045,NHS Dorset ICB - 11J,E54000041,NHS Dorset Integrated Care Board,E40000006,South West,OCT2023,DNA,Other Practice staff,Face-to-Face,1 Day,534
11J,E38000045,NHS Dorset ICB - 11J,E54000041,NHS Dorset Integrated Care Board,E40000006,South West,OCT2023,DNA,Other Practice staff,Face-to-Face,15  to 21 Days,2413
11J,E38000045,NHS Dorset ICB - 11J,E54000041,NHS Dorset Integrated Care Board,E40000006,South West,OCT2023,DNA,Other Practice staff,Face-to-Face,2 to 7 Days,2316
11J,E38000045,NHS Dorset ICB - 11J,E54000041,NHS Dorset Integrated Care Board,E40000006,South West,OCT2023,DNA,Other Practice staff,Face-to-Face,22  to 28 Days,2965
11J,E38000045,NHS Dorset ICB - 11J,E54000041,NHS Dorset Integrated Care Board,E40000006,South West,OCT2023,DNA,Other Practice staff,Face-to-Face,8  to 14 Days,2990
11J,E38000045,NHS Dorset ICB - 11J,E54000041,NHS Dorset Integrated Care Board,E40000006,South West,OCT2023,DNA,Other Practice staff,Face-to-Face,More than 28 Days,2844
11J,E38000045,NHS Dorset ICB - 11J,E54000041,NHS Dorset Integrated Care Board,E40000006,South West,OCT2023,DNA,Other Practice staff,Face-to-Face,Same Day,760
11J,E38000045,NHS Dorset ICB - 11J,E54000041,NHS Dorset Integrated Care Board,E40000006,South West,OCT2023,DNA,Other Practice staff,Face-to-Face,Unknown / Data Quality,1
11J,E38000045,NHS Dorset ICB - 11J,E54000041,NHS Dorset Integrated Care Board,E40000006,South West,OCT2023,DNA,Other Practice staff,Home Visit,1 Day,5
11J,E38000045,NHS Dorset ICB - 11J,E54000041,NHS Dorset Integrated Care Board,E40000006,South West,OCT2023,DNA,Other Practice staff,Home Visit,15  to 21 Days,4
11J,E38000045,NHS Dorset ICB - 11J,E54000041,NHS Dorset Integrated Care Board,E40000006,South West,OCT2023,DNA,Other Practice staff,Home Visit,2 to 7 Days,25
11J,E38000045,NHS Dorset ICB - 11J,E54000041,NHS Dorset Integrated Care Board,E40000006,South West,OCT2023,DNA,Other Practice staff,Home Visit,22  to 28 Days,2
11J,E38000045,NHS Dorset ICB - 11J,E54000041,NHS Dorset Integrated Care Board,E40000006,South West,OCT2023,DNA,Other Practice staff,Home Visit,8  to 14 Days,12
11J,E38000045,NHS Dorset ICB - 11J,E54000041,NHS Dorset Integrated Care Board,E40000006,South West,OCT2023,DNA,Other Practice staff,Home Visit,More than 28 Days,27
11J,E38000045,NHS Dorset ICB - 11J,E54000041,NHS Dorset Integrated Care Board,E40000006,South West,OCT2023,DNA,Other Practice staff,Home Visit,Same Day,32
11J,E38000045,NHS Dorset ICB - 11J,E54000041,NHS Dorset Integrated Care Board,E40000006,South West,OCT2023,DNA,Other Practice staff,Telephone,1 Day,21
11J,E38000045,NHS Dorset ICB - 11J,E54000041,NHS Dorset Integrated Care Board,E40000006,South West,OCT2023,DNA,Other Practice staff,Telephone,15  to 21 Days,39
11J,E38000045,NHS Dorset ICB - 11J,E54000041,NHS Dorset Integrated Care Board,E40000006,South West,OCT2023,DNA,Other Practice staff,Telephone,2 to 7 Days,62
11J,E38000045,NHS Dorset ICB - 11J,E54000041,NHS Dorset Integrated Care Board,E40000006,South West,OCT2023,DNA,Other Practice staff,Telephone,22  to 28 Days,30
11J,E38000045,NHS Dorset ICB - 11J,E54000041,NHS Dorset Integrated Care Board,E40000006,South West,OCT2023,DNA,Other Practice staff,Telephone,8  to 14 Days,42
11J,E38000045,NHS Dorset ICB - 11J,E54000041,NHS Dorset Integrated Care Board,E40000006,South West,OCT2023,DNA,Other Practice staff,Telephone,More than 28 Days,54
11J,E38000045,NHS Dorset ICB - 11J,E54000041,NHS Dorset Integrated Care Board,E40000006,South West,OCT2023,DNA,Other Practice staff,Telephone,Same Day,29
11J,E38000045,NHS Dorset ICB - 11J,E54000041,NHS Dorset Integrated Care Board,E40000006,South West,OCT2023,DNA,Other Practice staff,Unknown,1 Day,6
11J,E38000045,NHS Dorset ICB - 11J,E54000041,NHS Dorset Integrated Care Board,E40000006,South West,OCT2023,DNA,Other Practice staff,Unknown,15  to 21 Days,21
11J,E38000045,NHS Dorset ICB - 11J,E54000041,NHS Dorset Integrated Care Board,E40000006,South West,OCT2023,DNA,Other Practice staff,Unknown,2 to 7 Days,11
11J,E38000045,NHS Dorset ICB - 11J,E54000041,NHS Dorset Integrated Care Board,E40000006,South West,OCT2023,DNA,Other Practice staff,Unknown,22  to 28 Days,17
11J,E38000045,NHS Dorset ICB - 11J,E54000041,NHS Dorset Integrated Care Board,E40000006,South West,OCT2023,DNA,Other Practice staff,Unknown,8  to 14 Days,24
11J,E38000045,NHS Dorset ICB - 11J,E54000041,NHS Dorset Integrated Care Board,E40000006,South West,OCT2023,DNA,Other Practice staff,Unknown,More than 28 Days,20
11J,E38000045,NHS Dorset ICB - 11J,E54000041,NHS Dorset Integrated Care Board,E40000006,South West,OCT2023,DNA,Other Practice staff,Unknown,Same Day,2
11J,E38000045,NHS Dorset ICB - 11J,E54000041,NHS Dorset Integrated Care Board,E40000006,South West,OCT2023,DNA,Other Practice staff,Video/Online,1 Day,17
11J,E38000045,NHS Dorset ICB - 11J,E54000041,NHS Dorset Integrated Care Board,E40000006,South West,OCT2023,DNA,Other Practice staff,Video/Online,15  to 21 Days,11
11J,E38000045,NHS Dorset ICB - 11J,E54000041,NHS Dorset Integrated Care Board,E40000006,South West,OCT2023,DNA,Other Practice staff,Video/Online,2 to 7 Days,35
11J,E38000045,NHS Dorset ICB - 11J,E54000041,NHS Dorset Integrated Care Board,E40000006,South West,OCT2023,DNA,Other Practice staff,Video/Online,22  to 28 Days,6
11J,E38000045,NHS Dorset ICB - 11J,E54000041,NHS Dorset Integrated Care Board,E40000006,South West,OCT2023,DNA,Other Practice staff,Video/Online,8  to 14 Days,16
11J,E38000045,NHS Dorset ICB - 11J,E54000041,NHS Dorset Integrated Care Board,E40000006,South West,OCT2023,DNA,Other Practice staff,Video/Online,More than 28 Days,22
11J,E38000045,NHS Dorset ICB - 11J,E54000041,NHS Dorset Integrated Care Board,E40000006,South West,OCT2023,DNA,Other Practice staff,Video/Online,Same Day,55
11J,E38000045,NHS Dorset ICB - 11J,E54000041,NHS Dorset Integrated Care Board,E40000006,South West,OCT2023,DNA,Unknown,Unknown,1 Day,23
11J,E38000045,NHS Dorset ICB - 11J,E54000041,NHS Dorset Integrated Care Board,E40000006,South West,OCT2023,DNA,Unknown,Unknown,15  to 21 Days,33
11J,E38000045,NHS Dorset ICB - 11J,E54000041,NHS Dorset Integrated Care Board,E40000006,South West,OCT2023,DNA,Unknown,Unknown,2 to 7 Days,96
11J,E38000045,NHS Dorset ICB - 11J,E54000041,NHS Dorset Integrated Care Board,E40000006,South West,OCT2023,DNA,Unknown,Unknown,22  to 28 Days,20
11J,E38000045,NHS Dorset ICB - 11J,E54000041,NHS Dorset Integrated Care Board,E40000006,South West,OCT2023,DNA,Unknown,Unknown,8  to 14 Days,73
11J,E38000045,NHS Dorset ICB - 11J,E54000041,NHS Dorset Integrated Care Board,E40000006,South West,OCT2023,DNA,Unknown,Unknown,More than 28 Days,19
11J,E38000045,NHS Dorset ICB - 11J,E54000041,NHS Dorset Integrated Care Board,E40000006,South West,OCT2023,DNA,Unknown,Unknown,Same Day,54
11J,E38000045,NHS Dorset ICB - 11J,E54000041,NHS Dorset Integrated Care Board,E40000006,South West,OCT2023,Unknown,GP,Face-to-Face,1 Day,237
11J,E38000045,NHS Dorset ICB - 11J,E54000041,NHS Dorset Integrated Care Board,E40000006,South West,OCT2023,Unknown,GP,Face-to-Face,15  to 21 Days,1826
11J,E38000045,NHS Dorset ICB - 11J,E54000041,NHS Dorset Integrated Care Board,E40000006,South West,OCT2023,Unknown,GP,Face-to-Face,2 to 7 Days,1104
11J,E38000045,NHS Dorset ICB - 11J,E54000041,NHS Dorset Integrated Care Board,E40000006,South West,OCT2023,Unknown,GP,Face-to-Face,22  to 28 Days,1298
11J,E38000045,NHS Dorset ICB - 11J,E54000041,NHS Dorset Integrated Care Board,E40000006,South West,OCT2023,Unknown,GP,Face-to-Face,8  to 14 Days,1389
11J,E38000045,NHS Dorset ICB - 11J,E54000041,NHS Dorset Integrated Care Board,E40000006,South West,OCT2023,Unknown,GP,Face-to-Face,More than 28 Days,2146
11J,E38000045,NHS Dorset ICB - 11J,E54000041,NHS Dorset Integrated Care Board,E40000006,South West,OCT2023,Unknown,GP,Face-to-Face,Same Day,319
11J,E38000045,NHS Dorset ICB - 11J,E54000041,NHS Dorset Integrated Care Board,E40000006,South West,OCT2023,Unknown,GP,Face-to-Face,Unknown / Data Quality,1
11J,E38000045,NHS Dorset ICB - 11J,E54000041,NHS Dorset Integrated Care Board,E40000006,South West,OCT2023,Unknown,GP,Home Visit,1 Day,2
11J,E38000045,NHS Dorset ICB - 11J,E54000041,NHS Dorset Integrated Care Board,E40000006,South West,OCT2023,Unknown,GP,Home Visit,15  to 21 Days,1
11J,E38000045,NHS Dorset ICB - 11J,E54000041,NHS Dorset Integrated Care Board,E40000006,South West,OCT2023,Unknown,GP,Home Visit,2 to 7 Days,5
11J,E38000045,NHS Dorset ICB - 11J,E54000041,NHS Dorset Integrated Care Board,E40000006,South West,OCT2023,Unknown,GP,Home Visit,22  to 28 Days,2
11J,E38000045,NHS Dorset ICB - 11J,E54000041,NHS Dorset Integrated Care Board,E40000006,South West,OCT2023,Unknown,GP,Home Visit,Same Day,4
11J,E38000045,NHS Dorset ICB - 11J,E54000041,NHS Dorset Integrated Care Board,E40000006,South West,OCT2023,Unknown,GP,Telephone,1 Day,85
11J,E38000045,NHS Dorset ICB - 11J,E54000041,NHS Dorset Integrated Care Board,E40000006,South West,OCT2023,Unknown,GP,Telephone,15  to 21 Days,304
11J,E38000045,NHS Dorset ICB - 11J,E54000041,NHS Dorset Integrated Care Board,E40000006,South West,OCT2023,Unknown,GP,Telephone,2 to 7 Days,304
11J,E38000045,NHS Dorset ICB - 11J,E54000041,NHS Dorset Integrated Care Board,E40000006,South West,OCT2023,Unknown,GP,Telephone,22  to 28 Days,229
11J,E38000045,NHS Dorset ICB - 11J,E54000041,NHS Dorset Integrated Care Board,E40000006,South West,OCT2023,Unknown,GP,Telephone,8  to 14 Days,355
11J,E38000045,NHS Dorset ICB - 11J,E54000041,NHS Dorset Integrated Care Board,E40000006,South West,OCT2023,Unknown,GP,Telephone,More than 28 Days,255
11J,E38000045,NHS Dorset ICB - 11J,E54000041,NHS Dorset Integrated Care Board,E40000006,South West,OCT2023,Unknown,GP,Telephone,Same Day,160
11J,E38000045,NHS Dorset ICB - 11J,E54000041,NHS Dorset Integrated Care Board,E40000006,South West,OCT2023,Unknown,GP,Unknown,1 Day,4
11J,E38000045,NHS Dorset ICB - 11J,E54000041,NHS Dorset Integrated Care Board,E40000006,South West,OCT2023,Unknown,GP,Unknown,15  to 21 Days,51
11J,E38000045,NHS Dorset ICB - 11J,E54000041,NHS Dorset Integrated Care Board,E40000006,South West,OCT2023,Unknown,GP,Unknown,2 to 7 Days,33
11J,E38000045,NHS Dorset ICB - 11J,E54000041,NHS Dorset Integrated Care Board,E40000006,South West,OCT2023,Unknown,GP,Unknown,22  to 28 Days,44
11J,E38000045,NHS Dorset ICB - 11J,E54000041,NHS Dorset Integrated Care Board,E40000006,South West,OCT2023,Unknown,GP,Unknown,8  to 14 Days,77
11J,E38000045,NHS Dorset ICB - 11J,E54000041,NHS Dorset Integrated Care Board,E40000006,South West,OCT2023,Unknown,GP,Unknown,More than 28 Days,74
11J,E38000045,NHS Dorset ICB - 11J,E54000041,NHS Dorset Integrated Care Board,E40000006,South West,OCT2023,Unknown,GP,Unknown,Same Day,1
11J,E38000045,NHS Dorset ICB - 11J,E54000041,NHS Dorset Integrated Care Board,E40000006,South West,OCT2023,Unknown,GP,Unknown,Unknown / Data Quality,1
11J,E38000045,NHS Dorset ICB - 11J,E54000041,NHS Dorset Integrated Care Board,E40000006,South West,OCT2023,Unknown,GP,Video/Online,1 Day,9
11J,E38000045,NHS Dorset ICB - 11J,E54000041,NHS Dorset Integrated Care Board,E40000006,South West,OCT2023,Unknown,GP,Video/Online,15  to 21 Days,3
11J,E38000045,NHS Dorset ICB - 11J,E54000041,NHS Dorset Integrated Care Board,E40000006,South West,OCT2023,Unknown,GP,Video/Online,2 to 7 Days,26
11J,E38000045,NHS Dorset ICB - 11J,E54000041,NHS Dorset Integrated Care Board,E40000006,South West,OCT2023,Unknown,GP,Video/Online,8  to 14 Days,13
11J,E38000045,NHS Dorset ICB - 11J,E54000041,NHS Dorset Integrated Care Board,E40000006,South West,OCT2023,Unknown,GP,Video/Online,More than 28 Days,2
11J,E38000045,NHS Dorset ICB - 11J,E54000041,NHS Dorset Integrated Care Board,E40000006,South West,OCT2023,Unknown,GP,Video/Online,Same Day,10
11J,E38000045,NHS Dorset ICB - 11J,E54000041,NHS Dorset Integrated Care Board,E40000006,South West,OCT2023,Unknown,Other Practice staff,Face-to-Face,1 Day,690
11J,E38000045,NHS Dorset ICB - 11J,E54000041,NHS Dorset Integrated Care Board,E40000006,South West,OCT2023,Unknown,Other Practice staff,Face-to-Face,15  to 21 Days,4496
11J,E38000045,NHS Dorset ICB - 11J,E54000041,NHS Dorset Integrated Care Board,E40000006,South West,OCT2023,Unknown,Other Practice staff,Face-to-Face,2 to 7 Days,3097
11J,E38000045,NHS Dorset ICB - 11J,E54000041,NHS Dorset Integrated Care Board,E40000006,South West,OCT2023,Unknown,Other Practice staff,Face-to-Face,22  to 28 Days,4319
11J,E38000045,NHS Dorset ICB - 11J,E54000041,NHS Dorset Integrated Care Board,E40000006,South West,OCT2023,Unknown,Other Practice staff,Face-to-Face,8  to 14 Days,4197
11J,E38000045,NHS Dorset ICB - 11J,E54000041,NHS Dorset Integrated Care Board,E40000006,South West,OCT2023,Unknown,Other Practice staff,Face-to-Face,More than 28 Days,12341
11J,E38000045,NHS Dorset ICB - 11J,E54000041,NHS Dorset Integrated Care Board,E40000006,South West,OCT2023,Unknown,Other Practice staff,Face-to-Face,Same Day,964
11J,E38000045,NHS Dorset ICB - 11J,E54000041,NHS Dorset Integrated Care Board,E40000006,South West,OCT2023,Unknown,Other Practice staff,Face-to-Face,Unknown / Data Quality,1
11J,E38000045,NHS Dorset ICB - 11J,E54000041,NHS Dorset Integrated Care Board,E40000006,South West,OCT2023,Unknown,Other Practice staff,Home Visit,1 Day,10
11J,E38000045,NHS Dorset ICB - 11J,E54000041,NHS Dorset Integrated Care Board,E40000006,South West,OCT2023,Unknown,Other Practice staff,Home Visit,15  to 21 Days,65
11J,E38000045,NHS Dorset ICB - 11J,E54000041,NHS Dorset Integrated Care Board,E40000006,South West,OCT2023,Unknown,Other Practice staff,Home Visit,2 to 7 Days,98
11J,E38000045,NHS Dorset ICB - 11J,E54000041,NHS Dorset Integrated Care Board,E40000006,South West,OCT2023,Unknown,Other Practice staff,Home Visit,22  to 28 Days,60
11J,E38000045,NHS Dorset ICB - 11J,E54000041,NHS Dorset Integrated Care Board,E40000006,South West,OCT2023,Unknown,Other Practice staff,Home Visit,8  to 14 Days,114
11J,E38000045,NHS Dorset ICB - 11J,E54000041,NHS Dorset Integrated Care Board,E40000006,South West,OCT2023,Unknown,Other Practice staff,Home Visit,More than 28 Days,153
11J,E38000045,NHS Dorset ICB - 11J,E54000041,NHS Dorset Integrated Care Board,E40000006,South West,OCT2023,Unknown,Other Practice staff,Home Visit,Same Day,8
11J,E38000045,NHS Dorset ICB - 11J,E54000041,NHS Dorset Integrated Care Board,E40000006,South West,OCT2023,Unknown,Other Practice staff,Telephone,1 Day,125
11J,E38000045,NHS Dorset ICB - 11J,E54000041,NHS Dorset Integrated Care Board,E40000006,South West,OCT2023,Unknown,Other Practice staff,Telephone,15  to 21 Days,216
11J,E38000045,NHS Dorset ICB - 11J,E54000041,NHS Dorset Integrated Care Board,E40000006,South West,OCT2023,Unknown,Other Practice staff,Telephone,2 to 7 Days,412
11J,E38000045,NHS Dorset ICB - 11J,E54000041,NHS Dorset Integrated Care Board,E40000006,South West,OCT2023,Unknown,Other Practice staff,Telephone,22  to 28 Days,171
11J,E38000045,NHS Dorset ICB - 11J,E54000041,NHS Dorset Integrated Care Board,E40000006,South West,OCT2023,Unknown,Other Practice staff,Telephone,8  to 14 Days,333
11J,E38000045,NHS Dorset ICB - 11J,E54000041,NHS Dorset Integrated Care Board,E40000006,South West,OCT2023,Unknown,Other Practice staff,Telephone,More than 28 Days,270
11J,E38000045,NHS Dorset ICB - 11J,E54000041,NHS Dorset Integrated Care Board,E40000006,South West,OCT2023,Unknown,Other Practice staff,Telephone,Same Day,273
11J,E38000045,NHS Dorset ICB - 11J,E54000041,NHS Dorset Integrated Care Board,E40000006,South West,OCT2023,Unknown,Other Practice staff,Telephone,Unknown / Data Quality,2
11J,E38000045,NHS Dorset ICB - 11J,E54000041,NHS Dorset Integrated Care Board,E40000006,South West,OCT2023,Unknown,Other Practice staff,Unknown,1 Day,7
11J,E38000045,NHS Dorset ICB - 11J,E54000041,NHS Dorset Integrated Care Board,E40000006,South West,OCT2023,Unknown,Other Practice staff,Unknown,15  to 21 Days,161
11J,E38000045,NHS Dorset ICB - 11J,E54000041,NHS Dorset Integrated Care Board,E40000006,South West,OCT2023,Unknown,Other Practice staff,Unknown,2 to 7 Days,106
11J,E38000045,NHS Dorset ICB - 11J,E54000041,NHS Dorset Integrated Care Board,E40000006,South West,OCT2023,Unknown,Other Practice staff,Unknown,22  to 28 Days,138
11J,E38000045,NHS Dorset ICB - 11J,E54000041,NHS Dorset Integrated Care Board,E40000006,South West,OCT2023,Unknown,Other Practice staff,Unknown,8  to 14 Days,206
11J,E38000045,NHS Dorset ICB - 11J,E54000041,NHS Dorset Integrated Care Board,E40000006,South West,OCT2023,Unknown,Other Practice staff,Unknown,More than 28 Days,248
11J,E38000045,NHS Dorset ICB - 11J,E54000041,NHS Dorset Integrated Care Board,E40000006,South West,OCT2023,Unknown,Other Practice staff,Unknown,Same Day,7
11J,E38000045,NHS Dorset ICB - 11J,E54000041,NHS Dorset Integrated Care Board,E40000006,South West,OCT2023,Unknown,Other Practice staff,Video/Online,1 Day,50
11J,E38000045,NHS Dorset ICB - 11J,E54000041,NHS Dorset Integrated Care Board,E40000006,South West,OCT2023,Unknown,Other Practice staff,Video/Online,15  to 21 Days,19
11J,E38000045,NHS Dorset ICB - 11J,E54000041,NHS Dorset Integrated Care Board,E40000006,South West,OCT2023,Unknown,Other Practice staff,Video/Online,2 to 7 Days,56
11J,E38000045,NHS Dorset ICB - 11J,E54000041,NHS Dorset Integrated Care Board,E40000006,South West,OCT2023,Unknown,Other Practice staff,Video/Online,22  to 28 Days,23
11J,E38000045,NHS Dorset ICB - 11J,E54000041,NHS Dorset Integrated Care Board,E40000006,South West,OCT2023,Unknown,Other Practice staff,Video/Online,8  to 14 Days,50
11J,E38000045,NHS Dorset ICB - 11J,E54000041,NHS Dorset Integrated Care Board,E40000006,South West,OCT2023,Unknown,Other Practice staff,Video/Online,More than 28 Days,38
11J,E38000045,NHS Dorset ICB - 11J,E54000041,NHS Dorset Integrated Care Board,E40000006,South West,OCT2023,Unknown,Other Practice staff,Video/Online,Same Day,23
11J,E38000045,NHS Dorset ICB - 11J,E54000041,NHS Dorset Integrated Care Board,E40000006,South West,OCT2023,Unknown,Unknown,Unknown,1 Day,50
11J,E38000045,NHS Dorset ICB - 11J,E54000041,NHS Dorset Integrated Care Board,E40000006,South West,OCT2023,Unknown,Unknown,Unknown,15  to 21 Days,279
11J,E38000045,NHS Dorset ICB - 11J,E54000041,NHS Dorset Integrated Care Board,E40000006,South West,OCT2023,Unknown,Unknown,Unknown,2 to 7 Days,227
11J,E38000045,NHS Dorset ICB - 11J,E54000041,NHS Dorset Integrated Care Board,E40000006,South West,OCT2023,Unknown,Unknown,Unknown,22  to 28 Days,195
11J,E38000045,NHS Dorset ICB - 11J,E54000041,NHS Dorset Integrated Care Board,E40000006,South West,OCT2023,Unknown,Unknown,Unknown,8  to 14 Days,290
11J,E38000045,NHS Dorset ICB - 11J,E54000041,NHS Dorset Integrated Care Board,E40000006,South West,OCT2023,Unknown,Unknown,Unknown,More than 28 Days,419
11J,E38000045,NHS Dorset ICB - 11J,E54000041,NHS Dorset Integrated Care Board,E40000006,South West,OCT2023,Unknown,Unknown,Unknown,Same Day,107
11J,E38000045,NHS Dorset ICB - 11J,E54000041,NHS Dorset Integrated Care Board,E40000006,South West,NOV2023,Attended,GP,Face-to-Face,1 Day,9998
11J,E38000045,NHS Dorset ICB - 11J,E54000041,NHS Dorset Integrated Care Board,E40000006,South West,NOV2023,Attended,GP,Face-to-Face,15  to 21 Days,10452
11J,E38000045,NHS Dorset ICB - 11J,E54000041,NHS Dorset Integrated Care Board,E40000006,South West,NOV2023,Attended,GP,Face-to-Face,2 to 7 Days,20458
11J,E38000045,NHS Dorset ICB - 11J,E54000041,NHS Dorset Integrated Care Board,E40000006,South West,NOV2023,Attended,GP,Face-to-Face,22  to 28 Days,7784
11J,E38000045,NHS Dorset ICB - 11J,E54000041,NHS Dorset Integrated Care Board,E40000006,South West,NOV2023,Attended,GP,Face-to-Face,8  to 14 Days,14727
11J,E38000045,NHS Dorset ICB - 11J,E54000041,NHS Dorset Integrated Care Board,E40000006,South West,NOV2023,Attended,GP,Face-to-Face,More than 28 Days,7648
11J,E38000045,NHS Dorset ICB - 11J,E54000041,NHS Dorset Integrated Care Board,E40000006,South West,NOV2023,Attended,GP,Face-to-Face,Same Day,53021
11J,E38000045,NHS Dorset ICB - 11J,E54000041,NHS Dorset Integrated Care Board,E40000006,South West,NOV2023,Attended,GP,Face-to-Face,Unknown / Data Quality,22
11J,E38000045,NHS Dorset ICB - 11J,E54000041,NHS Dorset Integrated Care Board,E40000006,South West,NOV2023,Attended,GP,Home Visit,1 Day,46
11J,E38000045,NHS Dorset ICB - 11J,E54000041,NHS Dorset Integrated Care Board,E40000006,South West,NOV2023,Attended,GP,Home Visit,15  to 21 Days,58
11J,E38000045,NHS Dorset ICB - 11J,E54000041,NHS Dorset Integrated Care Board,E40000006,South West,NOV2023,Attended,GP,Home Visit,2 to 7 Days,84
11J,E38000045,NHS Dorset ICB - 11J,E54000041,NHS Dorset Integrated Care Board,E40000006,South West,NOV2023,Attended,GP,Home Visit,22  to 28 Days,23
11J,E38000045,NHS Dorset ICB - 11J,E54000041,NHS Dorset Integrated Care Board,E40000006,South West,NOV2023,Attended,GP,Home Visit,8  to 14 Days,29
11J,E38000045,NHS Dorset ICB - 11J,E54000041,NHS Dorset Integrated Care Board,E40000006,South West,NOV2023,Attended,GP,Home Visit,More than 28 Days,73
11J,E38000045,NHS Dorset ICB - 11J,E54000041,NHS Dorset Integrated Care Board,E40000006,South West,NOV2023,Attended,GP,Home Visit,Same Day,357
11J,E38000045,NHS Dorset ICB - 11J,E54000041,NHS Dorset Integrated Care Board,E40000006,South West,NOV2023,Attended,GP,Telephone,1 Day,3145
11J,E38000045,NHS Dorset ICB - 11J,E54000041,NHS Dorset Integrated Care Board,E40000006,South West,NOV2023,Attended,GP,Telephone,15  to 21 Days,4169
11J,E38000045,NHS Dorset ICB - 11J,E54000041,NHS Dorset Integrated Care Board,E40000006,South West,NOV2023,Attended,GP,Telephone,2 to 7 Days,7953
11J,E38000045,NHS Dorset ICB - 11J,E54000041,NHS Dorset Integrated Care Board,E40000006,South West,NOV2023,Attended,GP,Telephone,22  to 28 Days,2417
11J,E38000045,NHS Dorset ICB - 11J,E54000041,NHS Dorset Integrated Care Board,E40000006,South West,NOV2023,Attended,GP,Telephone,8  to 14 Days,6500
11J,E38000045,NHS Dorset ICB - 11J,E54000041,NHS Dorset Integrated Care Board,E40000006,South West,NOV2023,Attended,GP,Telephone,More than 28 Days,1647
11J,E38000045,NHS Dorset ICB - 11J,E54000041,NHS Dorset Integrated Care Board,E40000006,South West,NOV2023,Attended,GP,Telephone,Same Day,25990
11J,E38000045,NHS Dorset ICB - 11J,E54000041,NHS Dorset Integrated Care Board,E40000006,South West,NOV2023,Attended,GP,Telephone,Unknown / Data Quality,20
11J,E38000045,NHS Dorset ICB - 11J,E54000041,NHS Dorset Integrated Care Board,E40000006,South West,NOV2023,Attended,GP,Unknown,1 Day,7
11J,E38000045,NHS Dorset ICB - 11J,E54000041,NHS Dorset Integrated Care Board,E40000006,South West,NOV2023,Attended,GP,Unknown,15  to 21 Days,40
11J,E38000045,NHS Dorset ICB - 11J,E54000041,NHS Dorset Integrated Care Board,E40000006,South West,NOV2023,Attended,GP,Unknown,2 to 7 Days,23
11J,E38000045,NHS Dorset ICB - 11J,E54000041,NHS Dorset Integrated Care Board,E40000006,South West,NOV2023,Attended,GP,Unknown,22  to 28 Days,32
11J,E38000045,NHS Dorset ICB - 11J,E54000041,NHS Dorset Integrated Care Board,E40000006,South West,NOV2023,Attended,GP,Unknown,8  to 14 Days,38
11J,E38000045,NHS Dorset ICB - 11J,E54000041,NHS Dorset Integrated Care Board,E40000006,South West,NOV2023,Attended,GP,Unknown,More than 28 Days,35
11J,E38000045,NHS Dorset ICB - 11J,E54000041,NHS Dorset Integrated Care Board,E40000006,South West,NOV2023,Attended,GP,Unknown,Same Day,29
11J,E38000045,NHS Dorset ICB - 11J,E54000041,NHS Dorset Integrated Care Board,E40000006,South West,NOV2023,Attended,GP,Video/Online,1 Day,297
11J,E38000045,NHS Dorset ICB - 11J,E54000041,NHS Dorset Integrated Care Board,E40000006,South West,NOV2023,Attended,GP,Video/Online,15  to 21 Days,26
11J,E38000045,NHS Dorset ICB - 11J,E54000041,NHS Dorset Integrated Care Board,E40000006,South West,NOV2023,Attended,GP,Video/Online,2 to 7 Days,323
11J,E38000045,NHS Dorset ICB - 11J,E54000041,NHS Dorset Integrated Care Board,E40000006,South West,NOV2023,Attended,GP,Video/Online,22  to 28 Days,18
11J,E38000045,NHS Dorset ICB - 11J,E54000041,NHS Dorset Integrated Care Board,E40000006,South West,NOV2023,Attended,GP,Video/Online,8  to 14 Days,75
11J,E38000045,NHS Dorset ICB - 11J,E54000041,NHS Dorset Integrated Care Board,E40000006,South West,NOV2023,Attended,GP,Video/Online,More than 28 Days,7
11J,E38000045,NHS Dorset ICB - 11J,E54000041,NHS Dorset Integrated Care Board,E40000006,South West,NOV2023,Attended,GP,Video/Online,Same Day,2927
11J,E38000045,NHS Dorset ICB - 11J,E54000041,NHS Dorset Integrated Care Board,E40000006,South West,NOV2023,Attended,GP,Video/Online,Unknown / Data Quality,13
11J,E38000045,NHS Dorset ICB - 11J,E54000041,NHS Dorset Integrated Care Board,E40000006,South West,NOV2023,Attended,Other Practice staff,Face-to-Face,1 Day,12102
11J,E38000045,NHS Dorset ICB - 11J,E54000041,NHS Dorset Integrated Care Board,E40000006,South West,NOV2023,Attended,Other Practice staff,Face-to-Face,15  to 21 Days,22015
11J,E38000045,NHS Dorset ICB - 11J,E54000041,NHS Dorset Integrated Care Board,E40000006,South West,NOV2023,Attended,Other Practice staff,Face-to-Face,2 to 7 Days,34967
11J,E38000045,NHS Dorset ICB - 11J,E54000041,NHS Dorset Integrated Care Board,E40000006,South West,NOV2023,Attended,Other Practice staff,Face-to-Face,22  to 28 Days,13985
11J,E38000045,NHS Dorset ICB - 11J,E54000041,NHS Dorset Integrated Care Board,E40000006,South West,NOV2023,Attended,Other Practice staff,Face-to-Face,8  to 14 Days,32458
11J,E38000045,NHS Dorset ICB - 11J,E54000041,NHS Dorset Integrated Care Board,E40000006,South West,NOV2023,Attended,Other Practice staff,Face-to-Face,More than 28 Days,17179
11J,E38000045,NHS Dorset ICB - 11J,E54000041,NHS Dorset Integrated Care Board,E40000006,South West,NOV2023,Attended,Other Practice staff,Face-to-Face,Same Day,44873
11J,E38000045,NHS Dorset ICB - 11J,E54000041,NHS Dorset Integrated Care Board,E40000006,South West,NOV2023,Attended,Other Practice staff,Face-to-Face,Unknown / Data Quality,211
11J,E38000045,NHS Dorset ICB - 11J,E54000041,NHS Dorset Integrated Care Board,E40000006,South West,NOV2023,Attended,Other Practice staff,Home Visit,1 Day,285
11J,E38000045,NHS Dorset ICB - 11J,E54000041,NHS Dorset Integrated Care Board,E40000006,South West,NOV2023,Attended,Other Practice staff,Home Visit,15  to 21 Days,213
11J,E38000045,NHS Dorset ICB - 11J,E54000041,NHS Dorset Integrated Care Board,E40000006,South West,NOV2023,Attended,Other Practice staff,Home Visit,2 to 7 Days,611
11J,E38000045,NHS Dorset ICB - 11J,E54000041,NHS Dorset Integrated Care Board,E40000006,South West,NOV2023,Attended,Other Practice staff,Home Visit,22  to 28 Days,94
11J,E38000045,NHS Dorset ICB - 11J,E54000041,NHS Dorset Integrated Care Board,E40000006,South West,NOV2023,Attended,Other Practice staff,Home Visit,8  to 14 Days,445
11J,E38000045,NHS Dorset ICB - 11J,E54000041,NHS Dorset Integrated Care Board,E40000006,South West,NOV2023,Attended,Other Practice staff,Home Visit,More than 28 Days,83
11J,E38000045,NHS Dorset ICB - 11J,E54000041,NHS Dorset Integrated Care Board,E40000006,South West,NOV2023,Attended,Other Practice staff,Home Visit,Same Day,1219
11J,E38000045,NHS Dorset ICB - 11J,E54000041,NHS Dorset Integrated Care Board,E40000006,South West,NOV2023,Attended,Other Practice staff,Home Visit,Unknown / Data Quality,5
11J,E38000045,NHS Dorset ICB - 11J,E54000041,NHS Dorset Integrated Care Board,E40000006,South West,NOV2023,Attended,Other Practice staff,Telephone,1 Day,2688
11J,E38000045,NHS Dorset ICB - 11J,E54000041,NHS Dorset Integrated Care Board,E40000006,South West,NOV2023,Attended,Other Practice staff,Telephone,15  to 21 Days,1811
11J,E38000045,NHS Dorset ICB - 11J,E54000041,NHS Dorset Integrated Care Board,E40000006,South West,NOV2023,Attended,Other Practice staff,Telephone,2 to 7 Days,5242
11J,E38000045,NHS Dorset ICB - 11J,E54000041,NHS Dorset Integrated Care Board,E40000006,South West,NOV2023,Attended,Other Practice staff,Telephone,22  to 28 Days,1258
11J,E38000045,NHS Dorset ICB - 11J,E54000041,NHS Dorset Integrated Care Board,E40000006,South West,NOV2023,Attended,Other Practice staff,Telephone,8  to 14 Days,3006
11J,E38000045,NHS Dorset ICB - 11J,E54000041,NHS Dorset Integrated Care Board,E40000006,South West,NOV2023,Attended,Other Practice staff,Telephone,More than 28 Days,1317
11J,E38000045,NHS Dorset ICB - 11J,E54000041,NHS Dorset Integrated Care Board,E40000006,South West,NOV2023,Attended,Other Practice staff,Telephone,Same Day,16560
11J,E38000045,NHS Dorset ICB - 11J,E54000041,NHS Dorset Integrated Care Board,E40000006,South West,NOV2023,Attended,Other Practice staff,Telephone,Unknown / Data Quality,54
11J,E38000045,NHS Dorset ICB - 11J,E54000041,NHS Dorset Integrated Care Board,E40000006,South West,NOV2023,Attended,Other Practice staff,Unknown,1 Day,51
11J,E38000045,NHS Dorset ICB - 11J,E54000041,NHS Dorset Integrated Care Board,E40000006,South West,NOV2023,Attended,Other Practice staff,Unknown,15  to 21 Days,69
11J,E38000045,NHS Dorset ICB - 11J,E54000041,NHS Dorset Integrated Care Board,E40000006,South West,NOV2023,Attended,Other Practice staff,Unknown,2 to 7 Days,196
11J,E38000045,NHS Dorset ICB - 11J,E54000041,NHS Dorset Integrated Care Board,E40000006,South West,NOV2023,Attended,Other Practice staff,Unknown,22  to 28 Days,26
11J,E38000045,NHS Dorset ICB - 11J,E54000041,NHS Dorset Integrated Care Board,E40000006,South West,NOV2023,Attended,Other Practice staff,Unknown,8  to 14 Days,98
11J,E38000045,NHS Dorset ICB - 11J,E54000041,NHS Dorset Integrated Care Board,E40000006,South West,NOV2023,Attended,Other Practice staff,Unknown,More than 28 Days,33
11J,E38000045,NHS Dorset ICB - 11J,E54000041,NHS Dorset Integrated Care Board,E40000006,South West,NOV2023,Attended,Other Practice staff,Unknown,Same Day,109
11J,E38000045,NHS Dorset ICB - 11J,E54000041,NHS Dorset Integrated Care Board,E40000006,South West,NOV2023,Attended,Other Practice staff,Video/Online,1 Day,920
11J,E38000045,NHS Dorset ICB - 11J,E54000041,NHS Dorset Integrated Care Board,E40000006,South West,NOV2023,Attended,Other Practice staff,Video/Online,15  to 21 Days,64
11J,E38000045,NHS Dorset ICB - 11J,E54000041,NHS Dorset Integrated Care Board,E40000006,South West,NOV2023,Attended,Other Practice staff,Video/Online,2 to 7 Days,745
11J,E38000045,NHS Dorset ICB - 11J,E54000041,NHS Dorset Integrated Care Board,E40000006,South West,NOV2023,Attended,Other Practice staff,Video/Online,22  to 28 Days,35
11J,E38000045,NHS Dorset ICB - 11J,E54000041,NHS Dorset Integrated Care Board,E40000006,South West,NOV2023,Attended,Other Practice staff,Video/Online,8  to 14 Days,222
11J,E38000045,NHS Dorset ICB - 11J,E54000041,NHS Dorset Integrated Care Board,E40000006,South West,NOV2023,Attended,Other Practice staff,Video/Online,More than 28 Days,67
11J,E38000045,NHS Dorset ICB - 11J,E54000041,NHS Dorset Integrated Care Board,E40000006,South West,NOV2023,Attended,Other Practice staff,Video/Online,Same Day,5227
11J,E38000045,NHS Dorset ICB - 11J,E54000041,NHS Dorset Integrated Care Board,E40000006,South West,NOV2023,Attended,Other Practice staff,Video/Online,Unknown / Data Quality,2
11J,E38000045,NHS Dorset ICB - 11J,E54000041,NHS Dorset Integrated Care Board,E40000006,South West,NOV2023,Attended,Unknown,Unknown,1 Day,1245
11J,E38000045,NHS Dorset ICB - 11J,E54000041,NHS Dorset Integrated Care Board,E40000006,South West,NOV2023,Attended,Unknown,Unknown,15  to 21 Days,461
11J,E38000045,NHS Dorset ICB - 11J,E54000041,NHS Dorset Integrated Care Board,E40000006,South West,NOV2023,Attended,Unknown,Unknown,2 to 7 Days,2437
11J,E38000045,NHS Dorset ICB - 11J,E54000041,NHS Dorset Integrated Care Board,E40000006,South West,NOV2023,Attended,Unknown,Unknown,22  to 28 Days,242
11J,E38000045,NHS Dorset ICB - 11J,E54000041,NHS Dorset Integrated Care Board,E40000006,South West,NOV2023,Attended,Unknown,Unknown,8  to 14 Days,1091
11J,E38000045,NHS Dorset ICB - 11J,E54000041,NHS Dorset Integrated Care Board,E40000006,South West,NOV2023,Attended,Unknown,Unknown,More than 28 Days,407
11J,E38000045,NHS Dorset ICB - 11J,E54000041,NHS Dorset Integrated Care Board,E40000006,South West,NOV2023,Attended,Unknown,Unknown,Same Day,9978
11J,E38000045,NHS Dorset ICB - 11J,E54000041,NHS Dorset Integrated Care Board,E40000006,South West,NOV2023,Attended,Unknown,Unknown,Unknown / Data Quality,16
11J,E38000045,NHS Dorset ICB - 11J,E54000041,NHS Dorset Integrated Care Board,E40000006,South West,NOV2023,DNA,GP,Face-to-Face,1 Day,221
11J,E38000045,NHS Dorset ICB - 11J,E54000041,NHS Dorset Integrated Care Board,E40000006,South West,NOV2023,DNA,GP,Face-to-Face,15  to 21 Days,599
11J,E38000045,NHS Dorset ICB - 11J,E54000041,NHS Dorset Integrated Care Board,E40000006,South West,NOV2023,DNA,GP,Face-to-Face,2 to 7 Days,730
11J,E38000045,NHS Dorset ICB - 11J,E54000041,NHS Dorset Integrated Care Board,E40000006,South West,NOV2023,DNA,GP,Face-to-Face,22  to 28 Days,438
11J,E38000045,NHS Dorset ICB - 11J,E54000041,NHS Dorset Integrated Care Board,E40000006,South West,NOV2023,DNA,GP,Face-to-Face,8  to 14 Days,774
11J,E38000045,NHS Dorset ICB - 11J,E54000041,NHS Dorset Integrated Care Board,E40000006,South West,NOV2023,DNA,GP,Face-to-Face,More than 28 Days,559
11J,E38000045,NHS Dorset ICB - 11J,E54000041,NHS Dorset Integrated Care Board,E40000006,South West,NOV2023,DNA,GP,Face-to-Face,Same Day,474
11J,E38000045,NHS Dorset ICB - 11J,E54000041,NHS Dorset Integrated Care Board,E40000006,South West,NOV2023,DNA,GP,Home Visit,1 Day,1
11J,E38000045,NHS Dorset ICB - 11J,E54000041,NHS Dorset Integrated Care Board,E40000006,South West,NOV2023,DNA,GP,Home Visit,15  to 21 Days,2
11J,E38000045,NHS Dorset ICB - 11J,E54000041,NHS Dorset Integrated Care Board,E40000006,South West,NOV2023,DNA,GP,Home Visit,2 to 7 Days,1
11J,E38000045,NHS Dorset ICB - 11J,E54000041,NHS Dorset Integrated Care Board,E40000006,South West,NOV2023,DNA,GP,Home Visit,8  to 14 Days,1
11J,E38000045,NHS Dorset ICB - 11J,E54000041,NHS Dorset Integrated Care Board,E40000006,South West,NOV2023,DNA,GP,Home Visit,Same Day,13
11J,E38000045,NHS Dorset ICB - 11J,E54000041,NHS Dorset Integrated Care Board,E40000006,South West,NOV2023,DNA,GP,Telephone,1 Day,15
11J,E38000045,NHS Dorset ICB - 11J,E54000041,NHS Dorset Integrated Care Board,E40000006,South West,NOV2023,DNA,GP,Telephone,15  to 21 Days,52
11J,E38000045,NHS Dorset ICB - 11J,E54000041,NHS Dorset Integrated Care Board,E40000006,South West,NOV2023,DNA,GP,Telephone,2 to 7 Days,52
11J,E38000045,NHS Dorset ICB - 11J,E54000041,NHS Dorset Integrated Care Board,E40000006,South West,NOV2023,DNA,GP,Telephone,22  to 28 Days,33
11J,E38000045,NHS Dorset ICB - 11J,E54000041,NHS Dorset Integrated Care Board,E40000006,South West,NOV2023,DNA,GP,Telephone,8  to 14 Days,64
11J,E38000045,NHS Dorset ICB - 11J,E54000041,NHS Dorset Integrated Care Board,E40000006,South West,NOV2023,DNA,GP,Telephone,More than 28 Days,19
11J,E38000045,NHS Dorset ICB - 11J,E54000041,NHS Dorset Integrated Care Board,E40000006,South West,NOV2023,DNA,GP,Telephone,Same Day,27
11J,E38000045,NHS Dorset ICB - 11J,E54000041,NHS Dorset Integrated Care Board,E40000006,South West,NOV2023,DNA,GP,Unknown,1 Day,1
11J,E38000045,NHS Dorset ICB - 11J,E54000041,NHS Dorset Integrated Care Board,E40000006,South West,NOV2023,DNA,GP,Unknown,15  to 21 Days,4
11J,E38000045,NHS Dorset ICB - 11J,E54000041,NHS Dorset Integrated Care Board,E40000006,South West,NOV2023,DNA,GP,Unknown,22  to 28 Days,2
11J,E38000045,NHS Dorset ICB - 11J,E54000041,NHS Dorset Integrated Care Board,E40000006,South West,NOV2023,DNA,GP,Unknown,8  to 14 Days,4
11J,E38000045,NHS Dorset ICB - 11J,E54000041,NHS Dorset Integrated Care Board,E40000006,South West,NOV2023,DNA,GP,Unknown,More than 28 Days,1
11J,E38000045,NHS Dorset ICB - 11J,E54000041,NHS Dorset Integrated Care Board,E40000006,South West,NOV2023,DNA,GP,Unknown,Same Day,1
11J,E38000045,NHS Dorset ICB - 11J,E54000041,NHS Dorset Integrated Care Board,E40000006,South West,NOV2023,DNA,GP,Video/Online,1 Day,7
11J,E38000045,NHS Dorset ICB - 11J,E54000041,NHS Dorset Integrated Care Board,E40000006,South West,NOV2023,DNA,GP,Video/Online,2 to 7 Days,12
11J,E38000045,NHS Dorset ICB - 11J,E54000041,NHS Dorset Integrated Care Board,E40000006,South West,NOV2023,DNA,GP,Video/Online,8  to 14 Days,6
11J,E38000045,NHS Dorset ICB - 11J,E54000041,NHS Dorset Integrated Care Board,E40000006,South West,NOV2023,DNA,GP,Video/Online,Same Day,12
11J,E38000045,NHS Dorset ICB - 11J,E54000041,NHS Dorset Integrated Care Board,E40000006,South West,NOV2023,DNA,Other Practice staff,Face-to-Face,1 Day,558
11J,E38000045,NHS Dorset ICB - 11J,E54000041,NHS Dorset Integrated Care Board,E40000006,South West,NOV2023,DNA,Other Practice staff,Face-to-Face,15  to 21 Days,1862
11J,E38000045,NHS Dorset ICB - 11J,E54000041,NHS Dorset Integrated Care Board,E40000006,South West,NOV2023,DNA,Other Practice staff,Face-to-Face,2 to 7 Days,2136
11J,E38000045,NHS Dorset ICB - 11J,E54000041,NHS Dorset Integrated Care Board,E40000006,South West,NOV2023,DNA,Other Practice staff,Face-to-Face,22  to 28 Days,1218
11J,E38000045,NHS Dorset ICB - 11J,E54000041,NHS Dorset Integrated Care Board,E40000006,South West,NOV2023,DNA,Other Practice staff,Face-to-Face,8  to 14 Days,2587
11J,E38000045,NHS Dorset ICB - 11J,E54000041,NHS Dorset Integrated Care Board,E40000006,South West,NOV2023,DNA,Other Practice staff,Face-to-Face,More than 28 Days,1689
11J,E38000045,NHS Dorset ICB - 11J,E54000041,NHS Dorset Integrated Care Board,E40000006,South West,NOV2023,DNA,Other Practice staff,Face-to-Face,Same Day,889
11J,E38000045,NHS Dorset ICB - 11J,E54000041,NHS Dorset Integrated Care Board,E40000006,South West,NOV2023,DNA,Other Practice staff,Home Visit,1 Day,27
11J,E38000045,NHS Dorset ICB - 11J,E54000041,NHS Dorset Integrated Care Board,E40000006,South West,NOV2023,DNA,Other Practice staff,Home Visit,15  to 21 Days,2
11J,E38000045,NHS Dorset ICB - 11J,E54000041,NHS Dorset Integrated Care Board,E40000006,South West,NOV2023,DNA,Other Practice staff,Home Visit,2 to 7 Days,37
11J,E38000045,NHS Dorset ICB - 11J,E54000041,NHS Dorset Integrated Care Board,E40000006,South West,NOV2023,DNA,Other Practice staff,Home Visit,22  to 28 Days,4
11J,E38000045,NHS Dorset ICB - 11J,E54000041,NHS Dorset Integrated Care Board,E40000006,South West,NOV2023,DNA,Other Practice staff,Home Visit,8  to 14 Days,8
11J,E38000045,NHS Dorset ICB - 11J,E54000041,NHS Dorset Integrated Care Board,E40000006,South West,NOV2023,DNA,Other Practice staff,Home Visit,More than 28 Days,23
11J,E38000045,NHS Dorset ICB - 11J,E54000041,NHS Dorset Integrated Care Board,E40000006,South West,NOV2023,DNA,Other Practice staff,Home Visit,Same Day,41
11J,E38000045,NHS Dorset ICB - 11J,E54000041,NHS Dorset Integrated Care Board,E40000006,South West,NOV2023,DNA,Other Practice staff,Telephone,1 Day,23
11J,E38000045,NHS Dorset ICB - 11J,E54000041,NHS Dorset Integrated Care Board,E40000006,South West,NOV2023,DNA,Other Practice staff,Telephone,15  to 21 Days,34
11J,E38000045,NHS Dorset ICB - 11J,E54000041,NHS Dorset Integrated Care Board,E40000006,South West,NOV2023,DNA,Other Practice staff,Telephone,2 to 7 Days,59
11J,E38000045,NHS Dorset ICB - 11J,E54000041,NHS Dorset Integrated Care Board,E40000006,South West,NOV2023,DNA,Other Practice staff,Telephone,22  to 28 Days,17
11J,E38000045,NHS Dorset ICB - 11J,E54000041,NHS Dorset Integrated Care Board,E40000006,South West,NOV2023,DNA,Other Practice staff,Telephone,8  to 14 Days,47
11J,E38000045,NHS Dorset ICB - 11J,E54000041,NHS Dorset Integrated Care Board,E40000006,South West,NOV2023,DNA,Other Practice staff,Telephone,More than 28 Days,22
11J,E38000045,NHS Dorset ICB - 11J,E54000041,NHS Dorset Integrated Care Board,E40000006,South West,NOV2023,DNA,Other Practice staff,Telephone,Same Day,43
11J,E38000045,NHS Dorset ICB - 11J,E54000041,NHS Dorset Integrated Care Board,E40000006,South West,NOV2023,DNA,Other Practice staff,Unknown,1 Day,3
11J,E38000045,NHS Dorset ICB - 11J,E54000041,NHS Dorset Integrated Care Board,E40000006,South West,NOV2023,DNA,Other Practice staff,Unknown,15  to 21 Days,6
11J,E38000045,NHS Dorset ICB - 11J,E54000041,NHS Dorset Integrated Care Board,E40000006,South West,NOV2023,DNA,Other Practice staff,Unknown,2 to 7 Days,8
11J,E38000045,NHS Dorset ICB - 11J,E54000041,NHS Dorset Integrated Care Board,E40000006,South West,NOV2023,DNA,Other Practice staff,Unknown,22  to 28 Days,15
11J,E38000045,NHS Dorset ICB - 11J,E54000041,NHS Dorset Integrated Care Board,E40000006,South West,NOV2023,DNA,Other Practice staff,Unknown,8  to 14 Days,16
11J,E38000045,NHS Dorset ICB - 11J,E54000041,NHS Dorset Integrated Care Board,E40000006,South West,NOV2023,DNA,Other Practice staff,Unknown,More than 28 Days,21
11J,E38000045,NHS Dorset ICB - 11J,E54000041,NHS Dorset Integrated Care Board,E40000006,South West,NOV2023,DNA,Other Practice staff,Unknown,Same Day,4
11J,E38000045,NHS Dorset ICB - 11J,E54000041,NHS Dorset Integrated Care Board,E40000006,South West,NOV2023,DNA,Other Practice staff,Video/Online,1 Day,40
11J,E38000045,NHS Dorset ICB - 11J,E54000041,NHS Dorset Integrated Care Board,E40000006,South West,NOV2023,DNA,Other Practice staff,Video/Online,15  to 21 Days,3
11J,E38000045,NHS Dorset ICB - 11J,E54000041,NHS Dorset Integrated Care Board,E40000006,South West,NOV2023,DNA,Other Practice staff,Video/Online,2 to 7 Days,39
11J,E38000045,NHS Dorset ICB - 11J,E54000041,NHS Dorset Integrated Care Board,E40000006,South West,NOV2023,DNA,Other Practice staff,Video/Online,22  to 28 Days,4
11J,E38000045,NHS Dorset ICB - 11J,E54000041,NHS Dorset Integrated Care Board,E40000006,South West,NOV2023,DNA,Other Practice staff,Video/Online,8  to 14 Days,6
11J,E38000045,NHS Dorset ICB - 11J,E54000041,NHS Dorset Integrated Care Board,E40000006,South West,NOV2023,DNA,Other Practice staff,Video/Online,More than 28 Days,33
11J,E38000045,NHS Dorset ICB - 11J,E54000041,NHS Dorset Integrated Care Board,E40000006,South West,NOV2023,DNA,Other Practice staff,Video/Online,Same Day,74
11J,E38000045,NHS Dorset ICB - 11J,E54000041,NHS Dorset Integrated Care Board,E40000006,South West,NOV2023,DNA,Unknown,Unknown,1 Day,27
11J,E38000045,NHS Dorset ICB - 11J,E54000041,NHS Dorset Integrated Care Board,E40000006,South West,NOV2023,DNA,Unknown,Unknown,15  to 21 Days,35
11J,E38000045,NHS Dorset ICB - 11J,E54000041,NHS Dorset Integrated Care Board,E40000006,South West,NOV2023,DNA,Unknown,Unknown,2 to 7 Days,88
11J,E38000045,NHS Dorset ICB - 11J,E54000041,NHS Dorset Integrated Care Board,E40000006,South West,NOV2023,DNA,Unknown,Unknown,22  to 28 Days,11
11J,E38000045,NHS Dorset ICB - 11J,E54000041,NHS Dorset Integrated Care Board,E40000006,South West,NOV2023,DNA,Unknown,Unknown,8  to 14 Days,59
11J,E38000045,NHS Dorset ICB - 11J,E54000041,NHS Dorset Integrated Care Board,E40000006,South West,NOV2023,DNA,Unknown,Unknown,More than 28 Days,49
11J,E38000045,NHS Dorset ICB - 11J,E54000041,NHS Dorset Integrated Care Board,E40000006,South West,NOV2023,DNA,Unknown,Unknown,Same Day,46
11J,E38000045,NHS Dorset ICB - 11J,E54000041,NHS Dorset Integrated Care Board,E40000006,South West,NOV2023,Unknown,GP,Face-to-Face,1 Day,197
11J,E38000045,NHS Dorset ICB - 11J,E54000041,NHS Dorset Integrated Care Board,E40000006,South West,NOV2023,Unknown,GP,Face-to-Face,15  to 21 Days,959
11J,E38000045,NHS Dorset ICB - 11J,E54000041,NHS Dorset Integrated Care Board,E40000006,South West,NOV2023,Unknown,GP,Face-to-Face,2 to 7 Days,827
11J,E38000045,NHS Dorset ICB - 11J,E54000041,NHS Dorset Integrated Care Board,E40000006,South West,NOV2023,Unknown,GP,Face-to-Face,22  to 28 Days,676
11J,E38000045,NHS Dorset ICB - 11J,E54000041,NHS Dorset Integrated Care Board,E40000006,South West,NOV2023,Unknown,GP,Face-to-Face,8  to 14 Days,1049
11J,E38000045,NHS Dorset ICB - 11J,E54000041,NHS Dorset Integrated Care Board,E40000006,South West,NOV2023,Unknown,GP,Face-to-Face,More than 28 Days,874
11J,E38000045,NHS Dorset ICB - 11J,E54000041,NHS Dorset Integrated Care Board,E40000006,South West,NOV2023,Unknown,GP,Face-to-Face,Same Day,278
11J,E38000045,NHS Dorset ICB - 11J,E54000041,NHS Dorset Integrated Care Board,E40000006,South West,NOV2023,Unknown,GP,Home Visit,1 Day,2
11J,E38000045,NHS Dorset ICB - 11J,E54000041,NHS Dorset Integrated Care Board,E40000006,South West,NOV2023,Unknown,GP,Home Visit,2 to 7 Days,4
11J,E38000045,NHS Dorset ICB - 11J,E54000041,NHS Dorset Integrated Care Board,E40000006,South West,NOV2023,Unknown,GP,Home Visit,8  to 14 Days,3
11J,E38000045,NHS Dorset ICB - 11J,E54000041,NHS Dorset Integrated Care Board,E40000006,South West,NOV2023,Unknown,GP,Home Visit,More than 28 Days,2
11J,E38000045,NHS Dorset ICB - 11J,E54000041,NHS Dorset Integrated Care Board,E40000006,South West,NOV2023,Unknown,GP,Home Visit,Same Day,4
11J,E38000045,NHS Dorset ICB - 11J,E54000041,NHS Dorset Integrated Care Board,E40000006,South West,NOV2023,Unknown,GP,Telephone,1 Day,86
11J,E38000045,NHS Dorset ICB - 11J,E54000041,NHS Dorset Integrated Care Board,E40000006,South West,NOV2023,Unknown,GP,Telephone,15  to 21 Days,317
11J,E38000045,NHS Dorset ICB - 11J,E54000041,NHS Dorset Integrated Care Board,E40000006,South West,NOV2023,Unknown,GP,Telephone,2 to 7 Days,284
11J,E38000045,NHS Dorset ICB - 11J,E54000041,NHS Dorset Integrated Care Board,E40000006,South West,NOV2023,Unknown,GP,Telephone,22  to 28 Days,221
11J,E38000045,NHS Dorset ICB - 11J,E54000041,NHS Dorset Integrated Care Board,E40000006,South West,NOV2023,Unknown,GP,Telephone,8  to 14 Days,381
11J,E38000045,NHS Dorset ICB - 11J,E54000041,NHS Dorset Integrated Care Board,E40000006,South West,NOV2023,Unknown,GP,Telephone,More than 28 Days,241
11J,E38000045,NHS Dorset ICB - 11J,E54000041,NHS Dorset Integrated Care Board,E40000006,South West,NOV2023,Unknown,GP,Telephone,Same Day,128
11J,E38000045,NHS Dorset ICB - 11J,E54000041,NHS Dorset Integrated Care Board,E40000006,South West,NOV2023,Unknown,GP,Unknown,1 Day,2
11J,E38000045,NHS Dorset ICB - 11J,E54000041,NHS Dorset Integrated Care Board,E40000006,South West,NOV2023,Unknown,GP,Unknown,15  to 21 Days,70
11J,E38000045,NHS Dorset ICB - 11J,E54000041,NHS Dorset Integrated Care Board,E40000006,South West,NOV2023,Unknown,GP,Unknown,2 to 7 Days,40
11J,E38000045,NHS Dorset ICB - 11J,E54000041,NHS Dorset Integrated Care Board,E40000006,South West,NOV2023,Unknown,GP,Unknown,22  to 28 Days,48
11J,E38000045,NHS Dorset ICB - 11J,E54000041,NHS Dorset Integrated Care Board,E40000006,South West,NOV2023,Unknown,GP,Unknown,8  to 14 Days,85
11J,E38000045,NHS Dorset ICB - 11J,E54000041,NHS Dorset Integrated Care Board,E40000006,South West,NOV2023,Unknown,GP,Unknown,More than 28 Days,47
11J,E38000045,NHS Dorset ICB - 11J,E54000041,NHS Dorset Integrated Care Board,E40000006,South West,NOV2023,Unknown,GP,Video/Online,1 Day,8
11J,E38000045,NHS Dorset ICB - 11J,E54000041,NHS Dorset Integrated Care Board,E40000006,South West,NOV2023,Unknown,GP,Video/Online,15  to 21 Days,7
11J,E38000045,NHS Dorset ICB - 11J,E54000041,NHS Dorset Integrated Care Board,E40000006,South West,NOV2023,Unknown,GP,Video/Online,2 to 7 Days,40
11J,E38000045,NHS Dorset ICB - 11J,E54000041,NHS Dorset Integrated Care Board,E40000006,South West,NOV2023,Unknown,GP,Video/Online,22  to 28 Days,2
11J,E38000045,NHS Dorset ICB - 11J,E54000041,NHS Dorset Integrated Care Board,E40000006,South West,NOV2023,Unknown,GP,Video/Online,8  to 14 Days,24
11J,E38000045,NHS Dorset ICB - 11J,E54000041,NHS Dorset Integrated Care Board,E40000006,South West,NOV2023,Unknown,GP,Video/Online,More than 28 Days,1
11J,E38000045,NHS Dorset ICB - 11J,E54000041,NHS Dorset Integrated Care Board,E40000006,South West,NOV2023,Unknown,GP,Video/Online,Same Day,13
11J,E38000045,NHS Dorset ICB - 11J,E54000041,NHS Dorset Integrated Care Board,E40000006,South West,NOV2023,Unknown,Other Practice staff,Face-to-Face,1 Day,337
11J,E38000045,NHS Dorset ICB - 11J,E54000041,NHS Dorset Integrated Care Board,E40000006,South West,NOV2023,Unknown,Other Practice staff,Face-to-Face,15  to 21 Days,2495
11J,E38000045,NHS Dorset ICB - 11J,E54000041,NHS Dorset Integrated Care Board,E40000006,South West,NOV2023,Unknown,Other Practice staff,Face-to-Face,2 to 7 Days,1848
11J,E38000045,NHS Dorset ICB - 11J,E54000041,NHS Dorset Integrated Care Board,E40000006,South West,NOV2023,Unknown,Other Practice staff,Face-to-Face,22  to 28 Days,1873
11J,E38000045,NHS Dorset ICB - 11J,E54000041,NHS Dorset Integrated Care Board,E40000006,South West,NOV2023,Unknown,Other Practice staff,Face-to-Face,8  to 14 Days,2915
11J,E38000045,NHS Dorset ICB - 11J,E54000041,NHS Dorset Integrated Care Board,E40000006,South West,NOV2023,Unknown,Other Practice staff,Face-to-Face,More than 28 Days,3752
11J,E38000045,NHS Dorset ICB - 11J,E54000041,NHS Dorset Integrated Care Board,E40000006,South West,NOV2023,Unknown,Other Practice staff,Face-to-Face,Same Day,932
11J,E38000045,NHS Dorset ICB - 11J,E54000041,NHS Dorset Integrated Care Board,E40000006,South West,NOV2023,Unknown,Other Practice staff,Face-to-Face,Unknown / Data Quality,2
11J,E38000045,NHS Dorset ICB - 11J,E54000041,NHS Dorset Integrated Care Board,E40000006,South West,NOV2023,Unknown,Other Practice staff,Home Visit,1 Day,9
11J,E38000045,NHS Dorset ICB - 11J,E54000041,NHS Dorset Integrated Care Board,E40000006,South West,NOV2023,Unknown,Other Practice staff,Home Visit,15  to 21 Days,47
11J,E38000045,NHS Dorset ICB - 11J,E54000041,NHS Dorset Integrated Care Board,E40000006,South West,NOV2023,Unknown,Other Practice staff,Home Visit,2 to 7 Days,117
11J,E38000045,NHS Dorset ICB - 11J,E54000041,NHS Dorset Integrated Care Board,E40000006,South West,NOV2023,Unknown,Other Practice staff,Home Visit,22  to 28 Days,40
11J,E38000045,NHS Dorset ICB - 11J,E54000041,NHS Dorset Integrated Care Board,E40000006,South West,NOV2023,Unknown,Other Practice staff,Home Visit,8  to 14 Days,173
11J,E38000045,NHS Dorset ICB - 11J,E54000041,NHS Dorset Integrated Care Board,E40000006,South West,NOV2023,Unknown,Other Practice staff,Home Visit,More than 28 Days,40
11J,E38000045,NHS Dorset ICB - 11J,E54000041,NHS Dorset Integrated Care Board,E40000006,South West,NOV2023,Unknown,Other Practice staff,Home Visit,Same Day,10
11J,E38000045,NHS Dorset ICB - 11J,E54000041,NHS Dorset Integrated Care Board,E40000006,South West,NOV2023,Unknown,Other Practice staff,Telephone,1 Day,144
11J,E38000045,NHS Dorset ICB - 11J,E54000041,NHS Dorset Integrated Care Board,E40000006,South West,NOV2023,Unknown,Other Practice staff,Telephone,15  to 21 Days,255
11J,E38000045,NHS Dorset ICB - 11J,E54000041,NHS Dorset Integrated Care Board,E40000006,South West,NOV2023,Unknown,Other Practice staff,Telephone,2 to 7 Days,476
11J,E38000045,NHS Dorset ICB - 11J,E54000041,NHS Dorset Integrated Care Board,E40000006,South West,NOV2023,Unknown,Other Practice staff,Telephone,22  to 28 Days,160
11J,E38000045,NHS Dorset ICB - 11J,E54000041,NHS Dorset Integrated Care Board,E40000006,South West,NOV2023,Unknown,Other Practice staff,Telephone,8  to 14 Days,370
11J,E38000045,NHS Dorset ICB - 11J,E54000041,NHS Dorset Integrated Care Board,E40000006,South West,NOV2023,Unknown,Other Practice staff,Telephone,More than 28 Days,256
11J,E38000045,NHS Dorset ICB - 11J,E54000041,NHS Dorset Integrated Care Board,E40000006,South West,NOV2023,Unknown,Other Practice staff,Telephone,Same Day,337
11J,E38000045,NHS Dorset ICB - 11J,E54000041,NHS Dorset Integrated Care Board,E40000006,South West,NOV2023,Unknown,Other Practice staff,Telephone,Unknown / Data Quality,1
11J,E38000045,NHS Dorset ICB - 11J,E54000041,NHS Dorset Integrated Care Board,E40000006,South West,NOV2023,Unknown,Other Practice staff,Unknown,1 Day,9
11J,E38000045,NHS Dorset ICB - 11J,E54000041,NHS Dorset Integrated Care Board,E40000006,South West,NOV2023,Unknown,Other Practice staff,Unknown,15  to 21 Days,119
11J,E38000045,NHS Dorset ICB - 11J,E54000041,NHS Dorset Integrated Care Board,E40000006,South West,NOV2023,Unknown,Other Practice staff,Unknown,2 to 7 Days,116
11J,E38000045,NHS Dorset ICB - 11J,E54000041,NHS Dorset Integrated Care Board,E40000006,South West,NOV2023,Unknown,Other Practice staff,Unknown,22  to 28 Days,127
11J,E38000045,NHS Dorset ICB - 11J,E54000041,NHS Dorset Integrated Care Board,E40000006,South West,NOV2023,Unknown,Other Practice staff,Unknown,8  to 14 Days,161
11J,E38000045,NHS Dorset ICB - 11J,E54000041,NHS Dorset Integrated Care Board,E40000006,South West,NOV2023,Unknown,Other Practice staff,Unknown,More than 28 Days,205
11J,E38000045,NHS Dorset ICB - 11J,E54000041,NHS Dorset Integrated Care Board,E40000006,South West,NOV2023,Unknown,Other Practice staff,Unknown,Same Day,6
11J,E38000045,NHS Dorset ICB - 11J,E54000041,NHS Dorset Integrated Care Board,E40000006,South West,NOV2023,Unknown,Other Practice staff,Video/Online,1 Day,42
11J,E38000045,NHS Dorset ICB - 11J,E54000041,NHS Dorset Integrated Care Board,E40000006,South West,NOV2023,Unknown,Other Practice staff,Video/Online,15  to 21 Days,18
11J,E38000045,NHS Dorset ICB - 11J,E54000041,NHS Dorset Integrated Care Board,E40000006,South West,NOV2023,Unknown,Other Practice staff,Video/Online,2 to 7 Days,79
11J,E38000045,NHS Dorset ICB - 11J,E54000041,NHS Dorset Integrated Care Board,E40000006,South West,NOV2023,Unknown,Other Practice staff,Video/Online,22  to 28 Days,18
11J,E38000045,NHS Dorset ICB - 11J,E54000041,NHS Dorset Integrated Care Board,E40000006,South West,NOV2023,Unknown,Other Practice staff,Video/Online,8  to 14 Days,51
11J,E38000045,NHS Dorset ICB - 11J,E54000041,NHS Dorset Integrated Care Board,E40000006,South West,NOV2023,Unknown,Other Practice staff,Video/Online,More than 28 Days,33
11J,E38000045,NHS Dorset ICB - 11J,E54000041,NHS Dorset Integrated Care Board,E40000006,South West,NOV2023,Unknown,Other Practice staff,Video/Online,Same Day,19
11J,E38000045,NHS Dorset ICB - 11J,E54000041,NHS Dorset Integrated Care Board,E40000006,South West,NOV2023,Unknown,Other Practice staff,Video/Online,Unknown / Data Quality,1
11J,E38000045,NHS Dorset ICB - 11J,E54000041,NHS Dorset Integrated Care Board,E40000006,South West,NOV2023,Unknown,Unknown,Unknown,1 Day,54
11J,E38000045,NHS Dorset ICB - 11J,E54000041,NHS Dorset Integrated Care Board,E40000006,South West,NOV2023,Unknown,Unknown,Unknown,15  to 21 Days,248
11J,E38000045,NHS Dorset ICB - 11J,E54000041,NHS Dorset Integrated Care Board,E40000006,South West,NOV2023,Unknown,Unknown,Unknown,2 to 7 Days,243
11J,E38000045,NHS Dorset ICB - 11J,E54000041,NHS Dorset Integrated Care Board,E40000006,South West,NOV2023,Unknown,Unknown,Unknown,22  to 28 Days,178
11J,E38000045,NHS Dorset ICB - 11J,E54000041,NHS Dorset Integrated Care Board,E40000006,South West,NOV2023,Unknown,Unknown,Unknown,8  to 14 Days,279
11J,E38000045,NHS Dorset ICB - 11J,E54000041,NHS Dorset Integrated Care Board,E40000006,South West,NOV2023,Unknown,Unknown,Unknown,More than 28 Days,310
11J,E38000045,NHS Dorset ICB - 11J,E54000041,NHS Dorset Integrated Care Board,E40000006,South West,NOV2023,Unknown,Unknown,Unknown,Same Day,83
11J,E38000045,NHS Dorset ICB - 11J,E54000041,NHS Dorset Integrated Care Board,E40000006,South West,DEC2023,Attended,GP,Face-to-Face,1 Day,7968
11J,E38000045,NHS Dorset ICB - 11J,E54000041,NHS Dorset Integrated Care Board,E40000006,South West,DEC2023,Attended,GP,Face-to-Face,15  to 21 Days,7662
11J,E38000045,NHS Dorset ICB - 11J,E54000041,NHS Dorset Integrated Care Board,E40000006,South West,DEC2023,Attended,GP,Face-to-Face,2 to 7 Days,14516
11J,E38000045,NHS Dorset ICB - 11J,E54000041,NHS Dorset Integrated Care Board,E40000006,South West,DEC2023,Attended,GP,Face-to-Face,22  to 28 Days,5574
11J,E38000045,NHS Dorset ICB - 11J,E54000041,NHS Dorset Integrated Care Board,E40000006,South West,DEC2023,Attended,GP,Face-to-Face,8  to 14 Days,10216
11J,E38000045,NHS Dorset ICB - 11J,E54000041,NHS Dorset Integrated Care Board,E40000006,South West,DEC2023,Attended,GP,Face-to-Face,More than 28 Days,5130
11J,E38000045,NHS Dorset ICB - 11J,E54000041,NHS Dorset Integrated Care Board,E40000006,South West,DEC2023,Attended,GP,Face-to-Face,Same Day,49161
11J,E38000045,NHS Dorset ICB - 11J,E54000041,NHS Dorset Integrated Care Board,E40000006,South West,DEC2023,Attended,GP,Face-to-Face,Unknown / Data Quality,30
11J,E38000045,NHS Dorset ICB - 11J,E54000041,NHS Dorset Integrated Care Board,E40000006,South West,DEC2023,Attended,GP,Home Visit,1 Day,38
11J,E38000045,NHS Dorset ICB - 11J,E54000041,NHS Dorset Integrated Care Board,E40000006,South West,DEC2023,Attended,GP,Home Visit,15  to 21 Days,81
11J,E38000045,NHS Dorset ICB - 11J,E54000041,NHS Dorset Integrated Care Board,E40000006,South West,DEC2023,Attended,GP,Home Visit,2 to 7 Days,74
11J,E38000045,NHS Dorset ICB - 11J,E54000041,NHS Dorset Integrated Care Board,E40000006,South West,DEC2023,Attended,GP,Home Visit,22  to 28 Days,36
11J,E38000045,NHS Dorset ICB - 11J,E54000041,NHS Dorset Integrated Care Board,E40000006,South West,DEC2023,Attended,GP,Home Visit,8  to 14 Days,26
11J,E38000045,NHS Dorset ICB - 11J,E54000041,NHS Dorset Integrated Care Board,E40000006,South West,DEC2023,Attended,GP,Home Visit,More than 28 Days,6
11J,E38000045,NHS Dorset ICB - 11J,E54000041,NHS Dorset Integrated Care Board,E40000006,South West,DEC2023,Attended,GP,Home Visit,Same Day,297
11J,E38000045,NHS Dorset ICB - 11J,E54000041,NHS Dorset Integrated Care Board,E40000006,South West,DEC2023,Attended,GP,Telephone,1 Day,2326
11J,E38000045,NHS Dorset ICB - 11J,E54000041,NHS Dorset Integrated Care Board,E40000006,South West,DEC2023,Attended,GP,Telephone,15  to 21 Days,2922
11J,E38000045,NHS Dorset ICB - 11J,E54000041,NHS Dorset Integrated Care Board,E40000006,South West,DEC2023,Attended,GP,Telephone,2 to 7 Days,5254
11J,E38000045,NHS Dorset ICB - 11J,E54000041,NHS Dorset Integrated Care Board,E40000006,South West,DEC2023,Attended,GP,Telephone,22  to 28 Days,1733
11J,E38000045,NHS Dorset ICB - 11J,E54000041,NHS Dorset Integrated Care Board,E40000006,South West,DEC2023,Attended,GP,Telephone,8  to 14 Days,4507
11J,E38000045,NHS Dorset ICB - 11J,E54000041,NHS Dorset Integrated Care Board,E40000006,South West,DEC2023,Attended,GP,Telephone,More than 28 Days,1092
11J,E38000045,NHS Dorset ICB - 11J,E54000041,NHS Dorset Integrated Care Board,E40000006,South West,DEC2023,Attended,GP,Telephone,Same Day,23803
11J,E38000045,NHS Dorset ICB - 11J,E54000041,NHS Dorset Integrated Care Board,E40000006,South West,DEC2023,Attended,GP,Telephone,Unknown / Data Quality,12
11J,E38000045,NHS Dorset ICB - 11J,E54000041,NHS Dorset Integrated Care Board,E40000006,South West,DEC2023,Attended,GP,Unknown,1 Day,7
11J,E38000045,NHS Dorset ICB - 11J,E54000041,NHS Dorset Integrated Care Board,E40000006,South West,DEC2023,Attended,GP,Unknown,15  to 21 Days,41
11J,E38000045,NHS Dorset ICB - 11J,E54000041,NHS Dorset Integrated Care Board,E40000006,South West,DEC2023,Attended,GP,Unknown,2 to 7 Days,19
11J,E38000045,NHS Dorset ICB - 11J,E54000041,NHS Dorset Integrated Care Board,E40000006,South West,DEC2023,Attended,GP,Unknown,22  to 28 Days,17
11J,E38000045,NHS Dorset ICB - 11J,E54000041,NHS Dorset Integrated Care Board,E40000006,South West,DEC2023,Attended,GP,Unknown,8  to 14 Days,31
11J,E38000045,NHS Dorset ICB - 11J,E54000041,NHS Dorset Integrated Care Board,E40000006,South West,DEC2023,Attended,GP,Unknown,More than 28 Days,29
11J,E38000045,NHS Dorset ICB - 11J,E54000041,NHS Dorset Integrated Care Board,E40000006,South West,DEC2023,Attended,GP,Unknown,Same Day,18
11J,E38000045,NHS Dorset ICB - 11J,E54000041,NHS Dorset Integrated Care Board,E40000006,South West,DEC2023,Attended,GP,Video/Online,1 Day,323
11J,E38000045,NHS Dorset ICB - 11J,E54000041,NHS Dorset Integrated Care Board,E40000006,South West,DEC2023,Attended,GP,Video/Online,15  to 21 Days,30
11J,E38000045,NHS Dorset ICB - 11J,E54000041,NHS Dorset Integrated Care Board,E40000006,South West,DEC2023,Attended,GP,Video/Online,2 to 7 Days,280
11J,E38000045,NHS Dorset ICB - 11J,E54000041,NHS Dorset Integrated Care Board,E40000006,South West,DEC2023,Attended,GP,Video/Online,22  to 28 Days,14
11J,E38000045,NHS Dorset ICB - 11J,E54000041,NHS Dorset Integrated Care Board,E40000006,South West,DEC2023,Attended,GP,Video/Online,8  to 14 Days,63
11J,E38000045,NHS Dorset ICB - 11J,E54000041,NHS Dorset Integrated Care Board,E40000006,South West,DEC2023,Attended,GP,Video/Online,More than 28 Days,8
11J,E38000045,NHS Dorset ICB - 11J,E54000041,NHS Dorset Integrated Care Board,E40000006,South West,DEC2023,Attended,GP,Video/Online,Same Day,2852
11J,E38000045,NHS Dorset ICB - 11J,E54000041,NHS Dorset Integrated Care Board,E40000006,South West,DEC2023,Attended,Other Practice staff,Face-to-Face,1 Day,9421
11J,E38000045,NHS Dorset ICB - 11J,E54000041,NHS Dorset Integrated Care Board,E40000006,South West,DEC2023,Attended,Other Practice staff,Face-to-Face,15  to 21 Days,16531
11J,E38000045,NHS Dorset ICB - 11J,E54000041,NHS Dorset Integrated Care Board,E40000006,South West,DEC2023,Attended,Other Practice staff,Face-to-Face,2 to 7 Days,24093
11J,E38000045,NHS Dorset ICB - 11J,E54000041,NHS Dorset Integrated Care Board,E40000006,South West,DEC2023,Attended,Other Practice staff,Face-to-Face,22  to 28 Days,11740
11J,E38000045,NHS Dorset ICB - 11J,E54000041,NHS Dorset Integrated Care Board,E40000006,South West,DEC2023,Attended,Other Practice staff,Face-to-Face,8  to 14 Days,23949
11J,E38000045,NHS Dorset ICB - 11J,E54000041,NHS Dorset Integrated Care Board,E40000006,South West,DEC2023,Attended,Other Practice staff,Face-to-Face,More than 28 Days,13483
11J,E38000045,NHS Dorset ICB - 11J,E54000041,NHS Dorset Integrated Care Board,E40000006,South West,DEC2023,Attended,Other Practice staff,Face-to-Face,Same Day,36577
11J,E38000045,NHS Dorset ICB - 11J,E54000041,NHS Dorset Integrated Care Board,E40000006,South West,DEC2023,Attended,Other Practice staff,Face-to-Face,Unknown / Data Quality,113
11J,E38000045,NHS Dorset ICB - 11J,E54000041,NHS Dorset Integrated Care Board,E40000006,South West,DEC2023,Attended,Other Practice staff,Home Visit,1 Day,244
11J,E38000045,NHS Dorset ICB - 11J,E54000041,NHS Dorset Integrated Care Board,E40000006,South West,DEC2023,Attended,Other Practice staff,Home Visit,15  to 21 Days,85
11J,E38000045,NHS Dorset ICB - 11J,E54000041,NHS Dorset Integrated Care Board,E40000006,South West,DEC2023,Attended,Other Practice staff,Home Visit,2 to 7 Days,575
11J,E38000045,NHS Dorset ICB - 11J,E54000041,NHS Dorset Integrated Care Board,E40000006,South West,DEC2023,Attended,Other Practice staff,Home Visit,22  to 28 Days,89
11J,E38000045,NHS Dorset ICB - 11J,E54000041,NHS Dorset Integrated Care Board,E40000006,South West,DEC2023,Attended,Other Practice staff,Home Visit,8  to 14 Days,157
11J,E38000045,NHS Dorset ICB - 11J,E54000041,NHS Dorset Integrated Care Board,E40000006,South West,DEC2023,Attended,Other Practice staff,Home Visit,More than 28 Days,91
11J,E38000045,NHS Dorset ICB - 11J,E54000041,NHS Dorset Integrated Care Board,E40000006,South West,DEC2023,Attended,Other Practice staff,Home Visit,Same Day,1020
11J,E38000045,NHS Dorset ICB - 11J,E54000041,NHS Dorset Integrated Care Board,E40000006,South West,DEC2023,Attended,Other Practice staff,Home Visit,Unknown / Data Quality,5
11J,E38000045,NHS Dorset ICB - 11J,E54000041,NHS Dorset Integrated Care Board,E40000006,South West,DEC2023,Attended,Other Practice staff,Telephone,1 Day,2287
11J,E38000045,NHS Dorset ICB - 11J,E54000041,NHS Dorset Integrated Care Board,E40000006,South West,DEC2023,Attended,Other Practice staff,Telephone,15  to 21 Days,1756
11J,E38000045,NHS Dorset ICB - 11J,E54000041,NHS Dorset Integrated Care Board,E40000006,South West,DEC2023,Attended,Other Practice staff,Telephone,2 to 7 Days,4285
11J,E38000045,NHS Dorset ICB - 11J,E54000041,NHS Dorset Integrated Care Board,E40000006,South West,DEC2023,Attended,Other Practice staff,Telephone,22  to 28 Days,991
11J,E38000045,NHS Dorset ICB - 11J,E54000041,NHS Dorset Integrated Care Board,E40000006,South West,DEC2023,Attended,Other Practice staff,Telephone,8  to 14 Days,2673
11J,E38000045,NHS Dorset ICB - 11J,E54000041,NHS Dorset Integrated Care Board,E40000006,South West,DEC2023,Attended,Other Practice staff,Telephone,More than 28 Days,1052
11J,E38000045,NHS Dorset ICB - 11J,E54000041,NHS Dorset Integrated Care Board,E40000006,South West,DEC2023,Attended,Other Practice staff,Telephone,Same Day,15912
11J,E38000045,NHS Dorset ICB - 11J,E54000041,NHS Dorset Integrated Care Board,E40000006,South West,DEC2023,Attended,Other Practice staff,Telephone,Unknown / Data Quality,20
11J,E38000045,NHS Dorset ICB - 11J,E54000041,NHS Dorset Integrated Care Board,E40000006,South West,DEC2023,Attended,Other Practice staff,Unknown,1 Day,35
11J,E38000045,NHS Dorset ICB - 11J,E54000041,NHS Dorset Integrated Care Board,E40000006,South West,DEC2023,Attended,Other Practice staff,Unknown,15  to 21 Days,42
11J,E38000045,NHS Dorset ICB - 11J,E54000041,NHS Dorset Integrated Care Board,E40000006,South West,DEC2023,Attended,Other Practice staff,Unknown,2 to 7 Days,143
11J,E38000045,NHS Dorset ICB - 11J,E54000041,NHS Dorset Integrated Care Board,E40000006,South West,DEC2023,Attended,Other Practice staff,Unknown,22  to 28 Days,32
11J,E38000045,NHS Dorset ICB - 11J,E54000041,NHS Dorset Integrated Care Board,E40000006,South West,DEC2023,Attended,Other Practice staff,Unknown,8  to 14 Days,104
11J,E38000045,NHS Dorset ICB - 11J,E54000041,NHS Dorset Integrated Care Board,E40000006,South West,DEC2023,Attended,Other Practice staff,Unknown,More than 28 Days,31
11J,E38000045,NHS Dorset ICB - 11J,E54000041,NHS Dorset Integrated Care Board,E40000006,South West,DEC2023,Attended,Other Practice staff,Unknown,Same Day,110
11J,E38000045,NHS Dorset ICB - 11J,E54000041,NHS Dorset Integrated Care Board,E40000006,South West,DEC2023,Attended,Other Practice staff,Video/Online,1 Day,775
11J,E38000045,NHS Dorset ICB - 11J,E54000041,NHS Dorset Integrated Care Board,E40000006,South West,DEC2023,Attended,Other Practice staff,Video/Online,15  to 21 Days,80
11J,E38000045,NHS Dorset ICB - 11J,E54000041,NHS Dorset Integrated Care Board,E40000006,South West,DEC2023,Attended,Other Practice staff,Video/Online,2 to 7 Days,571
11J,E38000045,NHS Dorset ICB - 11J,E54000041,NHS Dorset Integrated Care Board,E40000006,South West,DEC2023,Attended,Other Practice staff,Video/Online,22  to 28 Days,66
11J,E38000045,NHS Dorset ICB - 11J,E54000041,NHS Dorset Integrated Care Board,E40000006,South West,DEC2023,Attended,Other Practice staff,Video/Online,8  to 14 Days,160
11J,E38000045,NHS Dorset ICB - 11J,E54000041,NHS Dorset Integrated Care Board,E40000006,South West,DEC2023,Attended,Other Practice staff,Video/Online,More than 28 Days,36
11J,E38000045,NHS Dorset ICB - 11J,E54000041,NHS Dorset Integrated Care Board,E40000006,South West,DEC2023,Attended,Other Practice staff,Video/Online,Same Day,4836
11J,E38000045,NHS Dorset ICB - 11J,E54000041,NHS Dorset Integrated Care Board,E40000006,South West,DEC2023,Attended,Other Practice staff,Video/Online,Unknown / Data Quality,2
11J,E38000045,NHS Dorset ICB - 11J,E54000041,NHS Dorset Integrated Care Board,E40000006,South West,DEC2023,Attended,Unknown,Unknown,1 Day,917
11J,E38000045,NHS Dorset ICB - 11J,E54000041,NHS Dorset Integrated Care Board,E40000006,South West,DEC2023,Attended,Unknown,Unknown,15  to 21 Days,352
11J,E38000045,NHS Dorset ICB - 11J,E54000041,NHS Dorset Integrated Care Board,E40000006,South West,DEC2023,Attended,Unknown,Unknown,2 to 7 Days,1845
11J,E38000045,NHS Dorset ICB - 11J,E54000041,NHS Dorset Integrated Care Board,E40000006,South West,DEC2023,Attended,Unknown,Unknown,22  to 28 Days,170
11J,E38000045,NHS Dorset ICB - 11J,E54000041,NHS Dorset Integrated Care Board,E40000006,South West,DEC2023,Attended,Unknown,Unknown,8  to 14 Days,822
11J,E38000045,NHS Dorset ICB - 11J,E54000041,NHS Dorset Integrated Care Board,E40000006,South West,DEC2023,Attended,Unknown,Unknown,More than 28 Days,187
11J,E38000045,NHS Dorset ICB - 11J,E54000041,NHS Dorset Integrated Care Board,E40000006,South West,DEC2023,Attended,Unknown,Unknown,Same Day,8487
11J,E38000045,NHS Dorset ICB - 11J,E54000041,NHS Dorset Integrated Care Board,E40000006,South West,DEC2023,Attended,Unknown,Unknown,Unknown / Data Quality,8
11J,E38000045,NHS Dorset ICB - 11J,E54000041,NHS Dorset Integrated Care Board,E40000006,South West,DEC2023,DNA,GP,Face-to-Face,1 Day,187
11J,E38000045,NHS Dorset ICB - 11J,E54000041,NHS Dorset Integrated Care Board,E40000006,South West,DEC2023,DNA,GP,Face-to-Face,15  to 21 Days,443
11J,E38000045,NHS Dorset ICB - 11J,E54000041,NHS Dorset Integrated Care Board,E40000006,South West,DEC2023,DNA,GP,Face-to-Face,2 to 7 Days,511
11J,E38000045,NHS Dorset ICB - 11J,E54000041,NHS Dorset Integrated Care Board,E40000006,South West,DEC2023,DNA,GP,Face-to-Face,22  to 28 Days,343
11J,E38000045,NHS Dorset ICB - 11J,E54000041,NHS Dorset Integrated Care Board,E40000006,South West,DEC2023,DNA,GP,Face-to-Face,8  to 14 Days,543
11J,E38000045,NHS Dorset ICB - 11J,E54000041,NHS Dorset Integrated Care Board,E40000006,South West,DEC2023,DNA,GP,Face-to-Face,More than 28 Days,355
11J,E38000045,NHS Dorset ICB - 11J,E54000041,NHS Dorset Integrated Care Board,E40000006,South West,DEC2023,DNA,GP,Face-to-Face,Same Day,434
11J,E38000045,NHS Dorset ICB - 11J,E54000041,NHS Dorset Integrated Care Board,E40000006,South West,DEC2023,DNA,GP,Home Visit,1 Day,3
11J,E38000045,NHS Dorset ICB - 11J,E54000041,NHS Dorset Integrated Care Board,E40000006,South West,DEC2023,DNA,GP,Home Visit,2 to 7 Days,2
11J,E38000045,NHS Dorset ICB - 11J,E54000041,NHS Dorset Integrated Care Board,E40000006,South West,DEC2023,DNA,GP,Home Visit,Same Day,10
11J,E38000045,NHS Dorset ICB - 11J,E54000041,NHS Dorset Integrated Care Board,E40000006,South West,DEC2023,DNA,GP,Telephone,1 Day,9
11J,E38000045,NHS Dorset ICB - 11J,E54000041,NHS Dorset Integrated Care Board,E40000006,South West,DEC2023,DNA,GP,Telephone,15  to 21 Days,42
11J,E38000045,NHS Dorset ICB - 11J,E54000041,NHS Dorset Integrated Care Board,E40000006,South West,DEC2023,DNA,GP,Telephone,2 to 7 Days,37
11J,E38000045,NHS Dorset ICB - 11J,E54000041,NHS Dorset Integrated Care Board,E40000006,South West,DEC2023,DNA,GP,Telephone,22  to 28 Days,22
11J,E38000045,NHS Dorset ICB - 11J,E54000041,NHS Dorset Integrated Care Board,E40000006,South West,DEC2023,DNA,GP,Telephone,8  to 14 Days,35
11J,E38000045,NHS Dorset ICB - 11J,E54000041,NHS Dorset Integrated Care Board,E40000006,South West,DEC2023,DNA,GP,Telephone,More than 28 Days,14
11J,E38000045,NHS Dorset ICB - 11J,E54000041,NHS Dorset Integrated Care Board,E40000006,South West,DEC2023,DNA,GP,Telephone,Same Day,31
11J,E38000045,NHS Dorset ICB - 11J,E54000041,NHS Dorset Integrated Care Board,E40000006,South West,DEC2023,DNA,GP,Unknown,15  to 21 Days,7
11J,E38000045,NHS Dorset ICB - 11J,E54000041,NHS Dorset Integrated Care Board,E40000006,South West,DEC2023,DNA,GP,Unknown,2 to 7 Days,1
11J,E38000045,NHS Dorset ICB - 11J,E54000041,NHS Dorset Integrated Care Board,E40000006,South West,DEC2023,DNA,GP,Unknown,22  to 28 Days,4
11J,E38000045,NHS Dorset ICB - 11J,E54000041,NHS Dorset Integrated Care Board,E40000006,South West,DEC2023,DNA,GP,Unknown,8  to 14 Days,1
11J,E38000045,NHS Dorset ICB - 11J,E54000041,NHS Dorset Integrated Care Board,E40000006,South West,DEC2023,DNA,GP,Unknown,More than 28 Days,1
11J,E38000045,NHS Dorset ICB - 11J,E54000041,NHS Dorset Integrated Care Board,E40000006,South West,DEC2023,DNA,GP,Video/Online,1 Day,4
11J,E38000045,NHS Dorset ICB - 11J,E54000041,NHS Dorset Integrated Care Board,E40000006,South West,DEC2023,DNA,GP,Video/Online,15  to 21 Days,1
11J,E38000045,NHS Dorset ICB - 11J,E54000041,NHS Dorset Integrated Care Board,E40000006,South West,DEC2023,DNA,GP,Video/Online,2 to 7 Days,8
11J,E38000045,NHS Dorset ICB - 11J,E54000041,NHS Dorset Integrated Care Board,E40000006,South West,DEC2023,DNA,GP,Video/Online,22  to 28 Days,3
11J,E38000045,NHS Dorset ICB - 11J,E54000041,NHS Dorset Integrated Care Board,E40000006,South West,DEC2023,DNA,GP,Video/Online,8  to 14 Days,1
11J,E38000045,NHS Dorset ICB - 11J,E54000041,NHS Dorset Integrated Care Board,E40000006,South West,DEC2023,DNA,GP,Video/Online,More than 28 Days,1
11J,E38000045,NHS Dorset ICB - 11J,E54000041,NHS Dorset Integrated Care Board,E40000006,South West,DEC2023,DNA,GP,Video/Online,Same Day,16
11J,E38000045,NHS Dorset ICB - 11J,E54000041,NHS Dorset Integrated Care Board,E40000006,South West,DEC2023,DNA,Other Practice staff,Face-to-Face,1 Day,379
11J,E38000045,NHS Dorset ICB - 11J,E54000041,NHS Dorset Integrated Care Board,E40000006,South West,DEC2023,DNA,Other Practice staff,Face-to-Face,15  to 21 Days,1435
11J,E38000045,NHS Dorset ICB - 11J,E54000041,NHS Dorset Integrated Care Board,E40000006,South West,DEC2023,DNA,Other Practice staff,Face-to-Face,2 to 7 Days,1485
11J,E38000045,NHS Dorset ICB - 11J,E54000041,NHS Dorset Integrated Care Board,E40000006,South West,DEC2023,DNA,Other Practice staff,Face-to-Face,22  to 28 Days,1009
11J,E38000045,NHS Dorset ICB - 11J,E54000041,NHS Dorset Integrated Care Board,E40000006,South West,DEC2023,DNA,Other Practice staff,Face-to-Face,8  to 14 Days,1928
11J,E38000045,NHS Dorset ICB - 11J,E54000041,NHS Dorset Integrated Care Board,E40000006,South West,DEC2023,DNA,Other Practice staff,Face-to-Face,More than 28 Days,1367
11J,E38000045,NHS Dorset ICB - 11J,E54000041,NHS Dorset Integrated Care Board,E40000006,South West,DEC2023,DNA,Other Practice staff,Face-to-Face,Same Day,668
11J,E38000045,NHS Dorset ICB - 11J,E54000041,NHS Dorset Integrated Care Board,E40000006,South West,DEC2023,DNA,Other Practice staff,Home Visit,1 Day,21
11J,E38000045,NHS Dorset ICB - 11J,E54000041,NHS Dorset Integrated Care Board,E40000006,South West,DEC2023,DNA,Other Practice staff,Home Visit,15  to 21 Days,6
11J,E38000045,NHS Dorset ICB - 11J,E54000041,NHS Dorset Integrated Care Board,E40000006,South West,DEC2023,DNA,Other Practice staff,Home Visit,2 to 7 Days,24
11J,E38000045,NHS Dorset ICB - 11J,E54000041,NHS Dorset Integrated Care Board,E40000006,South West,DEC2023,DNA,Other Practice staff,Home Visit,22  to 28 Days,6
11J,E38000045,NHS Dorset ICB - 11J,E54000041,NHS Dorset Integrated Care Board,E40000006,South West,DEC2023,DNA,Other Practice staff,Home Visit,8  to 14 Days,7
11J,E38000045,NHS Dorset ICB - 11J,E54000041,NHS Dorset Integrated Care Board,E40000006,South West,DEC2023,DNA,Other Practice staff,Home Visit,More than 28 Days,30
11J,E38000045,NHS Dorset ICB - 11J,E54000041,NHS Dorset Integrated Care Board,E40000006,South West,DEC2023,DNA,Other Practice staff,Home Visit,Same Day,35
11J,E38000045,NHS Dorset ICB - 11J,E54000041,NHS Dorset Integrated Care Board,E40000006,South West,DEC2023,DNA,Other Practice staff,Telephone,1 Day,23
11J,E38000045,NHS Dorset ICB - 11J,E54000041,NHS Dorset Integrated Care Board,E40000006,South West,DEC2023,DNA,Other Practice staff,Telephone,15  to 21 Days,31
11J,E38000045,NHS Dorset ICB - 11J,E54000041,NHS Dorset Integrated Care Board,E40000006,South West,DEC2023,DNA,Other Practice staff,Telephone,2 to 7 Days,53
11J,E38000045,NHS Dorset ICB - 11J,E54000041,NHS Dorset Integrated Care Board,E40000006,South West,DEC2023,DNA,Other Practice staff,Telephone,22  to 28 Days,15
11J,E38000045,NHS Dorset ICB - 11J,E54000041,NHS Dorset Integrated Care Board,E40000006,South West,DEC2023,DNA,Other Practice staff,Telephone,8  to 14 Days,37
11J,E38000045,NHS Dorset ICB - 11J,E54000041,NHS Dorset Integrated Care Board,E40000006,South West,DEC2023,DNA,Other Practice staff,Telephone,More than 28 Days,24
11J,E38000045,NHS Dorset ICB - 11J,E54000041,NHS Dorset Integrated Care Board,E40000006,South West,DEC2023,DNA,Other Practice staff,Telephone,Same Day,26
11J,E38000045,NHS Dorset ICB - 11J,E54000041,NHS Dorset Integrated Care Board,E40000006,South West,DEC2023,DNA,Other Practice staff,Unknown,1 Day,1
11J,E38000045,NHS Dorset ICB - 11J,E54000041,NHS Dorset Integrated Care Board,E40000006,South West,DEC2023,DNA,Other Practice staff,Unknown,15  to 21 Days,14
11J,E38000045,NHS Dorset ICB - 11J,E54000041,NHS Dorset Integrated Care Board,E40000006,South West,DEC2023,DNA,Other Practice staff,Unknown,2 to 7 Days,12
11J,E38000045,NHS Dorset ICB - 11J,E54000041,NHS Dorset Integrated Care Board,E40000006,South West,DEC2023,DNA,Other Practice staff,Unknown,22  to 28 Days,3
11J,E38000045,NHS Dorset ICB - 11J,E54000041,NHS Dorset Integrated Care Board,E40000006,South West,DEC2023,DNA,Other Practice staff,Unknown,8  to 14 Days,13
11J,E38000045,NHS Dorset ICB - 11J,E54000041,NHS Dorset Integrated Care Board,E40000006,South West,DEC2023,DNA,Other Practice staff,Unknown,More than 28 Days,10
11J,E38000045,NHS Dorset ICB - 11J,E54000041,NHS Dorset Integrated Care Board,E40000006,South West,DEC2023,DNA,Other Practice staff,Unknown,Same Day,1
11J,E38000045,NHS Dorset ICB - 11J,E54000041,NHS Dorset Integrated Care Board,E40000006,South West,DEC2023,DNA,Other Practice staff,Video/Online,1 Day,17
11J,E38000045,NHS Dorset ICB - 11J,E54000041,NHS Dorset Integrated Care Board,E40000006,South West,DEC2023,DNA,Other Practice staff,Video/Online,15  to 21 Days,16
11J,E38000045,NHS Dorset ICB - 11J,E54000041,NHS Dorset Integrated Care Board,E40000006,South West,DEC2023,DNA,Other Practice staff,Video/Online,2 to 7 Days,12
11J,E38000045,NHS Dorset ICB - 11J,E54000041,NHS Dorset Integrated Care Board,E40000006,South West,DEC2023,DNA,Other Practice staff,Video/Online,22  to 28 Days,5
11J,E38000045,NHS Dorset ICB - 11J,E54000041,NHS Dorset Integrated Care Board,E40000006,South West,DEC2023,DNA,Other Practice staff,Video/Online,8  to 14 Days,11
11J,E38000045,NHS Dorset ICB - 11J,E54000041,NHS Dorset Integrated Care Board,E40000006,South West,DEC2023,DNA,Other Practice staff,Video/Online,More than 28 Days,29
11J,E38000045,NHS Dorset ICB - 11J,E54000041,NHS Dorset Integrated Care Board,E40000006,South West,DEC2023,DNA,Other Practice staff,Video/Online,Same Day,45
11J,E38000045,NHS Dorset ICB - 11J,E54000041,NHS Dorset Integrated Care Board,E40000006,South West,DEC2023,DNA,Unknown,Unknown,1 Day,18
11J,E38000045,NHS Dorset ICB - 11J,E54000041,NHS Dorset Integrated Care Board,E40000006,South West,DEC2023,DNA,Unknown,Unknown,15  to 21 Days,18
11J,E38000045,NHS Dorset ICB - 11J,E54000041,NHS Dorset Integrated Care Board,E40000006,South West,DEC2023,DNA,Unknown,Unknown,2 to 7 Days,57
11J,E38000045,NHS Dorset ICB - 11J,E54000041,NHS Dorset Integrated Care Board,E40000006,South West,DEC2023,DNA,Unknown,Unknown,22  to 28 Days,16
11J,E38000045,NHS Dorset ICB - 11J,E54000041,NHS Dorset Integrated Care Board,E40000006,South West,DEC2023,DNA,Unknown,Unknown,8  to 14 Days,41
11J,E38000045,NHS Dorset ICB - 11J,E54000041,NHS Dorset Integrated Care Board,E40000006,South West,DEC2023,DNA,Unknown,Unknown,More than 28 Days,18
11J,E38000045,NHS Dorset ICB - 11J,E54000041,NHS Dorset Integrated Care Board,E40000006,South West,DEC2023,DNA,Unknown,Unknown,Same Day,42
11J,E38000045,NHS Dorset ICB - 11J,E54000041,NHS Dorset Integrated Care Board,E40000006,South West,DEC2023,Unknown,GP,Face-to-Face,1 Day,139
11J,E38000045,NHS Dorset ICB - 11J,E54000041,NHS Dorset Integrated Care Board,E40000006,South West,DEC2023,Unknown,GP,Face-to-Face,15  to 21 Days,758
11J,E38000045,NHS Dorset ICB - 11J,E54000041,NHS Dorset Integrated Care Board,E40000006,South West,DEC2023,Unknown,GP,Face-to-Face,2 to 7 Days,672
11J,E38000045,NHS Dorset ICB - 11J,E54000041,NHS Dorset Integrated Care Board,E40000006,South West,DEC2023,Unknown,GP,Face-to-Face,22  to 28 Days,538
11J,E38000045,NHS Dorset ICB - 11J,E54000041,NHS Dorset Integrated Care Board,E40000006,South West,DEC2023,Unknown,GP,Face-to-Face,8  to 14 Days,952
11J,E38000045,NHS Dorset ICB - 11J,E54000041,NHS Dorset Integrated Care Board,E40000006,South West,DEC2023,Unknown,GP,Face-to-Face,More than 28 Days,730
11J,E38000045,NHS Dorset ICB - 11J,E54000041,NHS Dorset Integrated Care Board,E40000006,South West,DEC2023,Unknown,GP,Face-to-Face,Same Day,221
11J,E38000045,NHS Dorset ICB - 11J,E54000041,NHS Dorset Integrated Care Board,E40000006,South West,DEC2023,Unknown,GP,Face-to-Face,Unknown / Data Quality,3
11J,E38000045,NHS Dorset ICB - 11J,E54000041,NHS Dorset Integrated Care Board,E40000006,South West,DEC2023,Unknown,GP,Home Visit,15  to 21 Days,2
11J,E38000045,NHS Dorset ICB - 11J,E54000041,NHS Dorset Integrated Care Board,E40000006,South West,DEC2023,Unknown,GP,Home Visit,2 to 7 Days,5
11J,E38000045,NHS Dorset ICB - 11J,E54000041,NHS Dorset Integrated Care Board,E40000006,South West,DEC2023,Unknown,GP,Home Visit,22  to 28 Days,3
11J,E38000045,NHS Dorset ICB - 11J,E54000041,NHS Dorset Integrated Care Board,E40000006,South West,DEC2023,Unknown,GP,Home Visit,8  to 14 Days,3
11J,E38000045,NHS Dorset ICB - 11J,E54000041,NHS Dorset Integrated Care Board,E40000006,South West,DEC2023,Unknown,GP,Home Visit,Same Day,2
11J,E38000045,NHS Dorset ICB - 11J,E54000041,NHS Dorset Integrated Care Board,E40000006,South West,DEC2023,Unknown,GP,Telephone,1 Day,49
11J,E38000045,NHS Dorset ICB - 11J,E54000041,NHS Dorset Integrated Care Board,E40000006,South West,DEC2023,Unknown,GP,Telephone,15  to 21 Days,217
11J,E38000045,NHS Dorset ICB - 11J,E54000041,NHS Dorset Integrated Care Board,E40000006,South West,DEC2023,Unknown,GP,Telephone,2 to 7 Days,190
11J,E38000045,NHS Dorset ICB - 11J,E54000041,NHS Dorset Integrated Care Board,E40000006,South West,DEC2023,Unknown,GP,Telephone,22  to 28 Days,155
11J,E38000045,NHS Dorset ICB - 11J,E54000041,NHS Dorset Integrated Care Board,E40000006,South West,DEC2023,Unknown,GP,Telephone,8  to 14 Days,278
11J,E38000045,NHS Dorset ICB - 11J,E54000041,NHS Dorset Integrated Care Board,E40000006,South West,DEC2023,Unknown,GP,Telephone,More than 28 Days,196
11J,E38000045,NHS Dorset ICB - 11J,E54000041,NHS Dorset Integrated Care Board,E40000006,South West,DEC2023,Unknown,GP,Telephone,Same Day,112
11J,E38000045,NHS Dorset ICB - 11J,E54000041,NHS Dorset Integrated Care Board,E40000006,South West,DEC2023,Unknown,GP,Telephone,Unknown / Data Quality,1
11J,E38000045,NHS Dorset ICB - 11J,E54000041,NHS Dorset Integrated Care Board,E40000006,South West,DEC2023,Unknown,GP,Unknown,1 Day,3
11J,E38000045,NHS Dorset ICB - 11J,E54000041,NHS Dorset Integrated Care Board,E40000006,South West,DEC2023,Unknown,GP,Unknown,15  to 21 Days,65
11J,E38000045,NHS Dorset ICB - 11J,E54000041,NHS Dorset Integrated Care Board,E40000006,South West,DEC2023,Unknown,GP,Unknown,2 to 7 Days,28
11J,E38000045,NHS Dorset ICB - 11J,E54000041,NHS Dorset Integrated Care Board,E40000006,South West,DEC2023,Unknown,GP,Unknown,22  to 28 Days,57
11J,E38000045,NHS Dorset ICB - 11J,E54000041,NHS Dorset Integrated Care Board,E40000006,South West,DEC2023,Unknown,GP,Unknown,8  to 14 Days,82
11J,E38000045,NHS Dorset ICB - 11J,E54000041,NHS Dorset Integrated Care Board,E40000006,South West,DEC2023,Unknown,GP,Unknown,More than 28 Days,50
11J,E38000045,NHS Dorset ICB - 11J,E54000041,NHS Dorset Integrated Care Board,E40000006,South West,DEC2023,Unknown,GP,Video/Online,1 Day,5
11J,E38000045,NHS Dorset ICB - 11J,E54000041,NHS Dorset Integrated Care Board,E40000006,South West,DEC2023,Unknown,GP,Video/Online,2 to 7 Days,17
11J,E38000045,NHS Dorset ICB - 11J,E54000041,NHS Dorset Integrated Care Board,E40000006,South West,DEC2023,Unknown,GP,Video/Online,22  to 28 Days,3
11J,E38000045,NHS Dorset ICB - 11J,E54000041,NHS Dorset Integrated Care Board,E40000006,South West,DEC2023,Unknown,GP,Video/Online,8  to 14 Days,8
11J,E38000045,NHS Dorset ICB - 11J,E54000041,NHS Dorset Integrated Care Board,E40000006,South West,DEC2023,Unknown,GP,Video/Online,More than 28 Days,4
11J,E38000045,NHS Dorset ICB - 11J,E54000041,NHS Dorset Integrated Care Board,E40000006,South West,DEC2023,Unknown,GP,Video/Online,Same Day,8
11J,E38000045,NHS Dorset ICB - 11J,E54000041,NHS Dorset Integrated Care Board,E40000006,South West,DEC2023,Unknown,Other Practice staff,Face-to-Face,1 Day,277
11J,E38000045,NHS Dorset ICB - 11J,E54000041,NHS Dorset Integrated Care Board,E40000006,South West,DEC2023,Unknown,Other Practice staff,Face-to-Face,15  to 21 Days,2124
11J,E38000045,NHS Dorset ICB - 11J,E54000041,NHS Dorset Integrated Care Board,E40000006,South West,DEC2023,Unknown,Other Practice staff,Face-to-Face,2 to 7 Days,1369
11J,E38000045,NHS Dorset ICB - 11J,E54000041,NHS Dorset Integrated Care Board,E40000006,South West,DEC2023,Unknown,Other Practice staff,Face-to-Face,22  to 28 Days,1716
11J,E38000045,NHS Dorset ICB - 11J,E54000041,NHS Dorset Integrated Care Board,E40000006,South West,DEC2023,Unknown,Other Practice staff,Face-to-Face,8  to 14 Days,2400
11J,E38000045,NHS Dorset ICB - 11J,E54000041,NHS Dorset Integrated Care Board,E40000006,South West,DEC2023,Unknown,Other Practice staff,Face-to-Face,More than 28 Days,3025
11J,E38000045,NHS Dorset ICB - 11J,E54000041,NHS Dorset Integrated Care Board,E40000006,South West,DEC2023,Unknown,Other Practice staff,Face-to-Face,Same Day,802
11J,E38000045,NHS Dorset ICB - 11J,E54000041,NHS Dorset Integrated Care Board,E40000006,South West,DEC2023,Unknown,Other Practice staff,Face-to-Face,Unknown / Data Quality,1
11J,E38000045,NHS Dorset ICB - 11J,E54000041,NHS Dorset Integrated Care Board,E40000006,South West,DEC2023,Unknown,Other Practice staff,Home Visit,1 Day,13
11J,E38000045,NHS Dorset ICB - 11J,E54000041,NHS Dorset Integrated Care Board,E40000006,South West,DEC2023,Unknown,Other Practice staff,Home Visit,15  to 21 Days,36
11J,E38000045,NHS Dorset ICB - 11J,E54000041,NHS Dorset Integrated Care Board,E40000006,South West,DEC2023,Unknown,Other Practice staff,Home Visit,2 to 7 Days,96
11J,E38000045,NHS Dorset ICB - 11J,E54000041,NHS Dorset Integrated Care Board,E40000006,South West,DEC2023,Unknown,Other Practice staff,Home Visit,22  to 28 Days,38
11J,E38000045,NHS Dorset ICB - 11J,E54000041,NHS Dorset Integrated Care Board,E40000006,South West,DEC2023,Unknown,Other Practice staff,Home Visit,8  to 14 Days,76
11J,E38000045,NHS Dorset ICB - 11J,E54000041,NHS Dorset Integrated Care Board,E40000006,South West,DEC2023,Unknown,Other Practice staff,Home Visit,More than 28 Days,81
11J,E38000045,NHS Dorset ICB - 11J,E54000041,NHS Dorset Integrated Care Board,E40000006,South West,DEC2023,Unknown,Other Practice staff,Home Visit,Same Day,4
11J,E38000045,NHS Dorset ICB - 11J,E54000041,NHS Dorset Integrated Care Board,E40000006,South West,DEC2023,Unknown,Other Practice staff,Telephone,1 Day,93
11J,E38000045,NHS Dorset ICB - 11J,E54000041,NHS Dorset Integrated Care Board,E40000006,South West,DEC2023,Unknown,Other Practice staff,Telephone,15  to 21 Days,233
11J,E38000045,NHS Dorset ICB - 11J,E54000041,NHS Dorset Integrated Care Board,E40000006,South West,DEC2023,Unknown,Other Practice staff,Telephone,2 to 7 Days,349
11J,E38000045,NHS Dorset ICB - 11J,E54000041,NHS Dorset Integrated Care Board,E40000006,South West,DEC2023,Unknown,Other Practice staff,Telephone,22  to 28 Days,183
11J,E38000045,NHS Dorset ICB - 11J,E54000041,NHS Dorset Integrated Care Board,E40000006,South West,DEC2023,Unknown,Other Practice staff,Telephone,8  to 14 Days,342
11J,E38000045,NHS Dorset ICB - 11J,E54000041,NHS Dorset Integrated Care Board,E40000006,South West,DEC2023,Unknown,Other Practice staff,Telephone,More than 28 Days,247
11J,E38000045,NHS Dorset ICB - 11J,E54000041,NHS Dorset Integrated Care Board,E40000006,South West,DEC2023,Unknown,Other Practice staff,Telephone,Same Day,235
11J,E38000045,NHS Dorset ICB - 11J,E54000041,NHS Dorset Integrated Care Board,E40000006,South West,DEC2023,Unknown,Other Practice staff,Unknown,1 Day,7
11J,E38000045,NHS Dorset ICB - 11J,E54000041,NHS Dorset Integrated Care Board,E40000006,South West,DEC2023,Unknown,Other Practice staff,Unknown,15  to 21 Days,138
11J,E38000045,NHS Dorset ICB - 11J,E54000041,NHS Dorset Integrated Care Board,E40000006,South West,DEC2023,Unknown,Other Practice staff,Unknown,2 to 7 Days,63
11J,E38000045,NHS Dorset ICB - 11J,E54000041,NHS Dorset Integrated Care Board,E40000006,South West,DEC2023,Unknown,Other Practice staff,Unknown,22  to 28 Days,115
11J,E38000045,NHS Dorset ICB - 11J,E54000041,NHS Dorset Integrated Care Board,E40000006,South West,DEC2023,Unknown,Other Practice staff,Unknown,8  to 14 Days,151
11J,E38000045,NHS Dorset ICB - 11J,E54000041,NHS Dorset Integrated Care Board,E40000006,South West,DEC2023,Unknown,Other Practice staff,Unknown,More than 28 Days,189
11J,E38000045,NHS Dorset ICB - 11J,E54000041,NHS Dorset Integrated Care Board,E40000006,South West,DEC2023,Unknown,Other Practice staff,Unknown,Same Day,3
11J,E38000045,NHS Dorset ICB - 11J,E54000041,NHS Dorset Integrated Care Board,E40000006,South West,DEC2023,Unknown,Other Practice staff,Video/Online,1 Day,26
11J,E38000045,NHS Dorset ICB - 11J,E54000041,NHS Dorset Integrated Care Board,E40000006,South West,DEC2023,Unknown,Other Practice staff,Video/Online,15  to 21 Days,14
11J,E38000045,NHS Dorset ICB - 11J,E54000041,NHS Dorset Integrated Care Board,E40000006,South West,DEC2023,Unknown,Other Practice staff,Video/Online,2 to 7 Days,46
11J,E38000045,NHS Dorset ICB - 11J,E54000041,NHS Dorset Integrated Care Board,E40000006,South West,DEC2023,Unknown,Other Practice staff,Video/Online,22  to 28 Days,24
11J,E38000045,NHS Dorset ICB - 11J,E54000041,NHS Dorset Integrated Care Board,E40000006,South West,DEC2023,Unknown,Other Practice staff,Video/Online,8  to 14 Days,35
11J,E38000045,NHS Dorset ICB - 11J,E54000041,NHS Dorset Integrated Care Board,E40000006,South West,DEC2023,Unknown,Other Practice staff,Video/Online,More than 28 Days,19
11J,E38000045,NHS Dorset ICB - 11J,E54000041,NHS Dorset Integrated Care Board,E40000006,South West,DEC2023,Unknown,Other Practice staff,Video/Online,Same Day,21
11J,E38000045,NHS Dorset ICB - 11J,E54000041,NHS Dorset Integrated Care Board,E40000006,South West,DEC2023,Unknown,Other Practice staff,Video/Online,Unknown / Data Quality,1
11J,E38000045,NHS Dorset ICB - 11J,E54000041,NHS Dorset Integrated Care Board,E40000006,South West,DEC2023,Unknown,Unknown,Unknown,1 Day,31
11J,E38000045,NHS Dorset ICB - 11J,E54000041,NHS Dorset Integrated Care Board,E40000006,South West,DEC2023,Unknown,Unknown,Unknown,15  to 21 Days,176
11J,E38000045,NHS Dorset ICB - 11J,E54000041,NHS Dorset Integrated Care Board,E40000006,South West,DEC2023,Unknown,Unknown,Unknown,2 to 7 Days,175
11J,E38000045,NHS Dorset ICB - 11J,E54000041,NHS Dorset Integrated Care Board,E40000006,South West,DEC2023,Unknown,Unknown,Unknown,22  to 28 Days,152
11J,E38000045,NHS Dorset ICB - 11J,E54000041,NHS Dorset Integrated Care Board,E40000006,South West,DEC2023,Unknown,Unknown,Unknown,8  to 14 Days,258
11J,E38000045,NHS Dorset ICB - 11J,E54000041,NHS Dorset Integrated Care Board,E40000006,South West,DEC2023,Unknown,Unknown,Unknown,More than 28 Days,259
11J,E38000045,NHS Dorset ICB - 11J,E54000041,NHS Dorset Integrated Care Board,E40000006,South West,DEC2023,Unknown,Unknown,Unknown,Same Day,34
11J,E38000045,NHS Dorset ICB - 11J,E54000041,NHS Dorset Integrated Care Board,E40000006,South West,DEC2023,Unknown,Unknown,Unknown,Unknown / Data Quality,2
11J,E38000045,NHS Dorset ICB - 11J,E54000041,NHS Dorset Integrated Care Board,E40000006,South West,JAN2024,Attended,GP,Face-to-Face,1 Day,10845
11J,E38000045,NHS Dorset ICB - 11J,E54000041,NHS Dorset Integrated Care Board,E40000006,South West,JAN2024,Attended,GP,Face-to-Face,15  to 21 Days,9275
11J,E38000045,NHS Dorset ICB - 11J,E54000041,NHS Dorset Integrated Care Board,E40000006,South West,JAN2024,Attended,GP,Face-to-Face,2 to 7 Days,21588
11J,E38000045,NHS Dorset ICB - 11J,E54000041,NHS Dorset Integrated Care Board,E40000006,South West,JAN2024,Attended,GP,Face-to-Face,22  to 28 Days,7456
11J,E38000045,NHS Dorset ICB - 11J,E54000041,NHS Dorset Integrated Care Board,E40000006,South West,JAN2024,Attended,GP,Face-to-Face,8  to 14 Days,13804
11J,E38000045,NHS Dorset ICB - 11J,E54000041,NHS Dorset Integrated Care Board,E40000006,South West,JAN2024,Attended,GP,Face-to-Face,More than 28 Days,9504
11J,E38000045,NHS Dorset ICB - 11J,E54000041,NHS Dorset Integrated Care Board,E40000006,South West,JAN2024,Attended,GP,Face-to-Face,Same Day,58537
11J,E38000045,NHS Dorset ICB - 11J,E54000041,NHS Dorset Integrated Care Board,E40000006,South West,JAN2024,Attended,GP,Face-to-Face,Unknown / Data Quality,31
11J,E38000045,NHS Dorset ICB - 11J,E54000041,NHS Dorset Integrated Care Board,E40000006,South West,JAN2024,Attended,GP,Home Visit,1 Day,57
11J,E38000045,NHS Dorset ICB - 11J,E54000041,NHS Dorset Integrated Care Board,E40000006,South West,JAN2024,Attended,GP,Home Visit,15  to 21 Days,23
11J,E38000045,NHS Dorset ICB - 11J,E54000041,NHS Dorset Integrated Care Board,E40000006,South West,JAN2024,Attended,GP,Home Visit,2 to 7 Days,118
11J,E38000045,NHS Dorset ICB - 11J,E54000041,NHS Dorset Integrated Care Board,E40000006,South West,JAN2024,Attended,GP,Home Visit,22  to 28 Days,97
11J,E38000045,NHS Dorset ICB - 11J,E54000041,NHS Dorset Integrated Care Board,E40000006,South West,JAN2024,Attended,GP,Home Visit,8  to 14 Days,14
11J,E38000045,NHS Dorset ICB - 11J,E54000041,NHS Dorset Integrated Care Board,E40000006,South West,JAN2024,Attended,GP,Home Visit,More than 28 Days,26
11J,E38000045,NHS Dorset ICB - 11J,E54000041,NHS Dorset Integrated Care Board,E40000006,South West,JAN2024,Attended,GP,Home Visit,Same Day,394
11J,E38000045,NHS Dorset ICB - 11J,E54000041,NHS Dorset Integrated Care Board,E40000006,South West,JAN2024,Attended,GP,Telephone,1 Day,3673
11J,E38000045,NHS Dorset ICB - 11J,E54000041,NHS Dorset Integrated Care Board,E40000006,South West,JAN2024,Attended,GP,Telephone,15  to 21 Days,3246
11J,E38000045,NHS Dorset ICB - 11J,E54000041,NHS Dorset Integrated Care Board,E40000006,South West,JAN2024,Attended,GP,Telephone,2 to 7 Days,8782
11J,E38000045,NHS Dorset ICB - 11J,E54000041,NHS Dorset Integrated Care Board,E40000006,South West,JAN2024,Attended,GP,Telephone,22  to 28 Days,2489
11J,E38000045,NHS Dorset ICB - 11J,E54000041,NHS Dorset Integrated Care Board,E40000006,South West,JAN2024,Attended,GP,Telephone,8  to 14 Days,5715
11J,E38000045,NHS Dorset ICB - 11J,E54000041,NHS Dorset Integrated Care Board,E40000006,South West,JAN2024,Attended,GP,Telephone,More than 28 Days,2660
11J,E38000045,NHS Dorset ICB - 11J,E54000041,NHS Dorset Integrated Care Board,E40000006,South West,JAN2024,Attended,GP,Telephone,Same Day,27847
11J,E38000045,NHS Dorset ICB - 11J,E54000041,NHS Dorset Integrated Care Board,E40000006,South West,JAN2024,Attended,GP,Telephone,Unknown / Data Quality,18
11J,E38000045,NHS Dorset ICB - 11J,E54000041,NHS Dorset Integrated Care Board,E40000006,South West,JAN2024,Attended,GP,Unknown,1 Day,20
11J,E38000045,NHS Dorset ICB - 11J,E54000041,NHS Dorset Integrated Care Board,E40000006,South West,JAN2024,Attended,GP,Unknown,15  to 21 Days,34
11J,E38000045,NHS Dorset ICB - 11J,E54000041,NHS Dorset Integrated Care Board,E40000006,South West,JAN2024,Attended,GP,Unknown,2 to 7 Days,31
11J,E38000045,NHS Dorset ICB - 11J,E54000041,NHS Dorset Integrated Care Board,E40000006,South West,JAN2024,Attended,GP,Unknown,22  to 28 Days,22
11J,E38000045,NHS Dorset ICB - 11J,E54000041,NHS Dorset Integrated Care Board,E40000006,South West,JAN2024,Attended,GP,Unknown,8  to 14 Days,58
11J,E38000045,NHS Dorset ICB - 11J,E54000041,NHS Dorset Integrated Care Board,E40000006,South West,JAN2024,Attended,GP,Unknown,More than 28 Days,41
11J,E38000045,NHS Dorset ICB - 11J,E54000041,NHS Dorset Integrated Care Board,E40000006,South West,JAN2024,Attended,GP,Unknown,Same Day,24
11J,E38000045,NHS Dorset ICB - 11J,E54000041,NHS Dorset Integrated Care Board,E40000006,South West,JAN2024,Attended,GP,Video/Online,1 Day,369
11J,E38000045,NHS Dorset ICB - 11J,E54000041,NHS Dorset Integrated Care Board,E40000006,South West,JAN2024,Attended,GP,Video/Online,15  to 21 Days,22
11J,E38000045,NHS Dorset ICB - 11J,E54000041,NHS Dorset Integrated Care Board,E40000006,South West,JAN2024,Attended,GP,Video/Online,2 to 7 Days,354
11J,E38000045,NHS Dorset ICB - 11J,E54000041,NHS Dorset Integrated Care Board,E40000006,South West,JAN2024,Attended,GP,Video/Online,22  to 28 Days,20
11J,E38000045,NHS Dorset ICB - 11J,E54000041,NHS Dorset Integrated Care Board,E40000006,South West,JAN2024,Attended,GP,Video/Online,8  to 14 Days,54
11J,E38000045,NHS Dorset ICB - 11J,E54000041,NHS Dorset Integrated Care Board,E40000006,South West,JAN2024,Attended,GP,Video/Online,More than 28 Days,10
11J,E38000045,NHS Dorset ICB - 11J,E54000041,NHS Dorset Integrated Care Board,E40000006,South West,JAN2024,Attended,GP,Video/Online,Same Day,4136
11J,E38000045,NHS Dorset ICB - 11J,E54000041,NHS Dorset Integrated Care Board,E40000006,South West,JAN2024,Attended,GP,Video/Online,Unknown / Data Quality,1
11J,E38000045,NHS Dorset ICB - 11J,E54000041,NHS Dorset Integrated Care Board,E40000006,South West,JAN2024,Attended,Other Practice staff,Face-to-Face,1 Day,13013
11J,E38000045,NHS Dorset ICB - 11J,E54000041,NHS Dorset Integrated Care Board,E40000006,South West,JAN2024,Attended,Other Practice staff,Face-to-Face,15  to 21 Days,18867
11J,E38000045,NHS Dorset ICB - 11J,E54000041,NHS Dorset Integrated Care Board,E40000006,South West,JAN2024,Attended,Other Practice staff,Face-to-Face,2 to 7 Days,37594
11J,E38000045,NHS Dorset ICB - 11J,E54000041,NHS Dorset Integrated Care Board,E40000006,South West,JAN2024,Attended,Other Practice staff,Face-to-Face,22  to 28 Days,13166
11J,E38000045,NHS Dorset ICB - 11J,E54000041,NHS Dorset Integrated Care Board,E40000006,South West,JAN2024,Attended,Other Practice staff,Face-to-Face,8  to 14 Days,29604
11J,E38000045,NHS Dorset ICB - 11J,E54000041,NHS Dorset Integrated Care Board,E40000006,South West,JAN2024,Attended,Other Practice staff,Face-to-Face,More than 28 Days,19117
11J,E38000045,NHS Dorset ICB - 11J,E54000041,NHS Dorset Integrated Care Board,E40000006,South West,JAN2024,Attended,Other Practice staff,Face-to-Face,Same Day,49387
11J,E38000045,NHS Dorset ICB - 11J,E54000041,NHS Dorset Integrated Care Board,E40000006,South West,JAN2024,Attended,Other Practice staff,Face-to-Face,Unknown / Data Quality,292
11J,E38000045,NHS Dorset ICB - 11J,E54000041,NHS Dorset Integrated Care Board,E40000006,South West,JAN2024,Attended,Other Practice staff,Home Visit,1 Day,271
11J,E38000045,NHS Dorset ICB - 11J,E54000041,NHS Dorset Integrated Care Board,E40000006,South West,JAN2024,Attended,Other Practice staff,Home Visit,15  to 21 Days,129
11J,E38000045,NHS Dorset ICB - 11J,E54000041,NHS Dorset Integrated Care Board,E40000006,South West,JAN2024,Attended,Other Practice staff,Home Visit,2 to 7 Days,685
11J,E38000045,NHS Dorset ICB - 11J,E54000041,NHS Dorset Integrated Care Board,E40000006,South West,JAN2024,Attended,Other Practice staff,Home Visit,22  to 28 Days,125
11J,E38000045,NHS Dorset ICB - 11J,E54000041,NHS Dorset Integrated Care Board,E40000006,South West,JAN2024,Attended,Other Practice staff,Home Visit,8  to 14 Days,246
11J,E38000045,NHS Dorset ICB - 11J,E54000041,NHS Dorset Integrated Care Board,E40000006,South West,JAN2024,Attended,Other Practice staff,Home Visit,More than 28 Days,173
11J,E38000045,NHS Dorset ICB - 11J,E54000041,NHS Dorset Integrated Care Board,E40000006,South West,JAN2024,Attended,Other Practice staff,Home Visit,Same Day,1414
11J,E38000045,NHS Dorset ICB - 11J,E54000041,NHS Dorset Integrated Care Board,E40000006,South West,JAN2024,Attended,Other Practice staff,Home Visit,Unknown / Data Quality,6
11J,E38000045,NHS Dorset ICB - 11J,E54000041,NHS Dorset Integrated Care Board,E40000006,South West,JAN2024,Attended,Other Practice staff,Telephone,1 Day,2955
11J,E38000045,NHS Dorset ICB - 11J,E54000041,NHS Dorset Integrated Care Board,E40000006,South West,JAN2024,Attended,Other Practice staff,Telephone,15  to 21 Days,2115
11J,E38000045,NHS Dorset ICB - 11J,E54000041,NHS Dorset Integrated Care Board,E40000006,South West,JAN2024,Attended,Other Practice staff,Telephone,2 to 7 Days,6161
11J,E38000045,NHS Dorset ICB - 11J,E54000041,NHS Dorset Integrated Care Board,E40000006,South West,JAN2024,Attended,Other Practice staff,Telephone,22  to 28 Days,1179
11J,E38000045,NHS Dorset ICB - 11J,E54000041,NHS Dorset Integrated Care Board,E40000006,South West,JAN2024,Attended,Other Practice staff,Telephone,8  to 14 Days,3441
11J,E38000045,NHS Dorset ICB - 11J,E54000041,NHS Dorset Integrated Care Board,E40000006,South West,JAN2024,Attended,Other Practice staff,Telephone,More than 28 Days,1610
11J,E38000045,NHS Dorset ICB - 11J,E54000041,NHS Dorset Integrated Care Board,E40000006,South West,JAN2024,Attended,Other Practice staff,Telephone,Same Day,20505
11J,E38000045,NHS Dorset ICB - 11J,E54000041,NHS Dorset Integrated Care Board,E40000006,South West,JAN2024,Attended,Other Practice staff,Telephone,Unknown / Data Quality,26
11J,E38000045,NHS Dorset ICB - 11J,E54000041,NHS Dorset Integrated Care Board,E40000006,South West,JAN2024,Attended,Other Practice staff,Unknown,1 Day,188
11J,E38000045,NHS Dorset ICB - 11J,E54000041,NHS Dorset Integrated Care Board,E40000006,South West,JAN2024,Attended,Other Practice staff,Unknown,15  to 21 Days,86
11J,E38000045,NHS Dorset ICB - 11J,E54000041,NHS Dorset Integrated Care Board,E40000006,South West,JAN2024,Attended,Other Practice staff,Unknown,2 to 7 Days,772
11J,E38000045,NHS Dorset ICB - 11J,E54000041,NHS Dorset Integrated Care Board,E40000006,South West,JAN2024,Attended,Other Practice staff,Unknown,22  to 28 Days,63
11J,E38000045,NHS Dorset ICB - 11J,E54000041,NHS Dorset Integrated Care Board,E40000006,South West,JAN2024,Attended,Other Practice staff,Unknown,8  to 14 Days,258
11J,E38000045,NHS Dorset ICB - 11J,E54000041,NHS Dorset Integrated Care Board,E40000006,South West,JAN2024,Attended,Other Practice staff,Unknown,More than 28 Days,110
11J,E38000045,NHS Dorset ICB - 11J,E54000041,NHS Dorset Integrated Care Board,E40000006,South West,JAN2024,Attended,Other Practice staff,Unknown,Same Day,170
11J,E38000045,NHS Dorset ICB - 11J,E54000041,NHS Dorset Integrated Care Board,E40000006,South West,JAN2024,Attended,Other Practice staff,Video/Online,1 Day,1025
11J,E38000045,NHS Dorset ICB - 11J,E54000041,NHS Dorset Integrated Care Board,E40000006,South West,JAN2024,Attended,Other Practice staff,Video/Online,15  to 21 Days,81
11J,E38000045,NHS Dorset ICB - 11J,E54000041,NHS Dorset Integrated Care Board,E40000006,South West,JAN2024,Attended,Other Practice staff,Video/Online,2 to 7 Days,959
11J,E38000045,NHS Dorset ICB - 11J,E54000041,NHS Dorset Integrated Care Board,E40000006,South West,JAN2024,Attended,Other Practice staff,Video/Online,22  to 28 Days,78
11J,E38000045,NHS Dorset ICB - 11J,E54000041,NHS Dorset Integrated Care Board,E40000006,South West,JAN2024,Attended,Other Practice staff,Video/Online,8  to 14 Days,208
11J,E38000045,NHS Dorset ICB - 11J,E54000041,NHS Dorset Integrated Care Board,E40000006,South West,JAN2024,Attended,Other Practice staff,Video/Online,More than 28 Days,119
11J,E38000045,NHS Dorset ICB - 11J,E54000041,NHS Dorset Integrated Care Board,E40000006,South West,JAN2024,Attended,Other Practice staff,Video/Online,Same Day,6784
11J,E38000045,NHS Dorset ICB - 11J,E54000041,NHS Dorset Integrated Care Board,E40000006,South West,JAN2024,Attended,Other Practice staff,Video/Online,Unknown / Data Quality,5
11J,E38000045,NHS Dorset ICB - 11J,E54000041,NHS Dorset Integrated Care Board,E40000006,South West,JAN2024,Attended,Unknown,Unknown,1 Day,1166
11J,E38000045,NHS Dorset ICB - 11J,E54000041,NHS Dorset Integrated Care Board,E40000006,South West,JAN2024,Attended,Unknown,Unknown,15  to 21 Days,401
11J,E38000045,NHS Dorset ICB - 11J,E54000041,NHS Dorset Integrated Care Board,E40000006,South West,JAN2024,Attended,Unknown,Unknown,2 to 7 Days,2077
11J,E38000045,NHS Dorset ICB - 11J,E54000041,NHS Dorset Integrated Care Board,E40000006,South West,JAN2024,Attended,Unknown,Unknown,22  to 28 Days,216
11J,E38000045,NHS Dorset ICB - 11J,E54000041,NHS Dorset Integrated Care Board,E40000006,South West,JAN2024,Attended,Unknown,Unknown,8  to 14 Days,719
11J,E38000045,NHS Dorset ICB - 11J,E54000041,NHS Dorset Integrated Care Board,E40000006,South West,JAN2024,Attended,Unknown,Unknown,More than 28 Days,253
11J,E38000045,NHS Dorset ICB - 11J,E54000041,NHS Dorset Integrated Care Board,E40000006,South West,JAN2024,Attended,Unknown,Unknown,Same Day,10218
11J,E38000045,NHS Dorset ICB - 11J,E54000041,NHS Dorset Integrated Care Board,E40000006,South West,JAN2024,Attended,Unknown,Unknown,Unknown / Data Quality,4
11J,E38000045,NHS Dorset ICB - 11J,E54000041,NHS Dorset Integrated Care Board,E40000006,South West,JAN2024,DNA,GP,Face-to-Face,1 Day,291
11J,E38000045,NHS Dorset ICB - 11J,E54000041,NHS Dorset Integrated Care Board,E40000006,South West,JAN2024,DNA,GP,Face-to-Face,15  to 21 Days,473
11J,E38000045,NHS Dorset ICB - 11J,E54000041,NHS Dorset Integrated Care Board,E40000006,South West,JAN2024,DNA,GP,Face-to-Face,2 to 7 Days,753
11J,E38000045,NHS Dorset ICB - 11J,E54000041,NHS Dorset Integrated Care Board,E40000006,South West,JAN2024,DNA,GP,Face-to-Face,22  to 28 Days,416
11J,E38000045,NHS Dorset ICB - 11J,E54000041,NHS Dorset Integrated Care Board,E40000006,South West,JAN2024,DNA,GP,Face-to-Face,8  to 14 Days,636
11J,E38000045,NHS Dorset ICB - 11J,E54000041,NHS Dorset Integrated Care Board,E40000006,South West,JAN2024,DNA,GP,Face-to-Face,More than 28 Days,603
11J,E38000045,NHS Dorset ICB - 11J,E54000041,NHS Dorset Integrated Care Board,E40000006,South West,JAN2024,DNA,GP,Face-to-Face,Same Day,509
11J,E38000045,NHS Dorset ICB - 11J,E54000041,NHS Dorset Integrated Care Board,E40000006,South West,JAN2024,DNA,GP,Home Visit,1 Day,1
11J,E38000045,NHS Dorset ICB - 11J,E54000041,NHS Dorset Integrated Care Board,E40000006,South West,JAN2024,DNA,GP,Home Visit,2 to 7 Days,3
11J,E38000045,NHS Dorset ICB - 11J,E54000041,NHS Dorset Integrated Care Board,E40000006,South West,JAN2024,DNA,GP,Home Visit,22  to 28 Days,1
11J,E38000045,NHS Dorset ICB - 11J,E54000041,NHS Dorset Integrated Care Board,E40000006,South West,JAN2024,DNA,GP,Home Visit,8  to 14 Days,1
11J,E38000045,NHS Dorset ICB - 11J,E54000041,NHS Dorset Integrated Care Board,E40000006,South West,JAN2024,DNA,GP,Home Visit,Same Day,13
11J,E38000045,NHS Dorset ICB - 11J,E54000041,NHS Dorset Integrated Care Board,E40000006,South West,JAN2024,DNA,GP,Telephone,1 Day,19
11J,E38000045,NHS Dorset ICB - 11J,E54000041,NHS Dorset Integrated Care Board,E40000006,South West,JAN2024,DNA,GP,Telephone,15  to 21 Days,29
11J,E38000045,NHS Dorset ICB - 11J,E54000041,NHS Dorset Integrated Care Board,E40000006,South West,JAN2024,DNA,GP,Telephone,2 to 7 Days,58
11J,E38000045,NHS Dorset ICB - 11J,E54000041,NHS Dorset Integrated Care Board,E40000006,South West,JAN2024,DNA,GP,Telephone,22  to 28 Days,26
11J,E38000045,NHS Dorset ICB - 11J,E54000041,NHS Dorset Integrated Care Board,E40000006,South West,JAN2024,DNA,GP,Telephone,8  to 14 Days,49
11J,E38000045,NHS Dorset ICB - 11J,E54000041,NHS Dorset Integrated Care Board,E40000006,South West,JAN2024,DNA,GP,Telephone,More than 28 Days,17
11J,E38000045,NHS Dorset ICB - 11J,E54000041,NHS Dorset Integrated Care Board,E40000006,South West,JAN2024,DNA,GP,Telephone,Same Day,31
11J,E38000045,NHS Dorset ICB - 11J,E54000041,NHS Dorset Integrated Care Board,E40000006,South West,JAN2024,DNA,GP,Unknown,15  to 21 Days,3
11J,E38000045,NHS Dorset ICB - 11J,E54000041,NHS Dorset Integrated Care Board,E40000006,South West,JAN2024,DNA,GP,Unknown,2 to 7 Days,2
11J,E38000045,NHS Dorset ICB - 11J,E54000041,NHS Dorset Integrated Care Board,E40000006,South West,JAN2024,DNA,GP,Unknown,22  to 28 Days,3
11J,E38000045,NHS Dorset ICB - 11J,E54000041,NHS Dorset Integrated Care Board,E40000006,South West,JAN2024,DNA,GP,Unknown,8  to 14 Days,2
11J,E38000045,NHS Dorset ICB - 11J,E54000041,NHS Dorset Integrated Care Board,E40000006,South West,JAN2024,DNA,GP,Unknown,More than 28 Days,5
11J,E38000045,NHS Dorset ICB - 11J,E54000041,NHS Dorset Integrated Care Board,E40000006,South West,JAN2024,DNA,GP,Video/Online,1 Day,5
11J,E38000045,NHS Dorset ICB - 11J,E54000041,NHS Dorset Integrated Care Board,E40000006,South West,JAN2024,DNA,GP,Video/Online,15  to 21 Days,2
11J,E38000045,NHS Dorset ICB - 11J,E54000041,NHS Dorset Integrated Care Board,E40000006,South West,JAN2024,DNA,GP,Video/Online,2 to 7 Days,4
11J,E38000045,NHS Dorset ICB - 11J,E54000041,NHS Dorset Integrated Care Board,E40000006,South West,JAN2024,DNA,GP,Video/Online,8  to 14 Days,5
11J,E38000045,NHS Dorset ICB - 11J,E54000041,NHS Dorset Integrated Care Board,E40000006,South West,JAN2024,DNA,GP,Video/Online,Same Day,11
11J,E38000045,NHS Dorset ICB - 11J,E54000041,NHS Dorset Integrated Care Board,E40000006,South West,JAN2024,DNA,Other Practice staff,Face-to-Face,1 Day,520
11J,E38000045,NHS Dorset ICB - 11J,E54000041,NHS Dorset Integrated Care Board,E40000006,South West,JAN2024,DNA,Other Practice staff,Face-to-Face,15  to 21 Days,1384
11J,E38000045,NHS Dorset ICB - 11J,E54000041,NHS Dorset Integrated Care Board,E40000006,South West,JAN2024,DNA,Other Practice staff,Face-to-Face,2 to 7 Days,2109
11J,E38000045,NHS Dorset ICB - 11J,E54000041,NHS Dorset Integrated Care Board,E40000006,South West,JAN2024,DNA,Other Practice staff,Face-to-Face,22  to 28 Days,1044
11J,E38000045,NHS Dorset ICB - 11J,E54000041,NHS Dorset Integrated Care Board,E40000006,South West,JAN2024,DNA,Other Practice staff,Face-to-Face,8  to 14 Days,1944
11J,E38000045,NHS Dorset ICB - 11J,E54000041,NHS Dorset Integrated Care Board,E40000006,South West,JAN2024,DNA,Other Practice staff,Face-to-Face,More than 28 Days,1761
11J,E38000045,NHS Dorset ICB - 11J,E54000041,NHS Dorset Integrated Care Board,E40000006,South West,JAN2024,DNA,Other Practice staff,Face-to-Face,Same Day,880
11J,E38000045,NHS Dorset ICB - 11J,E54000041,NHS Dorset Integrated Care Board,E40000006,South West,JAN2024,DNA,Other Practice staff,Face-to-Face,Unknown / Data Quality,1
11J,E38000045,NHS Dorset ICB - 11J,E54000041,NHS Dorset Integrated Care Board,E40000006,South West,JAN2024,DNA,Other Practice staff,Home Visit,1 Day,21
11J,E38000045,NHS Dorset ICB - 11J,E54000041,NHS Dorset Integrated Care Board,E40000006,South West,JAN2024,DNA,Other Practice staff,Home Visit,15  to 21 Days,2
11J,E38000045,NHS Dorset ICB - 11J,E54000041,NHS Dorset Integrated Care Board,E40000006,South West,JAN2024,DNA,Other Practice staff,Home Visit,2 to 7 Days,38
11J,E38000045,NHS Dorset ICB - 11J,E54000041,NHS Dorset Integrated Care Board,E40000006,South West,JAN2024,DNA,Other Practice staff,Home Visit,22  to 28 Days,6
11J,E38000045,NHS Dorset ICB - 11J,E54000041,NHS Dorset Integrated Care Board,E40000006,South West,JAN2024,DNA,Other Practice staff,Home Visit,8  to 14 Days,5
11J,E38000045,NHS Dorset ICB - 11J,E54000041,NHS Dorset Integrated Care Board,E40000006,South West,JAN2024,DNA,Other Practice staff,Home Visit,More than 28 Days,24
11J,E38000045,NHS Dorset ICB - 11J,E54000041,NHS Dorset Integrated Care Board,E40000006,South West,JAN2024,DNA,Other Practice staff,Home Visit,Same Day,49
11J,E38000045,NHS Dorset ICB - 11J,E54000041,NHS Dorset Integrated Care Board,E40000006,South West,JAN2024,DNA,Other Practice staff,Telephone,1 Day,28
11J,E38000045,NHS Dorset ICB - 11J,E54000041,NHS Dorset Integrated Care Board,E40000006,South West,JAN2024,DNA,Other Practice staff,Telephone,15  to 21 Days,25
11J,E38000045,NHS Dorset ICB - 11J,E54000041,NHS Dorset Integrated Care Board,E40000006,South West,JAN2024,DNA,Other Practice staff,Telephone,2 to 7 Days,101
11J,E38000045,NHS Dorset ICB - 11J,E54000041,NHS Dorset Integrated Care Board,E40000006,South West,JAN2024,DNA,Other Practice staff,Telephone,22  to 28 Days,19
11J,E38000045,NHS Dorset ICB - 11J,E54000041,NHS Dorset Integrated Care Board,E40000006,South West,JAN2024,DNA,Other Practice staff,Telephone,8  to 14 Days,40
11J,E38000045,NHS Dorset ICB - 11J,E54000041,NHS Dorset Integrated Care Board,E40000006,South West,JAN2024,DNA,Other Practice staff,Telephone,More than 28 Days,30
11J,E38000045,NHS Dorset ICB - 11J,E54000041,NHS Dorset Integrated Care Board,E40000006,South West,JAN2024,DNA,Other Practice staff,Telephone,Same Day,36
11J,E38000045,NHS Dorset ICB - 11J,E54000041,NHS Dorset Integrated Care Board,E40000006,South West,JAN2024,DNA,Other Practice staff,Unknown,1 Day,8
11J,E38000045,NHS Dorset ICB - 11J,E54000041,NHS Dorset Integrated Care Board,E40000006,South West,JAN2024,DNA,Other Practice staff,Unknown,15  to 21 Days,18
11J,E38000045,NHS Dorset ICB - 11J,E54000041,NHS Dorset Integrated Care Board,E40000006,South West,JAN2024,DNA,Other Practice staff,Unknown,2 to 7 Days,38
11J,E38000045,NHS Dorset ICB - 11J,E54000041,NHS Dorset Integrated Care Board,E40000006,South West,JAN2024,DNA,Other Practice staff,Unknown,22  to 28 Days,13
11J,E38000045,NHS Dorset ICB - 11J,E54000041,NHS Dorset Integrated Care Board,E40000006,South West,JAN2024,DNA,Other Practice staff,Unknown,8  to 14 Days,10
11J,E38000045,NHS Dorset ICB - 11J,E54000041,NHS Dorset Integrated Care Board,E40000006,South West,JAN2024,DNA,Other Practice staff,Unknown,More than 28 Days,13
11J,E38000045,NHS Dorset ICB - 11J,E54000041,NHS Dorset Integrated Care Board,E40000006,South West,JAN2024,DNA,Other Practice staff,Unknown,Same Day,7
11J,E38000045,NHS Dorset ICB - 11J,E54000041,NHS Dorset Integrated Care Board,E40000006,South West,JAN2024,DNA,Other Practice staff,Video/Online,1 Day,28
11J,E38000045,NHS Dorset ICB - 11J,E54000041,NHS Dorset Integrated Care Board,E40000006,South West,JAN2024,DNA,Other Practice staff,Video/Online,15  to 21 Days,10
11J,E38000045,NHS Dorset ICB - 11J,E54000041,NHS Dorset Integrated Care Board,E40000006,South West,JAN2024,DNA,Other Practice staff,Video/Online,2 to 7 Days,22
11J,E38000045,NHS Dorset ICB - 11J,E54000041,NHS Dorset Integrated Care Board,E40000006,South West,JAN2024,DNA,Other Practice staff,Video/Online,8  to 14 Days,15
11J,E38000045,NHS Dorset ICB - 11J,E54000041,NHS Dorset Integrated Care Board,E40000006,South West,JAN2024,DNA,Other Practice staff,Video/Online,More than 28 Days,36
11J,E38000045,NHS Dorset ICB - 11J,E54000041,NHS Dorset Integrated Care Board,E40000006,South West,JAN2024,DNA,Other Practice staff,Video/Online,Same Day,67
11J,E38000045,NHS Dorset ICB - 11J,E54000041,NHS Dorset Integrated Care Board,E40000006,South West,JAN2024,DNA,Unknown,Unknown,1 Day,19
11J,E38000045,NHS Dorset ICB - 11J,E54000041,NHS Dorset Integrated Care Board,E40000006,South West,JAN2024,DNA,Unknown,Unknown,15  to 21 Days,11
11J,E38000045,NHS Dorset ICB - 11J,E54000041,NHS Dorset Integrated Care Board,E40000006,South West,JAN2024,DNA,Unknown,Unknown,2 to 7 Days,42
11J,E38000045,NHS Dorset ICB - 11J,E54000041,NHS Dorset Integrated Care Board,E40000006,South West,JAN2024,DNA,Unknown,Unknown,22  to 28 Days,10
11J,E38000045,NHS Dorset ICB - 11J,E54000041,NHS Dorset Integrated Care Board,E40000006,South West,JAN2024,DNA,Unknown,Unknown,8  to 14 Days,36
11J,E38000045,NHS Dorset ICB - 11J,E54000041,NHS Dorset Integrated Care Board,E40000006,South West,JAN2024,DNA,Unknown,Unknown,More than 28 Days,10
11J,E38000045,NHS Dorset ICB - 11J,E54000041,NHS Dorset Integrated Care Board,E40000006,South West,JAN2024,DNA,Unknown,Unknown,Same Day,57
11J,E38000045,NHS Dorset ICB - 11J,E54000041,NHS Dorset Integrated Care Board,E40000006,South West,JAN2024,Unknown,GP,Face-to-Face,1 Day,176
11J,E38000045,NHS Dorset ICB - 11J,E54000041,NHS Dorset Integrated Care Board,E40000006,South West,JAN2024,Unknown,GP,Face-to-Face,15  to 21 Days,735
11J,E38000045,NHS Dorset ICB - 11J,E54000041,NHS Dorset Integrated Care Board,E40000006,South West,JAN2024,Unknown,GP,Face-to-Face,2 to 7 Days,814
11J,E38000045,NHS Dorset ICB - 11J,E54000041,NHS Dorset Integrated Care Board,E40000006,South West,JAN2024,Unknown,GP,Face-to-Face,22  to 28 Days,776
11J,E38000045,NHS Dorset ICB - 11J,E54000041,NHS Dorset Integrated Care Board,E40000006,South West,JAN2024,Unknown,GP,Face-to-Face,8  to 14 Days,988
11J,E38000045,NHS Dorset ICB - 11J,E54000041,NHS Dorset Integrated Care Board,E40000006,South West,JAN2024,Unknown,GP,Face-to-Face,More than 28 Days,1577
11J,E38000045,NHS Dorset ICB - 11J,E54000041,NHS Dorset Integrated Care Board,E40000006,South West,JAN2024,Unknown,GP,Face-to-Face,Same Day,270
11J,E38000045,NHS Dorset ICB - 11J,E54000041,NHS Dorset Integrated Care Board,E40000006,South West,JAN2024,Unknown,GP,Face-to-Face,Unknown / Data Quality,2
11J,E38000045,NHS Dorset ICB - 11J,E54000041,NHS Dorset Integrated Care Board,E40000006,South West,JAN2024,Unknown,GP,Home Visit,15  to 21 Days,1
11J,E38000045,NHS Dorset ICB - 11J,E54000041,NHS Dorset Integrated Care Board,E40000006,South West,JAN2024,Unknown,GP,Home Visit,2 to 7 Days,3
11J,E38000045,NHS Dorset ICB - 11J,E54000041,NHS Dorset Integrated Care Board,E40000006,South West,JAN2024,Unknown,GP,Home Visit,22  to 28 Days,5
11J,E38000045,NHS Dorset ICB - 11J,E54000041,NHS Dorset Integrated Care Board,E40000006,South West,JAN2024,Unknown,GP,Home Visit,8  to 14 Days,1
11J,E38000045,NHS Dorset ICB - 11J,E54000041,NHS Dorset Integrated Care Board,E40000006,South West,JAN2024,Unknown,GP,Home Visit,Same Day,5
11J,E38000045,NHS Dorset ICB - 11J,E54000041,NHS Dorset Integrated Care Board,E40000006,South West,JAN2024,Unknown,GP,Telephone,1 Day,91
11J,E38000045,NHS Dorset ICB - 11J,E54000041,NHS Dorset Integrated Care Board,E40000006,South West,JAN2024,Unknown,GP,Telephone,15  to 21 Days,225
11J,E38000045,NHS Dorset ICB - 11J,E54000041,NHS Dorset Integrated Care Board,E40000006,South West,JAN2024,Unknown,GP,Telephone,2 to 7 Days,324
11J,E38000045,NHS Dorset ICB - 11J,E54000041,NHS Dorset Integrated Care Board,E40000006,South West,JAN2024,Unknown,GP,Telephone,22  to 28 Days,220
11J,E38000045,NHS Dorset ICB - 11J,E54000041,NHS Dorset Integrated Care Board,E40000006,South West,JAN2024,Unknown,GP,Telephone,8  to 14 Days,304
11J,E38000045,NHS Dorset ICB - 11J,E54000041,NHS Dorset Integrated Care Board,E40000006,South West,JAN2024,Unknown,GP,Telephone,More than 28 Days,370
11J,E38000045,NHS Dorset ICB - 11J,E54000041,NHS Dorset Integrated Care Board,E40000006,South West,JAN2024,Unknown,GP,Telephone,Same Day,161
11J,E38000045,NHS Dorset ICB - 11J,E54000041,NHS Dorset Integrated Care Board,E40000006,South West,JAN2024,Unknown,GP,Unknown,1 Day,3
11J,E38000045,NHS Dorset ICB - 11J,E54000041,NHS Dorset Integrated Care Board,E40000006,South West,JAN2024,Unknown,GP,Unknown,15  to 21 Days,58
11J,E38000045,NHS Dorset ICB - 11J,E54000041,NHS Dorset Integrated Care Board,E40000006,South West,JAN2024,Unknown,GP,Unknown,2 to 7 Days,51
11J,E38000045,NHS Dorset ICB - 11J,E54000041,NHS Dorset Integrated Care Board,E40000006,South West,JAN2024,Unknown,GP,Unknown,22  to 28 Days,51
11J,E38000045,NHS Dorset ICB - 11J,E54000041,NHS Dorset Integrated Care Board,E40000006,South West,JAN2024,Unknown,GP,Unknown,8  to 14 Days,44
11J,E38000045,NHS Dorset ICB - 11J,E54000041,NHS Dorset Integrated Care Board,E40000006,South West,JAN2024,Unknown,GP,Unknown,More than 28 Days,55
11J,E38000045,NHS Dorset ICB - 11J,E54000041,NHS Dorset Integrated Care Board,E40000006,South West,JAN2024,Unknown,GP,Unknown,Same Day,1
11J,E38000045,NHS Dorset ICB - 11J,E54000041,NHS Dorset Integrated Care Board,E40000006,South West,JAN2024,Unknown,GP,Video/Online,1 Day,6
11J,E38000045,NHS Dorset ICB - 11J,E54000041,NHS Dorset Integrated Care Board,E40000006,South West,JAN2024,Unknown,GP,Video/Online,15  to 21 Days,3
11J,E38000045,NHS Dorset ICB - 11J,E54000041,NHS Dorset Integrated Care Board,E40000006,South West,JAN2024,Unknown,GP,Video/Online,2 to 7 Days,39
11J,E38000045,NHS Dorset ICB - 11J,E54000041,NHS Dorset Integrated Care Board,E40000006,South West,JAN2024,Unknown,GP,Video/Online,8  to 14 Days,11
11J,E38000045,NHS Dorset ICB - 11J,E54000041,NHS Dorset Integrated Care Board,E40000006,South West,JAN2024,Unknown,GP,Video/Online,More than 28 Days,2
11J,E38000045,NHS Dorset ICB - 11J,E54000041,NHS Dorset Integrated Care Board,E40000006,South West,JAN2024,Unknown,GP,Video/Online,Same Day,12
11J,E38000045,NHS Dorset ICB - 11J,E54000041,NHS Dorset Integrated Care Board,E40000006,South West,JAN2024,Unknown,GP,Video/Online,Unknown / Data Quality,1
11J,E38000045,NHS Dorset ICB - 11J,E54000041,NHS Dorset Integrated Care Board,E40000006,South West,JAN2024,Unknown,Other Practice staff,Face-to-Face,1 Day,387
11J,E38000045,NHS Dorset ICB - 11J,E54000041,NHS Dorset Integrated Care Board,E40000006,South West,JAN2024,Unknown,Other Practice staff,Face-to-Face,15  to 21 Days,2143
11J,E38000045,NHS Dorset ICB - 11J,E54000041,NHS Dorset Integrated Care Board,E40000006,South West,JAN2024,Unknown,Other Practice staff,Face-to-Face,2 to 7 Days,1834
11J,E38000045,NHS Dorset ICB - 11J,E54000041,NHS Dorset Integrated Care Board,E40000006,South West,JAN2024,Unknown,Other Practice staff,Face-to-Face,22  to 28 Days,1797
11J,E38000045,NHS Dorset ICB - 11J,E54000041,NHS Dorset Integrated Care Board,E40000006,South West,JAN2024,Unknown,Other Practice staff,Face-to-Face,8  to 14 Days,2606
11J,E38000045,NHS Dorset ICB - 11J,E54000041,NHS Dorset Integrated Care Board,E40000006,South West,JAN2024,Unknown,Other Practice staff,Face-to-Face,More than 28 Days,3944
11J,E38000045,NHS Dorset ICB - 11J,E54000041,NHS Dorset Integrated Care Board,E40000006,South West,JAN2024,Unknown,Other Practice staff,Face-to-Face,Same Day,953
11J,E38000045,NHS Dorset ICB - 11J,E54000041,NHS Dorset Integrated Care Board,E40000006,South West,JAN2024,Unknown,Other Practice staff,Face-to-Face,Unknown / Data Quality,11
11J,E38000045,NHS Dorset ICB - 11J,E54000041,NHS Dorset Integrated Care Board,E40000006,South West,JAN2024,Unknown,Other Practice staff,Home Visit,1 Day,11
11J,E38000045,NHS Dorset ICB - 11J,E54000041,NHS Dorset Integrated Care Board,E40000006,South West,JAN2024,Unknown,Other Practice staff,Home Visit,15  to 21 Days,64
11J,E38000045,NHS Dorset ICB - 11J,E54000041,NHS Dorset Integrated Care Board,E40000006,South West,JAN2024,Unknown,Other Practice staff,Home Visit,2 to 7 Days,127
11J,E38000045,NHS Dorset ICB - 11J,E54000041,NHS Dorset Integrated Care Board,E40000006,South West,JAN2024,Unknown,Other Practice staff,Home Visit,22  to 28 Days,60
11J,E38000045,NHS Dorset ICB - 11J,E54000041,NHS Dorset Integrated Care Board,E40000006,South West,JAN2024,Unknown,Other Practice staff,Home Visit,8  to 14 Days,85
11J,E38000045,NHS Dorset ICB - 11J,E54000041,NHS Dorset Integrated Care Board,E40000006,South West,JAN2024,Unknown,Other Practice staff,Home Visit,More than 28 Days,143
11J,E38000045,NHS Dorset ICB - 11J,E54000041,NHS Dorset Integrated Care Board,E40000006,South West,JAN2024,Unknown,Other Practice staff,Home Visit,Same Day,29
11J,E38000045,NHS Dorset ICB - 11J,E54000041,NHS Dorset Integrated Care Board,E40000006,South West,JAN2024,Unknown,Other Practice staff,Telephone,1 Day,147
11J,E38000045,NHS Dorset ICB - 11J,E54000041,NHS Dorset Integrated Care Board,E40000006,South West,JAN2024,Unknown,Other Practice staff,Telephone,15  to 21 Days,270
11J,E38000045,NHS Dorset ICB - 11J,E54000041,NHS Dorset Integrated Care Board,E40000006,South West,JAN2024,Unknown,Other Practice staff,Telephone,2 to 7 Days,491
11J,E38000045,NHS Dorset ICB - 11J,E54000041,NHS Dorset Integrated Care Board,E40000006,South West,JAN2024,Unknown,Other Practice staff,Telephone,22  to 28 Days,162
11J,E38000045,NHS Dorset ICB - 11J,E54000041,NHS Dorset Integrated Care Board,E40000006,South West,JAN2024,Unknown,Other Practice staff,Telephone,8  to 14 Days,395
11J,E38000045,NHS Dorset ICB - 11J,E54000041,NHS Dorset Integrated Care Board,E40000006,South West,JAN2024,Unknown,Other Practice staff,Telephone,More than 28 Days,373
11J,E38000045,NHS Dorset ICB - 11J,E54000041,NHS Dorset Integrated Care Board,E40000006,South West,JAN2024,Unknown,Other Practice staff,Telephone,Same Day,319
11J,E38000045,NHS Dorset ICB - 11J,E54000041,NHS Dorset Integrated Care Board,E40000006,South West,JAN2024,Unknown,Other Practice staff,Telephone,Unknown / Data Quality,1
11J,E38000045,NHS Dorset ICB - 11J,E54000041,NHS Dorset Integrated Care Board,E40000006,South West,JAN2024,Unknown,Other Practice staff,Unknown,1 Day,13
11J,E38000045,NHS Dorset ICB - 11J,E54000041,NHS Dorset Integrated Care Board,E40000006,South West,JAN2024,Unknown,Other Practice staff,Unknown,15  to 21 Days,160
11J,E38000045,NHS Dorset ICB - 11J,E54000041,NHS Dorset Integrated Care Board,E40000006,South West,JAN2024,Unknown,Other Practice staff,Unknown,2 to 7 Days,169
11J,E38000045,NHS Dorset ICB - 11J,E54000041,NHS Dorset Integrated Care Board,E40000006,South West,JAN2024,Unknown,Other Practice staff,Unknown,22  to 28 Days,117
11J,E38000045,NHS Dorset ICB - 11J,E54000041,NHS Dorset Integrated Care Board,E40000006,South West,JAN2024,Unknown,Other Practice staff,Unknown,8  to 14 Days,212
11J,E38000045,NHS Dorset ICB - 11J,E54000041,NHS Dorset Integrated Care Board,E40000006,South West,JAN2024,Unknown,Other Practice staff,Unknown,More than 28 Days,298
11J,E38000045,NHS Dorset ICB - 11J,E54000041,NHS Dorset Integrated Care Board,E40000006,South West,JAN2024,Unknown,Other Practice staff,Unknown,Same Day,3
11J,E38000045,NHS Dorset ICB - 11J,E54000041,NHS Dorset Integrated Care Board,E40000006,South West,JAN2024,Unknown,Other Practice staff,Video/Online,1 Day,48
11J,E38000045,NHS Dorset ICB - 11J,E54000041,NHS Dorset Integrated Care Board,E40000006,South West,JAN2024,Unknown,Other Practice staff,Video/Online,15  to 21 Days,29
11J,E38000045,NHS Dorset ICB - 11J,E54000041,NHS Dorset Integrated Care Board,E40000006,South West,JAN2024,Unknown,Other Practice staff,Video/Online,2 to 7 Days,99
11J,E38000045,NHS Dorset ICB - 11J,E54000041,NHS Dorset Integrated Care Board,E40000006,South West,JAN2024,Unknown,Other Practice staff,Video/Online,22  to 28 Days,22
11J,E38000045,NHS Dorset ICB - 11J,E54000041,NHS Dorset Integrated Care Board,E40000006,South West,JAN2024,Unknown,Other Practice staff,Video/Online,8  to 14 Days,74
11J,E38000045,NHS Dorset ICB - 11J,E54000041,NHS Dorset Integrated Care Board,E40000006,South West,JAN2024,Unknown,Other Practice staff,Video/Online,More than 28 Days,48
11J,E38000045,NHS Dorset ICB - 11J,E54000041,NHS Dorset Integrated Care Board,E40000006,South West,JAN2024,Unknown,Other Practice staff,Video/Online,Same Day,20
11J,E38000045,NHS Dorset ICB - 11J,E54000041,NHS Dorset Integrated Care Board,E40000006,South West,JAN2024,Unknown,Other Practice staff,Video/Online,Unknown / Data Quality,1
11J,E38000045,NHS Dorset ICB - 11J,E54000041,NHS Dorset Integrated Care Board,E40000006,South West,JAN2024,Unknown,Unknown,Unknown,1 Day,66
11J,E38000045,NHS Dorset ICB - 11J,E54000041,NHS Dorset Integrated Care Board,E40000006,South West,JAN2024,Unknown,Unknown,Unknown,15  to 21 Days,198
11J,E38000045,NHS Dorset ICB - 11J,E54000041,NHS Dorset Integrated Care Board,E40000006,South West,JAN2024,Unknown,Unknown,Unknown,2 to 7 Days,255
11J,E38000045,NHS Dorset ICB - 11J,E54000041,NHS Dorset Integrated Care Board,E40000006,South West,JAN2024,Unknown,Unknown,Unknown,22  to 28 Days,154
11J,E38000045,NHS Dorset ICB - 11J,E54000041,NHS Dorset Integrated Care Board,E40000006,South West,JAN2024,Unknown,Unknown,Unknown,8  to 14 Days,201
11J,E38000045,NHS Dorset ICB - 11J,E54000041,NHS Dorset Integrated Care Board,E40000006,South West,JAN2024,Unknown,Unknown,Unknown,More than 28 Days,300
11J,E38000045,NHS Dorset ICB - 11J,E54000041,NHS Dorset Integrated Care Board,E40000006,South West,JAN2024,Unknown,Unknown,Unknown,Same Day,59
11J,E38000045,NHS Dorset ICB - 11J,E54000041,NHS Dorset Integrated Care Board,E40000006,South West,JAN2024,Unknown,Unknown,Unknown,Unknown / Data Quality,4
11J,E38000045,NHS Dorset ICB - 11J,E54000041,NHS Dorset Integrated Care Board,E40000006,South West,FEB2024,Attended,GP,Face-to-Face,1 Day,9202
11J,E38000045,NHS Dorset ICB - 11J,E54000041,NHS Dorset Integrated Care Board,E40000006,South West,FEB2024,Attended,GP,Face-to-Face,15  to 21 Days,10974
11J,E38000045,NHS Dorset ICB - 11J,E54000041,NHS Dorset Integrated Care Board,E40000006,South West,FEB2024,Attended,GP,Face-to-Face,2 to 7 Days,18640
11J,E38000045,NHS Dorset ICB - 11J,E54000041,NHS Dorset Integrated Care Board,E40000006,South West,FEB2024,Attended,GP,Face-to-Face,22  to 28 Days,7670
11J,E38000045,NHS Dorset ICB - 11J,E54000041,NHS Dorset Integrated Care Board,E40000006,South West,FEB2024,Attended,GP,Face-to-Face,8  to 14 Days,13544
11J,E38000045,NHS Dorset ICB - 11J,E54000041,NHS Dorset Integrated Care Board,E40000006,South West,FEB2024,Attended,GP,Face-to-Face,More than 28 Days,6291
11J,E38000045,NHS Dorset ICB - 11J,E54000041,NHS Dorset Integrated Care Board,E40000006,South West,FEB2024,Attended,GP,Face-to-Face,Same Day,51169
11J,E38000045,NHS Dorset ICB - 11J,E54000041,NHS Dorset Integrated Care Board,E40000006,South West,FEB2024,Attended,GP,Face-to-Face,Unknown / Data Quality,17
11J,E38000045,NHS Dorset ICB - 11J,E54000041,NHS Dorset Integrated Care Board,E40000006,South West,FEB2024,Attended,GP,Home Visit,1 Day,53
11J,E38000045,NHS Dorset ICB - 11J,E54000041,NHS Dorset Integrated Care Board,E40000006,South West,FEB2024,Attended,GP,Home Visit,15  to 21 Days,26
11J,E38000045,NHS Dorset ICB - 11J,E54000041,NHS Dorset Integrated Care Board,E40000006,South West,FEB2024,Attended,GP,Home Visit,2 to 7 Days,111
11J,E38000045,NHS Dorset ICB - 11J,E54000041,NHS Dorset Integrated Care Board,E40000006,South West,FEB2024,Attended,GP,Home Visit,22  to 28 Days,72
11J,E38000045,NHS Dorset ICB - 11J,E54000041,NHS Dorset Integrated Care Board,E40000006,South West,FEB2024,Attended,GP,Home Visit,8  to 14 Days,43
11J,E38000045,NHS Dorset ICB - 11J,E54000041,NHS Dorset Integrated Care Board,E40000006,South West,FEB2024,Attended,GP,Home Visit,More than 28 Days,4
11J,E38000045,NHS Dorset ICB - 11J,E54000041,NHS Dorset Integrated Care Board,E40000006,South West,FEB2024,Attended,GP,Home Visit,Same Day,312
11J,E38000045,NHS Dorset ICB - 11J,E54000041,NHS Dorset Integrated Care Board,E40000006,South West,FEB2024,Attended,GP,Telephone,1 Day,3142
11J,E38000045,NHS Dorset ICB - 11J,E54000041,NHS Dorset Integrated Care Board,E40000006,South West,FEB2024,Attended,GP,Telephone,15  to 21 Days,3610
11J,E38000045,NHS Dorset ICB - 11J,E54000041,NHS Dorset Integrated Care Board,E40000006,South West,FEB2024,Attended,GP,Telephone,2 to 7 Days,6647
11J,E38000045,NHS Dorset ICB - 11J,E54000041,NHS Dorset Integrated Care Board,E40000006,South West,FEB2024,Attended,GP,Telephone,22  to 28 Days,2705
11J,E38000045,NHS Dorset ICB - 11J,E54000041,NHS Dorset Integrated Care Board,E40000006,South West,FEB2024,Attended,GP,Telephone,8  to 14 Days,5950
11J,E38000045,NHS Dorset ICB - 11J,E54000041,NHS Dorset Integrated Care Board,E40000006,South West,FEB2024,Attended,GP,Telephone,More than 28 Days,1449
11J,E38000045,NHS Dorset ICB - 11J,E54000041,NHS Dorset Integrated Care Board,E40000006,South West,FEB2024,Attended,GP,Telephone,Same Day,24334
11J,E38000045,NHS Dorset ICB - 11J,E54000041,NHS Dorset Integrated Care Board,E40000006,South West,FEB2024,Attended,GP,Telephone,Unknown / Data Quality,11
11J,E38000045,NHS Dorset ICB - 11J,E54000041,NHS Dorset Integrated Care Board,E40000006,South West,FEB2024,Attended,GP,Unknown,1 Day,168
11J,E38000045,NHS Dorset ICB - 11J,E54000041,NHS Dorset Integrated Care Board,E40000006,South West,FEB2024,Attended,GP,Unknown,15  to 21 Days,40
11J,E38000045,NHS Dorset ICB - 11J,E54000041,NHS Dorset Integrated Care Board,E40000006,South West,FEB2024,Attended,GP,Unknown,2 to 7 Days,70
11J,E38000045,NHS Dorset ICB - 11J,E54000041,NHS Dorset Integrated Care Board,E40000006,South West,FEB2024,Attended,GP,Unknown,22  to 28 Days,54
11J,E38000045,NHS Dorset ICB - 11J,E54000041,NHS Dorset Integrated Care Board,E40000006,South West,FEB2024,Attended,GP,Unknown,8  to 14 Days,59
11J,E38000045,NHS Dorset ICB - 11J,E54000041,NHS Dorset Integrated Care Board,E40000006,South West,FEB2024,Attended,GP,Unknown,More than 28 Days,32
11J,E38000045,NHS Dorset ICB - 11J,E54000041,NHS Dorset Integrated Care Board,E40000006,South West,FEB2024,Attended,GP,Unknown,Same Day,42
11J,E38000045,NHS Dorset ICB - 11J,E54000041,NHS Dorset Integrated Care Board,E40000006,South West,FEB2024,Attended,GP,Video/Online,1 Day,394
11J,E38000045,NHS Dorset ICB - 11J,E54000041,NHS Dorset Integrated Care Board,E40000006,South West,FEB2024,Attended,GP,Video/Online,15  to 21 Days,44
11J,E38000045,NHS Dorset ICB - 11J,E54000041,NHS Dorset Integrated Care Board,E40000006,South West,FEB2024,Attended,GP,Video/Online,2 to 7 Days,570
11J,E38000045,NHS Dorset ICB - 11J,E54000041,NHS Dorset Integrated Care Board,E40000006,South West,FEB2024,Attended,GP,Video/Online,22  to 28 Days,8
11J,E38000045,NHS Dorset ICB - 11J,E54000041,NHS Dorset Integrated Care Board,E40000006,South West,FEB2024,Attended,GP,Video/Online,8  to 14 Days,183
11J,E38000045,NHS Dorset ICB - 11J,E54000041,NHS Dorset Integrated Care Board,E40000006,South West,FEB2024,Attended,GP,Video/Online,More than 28 Days,3
11J,E38000045,NHS Dorset ICB - 11J,E54000041,NHS Dorset Integrated Care Board,E40000006,South West,FEB2024,Attended,GP,Video/Online,Same Day,3982
11J,E38000045,NHS Dorset ICB - 11J,E54000041,NHS Dorset Integrated Care Board,E40000006,South West,FEB2024,Attended,GP,Video/Online,Unknown / Data Quality,2
11J,E38000045,NHS Dorset ICB - 11J,E54000041,NHS Dorset Integrated Care Board,E40000006,South West,FEB2024,Attended,Other Practice staff,Face-to-Face,1 Day,11179
11J,E38000045,NHS Dorset ICB - 11J,E54000041,NHS Dorset Integrated Care Board,E40000006,South West,FEB2024,Attended,Other Practice staff,Face-to-Face,15  to 21 Days,21248
11J,E38000045,NHS Dorset ICB - 11J,E54000041,NHS Dorset Integrated Care Board,E40000006,South West,FEB2024,Attended,Other Practice staff,Face-to-Face,2 to 7 Days,32886
11J,E38000045,NHS Dorset ICB - 11J,E54000041,NHS Dorset Integrated Care Board,E40000006,South West,FEB2024,Attended,Other Practice staff,Face-to-Face,22  to 28 Days,13809
11J,E38000045,NHS Dorset ICB - 11J,E54000041,NHS Dorset Integrated Care Board,E40000006,South West,FEB2024,Attended,Other Practice staff,Face-to-Face,8  to 14 Days,30964
11J,E38000045,NHS Dorset ICB - 11J,E54000041,NHS Dorset Integrated Care Board,E40000006,South West,FEB2024,Attended,Other Practice staff,Face-to-Face,More than 28 Days,14248
11J,E38000045,NHS Dorset ICB - 11J,E54000041,NHS Dorset Integrated Care Board,E40000006,South West,FEB2024,Attended,Other Practice staff,Face-to-Face,Same Day,43289
11J,E38000045,NHS Dorset ICB - 11J,E54000041,NHS Dorset Integrated Care Board,E40000006,South West,FEB2024,Attended,Other Practice staff,Face-to-Face,Unknown / Data Quality,224
11J,E38000045,NHS Dorset ICB - 11J,E54000041,NHS Dorset Integrated Care Board,E40000006,South West,FEB2024,Attended,Other Practice staff,Home Visit,1 Day,373
11J,E38000045,NHS Dorset ICB - 11J,E54000041,NHS Dorset Integrated Care Board,E40000006,South West,FEB2024,Attended,Other Practice staff,Home Visit,15  to 21 Days,130
11J,E38000045,NHS Dorset ICB - 11J,E54000041,NHS Dorset Integrated Care Board,E40000006,South West,FEB2024,Attended,Other Practice staff,Home Visit,2 to 7 Days,697
11J,E38000045,NHS Dorset ICB - 11J,E54000041,NHS Dorset Integrated Care Board,E40000006,South West,FEB2024,Attended,Other Practice staff,Home Visit,22  to 28 Days,68
11J,E38000045,NHS Dorset ICB - 11J,E54000041,NHS Dorset Integrated Care Board,E40000006,South West,FEB2024,Attended,Other Practice staff,Home Visit,8  to 14 Days,253
11J,E38000045,NHS Dorset ICB - 11J,E54000041,NHS Dorset Integrated Care Board,E40000006,South West,FEB2024,Attended,Other Practice staff,Home Visit,More than 28 Days,174
11J,E38000045,NHS Dorset ICB - 11J,E54000041,NHS Dorset Integrated Care Board,E40000006,South West,FEB2024,Attended,Other Practice staff,Home Visit,Same Day,1365
11J,E38000045,NHS Dorset ICB - 11J,E54000041,NHS Dorset Integrated Care Board,E40000006,South West,FEB2024,Attended,Other Practice staff,Home Visit,Unknown / Data Quality,5
11J,E38000045,NHS Dorset ICB - 11J,E54000041,NHS Dorset Integrated Care Board,E40000006,South West,FEB2024,Attended,Other Practice staff,Telephone,1 Day,2758
11J,E38000045,NHS Dorset ICB - 11J,E54000041,NHS Dorset Integrated Care Board,E40000006,South West,FEB2024,Attended,Other Practice staff,Telephone,15  to 21 Days,2387
11J,E38000045,NHS Dorset ICB - 11J,E54000041,NHS Dorset Integrated Care Board,E40000006,South West,FEB2024,Attended,Other Practice staff,Telephone,2 to 7 Days,5668
11J,E38000045,NHS Dorset ICB - 11J,E54000041,NHS Dorset Integrated Care Board,E40000006,South West,FEB2024,Attended,Other Practice staff,Telephone,22  to 28 Days,1368
11J,E38000045,NHS Dorset ICB - 11J,E54000041,NHS Dorset Integrated Care Board,E40000006,South West,FEB2024,Attended,Other Practice staff,Telephone,8  to 14 Days,3614
11J,E38000045,NHS Dorset ICB - 11J,E54000041,NHS Dorset Integrated Care Board,E40000006,South West,FEB2024,Attended,Other Practice staff,Telephone,More than 28 Days,1218
11J,E38000045,NHS Dorset ICB - 11J,E54000041,NHS Dorset Integrated Care Board,E40000006,South West,FEB2024,Attended,Other Practice staff,Telephone,Same Day,19413
11J,E38000045,NHS Dorset ICB - 11J,E54000041,NHS Dorset Integrated Care Board,E40000006,South West,FEB2024,Attended,Other Practice staff,Telephone,Unknown / Data Quality,19
11J,E38000045,NHS Dorset ICB - 11J,E54000041,NHS Dorset Integrated Care Board,E40000006,South West,FEB2024,Attended,Other Practice staff,Unknown,1 Day,96
11J,E38000045,NHS Dorset ICB - 11J,E54000041,NHS Dorset Integrated Care Board,E40000006,South West,FEB2024,Attended,Other Practice staff,Unknown,15  to 21 Days,116
11J,E38000045,NHS Dorset ICB - 11J,E54000041,NHS Dorset Integrated Care Board,E40000006,South West,FEB2024,Attended,Other Practice staff,Unknown,2 to 7 Days,665
11J,E38000045,NHS Dorset ICB - 11J,E54000041,NHS Dorset Integrated Care Board,E40000006,South West,FEB2024,Attended,Other Practice staff,Unknown,22  to 28 Days,75
11J,E38000045,NHS Dorset ICB - 11J,E54000041,NHS Dorset Integrated Care Board,E40000006,South West,FEB2024,Attended,Other Practice staff,Unknown,8  to 14 Days,364
11J,E38000045,NHS Dorset ICB - 11J,E54000041,NHS Dorset Integrated Care Board,E40000006,South West,FEB2024,Attended,Other Practice staff,Unknown,More than 28 Days,108
11J,E38000045,NHS Dorset ICB - 11J,E54000041,NHS Dorset Integrated Care Board,E40000006,South West,FEB2024,Attended,Other Practice staff,Unknown,Same Day,148
11J,E38000045,NHS Dorset ICB - 11J,E54000041,NHS Dorset Integrated Care Board,E40000006,South West,FEB2024,Attended,Other Practice staff,Video/Online,1 Day,1077
11J,E38000045,NHS Dorset ICB - 11J,E54000041,NHS Dorset Integrated Care Board,E40000006,South West,FEB2024,Attended,Other Practice staff,Video/Online,15  to 21 Days,115
11J,E38000045,NHS Dorset ICB - 11J,E54000041,NHS Dorset Integrated Care Board,E40000006,South West,FEB2024,Attended,Other Practice staff,Video/Online,2 to 7 Days,1013
11J,E38000045,NHS Dorset ICB - 11J,E54000041,NHS Dorset Integrated Care Board,E40000006,South West,FEB2024,Attended,Other Practice staff,Video/Online,22  to 28 Days,59
11J,E38000045,NHS Dorset ICB - 11J,E54000041,NHS Dorset Integrated Care Board,E40000006,South West,FEB2024,Attended,Other Practice staff,Video/Online,8  to 14 Days,203
11J,E38000045,NHS Dorset ICB - 11J,E54000041,NHS Dorset Integrated Care Board,E40000006,South West,FEB2024,Attended,Other Practice staff,Video/Online,More than 28 Days,54
11J,E38000045,NHS Dorset ICB - 11J,E54000041,NHS Dorset Integrated Care Board,E40000006,South West,FEB2024,Attended,Other Practice staff,Video/Online,Same Day,6359
11J,E38000045,NHS Dorset ICB - 11J,E54000041,NHS Dorset Integrated Care Board,E40000006,South West,FEB2024,Attended,Unknown,Unknown,1 Day,1182
11J,E38000045,NHS Dorset ICB - 11J,E54000041,NHS Dorset Integrated Care Board,E40000006,South West,FEB2024,Attended,Unknown,Unknown,15  to 21 Days,409
11J,E38000045,NHS Dorset ICB - 11J,E54000041,NHS Dorset Integrated Care Board,E40000006,South West,FEB2024,Attended,Unknown,Unknown,2 to 7 Days,2262
11J,E38000045,NHS Dorset ICB - 11J,E54000041,NHS Dorset Integrated Care Board,E40000006,South West,FEB2024,Attended,Unknown,Unknown,22  to 28 Days,228
11J,E38000045,NHS Dorset ICB - 11J,E54000041,NHS Dorset Integrated Care Board,E40000006,South West,FEB2024,Attended,Unknown,Unknown,8  to 14 Days,869
11J,E38000045,NHS Dorset ICB - 11J,E54000041,NHS Dorset Integrated Care Board,E40000006,South West,FEB2024,Attended,Unknown,Unknown,More than 28 Days,181
11J,E38000045,NHS Dorset ICB - 11J,E54000041,NHS Dorset Integrated Care Board,E40000006,South West,FEB2024,Attended,Unknown,Unknown,Same Day,10292
11J,E38000045,NHS Dorset ICB - 11J,E54000041,NHS Dorset Integrated Care Board,E40000006,South West,FEB2024,Attended,Unknown,Unknown,Unknown / Data Quality,16
11J,E38000045,NHS Dorset ICB - 11J,E54000041,NHS Dorset Integrated Care Board,E40000006,South West,FEB2024,DNA,GP,Face-to-Face,1 Day,235
11J,E38000045,NHS Dorset ICB - 11J,E54000041,NHS Dorset Integrated Care Board,E40000006,South West,FEB2024,DNA,GP,Face-to-Face,15  to 21 Days,539
11J,E38000045,NHS Dorset ICB - 11J,E54000041,NHS Dorset Integrated Care Board,E40000006,South West,FEB2024,DNA,GP,Face-to-Face,2 to 7 Days,701
11J,E38000045,NHS Dorset ICB - 11J,E54000041,NHS Dorset Integrated Care Board,E40000006,South West,FEB2024,DNA,GP,Face-to-Face,22  to 28 Days,422
11J,E38000045,NHS Dorset ICB - 11J,E54000041,NHS Dorset Integrated Care Board,E40000006,South West,FEB2024,DNA,GP,Face-to-Face,8  to 14 Days,607
11J,E38000045,NHS Dorset ICB - 11J,E54000041,NHS Dorset Integrated Care Board,E40000006,South West,FEB2024,DNA,GP,Face-to-Face,More than 28 Days,380
11J,E38000045,NHS Dorset ICB - 11J,E54000041,NHS Dorset Integrated Care Board,E40000006,South West,FEB2024,DNA,GP,Face-to-Face,Same Day,502
11J,E38000045,NHS Dorset ICB - 11J,E54000041,NHS Dorset Integrated Care Board,E40000006,South West,FEB2024,DNA,GP,Home Visit,1 Day,1
11J,E38000045,NHS Dorset ICB - 11J,E54000041,NHS Dorset Integrated Care Board,E40000006,South West,FEB2024,DNA,GP,Home Visit,15  to 21 Days,1
11J,E38000045,NHS Dorset ICB - 11J,E54000041,NHS Dorset Integrated Care Board,E40000006,South West,FEB2024,DNA,GP,Home Visit,2 to 7 Days,3
11J,E38000045,NHS Dorset ICB - 11J,E54000041,NHS Dorset Integrated Care Board,E40000006,South West,FEB2024,DNA,GP,Home Visit,8  to 14 Days,1
11J,E38000045,NHS Dorset ICB - 11J,E54000041,NHS Dorset Integrated Care Board,E40000006,South West,FEB2024,DNA,GP,Home Visit,Same Day,6
11J,E38000045,NHS Dorset ICB - 11J,E54000041,NHS Dorset Integrated Care Board,E40000006,South West,FEB2024,DNA,GP,Telephone,1 Day,10
11J,E38000045,NHS Dorset ICB - 11J,E54000041,NHS Dorset Integrated Care Board,E40000006,South West,FEB2024,DNA,GP,Telephone,15  to 21 Days,40
11J,E38000045,NHS Dorset ICB - 11J,E54000041,NHS Dorset Integrated Care Board,E40000006,South West,FEB2024,DNA,GP,Telephone,2 to 7 Days,40
11J,E38000045,NHS Dorset ICB - 11J,E54000041,NHS Dorset Integrated Care Board,E40000006,South West,FEB2024,DNA,GP,Telephone,22  to 28 Days,36
11J,E38000045,NHS Dorset ICB - 11J,E54000041,NHS Dorset Integrated Care Board,E40000006,South West,FEB2024,DNA,GP,Telephone,8  to 14 Days,59
11J,E38000045,NHS Dorset ICB - 11J,E54000041,NHS Dorset Integrated Care Board,E40000006,South West,FEB2024,DNA,GP,Telephone,More than 28 Days,18
11J,E38000045,NHS Dorset ICB - 11J,E54000041,NHS Dorset Integrated Care Board,E40000006,South West,FEB2024,DNA,GP,Telephone,Same Day,32
11J,E38000045,NHS Dorset ICB - 11J,E54000041,NHS Dorset Integrated Care Board,E40000006,South West,FEB2024,DNA,GP,Unknown,15  to 21 Days,4
11J,E38000045,NHS Dorset ICB - 11J,E54000041,NHS Dorset Integrated Care Board,E40000006,South West,FEB2024,DNA,GP,Unknown,2 to 7 Days,1
11J,E38000045,NHS Dorset ICB - 11J,E54000041,NHS Dorset Integrated Care Board,E40000006,South West,FEB2024,DNA,GP,Unknown,22  to 28 Days,9
11J,E38000045,NHS Dorset ICB - 11J,E54000041,NHS Dorset Integrated Care Board,E40000006,South West,FEB2024,DNA,GP,Unknown,8  to 14 Days,5
11J,E38000045,NHS Dorset ICB - 11J,E54000041,NHS Dorset Integrated Care Board,E40000006,South West,FEB2024,DNA,GP,Unknown,More than 28 Days,1
11J,E38000045,NHS Dorset ICB - 11J,E54000041,NHS Dorset Integrated Care Board,E40000006,South West,FEB2024,DNA,GP,Video/Online,1 Day,2
11J,E38000045,NHS Dorset ICB - 11J,E54000041,NHS Dorset Integrated Care Board,E40000006,South West,FEB2024,DNA,GP,Video/Online,15  to 21 Days,2
11J,E38000045,NHS Dorset ICB - 11J,E54000041,NHS Dorset Integrated Care Board,E40000006,South West,FEB2024,DNA,GP,Video/Online,2 to 7 Days,5
11J,E38000045,NHS Dorset ICB - 11J,E54000041,NHS Dorset Integrated Care Board,E40000006,South West,FEB2024,DNA,GP,Video/Online,8  to 14 Days,2
11J,E38000045,NHS Dorset ICB - 11J,E54000041,NHS Dorset Integrated Care Board,E40000006,South West,FEB2024,DNA,GP,Video/Online,More than 28 Days,2
11J,E38000045,NHS Dorset ICB - 11J,E54000041,NHS Dorset Integrated Care Board,E40000006,South West,FEB2024,DNA,GP,Video/Online,Same Day,13
11J,E38000045,NHS Dorset ICB - 11J,E54000041,NHS Dorset Integrated Care Board,E40000006,South West,FEB2024,DNA,Other Practice staff,Face-to-Face,1 Day,474
11J,E38000045,NHS Dorset ICB - 11J,E54000041,NHS Dorset Integrated Care Board,E40000006,South West,FEB2024,DNA,Other Practice staff,Face-to-Face,15  to 21 Days,1501
11J,E38000045,NHS Dorset ICB - 11J,E54000041,NHS Dorset Integrated Care Board,E40000006,South West,FEB2024,DNA,Other Practice staff,Face-to-Face,2 to 7 Days,1821
11J,E38000045,NHS Dorset ICB - 11J,E54000041,NHS Dorset Integrated Care Board,E40000006,South West,FEB2024,DNA,Other Practice staff,Face-to-Face,22  to 28 Days,1006
11J,E38000045,NHS Dorset ICB - 11J,E54000041,NHS Dorset Integrated Care Board,E40000006,South West,FEB2024,DNA,Other Practice staff,Face-to-Face,8  to 14 Days,2177
11J,E38000045,NHS Dorset ICB - 11J,E54000041,NHS Dorset Integrated Care Board,E40000006,South West,FEB2024,DNA,Other Practice staff,Face-to-Face,More than 28 Days,1255
11J,E38000045,NHS Dorset ICB - 11J,E54000041,NHS Dorset Integrated Care Board,E40000006,South West,FEB2024,DNA,Other Practice staff,Face-to-Face,Same Day,662
11J,E38000045,NHS Dorset ICB - 11J,E54000041,NHS Dorset Integrated Care Board,E40000006,South West,FEB2024,DNA,Other Practice staff,Home Visit,1 Day,19
11J,E38000045,NHS Dorset ICB - 11J,E54000041,NHS Dorset Integrated Care Board,E40000006,South West,FEB2024,DNA,Other Practice staff,Home Visit,15  to 21 Days,2
11J,E38000045,NHS Dorset ICB - 11J,E54000041,NHS Dorset Integrated Care Board,E40000006,South West,FEB2024,DNA,Other Practice staff,Home Visit,2 to 7 Days,12
11J,E38000045,NHS Dorset ICB - 11J,E54000041,NHS Dorset Integrated Care Board,E40000006,South West,FEB2024,DNA,Other Practice staff,Home Visit,22  to 28 Days,1
11J,E38000045,NHS Dorset ICB - 11J,E54000041,NHS Dorset Integrated Care Board,E40000006,South West,FEB2024,DNA,Other Practice staff,Home Visit,8  to 14 Days,4
11J,E38000045,NHS Dorset ICB - 11J,E54000041,NHS Dorset Integrated Care Board,E40000006,South West,FEB2024,DNA,Other Practice staff,Home Visit,More than 28 Days,18
11J,E38000045,NHS Dorset ICB - 11J,E54000041,NHS Dorset Integrated Care Board,E40000006,South West,FEB2024,DNA,Other Practice staff,Home Visit,Same Day,35
11J,E38000045,NHS Dorset ICB - 11J,E54000041,NHS Dorset Integrated Care Board,E40000006,South West,FEB2024,DNA,Other Practice staff,Telephone,1 Day,22
11J,E38000045,NHS Dorset ICB - 11J,E54000041,NHS Dorset Integrated Care Board,E40000006,South West,FEB2024,DNA,Other Practice staff,Telephone,15  to 21 Days,35
11J,E38000045,NHS Dorset ICB - 11J,E54000041,NHS Dorset Integrated Care Board,E40000006,South West,FEB2024,DNA,Other Practice staff,Telephone,2 to 7 Days,111
11J,E38000045,NHS Dorset ICB - 11J,E54000041,NHS Dorset Integrated Care Board,E40000006,South West,FEB2024,DNA,Other Practice staff,Telephone,22  to 28 Days,20
11J,E38000045,NHS Dorset ICB - 11J,E54000041,NHS Dorset Integrated Care Board,E40000006,South West,FEB2024,DNA,Other Practice staff,Telephone,8  to 14 Days,64
11J,E38000045,NHS Dorset ICB - 11J,E54000041,NHS Dorset Integrated Care Board,E40000006,South West,FEB2024,DNA,Other Practice staff,Telephone,More than 28 Days,25
11J,E38000045,NHS Dorset ICB - 11J,E54000041,NHS Dorset Integrated Care Board,E40000006,South West,FEB2024,DNA,Other Practice staff,Telephone,Same Day,45
11J,E38000045,NHS Dorset ICB - 11J,E54000041,NHS Dorset Integrated Care Board,E40000006,South West,FEB2024,DNA,Other Practice staff,Unknown,1 Day,5
11J,E38000045,NHS Dorset ICB - 11J,E54000041,NHS Dorset Integrated Care Board,E40000006,South West,FEB2024,DNA,Other Practice staff,Unknown,15  to 21 Days,12
11J,E38000045,NHS Dorset ICB - 11J,E54000041,NHS Dorset Integrated Care Board,E40000006,South West,FEB2024,DNA,Other Practice staff,Unknown,2 to 7 Days,25
11J,E38000045,NHS Dorset ICB - 11J,E54000041,NHS Dorset Integrated Care Board,E40000006,South West,FEB2024,DNA,Other Practice staff,Unknown,22  to 28 Days,8
11J,E38000045,NHS Dorset ICB - 11J,E54000041,NHS Dorset Integrated Care Board,E40000006,South West,FEB2024,DNA,Other Practice staff,Unknown,8  to 14 Days,37
11J,E38000045,NHS Dorset ICB - 11J,E54000041,NHS Dorset Integrated Care Board,E40000006,South West,FEB2024,DNA,Other Practice staff,Unknown,More than 28 Days,21
11J,E38000045,NHS Dorset ICB - 11J,E54000041,NHS Dorset Integrated Care Board,E40000006,South West,FEB2024,DNA,Other Practice staff,Unknown,Same Day,3
11J,E38000045,NHS Dorset ICB - 11J,E54000041,NHS Dorset Integrated Care Board,E40000006,South West,FEB2024,DNA,Other Practice staff,Video/Online,1 Day,12
11J,E38000045,NHS Dorset ICB - 11J,E54000041,NHS Dorset Integrated Care Board,E40000006,South West,FEB2024,DNA,Other Practice staff,Video/Online,15  to 21 Days,5
11J,E38000045,NHS Dorset ICB - 11J,E54000041,NHS Dorset Integrated Care Board,E40000006,South West,FEB2024,DNA,Other Practice staff,Video/Online,2 to 7 Days,33
11J,E38000045,NHS Dorset ICB - 11J,E54000041,NHS Dorset Integrated Care Board,E40000006,South West,FEB2024,DNA,Other Practice staff,Video/Online,22  to 28 Days,4
11J,E38000045,NHS Dorset ICB - 11J,E54000041,NHS Dorset Integrated Care Board,E40000006,South West,FEB2024,DNA,Other Practice staff,Video/Online,8  to 14 Days,12
11J,E38000045,NHS Dorset ICB - 11J,E54000041,NHS Dorset Integrated Care Board,E40000006,South West,FEB2024,DNA,Other Practice staff,Video/Online,More than 28 Days,42
11J,E38000045,NHS Dorset ICB - 11J,E54000041,NHS Dorset Integrated Care Board,E40000006,South West,FEB2024,DNA,Other Practice staff,Video/Online,Same Day,37
11J,E38000045,NHS Dorset ICB - 11J,E54000041,NHS Dorset Integrated Care Board,E40000006,South West,FEB2024,DNA,Unknown,Unknown,1 Day,26
11J,E38000045,NHS Dorset ICB - 11J,E54000041,NHS Dorset Integrated Care Board,E40000006,South West,FEB2024,DNA,Unknown,Unknown,15  to 21 Days,23
11J,E38000045,NHS Dorset ICB - 11J,E54000041,NHS Dorset Integrated Care Board,E40000006,South West,FEB2024,DNA,Unknown,Unknown,2 to 7 Days,62
11J,E38000045,NHS Dorset ICB - 11J,E54000041,NHS Dorset Integrated Care Board,E40000006,South West,FEB2024,DNA,Unknown,Unknown,22  to 28 Days,13
11J,E38000045,NHS Dorset ICB - 11J,E54000041,NHS Dorset Integrated Care Board,E40000006,South West,FEB2024,DNA,Unknown,Unknown,8  to 14 Days,28
11J,E38000045,NHS Dorset ICB - 11J,E54000041,NHS Dorset Integrated Care Board,E40000006,South West,FEB2024,DNA,Unknown,Unknown,More than 28 Days,10
11J,E38000045,NHS Dorset ICB - 11J,E54000041,NHS Dorset Integrated Care Board,E40000006,South West,FEB2024,DNA,Unknown,Unknown,Same Day,57
11J,E38000045,NHS Dorset ICB - 11J,E54000041,NHS Dorset Integrated Care Board,E40000006,South West,FEB2024,Unknown,GP,Face-to-Face,1 Day,128
11J,E38000045,NHS Dorset ICB - 11J,E54000041,NHS Dorset Integrated Care Board,E40000006,South West,FEB2024,Unknown,GP,Face-to-Face,15  to 21 Days,1125
11J,E38000045,NHS Dorset ICB - 11J,E54000041,NHS Dorset Integrated Care Board,E40000006,South West,FEB2024,Unknown,GP,Face-to-Face,2 to 7 Days,694
11J,E38000045,NHS Dorset ICB - 11J,E54000041,NHS Dorset Integrated Care Board,E40000006,South West,FEB2024,Unknown,GP,Face-to-Face,22  to 28 Days,846
11J,E38000045,NHS Dorset ICB - 11J,E54000041,NHS Dorset Integrated Care Board,E40000006,South West,FEB2024,Unknown,GP,Face-to-Face,8  to 14 Days,1086
11J,E38000045,NHS Dorset ICB - 11J,E54000041,NHS Dorset Integrated Care Board,E40000006,South West,FEB2024,Unknown,GP,Face-to-Face,More than 28 Days,1066
11J,E38000045,NHS Dorset ICB - 11J,E54000041,NHS Dorset Integrated Care Board,E40000006,South West,FEB2024,Unknown,GP,Face-to-Face,Same Day,269
11J,E38000045,NHS Dorset ICB - 11J,E54000041,NHS Dorset Integrated Care Board,E40000006,South West,FEB2024,Unknown,GP,Face-to-Face,Unknown / Data Quality,4
11J,E38000045,NHS Dorset ICB - 11J,E54000041,NHS Dorset Integrated Care Board,E40000006,South West,FEB2024,Unknown,GP,Home Visit,1 Day,2
11J,E38000045,NHS Dorset ICB - 11J,E54000041,NHS Dorset Integrated Care Board,E40000006,South West,FEB2024,Unknown,GP,Home Visit,15  to 21 Days,1
11J,E38000045,NHS Dorset ICB - 11J,E54000041,NHS Dorset Integrated Care Board,E40000006,South West,FEB2024,Unknown,GP,Home Visit,2 to 7 Days,7
11J,E38000045,NHS Dorset ICB - 11J,E54000041,NHS Dorset Integrated Care Board,E40000006,South West,FEB2024,Unknown,GP,Home Visit,22  to 28 Days,3
11J,E38000045,NHS Dorset ICB - 11J,E54000041,NHS Dorset Integrated Care Board,E40000006,South West,FEB2024,Unknown,GP,Home Visit,8  to 14 Days,1
11J,E38000045,NHS Dorset ICB - 11J,E54000041,NHS Dorset Integrated Care Board,E40000006,South West,FEB2024,Unknown,GP,Home Visit,More than 28 Days,1
11J,E38000045,NHS Dorset ICB - 11J,E54000041,NHS Dorset Integrated Care Board,E40000006,South West,FEB2024,Unknown,GP,Home Visit,Same Day,3
11J,E38000045,NHS Dorset ICB - 11J,E54000041,NHS Dorset Integrated Care Board,E40000006,South West,FEB2024,Unknown,GP,Telephone,1 Day,116
11J,E38000045,NHS Dorset ICB - 11J,E54000041,NHS Dorset Integrated Care Board,E40000006,South West,FEB2024,Unknown,GP,Telephone,15  to 21 Days,250
11J,E38000045,NHS Dorset ICB - 11J,E54000041,NHS Dorset Integrated Care Board,E40000006,South West,FEB2024,Unknown,GP,Telephone,2 to 7 Days,285
11J,E38000045,NHS Dorset ICB - 11J,E54000041,NHS Dorset Integrated Care Board,E40000006,South West,FEB2024,Unknown,GP,Telephone,22  to 28 Days,218
11J,E38000045,NHS Dorset ICB - 11J,E54000041,NHS Dorset Integrated Care Board,E40000006,South West,FEB2024,Unknown,GP,Telephone,8  to 14 Days,302
11J,E38000045,NHS Dorset ICB - 11J,E54000041,NHS Dorset Integrated Care Board,E40000006,South West,FEB2024,Unknown,GP,Telephone,More than 28 Days,237
11J,E38000045,NHS Dorset ICB - 11J,E54000041,NHS Dorset Integrated Care Board,E40000006,South West,FEB2024,Unknown,GP,Telephone,Same Day,157
11J,E38000045,NHS Dorset ICB - 11J,E54000041,NHS Dorset Integrated Care Board,E40000006,South West,FEB2024,Unknown,GP,Unknown,1 Day,11
11J,E38000045,NHS Dorset ICB - 11J,E54000041,NHS Dorset Integrated Care Board,E40000006,South West,FEB2024,Unknown,GP,Unknown,15  to 21 Days,37
11J,E38000045,NHS Dorset ICB - 11J,E54000041,NHS Dorset Integrated Care Board,E40000006,South West,FEB2024,Unknown,GP,Unknown,2 to 7 Days,16
11J,E38000045,NHS Dorset ICB - 11J,E54000041,NHS Dorset Integrated Care Board,E40000006,South West,FEB2024,Unknown,GP,Unknown,22  to 28 Days,130
11J,E38000045,NHS Dorset ICB - 11J,E54000041,NHS Dorset Integrated Care Board,E40000006,South West,FEB2024,Unknown,GP,Unknown,8  to 14 Days,37
11J,E38000045,NHS Dorset ICB - 11J,E54000041,NHS Dorset Integrated Care Board,E40000006,South West,FEB2024,Unknown,GP,Unknown,More than 28 Days,54
11J,E38000045,NHS Dorset ICB - 11J,E54000041,NHS Dorset Integrated Care Board,E40000006,South West,FEB2024,Unknown,GP,Video/Online,1 Day,13
11J,E38000045,NHS Dorset ICB - 11J,E54000041,NHS Dorset Integrated Care Board,E40000006,South West,FEB2024,Unknown,GP,Video/Online,15  to 21 Days,9
11J,E38000045,NHS Dorset ICB - 11J,E54000041,NHS Dorset Integrated Care Board,E40000006,South West,FEB2024,Unknown,GP,Video/Online,2 to 7 Days,18
11J,E38000045,NHS Dorset ICB - 11J,E54000041,NHS Dorset Integrated Care Board,E40000006,South West,FEB2024,Unknown,GP,Video/Online,8  to 14 Days,17
11J,E38000045,NHS Dorset ICB - 11J,E54000041,NHS Dorset Integrated Care Board,E40000006,South West,FEB2024,Unknown,GP,Video/Online,Same Day,10
11J,E38000045,NHS Dorset ICB - 11J,E54000041,NHS Dorset Integrated Care Board,E40000006,South West,FEB2024,Unknown,Other Practice staff,Face-to-Face,1 Day,397
11J,E38000045,NHS Dorset ICB - 11J,E54000041,NHS Dorset Integrated Care Board,E40000006,South West,FEB2024,Unknown,Other Practice staff,Face-to-Face,15  to 21 Days,2458
11J,E38000045,NHS Dorset ICB - 11J,E54000041,NHS Dorset Integrated Care Board,E40000006,South West,FEB2024,Unknown,Other Practice staff,Face-to-Face,2 to 7 Days,1812
11J,E38000045,NHS Dorset ICB - 11J,E54000041,NHS Dorset Integrated Care Board,E40000006,South West,FEB2024,Unknown,Other Practice staff,Face-to-Face,22  to 28 Days,1920
11J,E38000045,NHS Dorset ICB - 11J,E54000041,NHS Dorset Integrated Care Board,E40000006,South West,FEB2024,Unknown,Other Practice staff,Face-to-Face,8  to 14 Days,2829
11J,E38000045,NHS Dorset ICB - 11J,E54000041,NHS Dorset Integrated Care Board,E40000006,South West,FEB2024,Unknown,Other Practice staff,Face-to-Face,More than 28 Days,3185
11J,E38000045,NHS Dorset ICB - 11J,E54000041,NHS Dorset Integrated Care Board,E40000006,South West,FEB2024,Unknown,Other Practice staff,Face-to-Face,Same Day,1130
11J,E38000045,NHS Dorset ICB - 11J,E54000041,NHS Dorset Integrated Care Board,E40000006,South West,FEB2024,Unknown,Other Practice staff,Face-to-Face,Unknown / Data Quality,10
11J,E38000045,NHS Dorset ICB - 11J,E54000041,NHS Dorset Integrated Care Board,E40000006,South West,FEB2024,Unknown,Other Practice staff,Home Visit,1 Day,14
11J,E38000045,NHS Dorset ICB - 11J,E54000041,NHS Dorset Integrated Care Board,E40000006,South West,FEB2024,Unknown,Other Practice staff,Home Visit,15  to 21 Days,29
11J,E38000045,NHS Dorset ICB - 11J,E54000041,NHS Dorset Integrated Care Board,E40000006,South West,FEB2024,Unknown,Other Practice staff,Home Visit,2 to 7 Days,133
11J,E38000045,NHS Dorset ICB - 11J,E54000041,NHS Dorset Integrated Care Board,E40000006,South West,FEB2024,Unknown,Other Practice staff,Home Visit,22  to 28 Days,32
11J,E38000045,NHS Dorset ICB - 11J,E54000041,NHS Dorset Integrated Care Board,E40000006,South West,FEB2024,Unknown,Other Practice staff,Home Visit,8  to 14 Days,76
11J,E38000045,NHS Dorset ICB - 11J,E54000041,NHS Dorset Integrated Care Board,E40000006,South West,FEB2024,Unknown,Other Practice staff,Home Visit,More than 28 Days,135
11J,E38000045,NHS Dorset ICB - 11J,E54000041,NHS Dorset Integrated Care Board,E40000006,South West,FEB2024,Unknown,Other Practice staff,Home Visit,Same Day,13
11J,E38000045,NHS Dorset ICB - 11J,E54000041,NHS Dorset Integrated Care Board,E40000006,South West,FEB2024,Unknown,Other Practice staff,Home Visit,Unknown / Data Quality,4
11J,E38000045,NHS Dorset ICB - 11J,E54000041,NHS Dorset Integrated Care Board,E40000006,South West,FEB2024,Unknown,Other Practice staff,Telephone,1 Day,117
11J,E38000045,NHS Dorset ICB - 11J,E54000041,NHS Dorset Integrated Care Board,E40000006,South West,FEB2024,Unknown,Other Practice staff,Telephone,15  to 21 Days,276
11J,E38000045,NHS Dorset ICB - 11J,E54000041,NHS Dorset Integrated Care Board,E40000006,South West,FEB2024,Unknown,Other Practice staff,Telephone,2 to 7 Days,518
11J,E38000045,NHS Dorset ICB - 11J,E54000041,NHS Dorset Integrated Care Board,E40000006,South West,FEB2024,Unknown,Other Practice staff,Telephone,22  to 28 Days,241
11J,E38000045,NHS Dorset ICB - 11J,E54000041,NHS Dorset Integrated Care Board,E40000006,South West,FEB2024,Unknown,Other Practice staff,Telephone,8  to 14 Days,417
11J,E38000045,NHS Dorset ICB - 11J,E54000041,NHS Dorset Integrated Care Board,E40000006,South West,FEB2024,Unknown,Other Practice staff,Telephone,More than 28 Days,321
11J,E38000045,NHS Dorset ICB - 11J,E54000041,NHS Dorset Integrated Care Board,E40000006,South West,FEB2024,Unknown,Other Practice staff,Telephone,Same Day,358
11J,E38000045,NHS Dorset ICB - 11J,E54000041,NHS Dorset Integrated Care Board,E40000006,South West,FEB2024,Unknown,Other Practice staff,Telephone,Unknown / Data Quality,2
11J,E38000045,NHS Dorset ICB - 11J,E54000041,NHS Dorset Integrated Care Board,E40000006,South West,FEB2024,Unknown,Other Practice staff,Unknown,1 Day,13
11J,E38000045,NHS Dorset ICB - 11J,E54000041,NHS Dorset Integrated Care Board,E40000006,South West,FEB2024,Unknown,Other Practice staff,Unknown,15  to 21 Days,154
11J,E38000045,NHS Dorset ICB - 11J,E54000041,NHS Dorset Integrated Care Board,E40000006,South West,FEB2024,Unknown,Other Practice staff,Unknown,2 to 7 Days,105
11J,E38000045,NHS Dorset ICB - 11J,E54000041,NHS Dorset Integrated Care Board,E40000006,South West,FEB2024,Unknown,Other Practice staff,Unknown,22  to 28 Days,135
11J,E38000045,NHS Dorset ICB - 11J,E54000041,NHS Dorset Integrated Care Board,E40000006,South West,FEB2024,Unknown,Other Practice staff,Unknown,8  to 14 Days,241
11J,E38000045,NHS Dorset ICB - 11J,E54000041,NHS Dorset Integrated Care Board,E40000006,South West,FEB2024,Unknown,Other Practice staff,Unknown,More than 28 Days,247
11J,E38000045,NHS Dorset ICB - 11J,E54000041,NHS Dorset Integrated Care Board,E40000006,South West,FEB2024,Unknown,Other Practice staff,Unknown,Same Day,4
11J,E38000045,NHS Dorset ICB - 11J,E54000041,NHS Dorset Integrated Care Board,E40000006,South West,FEB2024,Unknown,Other Practice staff,Video/Online,1 Day,73
11J,E38000045,NHS Dorset ICB - 11J,E54000041,NHS Dorset Integrated Care Board,E40000006,South West,FEB2024,Unknown,Other Practice staff,Video/Online,15  to 21 Days,34
11J,E38000045,NHS Dorset ICB - 11J,E54000041,NHS Dorset Integrated Care Board,E40000006,South West,FEB2024,Unknown,Other Practice staff,Video/Online,2 to 7 Days,102
11J,E38000045,NHS Dorset ICB - 11J,E54000041,NHS Dorset Integrated Care Board,E40000006,South West,FEB2024,Unknown,Other Practice staff,Video/Online,22  to 28 Days,13
11J,E38000045,NHS Dorset ICB - 11J,E54000041,NHS Dorset Integrated Care Board,E40000006,South West,FEB2024,Unknown,Other Practice staff,Video/Online,8  to 14 Days,43
11J,E38000045,NHS Dorset ICB - 11J,E54000041,NHS Dorset Integrated Care Board,E40000006,South West,FEB2024,Unknown,Other Practice staff,Video/Online,More than 28 Days,47
11J,E38000045,NHS Dorset ICB - 11J,E54000041,NHS Dorset Integrated Care Board,E40000006,South West,FEB2024,Unknown,Other Practice staff,Video/Online,Same Day,9
11J,E38000045,NHS Dorset ICB - 11J,E54000041,NHS Dorset Integrated Care Board,E40000006,South West,FEB2024,Unknown,Unknown,Unknown,1 Day,40
11J,E38000045,NHS Dorset ICB - 11J,E54000041,NHS Dorset Integrated Care Board,E40000006,South West,FEB2024,Unknown,Unknown,Unknown,15  to 21 Days,213
11J,E38000045,NHS Dorset ICB - 11J,E54000041,NHS Dorset Integrated Care Board,E40000006,South West,FEB2024,Unknown,Unknown,Unknown,2 to 7 Days,263
11J,E38000045,NHS Dorset ICB - 11J,E54000041,NHS Dorset Integrated Care Board,E40000006,South West,FEB2024,Unknown,Unknown,Unknown,22  to 28 Days,167
11J,E38000045,NHS Dorset ICB - 11J,E54000041,NHS Dorset Integrated Care Board,E40000006,South West,FEB2024,Unknown,Unknown,Unknown,8  to 14 Days,259
11J,E38000045,NHS Dorset ICB - 11J,E54000041,NHS Dorset Integrated Care Board,E40000006,South West,FEB2024,Unknown,Unknown,Unknown,More than 28 Days,280
11J,E38000045,NHS Dorset ICB - 11J,E54000041,NHS Dorset Integrated Care Board,E40000006,South West,FEB2024,Unknown,Unknown,Unknown,Same Day,51
11J,E38000045,NHS Dorset ICB - 11J,E54000041,NHS Dorset Integrated Care Board,E40000006,South West,FEB2024,Unknown,Unknown,Unknown,Unknown / Data Quality,1
11J,E38000045,NHS Dorset ICB - 11J,E54000041,NHS Dorset Integrated Care Board,E40000006,South West,MAR2024,Attended,GP,Face-to-Face,1 Day,9245
11J,E38000045,NHS Dorset ICB - 11J,E54000041,NHS Dorset Integrated Care Board,E40000006,South West,MAR2024,Attended,GP,Face-to-Face,15  to 21 Days,10628
11J,E38000045,NHS Dorset ICB - 11J,E54000041,NHS Dorset Integrated Care Board,E40000006,South West,MAR2024,Attended,GP,Face-to-Face,2 to 7 Days,18013
11J,E38000045,NHS Dorset ICB - 11J,E54000041,NHS Dorset Integrated Care Board,E40000006,South West,MAR2024,Attended,GP,Face-to-Face,22  to 28 Days,7939
11J,E38000045,NHS Dorset ICB - 11J,E54000041,NHS Dorset Integrated Care Board,E40000006,South West,MAR2024,Attended,GP,Face-to-Face,8  to 14 Days,12288
11J,E38000045,NHS Dorset ICB - 11J,E54000041,NHS Dorset Integrated Care Board,E40000006,South West,MAR2024,Attended,GP,Face-to-Face,More than 28 Days,7525
11J,E38000045,NHS Dorset ICB - 11J,E54000041,NHS Dorset Integrated Care Board,E40000006,South West,MAR2024,Attended,GP,Face-to-Face,Same Day,49668
11J,E38000045,NHS Dorset ICB - 11J,E54000041,NHS Dorset Integrated Care Board,E40000006,South West,MAR2024,Attended,GP,Face-to-Face,Unknown / Data Quality,30
11J,E38000045,NHS Dorset ICB - 11J,E54000041,NHS Dorset Integrated Care Board,E40000006,South West,MAR2024,Attended,GP,Home Visit,1 Day,40
11J,E38000045,NHS Dorset ICB - 11J,E54000041,NHS Dorset Integrated Care Board,E40000006,South West,MAR2024,Attended,GP,Home Visit,15  to 21 Days,55
11J,E38000045,NHS Dorset ICB - 11J,E54000041,NHS Dorset Integrated Care Board,E40000006,South West,MAR2024,Attended,GP,Home Visit,2 to 7 Days,87
11J,E38000045,NHS Dorset ICB - 11J,E54000041,NHS Dorset Integrated Care Board,E40000006,South West,MAR2024,Attended,GP,Home Visit,22  to 28 Days,59
11J,E38000045,NHS Dorset ICB - 11J,E54000041,NHS Dorset Integrated Care Board,E40000006,South West,MAR2024,Attended,GP,Home Visit,8  to 14 Days,25
11J,E38000045,NHS Dorset ICB - 11J,E54000041,NHS Dorset Integrated Care Board,E40000006,South West,MAR2024,Attended,GP,Home Visit,More than 28 Days,9
11J,E38000045,NHS Dorset ICB - 11J,E54000041,NHS Dorset Integrated Care Board,E40000006,South West,MAR2024,Attended,GP,Home Visit,Same Day,315
11J,E38000045,NHS Dorset ICB - 11J,E54000041,NHS Dorset Integrated Care Board,E40000006,South West,MAR2024,Attended,GP,Home Visit,Unknown / Data Quality,3
11J,E38000045,NHS Dorset ICB - 11J,E54000041,NHS Dorset Integrated Care Board,E40000006,South West,MAR2024,Attended,GP,Telephone,1 Day,3282
11J,E38000045,NHS Dorset ICB - 11J,E54000041,NHS Dorset Integrated Care Board,E40000006,South West,MAR2024,Attended,GP,Telephone,15  to 21 Days,3564
11J,E38000045,NHS Dorset ICB - 11J,E54000041,NHS Dorset Integrated Care Board,E40000006,South West,MAR2024,Attended,GP,Telephone,2 to 7 Days,6036
11J,E38000045,NHS Dorset ICB - 11J,E54000041,NHS Dorset Integrated Care Board,E40000006,South West,MAR2024,Attended,GP,Telephone,22  to 28 Days,2693
11J,E38000045,NHS Dorset ICB - 11J,E54000041,NHS Dorset Integrated Care Board,E40000006,South West,MAR2024,Attended,GP,Telephone,8  to 14 Days,5617
11J,E38000045,NHS Dorset ICB - 11J,E54000041,NHS Dorset Integrated Care Board,E40000006,South West,MAR2024,Attended,GP,Telephone,More than 28 Days,1866
11J,E38000045,NHS Dorset ICB - 11J,E54000041,NHS Dorset Integrated Care Board,E40000006,South West,MAR2024,Attended,GP,Telephone,Same Day,24562
11J,E38000045,NHS Dorset ICB - 11J,E54000041,NHS Dorset Integrated Care Board,E40000006,South West,MAR2024,Attended,GP,Telephone,Unknown / Data Quality,16
11J,E38000045,NHS Dorset ICB - 11J,E54000041,NHS Dorset Integrated Care Board,E40000006,South West,MAR2024,Attended,GP,Unknown,1 Day,61
11J,E38000045,NHS Dorset ICB - 11J,E54000041,NHS Dorset Integrated Care Board,E40000006,South West,MAR2024,Attended,GP,Unknown,15  to 21 Days,14
11J,E38000045,NHS Dorset ICB - 11J,E54000041,NHS Dorset Integrated Care Board,E40000006,South West,MAR2024,Attended,GP,Unknown,2 to 7 Days,52
11J,E38000045,NHS Dorset ICB - 11J,E54000041,NHS Dorset Integrated Care Board,E40000006,South West,MAR2024,Attended,GP,Unknown,22  to 28 Days,7
11J,E38000045,NHS Dorset ICB - 11J,E54000041,NHS Dorset Integrated Care Board,E40000006,South West,MAR2024,Attended,GP,Unknown,8  to 14 Days,41
11J,E38000045,NHS Dorset ICB - 11J,E54000041,NHS Dorset Integrated Care Board,E40000006,South West,MAR2024,Attended,GP,Unknown,More than 28 Days,20
11J,E38000045,NHS Dorset ICB - 11J,E54000041,NHS Dorset Integrated Care Board,E40000006,South West,MAR2024,Attended,GP,Unknown,Same Day,12
11J,E38000045,NHS Dorset ICB - 11J,E54000041,NHS Dorset Integrated Care Board,E40000006,South West,MAR2024,Attended,GP,Video/Online,1 Day,538
11J,E38000045,NHS Dorset ICB - 11J,E54000041,NHS Dorset Integrated Care Board,E40000006,South West,MAR2024,Attended,GP,Video/Online,15  to 21 Days,145
11J,E38000045,NHS Dorset ICB - 11J,E54000041,NHS Dorset Integrated Care Board,E40000006,South West,MAR2024,Attended,GP,Video/Online,2 to 7 Days,711
11J,E38000045,NHS Dorset ICB - 11J,E54000041,NHS Dorset Integrated Care Board,E40000006,South West,MAR2024,Attended,GP,Video/Online,22  to 28 Days,22
11J,E38000045,NHS Dorset ICB - 11J,E54000041,NHS Dorset Integrated Care Board,E40000006,South West,MAR2024,Attended,GP,Video/Online,8  to 14 Days,293
11J,E38000045,NHS Dorset ICB - 11J,E54000041,NHS Dorset Integrated Care Board,E40000006,South West,MAR2024,Attended,GP,Video/Online,More than 28 Days,13
11J,E38000045,NHS Dorset ICB - 11J,E54000041,NHS Dorset Integrated Care Board,E40000006,South West,MAR2024,Attended,GP,Video/Online,Same Day,4496
11J,E38000045,NHS Dorset ICB - 11J,E54000041,NHS Dorset Integrated Care Board,E40000006,South West,MAR2024,Attended,GP,Video/Online,Unknown / Data Quality,2
11J,E38000045,NHS Dorset ICB - 11J,E54000041,NHS Dorset Integrated Care Board,E40000006,South West,MAR2024,Attended,Other Practice staff,Face-to-Face,1 Day,11077
11J,E38000045,NHS Dorset ICB - 11J,E54000041,NHS Dorset Integrated Care Board,E40000006,South West,MAR2024,Attended,Other Practice staff,Face-to-Face,15  to 21 Days,18484
11J,E38000045,NHS Dorset ICB - 11J,E54000041,NHS Dorset Integrated Care Board,E40000006,South West,MAR2024,Attended,Other Practice staff,Face-to-Face,2 to 7 Days,31496
11J,E38000045,NHS Dorset ICB - 11J,E54000041,NHS Dorset Integrated Care Board,E40000006,South West,MAR2024,Attended,Other Practice staff,Face-to-Face,22  to 28 Days,13274
11J,E38000045,NHS Dorset ICB - 11J,E54000041,NHS Dorset Integrated Care Board,E40000006,South West,MAR2024,Attended,Other Practice staff,Face-to-Face,8  to 14 Days,29224
11J,E38000045,NHS Dorset ICB - 11J,E54000041,NHS Dorset Integrated Care Board,E40000006,South West,MAR2024,Attended,Other Practice staff,Face-to-Face,More than 28 Days,14803
11J,E38000045,NHS Dorset ICB - 11J,E54000041,NHS Dorset Integrated Care Board,E40000006,South West,MAR2024,Attended,Other Practice staff,Face-to-Face,Same Day,42910
11J,E38000045,NHS Dorset ICB - 11J,E54000041,NHS Dorset Integrated Care Board,E40000006,South West,MAR2024,Attended,Other Practice staff,Face-to-Face,Unknown / Data Quality,188
11J,E38000045,NHS Dorset ICB - 11J,E54000041,NHS Dorset Integrated Care Board,E40000006,South West,MAR2024,Attended,Other Practice staff,Home Visit,1 Day,298
11J,E38000045,NHS Dorset ICB - 11J,E54000041,NHS Dorset Integrated Care Board,E40000006,South West,MAR2024,Attended,Other Practice staff,Home Visit,15  to 21 Days,138
11J,E38000045,NHS Dorset ICB - 11J,E54000041,NHS Dorset Integrated Care Board,E40000006,South West,MAR2024,Attended,Other Practice staff,Home Visit,2 to 7 Days,513
11J,E38000045,NHS Dorset ICB - 11J,E54000041,NHS Dorset Integrated Care Board,E40000006,South West,MAR2024,Attended,Other Practice staff,Home Visit,22  to 28 Days,77
11J,E38000045,NHS Dorset ICB - 11J,E54000041,NHS Dorset Integrated Care Board,E40000006,South West,MAR2024,Attended,Other Practice staff,Home Visit,8  to 14 Days,243
11J,E38000045,NHS Dorset ICB - 11J,E54000041,NHS Dorset Integrated Care Board,E40000006,South West,MAR2024,Attended,Other Practice staff,Home Visit,More than 28 Days,149
11J,E38000045,NHS Dorset ICB - 11J,E54000041,NHS Dorset Integrated Care Board,E40000006,South West,MAR2024,Attended,Other Practice staff,Home Visit,Same Day,1384
11J,E38000045,NHS Dorset ICB - 11J,E54000041,NHS Dorset Integrated Care Board,E40000006,South West,MAR2024,Attended,Other Practice staff,Telephone,1 Day,2505
11J,E38000045,NHS Dorset ICB - 11J,E54000041,NHS Dorset Integrated Care Board,E40000006,South West,MAR2024,Attended,Other Practice staff,Telephone,15  to 21 Days,2180
11J,E38000045,NHS Dorset ICB - 11J,E54000041,NHS Dorset Integrated Care Board,E40000006,South West,MAR2024,Attended,Other Practice staff,Telephone,2 to 7 Days,5383
11J,E38000045,NHS Dorset ICB - 11J,E54000041,NHS Dorset Integrated Care Board,E40000006,South West,MAR2024,Attended,Other Practice staff,Telephone,22  to 28 Days,1707
11J,E38000045,NHS Dorset ICB - 11J,E54000041,NHS Dorset Integrated Care Board,E40000006,South West,MAR2024,Attended,Other Practice staff,Telephone,8  to 14 Days,3263
11J,E38000045,NHS Dorset ICB - 11J,E54000041,NHS Dorset Integrated Care Board,E40000006,South West,MAR2024,Attended,Other Practice staff,Telephone,More than 28 Days,1398
11J,E38000045,NHS Dorset ICB - 11J,E54000041,NHS Dorset Integrated Care Board,E40000006,South West,MAR2024,Attended,Other Practice staff,Telephone,Same Day,18907
11J,E38000045,NHS Dorset ICB - 11J,E54000041,NHS Dorset Integrated Care Board,E40000006,South West,MAR2024,Attended,Other Practice staff,Telephone,Unknown / Data Quality,33
11J,E38000045,NHS Dorset ICB - 11J,E54000041,NHS Dorset Integrated Care Board,E40000006,South West,MAR2024,Attended,Other Practice staff,Unknown,1 Day,39
11J,E38000045,NHS Dorset ICB - 11J,E54000041,NHS Dorset Integrated Care Board,E40000006,South West,MAR2024,Attended,Other Practice staff,Unknown,15  to 21 Days,60
11J,E38000045,NHS Dorset ICB - 11J,E54000041,NHS Dorset Integrated Care Board,E40000006,South West,MAR2024,Attended,Other Practice staff,Unknown,2 to 7 Days,250
11J,E38000045,NHS Dorset ICB - 11J,E54000041,NHS Dorset Integrated Care Board,E40000006,South West,MAR2024,Attended,Other Practice staff,Unknown,22  to 28 Days,64
11J,E38000045,NHS Dorset ICB - 11J,E54000041,NHS Dorset Integrated Care Board,E40000006,South West,MAR2024,Attended,Other Practice staff,Unknown,8  to 14 Days,142
11J,E38000045,NHS Dorset ICB - 11J,E54000041,NHS Dorset Integrated Care Board,E40000006,South West,MAR2024,Attended,Other Practice staff,Unknown,More than 28 Days,76
11J,E38000045,NHS Dorset ICB - 11J,E54000041,NHS Dorset Integrated Care Board,E40000006,South West,MAR2024,Attended,Other Practice staff,Unknown,Same Day,70
11J,E38000045,NHS Dorset ICB - 11J,E54000041,NHS Dorset Integrated Care Board,E40000006,South West,MAR2024,Attended,Other Practice staff,Video/Online,1 Day,919
11J,E38000045,NHS Dorset ICB - 11J,E54000041,NHS Dorset Integrated Care Board,E40000006,South West,MAR2024,Attended,Other Practice staff,Video/Online,15  to 21 Days,60
11J,E38000045,NHS Dorset ICB - 11J,E54000041,NHS Dorset Integrated Care Board,E40000006,South West,MAR2024,Attended,Other Practice staff,Video/Online,2 to 7 Days,820
11J,E38000045,NHS Dorset ICB - 11J,E54000041,NHS Dorset Integrated Care Board,E40000006,South West,MAR2024,Attended,Other Practice staff,Video/Online,22  to 28 Days,53
11J,E38000045,NHS Dorset ICB - 11J,E54000041,NHS Dorset Integrated Care Board,E40000006,South West,MAR2024,Attended,Other Practice staff,Video/Online,8  to 14 Days,153
11J,E38000045,NHS Dorset ICB - 11J,E54000041,NHS Dorset Integrated Care Board,E40000006,South West,MAR2024,Attended,Other Practice staff,Video/Online,More than 28 Days,106
11J,E38000045,NHS Dorset ICB - 11J,E54000041,NHS Dorset Integrated Care Board,E40000006,South West,MAR2024,Attended,Other Practice staff,Video/Online,Same Day,6286
11J,E38000045,NHS Dorset ICB - 11J,E54000041,NHS Dorset Integrated Care Board,E40000006,South West,MAR2024,Attended,Other Practice staff,Video/Online,Unknown / Data Quality,3
11J,E38000045,NHS Dorset ICB - 11J,E54000041,NHS Dorset Integrated Care Board,E40000006,South West,MAR2024,Attended,Unknown,Unknown,1 Day,1256
11J,E38000045,NHS Dorset ICB - 11J,E54000041,NHS Dorset Integrated Care Board,E40000006,South West,MAR2024,Attended,Unknown,Unknown,15  to 21 Days,311
11J,E38000045,NHS Dorset ICB - 11J,E54000041,NHS Dorset Integrated Care Board,E40000006,South West,MAR2024,Attended,Unknown,Unknown,2 to 7 Days,2317
11J,E38000045,NHS Dorset ICB - 11J,E54000041,NHS Dorset Integrated Care Board,E40000006,South West,MAR2024,Attended,Unknown,Unknown,22  to 28 Days,183
11J,E38000045,NHS Dorset ICB - 11J,E54000041,NHS Dorset Integrated Care Board,E40000006,South West,MAR2024,Attended,Unknown,Unknown,8  to 14 Days,834
11J,E38000045,NHS Dorset ICB - 11J,E54000041,NHS Dorset Integrated Care Board,E40000006,South West,MAR2024,Attended,Unknown,Unknown,More than 28 Days,162
11J,E38000045,NHS Dorset ICB - 11J,E54000041,NHS Dorset Integrated Care Board,E40000006,South West,MAR2024,Attended,Unknown,Unknown,Same Day,8830
11J,E38000045,NHS Dorset ICB - 11J,E54000041,NHS Dorset Integrated Care Board,E40000006,South West,MAR2024,Attended,Unknown,Unknown,Unknown / Data Quality,14
11J,E38000045,NHS Dorset ICB - 11J,E54000041,NHS Dorset Integrated Care Board,E40000006,South West,MAR2024,DNA,GP,Face-to-Face,1 Day,235
11J,E38000045,NHS Dorset ICB - 11J,E54000041,NHS Dorset Integrated Care Board,E40000006,South West,MAR2024,DNA,GP,Face-to-Face,15  to 21 Days,596
11J,E38000045,NHS Dorset ICB - 11J,E54000041,NHS Dorset Integrated Care Board,E40000006,South West,MAR2024,DNA,GP,Face-to-Face,2 to 7 Days,674
11J,E38000045,NHS Dorset ICB - 11J,E54000041,NHS Dorset Integrated Care Board,E40000006,South West,MAR2024,DNA,GP,Face-to-Face,22  to 28 Days,412
11J,E38000045,NHS Dorset ICB - 11J,E54000041,NHS Dorset Integrated Care Board,E40000006,South West,MAR2024,DNA,GP,Face-to-Face,8  to 14 Days,607
11J,E38000045,NHS Dorset ICB - 11J,E54000041,NHS Dorset Integrated Care Board,E40000006,South West,MAR2024,DNA,GP,Face-to-Face,More than 28 Days,491
11J,E38000045,NHS Dorset ICB - 11J,E54000041,NHS Dorset Integrated Care Board,E40000006,South West,MAR2024,DNA,GP,Face-to-Face,Same Day,429
11J,E38000045,NHS Dorset ICB - 11J,E54000041,NHS Dorset Integrated Care Board,E40000006,South West,MAR2024,DNA,GP,Home Visit,1 Day,4
11J,E38000045,NHS Dorset ICB - 11J,E54000041,NHS Dorset Integrated Care Board,E40000006,South West,MAR2024,DNA,GP,Home Visit,15  to 21 Days,3
11J,E38000045,NHS Dorset ICB - 11J,E54000041,NHS Dorset Integrated Care Board,E40000006,South West,MAR2024,DNA,GP,Home Visit,2 to 7 Days,3
11J,E38000045,NHS Dorset ICB - 11J,E54000041,NHS Dorset Integrated Care Board,E40000006,South West,MAR2024,DNA,GP,Home Visit,8  to 14 Days,1
11J,E38000045,NHS Dorset ICB - 11J,E54000041,NHS Dorset Integrated Care Board,E40000006,South West,MAR2024,DNA,GP,Home Visit,More than 28 Days,1
11J,E38000045,NHS Dorset ICB - 11J,E54000041,NHS Dorset Integrated Care Board,E40000006,South West,MAR2024,DNA,GP,Home Visit,Same Day,8
11J,E38000045,NHS Dorset ICB - 11J,E54000041,NHS Dorset Integrated Care Board,E40000006,South West,MAR2024,DNA,GP,Telephone,1 Day,16
11J,E38000045,NHS Dorset ICB - 11J,E54000041,NHS Dorset Integrated Care Board,E40000006,South West,MAR2024,DNA,GP,Telephone,15  to 21 Days,37
11J,E38000045,NHS Dorset ICB - 11J,E54000041,NHS Dorset Integrated Care Board,E40000006,South West,MAR2024,DNA,GP,Telephone,2 to 7 Days,41
11J,E38000045,NHS Dorset ICB - 11J,E54000041,NHS Dorset Integrated Care Board,E40000006,South West,MAR2024,DNA,GP,Telephone,22  to 28 Days,34
11J,E38000045,NHS Dorset ICB - 11J,E54000041,NHS Dorset Integrated Care Board,E40000006,South West,MAR2024,DNA,GP,Telephone,8  to 14 Days,52
11J,E38000045,NHS Dorset ICB - 11J,E54000041,NHS Dorset Integrated Care Board,E40000006,South West,MAR2024,DNA,GP,Telephone,More than 28 Days,21
11J,E38000045,NHS Dorset ICB - 11J,E54000041,NHS Dorset Integrated Care Board,E40000006,South West,MAR2024,DNA,GP,Telephone,Same Day,26
11J,E38000045,NHS Dorset ICB - 11J,E54000041,NHS Dorset Integrated Care Board,E40000006,South West,MAR2024,DNA,GP,Unknown,15  to 21 Days,1
11J,E38000045,NHS Dorset ICB - 11J,E54000041,NHS Dorset Integrated Care Board,E40000006,South West,MAR2024,DNA,GP,Unknown,2 to 7 Days,2
11J,E38000045,NHS Dorset ICB - 11J,E54000041,NHS Dorset Integrated Care Board,E40000006,South West,MAR2024,DNA,GP,Unknown,22  to 28 Days,1
11J,E38000045,NHS Dorset ICB - 11J,E54000041,NHS Dorset Integrated Care Board,E40000006,South West,MAR2024,DNA,GP,Unknown,More than 28 Days,1
11J,E38000045,NHS Dorset ICB - 11J,E54000041,NHS Dorset Integrated Care Board,E40000006,South West,MAR2024,DNA,GP,Video/Online,1 Day,4
11J,E38000045,NHS Dorset ICB - 11J,E54000041,NHS Dorset Integrated Care Board,E40000006,South West,MAR2024,DNA,GP,Video/Online,15  to 21 Days,1
11J,E38000045,NHS Dorset ICB - 11J,E54000041,NHS Dorset Integrated Care Board,E40000006,South West,MAR2024,DNA,GP,Video/Online,2 to 7 Days,6
11J,E38000045,NHS Dorset ICB - 11J,E54000041,NHS Dorset Integrated Care Board,E40000006,South West,MAR2024,DNA,GP,Video/Online,8  to 14 Days,4
11J,E38000045,NHS Dorset ICB - 11J,E54000041,NHS Dorset Integrated Care Board,E40000006,South West,MAR2024,DNA,GP,Video/Online,Same Day,14
11J,E38000045,NHS Dorset ICB - 11J,E54000041,NHS Dorset Integrated Care Board,E40000006,South West,MAR2024,DNA,Other Practice staff,Face-to-Face,1 Day,480
11J,E38000045,NHS Dorset ICB - 11J,E54000041,NHS Dorset Integrated Care Board,E40000006,South West,MAR2024,DNA,Other Practice staff,Face-to-Face,15  to 21 Days,1380
11J,E38000045,NHS Dorset ICB - 11J,E54000041,NHS Dorset Integrated Care Board,E40000006,South West,MAR2024,DNA,Other Practice staff,Face-to-Face,2 to 7 Days,1888
11J,E38000045,NHS Dorset ICB - 11J,E54000041,NHS Dorset Integrated Care Board,E40000006,South West,MAR2024,DNA,Other Practice staff,Face-to-Face,22  to 28 Days,999
11J,E38000045,NHS Dorset ICB - 11J,E54000041,NHS Dorset Integrated Care Board,E40000006,South West,MAR2024,DNA,Other Practice staff,Face-to-Face,8  to 14 Days,2136
11J,E38000045,NHS Dorset ICB - 11J,E54000041,NHS Dorset Integrated Care Board,E40000006,South West,MAR2024,DNA,Other Practice staff,Face-to-Face,More than 28 Days,1445
11J,E38000045,NHS Dorset ICB - 11J,E54000041,NHS Dorset Integrated Care Board,E40000006,South West,MAR2024,DNA,Other Practice staff,Face-to-Face,Same Day,668
11J,E38000045,NHS Dorset ICB - 11J,E54000041,NHS Dorset Integrated Care Board,E40000006,South West,MAR2024,DNA,Other Practice staff,Face-to-Face,Unknown / Data Quality,2
11J,E38000045,NHS Dorset ICB - 11J,E54000041,NHS Dorset Integrated Care Board,E40000006,South West,MAR2024,DNA,Other Practice staff,Home Visit,1 Day,11
11J,E38000045,NHS Dorset ICB - 11J,E54000041,NHS Dorset Integrated Care Board,E40000006,South West,MAR2024,DNA,Other Practice staff,Home Visit,15  to 21 Days,4
11J,E38000045,NHS Dorset ICB - 11J,E54000041,NHS Dorset Integrated Care Board,E40000006,South West,MAR2024,DNA,Other Practice staff,Home Visit,2 to 7 Days,10
11J,E38000045,NHS Dorset ICB - 11J,E54000041,NHS Dorset Integrated Care Board,E40000006,South West,MAR2024,DNA,Other Practice staff,Home Visit,8  to 14 Days,1
11J,E38000045,NHS Dorset ICB - 11J,E54000041,NHS Dorset Integrated Care Board,E40000006,South West,MAR2024,DNA,Other Practice staff,Home Visit,More than 28 Days,20
11J,E38000045,NHS Dorset ICB - 11J,E54000041,NHS Dorset Integrated Care Board,E40000006,South West,MAR2024,DNA,Other Practice staff,Home Visit,Same Day,31
11J,E38000045,NHS Dorset ICB - 11J,E54000041,NHS Dorset Integrated Care Board,E40000006,South West,MAR2024,DNA,Other Practice staff,Telephone,1 Day,22
11J,E38000045,NHS Dorset ICB - 11J,E54000041,NHS Dorset Integrated Care Board,E40000006,South West,MAR2024,DNA,Other Practice staff,Telephone,15  to 21 Days,40
11J,E38000045,NHS Dorset ICB - 11J,E54000041,NHS Dorset Integrated Care Board,E40000006,South West,MAR2024,DNA,Other Practice staff,Telephone,2 to 7 Days,71
11J,E38000045,NHS Dorset ICB - 11J,E54000041,NHS Dorset Integrated Care Board,E40000006,South West,MAR2024,DNA,Other Practice staff,Telephone,22  to 28 Days,18
11J,E38000045,NHS Dorset ICB - 11J,E54000041,NHS Dorset Integrated Care Board,E40000006,South West,MAR2024,DNA,Other Practice staff,Telephone,8  to 14 Days,59
11J,E38000045,NHS Dorset ICB - 11J,E54000041,NHS Dorset Integrated Care Board,E40000006,South West,MAR2024,DNA,Other Practice staff,Telephone,More than 28 Days,42
11J,E38000045,NHS Dorset ICB - 11J,E54000041,NHS Dorset Integrated Care Board,E40000006,South West,MAR2024,DNA,Other Practice staff,Telephone,Same Day,35
11J,E38000045,NHS Dorset ICB - 11J,E54000041,NHS Dorset Integrated Care Board,E40000006,South West,MAR2024,DNA,Other Practice staff,Unknown,1 Day,9
11J,E38000045,NHS Dorset ICB - 11J,E54000041,NHS Dorset Integrated Care Board,E40000006,South West,MAR2024,DNA,Other Practice staff,Unknown,15  to 21 Days,18
11J,E38000045,NHS Dorset ICB - 11J,E54000041,NHS Dorset Integrated Care Board,E40000006,South West,MAR2024,DNA,Other Practice staff,Unknown,2 to 7 Days,20
11J,E38000045,NHS Dorset ICB - 11J,E54000041,NHS Dorset Integrated Care Board,E40000006,South West,MAR2024,DNA,Other Practice staff,Unknown,22  to 28 Days,7
11J,E38000045,NHS Dorset ICB - 11J,E54000041,NHS Dorset Integrated Care Board,E40000006,South West,MAR2024,DNA,Other Practice staff,Unknown,8  to 14 Days,26
11J,E38000045,NHS Dorset ICB - 11J,E54000041,NHS Dorset Integrated Care Board,E40000006,South West,MAR2024,DNA,Other Practice staff,Unknown,More than 28 Days,8
11J,E38000045,NHS Dorset ICB - 11J,E54000041,NHS Dorset Integrated Care Board,E40000006,South West,MAR2024,DNA,Other Practice staff,Unknown,Same Day,3
11J,E38000045,NHS Dorset ICB - 11J,E54000041,NHS Dorset Integrated Care Board,E40000006,South West,MAR2024,DNA,Other Practice staff,Video/Online,1 Day,17
11J,E38000045,NHS Dorset ICB - 11J,E54000041,NHS Dorset Integrated Care Board,E40000006,South West,MAR2024,DNA,Other Practice staff,Video/Online,15  to 21 Days,10
11J,E38000045,NHS Dorset ICB - 11J,E54000041,NHS Dorset Integrated Care Board,E40000006,South West,MAR2024,DNA,Other Practice staff,Video/Online,2 to 7 Days,37
11J,E38000045,NHS Dorset ICB - 11J,E54000041,NHS Dorset Integrated Care Board,E40000006,South West,MAR2024,DNA,Other Practice staff,Video/Online,22  to 28 Days,4
11J,E38000045,NHS Dorset ICB - 11J,E54000041,NHS Dorset Integrated Care Board,E40000006,South West,MAR2024,DNA,Other Practice staff,Video/Online,8  to 14 Days,13
11J,E38000045,NHS Dorset ICB - 11J,E54000041,NHS Dorset Integrated Care Board,E40000006,South West,MAR2024,DNA,Other Practice staff,Video/Online,More than 28 Days,25
11J,E38000045,NHS Dorset ICB - 11J,E54000041,NHS Dorset Integrated Care Board,E40000006,South West,MAR2024,DNA,Other Practice staff,Video/Online,Same Day,41
11J,E38000045,NHS Dorset ICB - 11J,E54000041,NHS Dorset Integrated Care Board,E40000006,South West,MAR2024,DNA,Unknown,Unknown,1 Day,28
11J,E38000045,NHS Dorset ICB - 11J,E54000041,NHS Dorset Integrated Care Board,E40000006,South West,MAR2024,DNA,Unknown,Unknown,15  to 21 Days,22
11J,E38000045,NHS Dorset ICB - 11J,E54000041,NHS Dorset Integrated Care Board,E40000006,South West,MAR2024,DNA,Unknown,Unknown,2 to 7 Days,67
11J,E38000045,NHS Dorset ICB - 11J,E54000041,NHS Dorset Integrated Care Board,E40000006,South West,MAR2024,DNA,Unknown,Unknown,22  to 28 Days,9
11J,E38000045,NHS Dorset ICB - 11J,E54000041,NHS Dorset Integrated Care Board,E40000006,South West,MAR2024,DNA,Unknown,Unknown,8  to 14 Days,40
11J,E38000045,NHS Dorset ICB - 11J,E54000041,NHS Dorset Integrated Care Board,E40000006,South West,MAR2024,DNA,Unknown,Unknown,More than 28 Days,12
11J,E38000045,NHS Dorset ICB - 11J,E54000041,NHS Dorset Integrated Care Board,E40000006,South West,MAR2024,DNA,Unknown,Unknown,Same Day,46
11J,E38000045,NHS Dorset ICB - 11J,E54000041,NHS Dorset Integrated Care Board,E40000006,South West,MAR2024,Unknown,GP,Face-to-Face,1 Day,174
11J,E38000045,NHS Dorset ICB - 11J,E54000041,NHS Dorset Integrated Care Board,E40000006,South West,MAR2024,Unknown,GP,Face-to-Face,15  to 21 Days,999
11J,E38000045,NHS Dorset ICB - 11J,E54000041,NHS Dorset Integrated Care Board,E40000006,South West,MAR2024,Unknown,GP,Face-to-Face,2 to 7 Days,668
11J,E38000045,NHS Dorset ICB - 11J,E54000041,NHS Dorset Integrated Care Board,E40000006,South West,MAR2024,Unknown,GP,Face-to-Face,22  to 28 Days,925
11J,E38000045,NHS Dorset ICB - 11J,E54000041,NHS Dorset Integrated Care Board,E40000006,South West,MAR2024,Unknown,GP,Face-to-Face,8  to 14 Days,888
11J,E38000045,NHS Dorset ICB - 11J,E54000041,NHS Dorset Integrated Care Board,E40000006,South West,MAR2024,Unknown,GP,Face-to-Face,More than 28 Days,1421
11J,E38000045,NHS Dorset ICB - 11J,E54000041,NHS Dorset Integrated Care Board,E40000006,South West,MAR2024,Unknown,GP,Face-to-Face,Same Day,291
11J,E38000045,NHS Dorset ICB - 11J,E54000041,NHS Dorset Integrated Care Board,E40000006,South West,MAR2024,Unknown,GP,Home Visit,15  to 21 Days,1
11J,E38000045,NHS Dorset ICB - 11J,E54000041,NHS Dorset Integrated Care Board,E40000006,South West,MAR2024,Unknown,GP,Home Visit,2 to 7 Days,1
11J,E38000045,NHS Dorset ICB - 11J,E54000041,NHS Dorset Integrated Care Board,E40000006,South West,MAR2024,Unknown,GP,Home Visit,22  to 28 Days,1
11J,E38000045,NHS Dorset ICB - 11J,E54000041,NHS Dorset Integrated Care Board,E40000006,South West,MAR2024,Unknown,GP,Home Visit,8  to 14 Days,1
11J,E38000045,NHS Dorset ICB - 11J,E54000041,NHS Dorset Integrated Care Board,E40000006,South West,MAR2024,Unknown,GP,Home Visit,More than 28 Days,3
11J,E38000045,NHS Dorset ICB - 11J,E54000041,NHS Dorset Integrated Care Board,E40000006,South West,MAR2024,Unknown,GP,Home Visit,Same Day,1
11J,E38000045,NHS Dorset ICB - 11J,E54000041,NHS Dorset Integrated Care Board,E40000006,South West,MAR2024,Unknown,GP,Telephone,1 Day,91
11J,E38000045,NHS Dorset ICB - 11J,E54000041,NHS Dorset Integrated Care Board,E40000006,South West,MAR2024,Unknown,GP,Telephone,15  to 21 Days,263
11J,E38000045,NHS Dorset ICB - 11J,E54000041,NHS Dorset Integrated Care Board,E40000006,South West,MAR2024,Unknown,GP,Telephone,2 to 7 Days,256
11J,E38000045,NHS Dorset ICB - 11J,E54000041,NHS Dorset Integrated Care Board,E40000006,South West,MAR2024,Unknown,GP,Telephone,22  to 28 Days,269
11J,E38000045,NHS Dorset ICB - 11J,E54000041,NHS Dorset Integrated Care Board,E40000006,South West,MAR2024,Unknown,GP,Telephone,8  to 14 Days,306
11J,E38000045,NHS Dorset ICB - 11J,E54000041,NHS Dorset Integrated Care Board,E40000006,South West,MAR2024,Unknown,GP,Telephone,More than 28 Days,200
11J,E38000045,NHS Dorset ICB - 11J,E54000041,NHS Dorset Integrated Care Board,E40000006,South West,MAR2024,Unknown,GP,Telephone,Same Day,167
11J,E38000045,NHS Dorset ICB - 11J,E54000041,NHS Dorset Integrated Care Board,E40000006,South West,MAR2024,Unknown,GP,Unknown,1 Day,7
11J,E38000045,NHS Dorset ICB - 11J,E54000041,NHS Dorset Integrated Care Board,E40000006,South West,MAR2024,Unknown,GP,Unknown,15  to 21 Days,57
11J,E38000045,NHS Dorset ICB - 11J,E54000041,NHS Dorset Integrated Care Board,E40000006,South West,MAR2024,Unknown,GP,Unknown,2 to 7 Days,57
11J,E38000045,NHS Dorset ICB - 11J,E54000041,NHS Dorset Integrated Care Board,E40000006,South West,MAR2024,Unknown,GP,Unknown,22  to 28 Days,54
11J,E38000045,NHS Dorset ICB - 11J,E54000041,NHS Dorset Integrated Care Board,E40000006,South West,MAR2024,Unknown,GP,Unknown,8  to 14 Days,56
11J,E38000045,NHS Dorset ICB - 11J,E54000041,NHS Dorset Integrated Care Board,E40000006,South West,MAR2024,Unknown,GP,Unknown,More than 28 Days,51
11J,E38000045,NHS Dorset ICB - 11J,E54000041,NHS Dorset Integrated Care Board,E40000006,South West,MAR2024,Unknown,GP,Video/Online,1 Day,10
11J,E38000045,NHS Dorset ICB - 11J,E54000041,NHS Dorset Integrated Care Board,E40000006,South West,MAR2024,Unknown,GP,Video/Online,15  to 21 Days,15
11J,E38000045,NHS Dorset ICB - 11J,E54000041,NHS Dorset Integrated Care Board,E40000006,South West,MAR2024,Unknown,GP,Video/Online,2 to 7 Days,35
11J,E38000045,NHS Dorset ICB - 11J,E54000041,NHS Dorset Integrated Care Board,E40000006,South West,MAR2024,Unknown,GP,Video/Online,22  to 28 Days,6
11J,E38000045,NHS Dorset ICB - 11J,E54000041,NHS Dorset Integrated Care Board,E40000006,South West,MAR2024,Unknown,GP,Video/Online,8  to 14 Days,28
11J,E38000045,NHS Dorset ICB - 11J,E54000041,NHS Dorset Integrated Care Board,E40000006,South West,MAR2024,Unknown,GP,Video/Online,More than 28 Days,3
11J,E38000045,NHS Dorset ICB - 11J,E54000041,NHS Dorset Integrated Care Board,E40000006,South West,MAR2024,Unknown,GP,Video/Online,Same Day,22
11J,E38000045,NHS Dorset ICB - 11J,E54000041,NHS Dorset Integrated Care Board,E40000006,South West,MAR2024,Unknown,Other Practice staff,Face-to-Face,1 Day,390
11J,E38000045,NHS Dorset ICB - 11J,E54000041,NHS Dorset Integrated Care Board,E40000006,South West,MAR2024,Unknown,Other Practice staff,Face-to-Face,15  to 21 Days,2054
11J,E38000045,NHS Dorset ICB - 11J,E54000041,NHS Dorset Integrated Care Board,E40000006,South West,MAR2024,Unknown,Other Practice staff,Face-to-Face,2 to 7 Days,1704
11J,E38000045,NHS Dorset ICB - 11J,E54000041,NHS Dorset Integrated Care Board,E40000006,South West,MAR2024,Unknown,Other Practice staff,Face-to-Face,22  to 28 Days,1834
11J,E38000045,NHS Dorset ICB - 11J,E54000041,NHS Dorset Integrated Care Board,E40000006,South West,MAR2024,Unknown,Other Practice staff,Face-to-Face,8  to 14 Days,2682
11J,E38000045,NHS Dorset ICB - 11J,E54000041,NHS Dorset Integrated Care Board,E40000006,South West,MAR2024,Unknown,Other Practice staff,Face-to-Face,More than 28 Days,3361
11J,E38000045,NHS Dorset ICB - 11J,E54000041,NHS Dorset Integrated Care Board,E40000006,South West,MAR2024,Unknown,Other Practice staff,Face-to-Face,Same Day,1440
11J,E38000045,NHS Dorset ICB - 11J,E54000041,NHS Dorset Integrated Care Board,E40000006,South West,MAR2024,Unknown,Other Practice staff,Face-to-Face,Unknown / Data Quality,7
11J,E38000045,NHS Dorset ICB - 11J,E54000041,NHS Dorset Integrated Care Board,E40000006,South West,MAR2024,Unknown,Other Practice staff,Home Visit,1 Day,17
11J,E38000045,NHS Dorset ICB - 11J,E54000041,NHS Dorset Integrated Care Board,E40000006,South West,MAR2024,Unknown,Other Practice staff,Home Visit,15  to 21 Days,84
11J,E38000045,NHS Dorset ICB - 11J,E54000041,NHS Dorset Integrated Care Board,E40000006,South West,MAR2024,Unknown,Other Practice staff,Home Visit,2 to 7 Days,69
11J,E38000045,NHS Dorset ICB - 11J,E54000041,NHS Dorset Integrated Care Board,E40000006,South West,MAR2024,Unknown,Other Practice staff,Home Visit,22  to 28 Days,32
11J,E38000045,NHS Dorset ICB - 11J,E54000041,NHS Dorset Integrated Care Board,E40000006,South West,MAR2024,Unknown,Other Practice staff,Home Visit,8  to 14 Days,103
11J,E38000045,NHS Dorset ICB - 11J,E54000041,NHS Dorset Integrated Care Board,E40000006,South West,MAR2024,Unknown,Other Practice staff,Home Visit,More than 28 Days,149
11J,E38000045,NHS Dorset ICB - 11J,E54000041,NHS Dorset Integrated Care Board,E40000006,South West,MAR2024,Unknown,Other Practice staff,Home Visit,Same Day,25
11J,E38000045,NHS Dorset ICB - 11J,E54000041,NHS Dorset Integrated Care Board,E40000006,South West,MAR2024,Unknown,Other Practice staff,Telephone,1 Day,164
11J,E38000045,NHS Dorset ICB - 11J,E54000041,NHS Dorset Integrated Care Board,E40000006,South West,MAR2024,Unknown,Other Practice staff,Telephone,15  to 21 Days,265
11J,E38000045,NHS Dorset ICB - 11J,E54000041,NHS Dorset Integrated Care Board,E40000006,South West,MAR2024,Unknown,Other Practice staff,Telephone,2 to 7 Days,451
11J,E38000045,NHS Dorset ICB - 11J,E54000041,NHS Dorset Integrated Care Board,E40000006,South West,MAR2024,Unknown,Other Practice staff,Telephone,22  to 28 Days,203
11J,E38000045,NHS Dorset ICB - 11J,E54000041,NHS Dorset Integrated Care Board,E40000006,South West,MAR2024,Unknown,Other Practice staff,Telephone,8  to 14 Days,348
11J,E38000045,NHS Dorset ICB - 11J,E54000041,NHS Dorset Integrated Care Board,E40000006,South West,MAR2024,Unknown,Other Practice staff,Telephone,More than 28 Days,323
11J,E38000045,NHS Dorset ICB - 11J,E54000041,NHS Dorset Integrated Care Board,E40000006,South West,MAR2024,Unknown,Other Practice staff,Telephone,Same Day,388
11J,E38000045,NHS Dorset ICB - 11J,E54000041,NHS Dorset Integrated Care Board,E40000006,South West,MAR2024,Unknown,Other Practice staff,Telephone,Unknown / Data Quality,4
11J,E38000045,NHS Dorset ICB - 11J,E54000041,NHS Dorset Integrated Care Board,E40000006,South West,MAR2024,Unknown,Other Practice staff,Unknown,1 Day,14
11J,E38000045,NHS Dorset ICB - 11J,E54000041,NHS Dorset Integrated Care Board,E40000006,South West,MAR2024,Unknown,Other Practice staff,Unknown,15  to 21 Days,177
11J,E38000045,NHS Dorset ICB - 11J,E54000041,NHS Dorset Integrated Care Board,E40000006,South West,MAR2024,Unknown,Other Practice staff,Unknown,2 to 7 Days,123
11J,E38000045,NHS Dorset ICB - 11J,E54000041,NHS Dorset Integrated Care Board,E40000006,South West,MAR2024,Unknown,Other Practice staff,Unknown,22  to 28 Days,141
11J,E38000045,NHS Dorset ICB - 11J,E54000041,NHS Dorset Integrated Care Board,E40000006,South West,MAR2024,Unknown,Other Practice staff,Unknown,8  to 14 Days,226
11J,E38000045,NHS Dorset ICB - 11J,E54000041,NHS Dorset Integrated Care Board,E40000006,South West,MAR2024,Unknown,Other Practice staff,Unknown,More than 28 Days,259
11J,E38000045,NHS Dorset ICB - 11J,E54000041,NHS Dorset Integrated Care Board,E40000006,South West,MAR2024,Unknown,Other Practice staff,Unknown,Same Day,2
11J,E38000045,NHS Dorset ICB - 11J,E54000041,NHS Dorset Integrated Care Board,E40000006,South West,MAR2024,Unknown,Other Practice staff,Video/Online,1 Day,31
11J,E38000045,NHS Dorset ICB - 11J,E54000041,NHS Dorset Integrated Care Board,E40000006,South West,MAR2024,Unknown,Other Practice staff,Video/Online,15  to 21 Days,35
11J,E38000045,NHS Dorset ICB - 11J,E54000041,NHS Dorset Integrated Care Board,E40000006,South West,MAR2024,Unknown,Other Practice staff,Video/Online,2 to 7 Days,81
11J,E38000045,NHS Dorset ICB - 11J,E54000041,NHS Dorset Integrated Care Board,E40000006,South West,MAR2024,Unknown,Other Practice staff,Video/Online,22  to 28 Days,21
11J,E38000045,NHS Dorset ICB - 11J,E54000041,NHS Dorset Integrated Care Board,E40000006,South West,MAR2024,Unknown,Other Practice staff,Video/Online,8  to 14 Days,51
11J,E38000045,NHS Dorset ICB - 11J,E54000041,NHS Dorset Integrated Care Board,E40000006,South West,MAR2024,Unknown,Other Practice staff,Video/Online,More than 28 Days,48
11J,E38000045,NHS Dorset ICB - 11J,E54000041,NHS Dorset Integrated Care Board,E40000006,South West,MAR2024,Unknown,Other Practice staff,Video/Online,Same Day,19
11J,E38000045,NHS Dorset ICB - 11J,E54000041,NHS Dorset Integrated Care Board,E40000006,South West,MAR2024,Unknown,Unknown,Unknown,1 Day,53
11J,E38000045,NHS Dorset ICB - 11J,E54000041,NHS Dorset Integrated Care Board,E40000006,South West,MAR2024,Unknown,Unknown,Unknown,15  to 21 Days,122
11J,E38000045,NHS Dorset ICB - 11J,E54000041,NHS Dorset Integrated Care Board,E40000006,South West,MAR2024,Unknown,Unknown,Unknown,2 to 7 Days,180
11J,E38000045,NHS Dorset ICB - 11J,E54000041,NHS Dorset Integrated Care Board,E40000006,South West,MAR2024,Unknown,Unknown,Unknown,22  to 28 Days,123
11J,E38000045,NHS Dorset ICB - 11J,E54000041,NHS Dorset Integrated Care Board,E40000006,South West,MAR2024,Unknown,Unknown,Unknown,8  to 14 Days,207
11J,E38000045,NHS Dorset ICB - 11J,E54000041,NHS Dorset Integrated Care Board,E40000006,South West,MAR2024,Unknown,Unknown,Unknown,More than 28 Days,257
11J,E38000045,NHS Dorset ICB - 11J,E54000041,NHS Dorset Integrated Care Board,E40000006,South West,MAR2024,Unknown,Unknown,Unknown,Same Day,52
